06e3f54e8b22040ada01a28343badf1990b4dd7d	2026-09-24	Eric Dumazet	net: flush skb_defer_nodes in dev_cpu_dead()	68822bdf76f1 ("net: generalize skb freeing deferral to per-cpu lists");5628f3fe3b16 ("net: add NUMA awareness to skb_attempt_defer_free()")
07e1a9408b6c2f9d0cfb757b67dabb52da7a32b2	2026-09-22	Willem de Bruijn	virtio_net: copy zerocopy frags in start_xmit without NAPI	5cd8d46ea156 ("packet: copy user buffers before orphan or clone")
4581c3d2adc3c73a019bc38db64ca11f28bbd7fd	2026-09-18	Ralf Lici	net/mlx5e: advertise MACsec offload only when supported	339ccec8d43d ("net/mlx5: Enable MACsec offload feature for VLAN interface")
c0aceaf65b70b3c000e70dd867f3a673015f24ca	2026-09-08	Joe Damato	bnxt_en: Bound SW TPA IDs to prevent crashes	54c28fab2fa5 ("bnxt_en: Set bp->max_tpa according to what the FW supports")
b814dfbfeb0a68c9a52073f2caa05a2d5247a329	2026-09-08	Joe Damato	bnxt_en: Propagate TPA buffer allocation failures in bnxt_queue_mem_alloc()	bd649c5cc958 ("bnxt_en: handle tpa_info in queue API implementation")
66ab4c59b74db7ab53a1c9083feaaede393a96a0	2026-09-04	Jamal Hadi Salim	net: cap tx_queue_len at S16_MAX to prevent oversized ring allocations	6a643ddb5624 ("net: introduce helper dev_change_tx_queue_len()")
debac3a20dec524a59625cf10fa2f18571127824	2026-09-02	Kuniyuki Iwashima	net: Remove conflicting altnames for dying netns in __dev_change_net_namespace().	36fbf1e52bd3 ("net: rtnetlink: add linkprop commands to add and delete alternative ifnames")
a155ac8f0c523bd53f412196dcbb104ad1f4595f	2026-08-30	Boqun Feng	interrupt: Disable interrupt before modifying hardirq_disable counter	e901c1510e24 ("irq,spin_lock: Add counted interrupt disabling/enabling")
e01620844c5c88b6fcf819d171df8e3976a0e76f	2026-08-28	Jerome Tollet	net/mlx5e: Prevent stale XSK buffer release on refill retry	3f93f82988bc ("net/mlx5e: RX, Defer page release in legacy rq for better recycling")
4e15e89faac9f308baeb01f46c13a051814d2449	2026-08-21	Joe Damato	net: bnxt: ring the doorbell when SW USO exits early	cc5d90667db8 ("net: bnxt: Implement software USO")
69886e8085ab66be8e5e1ea1ef3aeaa25c8dfa6c	2026-08-17	Harshitha Ramamurthy	gve: add a few helper functions to set device properties	
94afe5cebcd2bc32d774bfe603a8259680e9e870	2026-08-17	Harshitha Ramamurthy	gve: refactor initialization with helper functions	
fb05026490430d6370506f50b8dbab0e1da79c4f	2026-08-17	Jakub Kicinski	eth: bnxt: preserve IRQ affinity across IRQ reallocation	
2b49709667de8d6a5fbf4c4b7585aa08e9db5582	2026-08-17	Jakub Kicinski	eth: bnxt: decrease indent in bnxt_init_int_mode()	
ad27ed7d2309419a129078d781504f486b1b469a	2026-08-17	Jiayuan Chen	bpf, xdp: move offload check into dev_xdp_install()	026a4c28e1db3 ("bpf, xdp: Implement LINK_UPDATE for BPF XDP link")
51e96fa31f7e7eac2cba8f854e24d36600cc040b	2026-08-10	Jakub Kicinski	eth: bnxt: avoid deadlock when canceling IRQ affinity notifier	c214410c47d6 ("bnxt_en: Add TPH support in BNXT driver")
0fd562c7b9e48e7958f7405e54bf98e8e22ad184	2026-08-10	Jakub Kicinski	eth: bnxt: decrease indent in bnxt_request_irq()	
4b5cb58a4443fff67aa18a0d7b645b2220f2fcf8	2026-08-10	Jakub Kicinski	eth: bnxt: keep the aRFS rmap updated when TPH is enabled	c214410c47d6 ("bnxt_en: Add TPH support in BNXT driver")
cb1d3ae6a7852e41a14b9645b44133b74bc19337	2026-08-10	Pablo Neira Ayuso	netfilter: flowtable: rename tun.l3_proto to tun.inner_proto	
95133a416809c7e822da4023b7f4193ef2620796	2026-08-10	Lorenzo Bianconi	net: pass net_device_path_ctx to dev_fill_forward_path()	
3b0e2a22d4086ed7c1294584c4417f7d19f1ac67	2026-08-10	Boqun Feng	preempt: Introduce HAS_SEPARATE_PREEMPT_RESCHED_BITS	
03390aa32e669cc4ecd7d34108e2e1afc13d689d	2026-08-06	Qihang Tang	packet: use consistent hard_header_len in non-ring send paths	b84bbaf7a6c8 ("packet: in packet_snd start writing at link layer allocation")
3b9a324e646d3657a8d9806dfbfe4f3e4066e882	2026-08-06	Qihang Tang	net: remove CAP_SYS_RAWIO zero-padding in dev_validate_header	2793a23aacbd ("net: validate variable length ll headers")
53f01cd594e223aabb538d5288e60111523c96f2	2026-08-04	Shravya KN	bnxt_en: Determine and store default RX ring in vnic structure	
1d0fc6c7ea49994b8ff50d02979d1e4207ec6c4f	2026-08-04	Shravya KN	bnxt_en: Move RSS table fill outside __bnxt_hwrm_vnic_set_rss()	
97ac08560d236ca17f6606d9e671118e5eae5721	2026-07-27	Eric Joyner	ethtool: Embed FEC hist ranges as buffer in struct	cc2f08129925 ("ethtool: add FEC bins histogram report")
defbb6534ff3a3b91607a842afc72edc1000d447	2026-07-27	Dragos Tatulea	net/mlx5e: SHAMPO, Remove dead CWR handling in GRO header update	
676fe97d57df18c8ce00b42c4881e8d848e23a54	2026-07-21	Cosmin Ratiu	net/mlx5e: psp: Report PSP dev registration errors	
13ae76a6a3e6f1b6d5a2505192288f9f58c903fc	2026-07-21	Cosmin Ratiu	net/mlx5e: Return errors from profile->enable	
d0008553a70a306c10ca2a596f449971d0579d50	2026-07-11	Kuniyuki Iwashima	net: Call unregister_netdevice_many() per netns.	
af3634d4ac652cd93cb97dd2ad2f01536c2cebc7	2026-07-11	Kuniyuki Iwashima	net: Add per-netns netdev unregistration infra.	
2b12ec25784954134df6cf0972a28f14dffdad50	2026-07-11	Kuniyuki Iwashima	net: Wrap default_device_exit_net() with __rtnl_net_lock().	
1eb8fc67ca41db71c90866ff76c990d85247daef	2026-06-30	Longjun Tang	virtio_net: disable cb when NAPI is busy-polled	ceef438d613f ("virtio_net: remove custom busy_poll")
6860b467f569f732b11cbc588ae7e195e90e7e23	2026-06-26	Petr Wozniak	xfrm: propagate -EINPROGRESS from validate_xmit_xfrm()	f53c723902d1 ("net: Add asynchronous callbacks for xfrm on layer 2.")
cd1c188db1091991fc1d7f565824d077d659425b	2026-06-25	Jakub Kicinski	vlan: defer real device state propagation to netdev_work	9f275c2e9020 ("net: ethtool: make sure __ethtool_get_link_ksettings() is ops-locked")
a96c84126dc38e8d09aa93d165b30dc50c628562	2026-06-09	Stanislav Fomichev	bnxt: convert to core rx_mode retry mechanism	
d90b85c23b3d64cc58a2bc59ceda6f6aa4df9ea3	2026-06-09	Stanislav Fomichev	net: add retry mechanism to ndo_set_rx_mode_async	
d11706b56a3f738a93bb2af8e94d6fab506e81b6	2026-06-09	Stanislav Fomichev	net: change ndo_set_rx_mode_async return type to int	
b6197b386677ae5268d4702e23849d9ad53051ad	2026-06-04	Jakub Kicinski	Reapply "bnxt_en: bring back rtnl_lock() in the bnxt_open() path"	850d9248d2ea ("Revert "bnxt_en: bring back rtnl_lock() in the bnxt_open() path"")
399f030cd6123f1b3539d1557a6e956eb1cd7da7	2026-06-02	Christoph Paasch	net/mlx5e: Avoid copying payload to the skb's linear part	
7599c13dbe7a2dc49e33f4c6581c6f1287d9410e	2026-05-26	Martin Karsten	net: napi: Skip last poll when arming gro timer in busy poll	
7d3ab852dcd853692197a830d20052127754a087	2026-05-18	Bobby Eshleman	net: convert netmem_tx flag to enum	
c326f9c68921e2f14dfcecb2f6b4216313d50248	2026-05-18	Dragos Tatulea	net/mlx5e: xsk: Fix unlocked writing to ICOSQ	db05815b36cb ("net/mlx5e: Add XSK zero-copy support")
4f59c22f26f7723ab2ca6d787d7997b1314ff4f2	2026-05-13	Yael Chemla	net/mlx5e: resize configured default RSS context table on channel change	
733334d6bdafaaf1575ce09a04f1a40d2d46d0d3	2026-05-12	Uwe Kleine-König (The Capable Hub)	net: Consistently define pci_device_ids using named initializers	
cb880b02117de1040b0e23a79d9c05d9a6c475b7	2026-05-11	David Yang	net: mention the convention for .ndo_setup_tc()	
04bb6595b55a1e262a4a833b065b8a42ddab915c	2026-05-08	Ido Schimmel	net: Set dev->proto_down before changing carrier state	
58e2330bd45572a6e3d46ea94cf7a9641f43591a	2026-05-08	Dragos Tatulea	net: napi: Avoid gro timer misfiring at end of busypoll	7fd3253a7de6 ("net: Introduce preferred busy-polling")
d466ddda5500b6b8ae060909d2317811f2c32a6a	2026-05-05	Shay Drory	net/mlx5e: SD, Fix race condition in secondary device probe/remove	381978d28317 ("net/mlx5e: Create single netdev per SD group")
c4a5c46199b5addf0157934da3aa89c33eb02a6d	2026-05-05	Cosmin Ratiu	net/mlx5e: psp: Hook PSP dev reg/unreg to profile enable/disable	89ee2d92f66c ("net/mlx5e: Support PSP offload functionality")
4fe18ddd17d842f140312b55d3a0753601613cb8	2026-05-01	Arnd Bergmann	ne2k: fold drivers/net/Space.c into ne.c	
3bc06da858ef17cfe94b49efc0d9713727012835	2026-04-23	Brett Creeley	virtio_net: sync rss_trailer.max_tx_vq on queue_pairs change via VQ_PAIRS_SET	50bfcaedd78e ("virtio_net: Update rss when set queue")
7ef83bf1712b5c441a21d5df844202433f6b0b05	2026-04-21	Stanislav Fomichev	net: move promiscuity handling into netdev_rx_mode_work	78cd408356fe ("net: add missing instance lock to dev_set_promiscuity")
3554b4345d855089ab7af5e3557f5dc3262d14c9	2026-04-21	Stanislav Fomichev	net: introduce ndo_set_rx_mode_async and netdev_rx_mode_work	
db9e726525e45dbd713c07897a4d20bc18333ccc	2026-04-21	Stanislav Fomichev	net: add address list snapshot and reconciliation infrastructure	
1a303baa715e6b78d6a406aaf335f87ff35acfcd	2026-04-18	Michal Schmidt	ice: fix double-free of tx_buf skb	d76a60ba7afb ("ice: Add support for VLANs and offloads")
e3b2cf6e5dba416a03152f299d99982dfe1e861d	2026-04-09	Christian Brauner	kernfs: pass struct ns_common instead of const void * for namespace tags	
30e02ec3b4b6bd429a4824f125eb843a291dcccf	2026-04-07	Eric Dumazet	net: qdisc_pkt_len_segs_init() cleanup	
25b8c9b6d7314d26f91bf115beafab58b5d376d0	2026-04-07	Dragos Tatulea	net/mlx5e: XDP, Use page fragments for linear data in multibuf-mode	
ebd4ad29cc828f762d98f41b2a6a3f806185616f	2026-04-07	Dragos Tatulea	net/mlx5e: XDP, Use a single linear page per rq	
d8ae40dc20cbd7bb6e6b36a928e2db2296060ad2	2026-04-06	Aleksandr Loktionov	ixgbe: stop re-reading flash on every get_drvinfo for e610	c9e563cae19e ("ixgbe: add support for devlink reload")
e4bf81dcad0a6fff2bbe5331d2c7fb30d45a788c	2026-04-01	Michael Chan	bnxt_en: Don't assume XDP is never enabled in bnxt_init_dflt_ring_mode()	ec5d31e3c15d ("bnxt_en: Handle firmware reset status during IF_UP.");228ea8c187d8 ("bnxt_en: implement devlink dev reload driver_reinit")
ceee35e5674aa84cf9e504c2a9dae4587511556c	2026-04-01	Michael Chan	bnxt_en: Refactor some basic ring setup and adjustment logic	
4ee937107d52f9e5c350e4b5e629760e328b3d9f	2026-03-30	Pengpeng Hou	bnxt_en: set backing store type from query type	6a4d0774f02d ("bnxt_en: Add support for new backing store query firmware API")
2c7c85c8c7881d57c5fa1114f4b0dbd7fc53a36f	2026-03-27	Pavan Chebbi	fwctl/bnxt_en: Refactor aux bus functions to be more generic	
f8844dfeeae88db074146e3f8a865b5565f61b40	2026-03-26	Di Zhu	virtio-net: enable NETIF_F_GRO_HW only if GRO-related offloads are supported	
24fbd3967f3fdaad5f93e0d35ae870ed25fb2c3a	2026-03-16	Vishwanath Seshagiri	virtio_net: add page_pool support for buffer allocation	
a6413e6f6c9d9bb9833324cb3753582f7bc0f2fa	2026-03-06	Dragos Tatulea	net/mlx5e: RX, Fix XDP multi-buf frag counting for legacy RQ	afd5ba577c10 ("net/mlx5e: RX, Fix generating skb from non-linear xdp_buff for legacy RQ")
db25c42c2e1f9c0d136420fff5e5700f7e771a6f	2026-03-06	Dragos Tatulea	net/mlx5e: RX, Fix XDP multi-buf frag counting for striding RQ	87bcef158ac1 ("net/mlx5e: RX, Fix generating skb from non-linear xdp_buff for striding RQ")
8f497dc8a61429cc004720aa8e713743355d80cf	2026-03-05	Larysa Zaremba	i40e: fix registering XDP RxQ info	a045d2f2d03d ("i40e: set xdp_rxq_info::frag_size")
40bf00ec2ee271df5ba67593991760adf8b5d0ed	2026-03-04	Bobby Eshleman	net: devmem: use READ_ONCE/WRITE_ONCE on binding->dev	bd61848900bf ("net: devmem: Implement TX path")
246c5495c69fae1ec96531d79106c946ea904312	2026-03-03	Aleksandr Loktionov	ixgbe: refactor: use DECLARE_BITMAP for ring state field	
1a86a1f7d88996085934139fa4c063b6299a2dd3	2026-03-03	YiFei Zhu	net: Fix rcu_tasks stall in threaded busypoll	c18d4b190a46 ("net: Extend NAPI threaded polling to allow kthread based busy polling")
ff2998f29f390d963299103f0b247cc79106ced5	2026-02-28	Jesper Dangaard Brouer	net: sched: introduce qdisc-specific drop reason tracing	
07993df560917357610e0625a9a2e7531c3211fc	2026-02-28	Matt Olson	gve: Update QPL page registration logic	
7e641e52cf5f284706514f789df8c497aea984e1	2026-02-27	Peter Zijlstra	softirq: Prepare for deferred hrtimer rearming	
7aa767d0d3d04e50ae94e770db7db8197f666970	2026-02-26	Jakub Kicinski	net: consume xmit errors of GSO frames	1f59533f9ca5 ("qdisc: validate frames going through the direct_xmit path")
dff1c3164a69284ac9fedb1c25d4c008139e9fb8	2026-02-26	Dragos Tatulea	net/mlx5e: SHAMPO, Always calculate page size	
099efb294e0a0c8cc4984a8c56b9a69e480ac5e9	2026-02-26	Dragos Tatulea	net/mlx5e: Move xsk param into new option container struct	
8a96b9144f18a2c996d3cfead85e4ca0f9e58de7	2026-02-26	Dragos Tatulea	net/mlx5e: Alloc xsk channel param out of mlx5e_open_xsk()	
376cf4227401f538cce799aee91bc33fb008d388	2026-02-26	Dragos Tatulea	net/mlx5e: Make mlx5e_rq_param naming consistent	
6c32b07650676ab4c112ff8e9d345b6770ae2be5	2026-02-24	Jakub Kicinski	eth: bnxt: rename ring_err_stats -> ring_drv_stats	
8a8a9fac9efa6423fd74938b940cb7d731780718	2026-02-23	Eric Dumazet	net: do not pass flow_id to set_rps_cpu()	48aa30443e52 ("net: Cache hash and flow_id to avoid recalculation")
0da1dba72616b178a64a762a235a24e9899e495d	2026-02-18	Tariq Toukan	net/mlx5e: XSK, Fix unintended ICOSQ change	56aca3e0f730 ("net/mlx5e: Use regular ICOSQ for triggering NAPI")
5a2f3aa2896f8162cf8349d525e97ce09cd712f5	2026-02-10	Michael Chan	bnxt_en: Refactor bnxt_need_reserve_rings()	
24cf78c738318f3d2b961a1ab4b3faf1eca860d7	2026-02-05	Dragos Tatulea	net/mlx5e: SHAMPO, Switch to header memcpy	
09e6960e843586315ddf3222daa217244688e76d	2026-02-04	Dragos Tatulea	net/mlx5e: SHAMPO, Improve allocation recovery	
7ed7a576f20a8c60bbd4335e57776f3ad5812577	2026-02-04	Dragos Tatulea	net/mlx5e: RX, Drop oversized packets in non-linear mode	
7b9ebcce0296e104a0d82a6b09d68564806158ff	2026-02-03	Debarghya Kundu	gve: Fix stats report corruption on queue count change	24aeb56f2d38 ("gve: Add Gvnic stats AQ command and ethtool show/set-priv-flags.")
2ae8c7edea87f54609bda30963a099cd3c64b0bb	2026-01-27	Shay Drory	net/mlx5: Fix Unbinding uplink-netdev in switchdev mode	7a9fb35e8c3a ("net/mlx5e: Do not reload ethernet ports when changing eswitch mode")
100cf7b4ca6ed770ec4287f3789b1da2e340a05a	2026-01-27	Kohei Enju	ixgbe: don't initialize aci lock in ixgbe_recovery_probe()	29cb3b8d95c7 ("ixgbe: add E610 implementation of FW recovery mode")
4c58c7152c090cdb68cc9ff97ee84df2bb5db911	2026-01-26	Jacob Keller	ice: shorten ring stat names and add accessors	
b1c16d9cb21ed7ae0f01f5991adabc4c5ae002fd	2026-01-26	Jacob Keller	ice: use u64_stats API to access pkts/bytes in dim sample	
37b0ea8fef56ccc29bd5a07f235ac218f7f98379	2026-01-25	Eric Dumazet	net: expand NETDEV_RSS_KEY_LEN to 256 bytes	
8e3245cb30864f93d7706e03e61ca1972ea4f64c	2026-01-23	Jakub Kicinski	net: add queue config validation callback	
8766d61a1d33cb5f15bfdd6ce9832bbe1fc649c2	2026-01-20	Jakub Kicinski	Revert "Merge branch 'netkit-support-for-io_uring-zero-copy-and-af_xdp'"	
56aca3e0f7308821b6404730a0a6bfd9f26fa04c	2026-01-19	William Tu	net/mlx5e: Use regular ICOSQ for triggering NAPI	
ea945f4f399130658a358103b57f37c2d2150458	2026-01-19	William Tu	net/mlx5e: Move async ICOSQ lock into ICOSQ struct	
4156c3745f06bc197094b9ee97a9584e69ed00bf	2026-01-15	Gustavo A. R. Silva	virtio_net: Fix misalignment bug in struct virtnet_info	ed3100e90d0d ("virtio_net: Use new RSS config structs")
f57efb32aae1da5c0a25acf473ef4ab559894adf	2026-01-14	Pavel Begunkov	eth: bnxt: store rx buffer size per queue	
5629f8859dca7ef74d7314b60de6a957f23166c0	2026-01-10	Saeed Mahameed	net/mlx5e: Restore destroying state bit after profile cleanup	c4d7eb57687f ("net/mxl5e: Add change profile method")
4ef8512e1427111f7ba92b4a847d181ff0aeec42	2026-01-10	Saeed Mahameed	net/mlx5e: Pass netdev to mlx5e_destroy_netdev instead of priv	c4d7eb57687f ("net/mxl5e: Add change profile method")
123eda2e5b1638e298e3a66bb1e64a8da92de5e1	2026-01-10	Saeed Mahameed	net/mlx5e: Don't store mlx5e_priv in mlx5e_dev devlink priv	ee75f1fc44dd ("net/mlx5e: Create separate devlink instance for ethernet auxiliary device");c4d7eb57687f ("net/mxl5e: Add change profile method")
4dadc4077e3f77d6d31e199a925fc7a705e7adeb	2026-01-10	Saeed Mahameed	net/mlx5e: Fix crash on profile change rollback failure	c4d7eb57687f ("net/mxl5e: Add change profile method")
5f410e1224e49c68818475289ed4a943461f00c3	2026-01-10	Gal Pressman	net/mlx5e: TSO for UDP over GRE over vlan packets	
fcdef3bcbb2c04e06ae89f8faff2cd6416b3a467	2026-01-10	Bui Quang Minh	virtio-net: don't schedule delayed refill worker	4bc12818b363 ("virtio-net: disable delayed refill when pausing rx")
eb74c19fe10872ee1f29a8f90ca5ce943921afe9	2026-01-09	Eric Dumazet	net: update netdev_lock_{type,name}	1a33e10e4a95 ("net: partially revert dynamic lockdep key changes")
27a01c1969a5d5ed4739e45777957445af96322d	2026-01-06	Eric Dumazet	net: fully inline backlog_unlock_irq_restore()	
96a8395061358adcd4b6a4f0f4c8989ec69e8659	2025-12-02	Tariq Toukan	net/mlx5e: Update XDP features in switch channels	
362a161b2582f8d6a34b3b0940f8323adc2f292f	2025-11-27	Jakub Kicinski	eth: bnxt: make use of napi_consume_skb()	
383d89699c5028de510a6667f674ed38585f77fc	2025-11-24	Lukas Wunner	treewide: Drop pci_save_state() after pci_restore_state()	
e5eba42f01340f73888dfe560be2806057c25913	2025-11-11	Akiva Goldberger	mlx5: Fix default values in create CQ	cdd04f4d4d71 ("net/mlx5: Add support to create SQ and CQ for ASO")
d235bb213f411ace8317bcca3740a1008628ea9c	2025-11-10	Ankit Garg	gve: Allow ethtool to configure rx_buf_len	
40fef85ceb9cce2021f7ba5ca6e3212baa193cb3	2025-11-10	Ankit Garg	gve: Decouple header split from RX buffer length	
fd9557c3606bb683c01a6c7627e915b539b9a8df	2025-11-07	Eric Dumazet	net: add prefetch() in skb_defer_free_flush()	
665a7e13c220bbde55531a24bd5524320648df10	2025-11-05	Dragos Tatulea	net/mlx5e: SHAMPO, Fix header mapping for 64K pages	8a0ee54027b1 ("net/mlx5e: SHAMPO, Simplify UMR allocation for headers")
0c716703965ffc5ef4311b65cb5d84a703784717	2025-11-04	Bui Quang Minh	virtio-net: fix received length check in big packets	4959aebba8c0 ("virtio-net: use mtu size as buffer length for big packets")
c3838262b824c71c145cd3668722e99a69bc9cd9	2025-11-04	Michael S. Tsirkin	virtio_net: fix alignment for virtio_net_hdr_v1_hash	56a06bd40fab ("virtio_net: enable gso over UDP tunnel support.")
3b88a535a8e10d83335f04c60aafbdfd37146a01	2025-11-04	Tariq Toukan	net/mlx5e: Defer channels closure to reduce interface down time	
c18d4b190a46651726c9a952667c74d2deb33c28	2025-11-03	Samiullah Khawaja	net: Extend NAPI threaded polling to allow kthread based busy polling	
93f53db9f9dc4a16b40ecd18e6d338ad57e4b670	2025-10-29	Michal Kubiak	ice: switch to Page Pool	
3a4f419f750946181e3d6a339a1ef1942c5b5685	2025-10-29	Michal Kubiak	ice: drop page splitting and recycling	
9e314a3c525c91c1e918546f472585cdbd44fbd1	2025-10-29	Michal Kubiak	ice: remove legacy Rx and construct SKB	
1ab665817448c31f4758dce43c455bd4c5e460aa	2025-10-23	Bui Quang Minh	virtio-net: drop the multi-buffer XDP packet in zerocopy	99c861b44eb1 ("virtio_net: xsk: rx: support recv merge mode")
664f76be38a18c61151d0ef248c7e2f3afb4f3c7	2025-10-23	Patrisious Haddad	net/mlx5: Fix IPsec cleanup over MPV device	82f9378c443c ("net/mlx5: Handle IPsec steering upon master unbind/bind")
28098defc79fe7d29e6bfe4eb6312991f6bdc3d3	2025-10-21	Hangbin Liu	net: add a common function to compute features for upper devices	
c30fd916c4d7760ccf654e52370b0a31be885789	2025-10-20	Ankit Garg	gve: Consolidate and persist ethtool ring changes	
87bcef158ac1faca1bd7e0104588e8e2956d10be	2025-10-20	Amery Hung	net/mlx5e: RX, Fix generating skb from non-linear xdp_buff for striding RQ	f52ac7028bec ("net/mlx5e: RX, Add XDP multi-buffer support in Striding RQ")
afd5ba577c10639f62e8120df67dc70ea4b61176	2025-10-20	Amery Hung	net/mlx5e: RX, Fix generating skb from non-linear xdp_buff for legacy RQ	ea5d49bdae8b ("net/mlx5e: Add XDP multi buffer support to the non-linear legacy RQ")
6f5dacf88a32b3fd8b52c8ea781bf188c42aaa95	2025-09-30	Jakub Kicinski	Revert "net/mlx5e: Update and set Xon/Xoff upon MTU set"	ceddedc969f0 ("net/mlx5e: Update and set Xon/Xoff upon MTU set")
7ef55292dc2d97afd6754524f53ab0fb62829841	2025-09-18	Kalesh AP	bnxt_en: Use VLAN_ETH_HLEN when possible	
8c511c1df380780b8a81050767dbfe7ca518d3a2	2025-09-18	Daniel Zahka	net: move sk_validate_xmit_skb() to net/core/dev.c	
a315b723e87ba4e4573e1e5c759d512f38bdc0b3	2025-09-17	Cosmin Ratiu	net/mlx5e: Prepare for using different CQ doorbells	
fd4e876f59b7e70283b4025c717cad8948397be1	2025-09-17	Sebastian Andrzej Siewior	softirq: Provide a handshake for canceling tasklets via polling	
f05a82fbcc645dceeed242d80bccb9dad2ca3383	2025-09-16	Shay Drory	net/mlx5: Refactor devcom to use match attributes	
247981eecd3dd6ff51bd0a0223deba8af39c5498	2025-09-11	Samiullah Khawaja	net: Use NAPI_* in test_bit when stopping napi kthread	689883de94dd ("net: stop napi kthreads when THREADED napi is disabled")
f1debf1a2ef44ca1baa15a0cc088cb2be1f95449	2025-08-28	Dragos Tatulea	net/mlx5e: add op for getting netdev DMA device	
97bcc5b6f45425ac56fb04b0893cdaa607ec7e45	2025-08-27	Krishna Kumar	net: Prevent RPS table overwrite of active flows	
d24341740fe48add8a227a753e68b6eedf4b385a	2025-08-26	Alexei Lazar	net/mlx5e: Update and set Xon/Xoff upon port speed set	0696d60853d5 ("net/mlx5e: Receive buffer configuration")
b4fc8faacfea2538184a1dbd616ae9447a361f3d	2025-08-26	Michael Chan	bnxt_en: Fix stats context reservation logic	2e4592dc9bee ("bnxt_en: Change MSIX/NQs allocation policy")
2747328ba2714f1a7454208dbbc1dc0631990b4a	2025-08-26	Sreekanth Reddy	bnxt_en: Fix memory corruption when FW resources change during ifdown	ec5d31e3c15d ("bnxt_en: Handle firmware reset status during IF_UP.")
f3d9f7fa7f5dbfd4fdb1e69c25fc5627700d19dd	2025-08-20	Maciej Fijalkowski	ixgbe: fix ndo_xdp_xmit() workloads	6453073987ba ("ixgbe: add initial support for xdp redirect");33fdc82f0883 ("ixgbe: add support for XDP_TX action")
64fdaa94bfe0cca3a0f4b2dd922486c5f59fe678	2025-08-08	Jakub Kicinski	net: page_pool: allow enabling recycling late, fix false positive warning	40eca00ae605 ("bnxt_en: unlink page pool when stopping Rx queue")
e6d76268813dc64cc0b74ea9c274501f2de05344	2025-08-05	Samiullah Khawaja	net: Update threaded state in napi config in netif_set_threaded	2677010e7793 ("Add support to set NAPI threaded for individual NAPI")
78afdadafe6fe0c74c08fda156e7be0a0b402b90	2025-07-24	Samiullah Khawaja	net: Use netif_threaded_enable instead of netif_set_threaded in drivers	
89ade7c7306508f46b811cd43960eaed88e0e1dd	2025-07-23	Byungchul Park	netmem, mlx4: access ->pp_ref_count through netmem_desc instead of page	
2236836eab2629978e9777dbde83161f9c7b450b	2025-07-22	Joshua Washington	gve: implement DQO TX datapath for AF_XDP zero-copy	
d57ae093c887180b72c575724c1779f5ca0f5b5b	2025-07-22	Joshua Washington	gve: deduplicate xdp info and xsk pool registration logic	
b03f15c0192b184078206760c839054ae6eb4eaa	2025-07-21	Praveen Kaligineedi	gve: Fix stuck TX queue for DQ queue format	87a7f321bb6a ("gve: Recover from queue stall due to missed IRQ")
0413a34ef678c3e2f0fafb4e113e810a05197030	2025-07-18	Stanislav Fomichev	net: s/dev_pre_changeaddr_notify/netif_pre_changeaddr_notify/	
be5dcaed694e4255dc02dd0acfe036708c535def	2025-07-17	Zigit Zo	virtio-net: fix recursived rtnl_lock() during probe()	df28de7b0050 ("virtio-net: synchronize operstate with admin state on up/down")
2677010e7793451c20d895c477c4dc76f6e6a10e	2025-07-14	Samiullah Khawaja	Add support to set NAPI threaded for individual NAPI	
2f82e99546626719816e881ebd468688447cac1f	2025-07-11	Liming Wu	virtio_net: simplify tx queue wake condition check	
d991666b7b699aebeb5ac3e8eb32434f4912a893	2025-07-09	Bailey Forrest	gve: make IRQ handlers and page allocation NUMA aware	
f47e8f618c7d2e51b0ea5f22ad550e7f62ec45c1	2025-07-09	Bui Quang Minh	virtio-net: xsk: rx: move the xdp->data adjustment to buf_to_xdp()	
b11aa9614df095ee6f15640873dfa6aaf51dd7ef	2025-07-03	Slawomir Mrozowicz	ixgbe: add Tx hang detection unhandled MDD	
bd2948d2581ebd31745c1b7094a470513789555f	2025-07-03	Laurent Vivier	virtio_net: Cleanup '2+MAX_SKB_FRAGS'	
4be2193b3393dca33504793fe7586fed547abb5d	2025-07-03	Bui Quang Minh	virtio-net: remove redundant truesize check with PAGE_SIZE	
4922ca773d9d84cc4ad4e38ab10a92ddc6b3205f	2025-06-21	Taehee Yoo	eth: bnxt: add netmem TX support	
db3010bb5a0134644c45dc0df89e76e02553478c	2025-06-17	Saeed Mahameed	net/mlx5e: Add support for UNREADABLE netmem page pools	
d2760abdedde635b055a214b3a45dce3e4ecbfce	2025-06-17	Saeed Mahameed	net/mlx5e: SHAMPO: Improve hw gro capability checking	
b52a93bbaa51a3f03561fd37221af29655db5c2a	2025-06-17	Alok Tiwari	gve: Fix various typos and improve code comments	
10f3829a1309e6f6892811643e172633a6adf40a	2025-06-17	Alok Tiwari	bnxt_en: Improve comment wording and error return code	
b2c7aeb4905648f0a36d27a008a6dfea37782a31	2025-06-16	John Fraker	gve: Implement ndo_hwtstamp_get/set for RX timestamping	
689883de94dd8a43a0ea77311327effab240afda	2025-06-10	Samiullah Khawaja	net: stop napi kthreads when THREADED napi is disabled	
3ec523304976648b45a3eef045e97d17122ff1b2	2025-05-30	Saurabh Sengar	hv_netvsc: fix potential deadlock in netvsc_vf_setxdp()	97246d6d21c2 ("net: hold netdev instance lock during ndo_bpf")
161972650d6795ea00f8b72557cf3c3e593ed250	2025-05-27	Kees Cook	net: core: Switch netif_set_mac_address() to struct sockaddr_storage	
945301db34f14eaa0be794458b67aead74ff79fa	2025-05-21	Eric Dumazet	net: add debug checks in ____napi_schedule() and napi_poll()	
f792709e0baad67224180d73d51c2f090003adde	2025-05-20	Stanislav Fomichev	selftests: net: validate team flags propagation	
b66b76a82c8879d764ab89adc21ee855ffd292d5	2025-05-16	Carolina Jubran	net/mlx5e: Reuse per-RQ XDP buffer to avoid stack zeroing overhead	
325eb217e41fa14f307c7cc702bd18d0bb38fe84	2025-05-15	Michael Chan	bnxt_en: bring back rtnl_lock() in the bnxt_open() path	004b5008016a ("eth: bnxt: remove most dependencies on RTNL")
b9eef3391de028fdd88fd7a2f81a4834fc98c9ac	2025-05-15	Sebastian Andrzej Siewior	xdp: Use nested-BH locking for system_page_pool	
c16608005ccb99fbde3a4cd96eab28e16f148abf	2025-05-15	Shay Drory	net: Look for bonding slaves in the bond's network namespace	
08e9f2d584c4732180edee4cb2dbfa7586d7d5a3	2025-05-06	Cosmin Ratiu	net: Lock netdevices during dev_shutdown	a0527ee2df3f ("net: hold netdev instance lock during qdisc ndo_setup_tc")
1e20324b23f0afba27997434fb978f1e4a1dbcb6	2025-05-05	Jakub Kicinski	virtio-net: don't re-enable refill work too early when NAPI is disabled	4bc12818b363 ("virtio-net: disable delayed refill when pausing rx");413f0271f396 ("net: protect NAPI enablement with netdev_lock()")
927069d5c40c1cfa7b2d13cfc6d7d58bc6f85c50	2025-05-01	Vadim Fedorenko	bnxt_en: fix module unload sequence	8f7ae5a85137 ("bnxt_en: improve TX timestamping FIFO configuration")
c2d20a3814d1b57dea6db82229edd702bde9c878	2025-04-30	Kashyap Desai	bnxt_en: delay pci_alloc_irq_vectors() in the AER path	
1ae04e489dd757e1e61999362f33e7c554c3b9e3	2025-04-30	Kashyap Desai	bnxt_en: call pci_alloc_irq_vectors() after bnxt_reserve_rings()	4343838ca5eb ("bnxt_en: Replace deprecated PCI MSIX APIs")
a63db07e4ecd45b027718168faf7d798bb47bf58	2025-04-30	Somnath Kotur	bnxt_en: Add missing skb_mark_for_recycle() in bnxt_rx_vlan()	86b05508f775 ("bnxt_en: Use the unified RX page pool buffers for XDP and non-XDP")
462cc09ac37ddde5a01477613220f0271fe49291	2025-04-29	Jedrzej Jagielski	ixgbe: create E610 specific ethtool_ops structure	
8ff6175139967cd17b2a62bca4b2de2559942b7e	2025-04-23	Arnd Bergmann	bnxt_en: hide CONFIG_DETECT_HUNG_TASK specific code	0fcad44a86bd ("bnxt_en: Change FW message timeout warning")
0e0a7e3719bc8cbe6d6e30b3e81f21472ecba5bc	2025-04-22	Joshua Washington	xdp: create locked/unlocked instances of xdp redirect target setters	03df156dd3a6 ("xdp: double protect netdev->xdp_flags with netdev->lock")
4bc12818b363bd30f0f7348dd9ab077290a637ae	2025-04-22	Bui Quang Minh	virtio-net: disable delayed refill when pausing rx	413f0271f396 ("net: protect NAPI enablement with netdev_lock()")
0fcad44a86bdc2b5f202d91ba1eeeee6fceb7b25	2025-04-21	Michael Chan	bnxt_en: Change FW message timeout warning	
22cbc1ee268b7ec0000848708944daa61c6e4909	2025-04-17	Jakub Kicinski	netdev: fix the locking for netdev notifications	99e44f39a8f7 ("netdev: depend on netdev->lock for xdp features")
4798cfa2097f0833d54d8f5ce20ef14631917839	2025-04-16	Jakub Kicinski	net: don't try to ops lock uninitialized devs	04efcee6ef8d ("net: hold instance lock during NETDEV_CHANGE")
cd1fafe7da1f6f2aa25723e317f6e8e9d0c050a1	2025-04-16	Taehee Yoo	eth: bnxt: add support rx side device memory TCP	
a0285236ab93fdfdd1008afaa04561d142d6c276	2025-04-15	Jedrzej Jagielski	ixgbe: add initial devlink support	
fd5ef5203ce645f72a37b02a89f2eb20827f7d52	2025-04-15	Przemek Kitszel	ixgbe: wrap netdev_priv() usage	
f0433eea468810aebd61d0b9d095e9acd6bea2ed	2025-04-14	Jakub Kicinski	net: don't mix device locking in dev_close_many() calls	7e4d784f5810 ("net: hold netdev instance lock during rtnetlink operations")
229671ac60e298b85c2644f52d7e487e9f487d06	2025-04-09	Eric Dumazet	net: remove cpu stall in txq_trans_update()	
03df156dd3a6d5992f17682cd5c3b11e5ffdae02	2025-04-09	Jakub Kicinski	xdp: double protect netdev->xdp_flags with netdev->lock	
4ec9031cbeb73a66979560bbb6d355329be762de	2025-04-09	Jakub Kicinski	netdev: add "ops compat locking" helpers	
a82dc19db13649aa4232ce37cb6f4ceff851e2fe	2025-04-09	Jakub Kicinski	net: avoid potential race between netdev_get_by_index_lock() and netns switch	
c3025e94daa9ce84ef0e53df983b5bf2fbd76ea6	2025-04-08	Eric Dumazet	net: rps: change skb_flow_limit() hash function	
04efcee6ef8d0f01eef495db047e7216d6e6e38f	2025-04-07	Stanislav Fomichev	net: hold instance lock during NETDEV_CHANGE	ad7c7b2172c3 ("net: hold netdev instance lock during sysfs operations")
9e3267cf02c240065fddfbe1a58cdb99d0b00531	2025-03-31	Jakub Kicinski	eth: gve: add missing netdev locks on reset and shutdown paths	cae03e5bdd9e ("net: hold netdev instance lock during queue operations")
346fb86ddd862012bde63cf20c0ac8bc94000ef4	2025-03-25	Joshua Washington	gve: update XDP allocation path support RX buffer posting	
904effd02df72501fc8fcd8c9573de221c58cb60	2025-03-25	Joshua Washington	gve: merge packet buffer size fields	
542a58f1b090cdcea951b7c9c48c3ba57d1e35b1	2025-03-25	Joshua Washington	gve: introduce config-based allocation for XDP	
b52458652eca5a551ddb55605201b136f091b04d	2025-03-25	Jakub Kicinski	net: protect rxq->mp_params with the instance lock	
310ae9eb2617c62deedef8f121d7ca1ae774fa76	2025-03-25	Jakub Kicinski	net: designate queue -> napi linking as "ops protected"	
f3483c8e1da62993fe0f57af23b925de7661adaa	2025-03-25	Eric Dumazet	net: rfs: hash function change	
cac48eb6d383ee4f037e320608efa5dec029e26a	2025-03-24	Mark Zhang	net/mlx5e: Use right API to free bitmap memory	
6dd132516f8e467f144f7871ff2708ce827417a1	2025-03-19	Stanislav Fomichev	net: reorder dev_addr_sem lock	df43d8bf1031 ("net: replace dev_addr_sem with netdev instance lock")
a6c81e32aeacbfd530d576fa401edd506ec966ef	2025-03-18	shantiprasad shettar	bnxt_en: Query FW parameters when the CAPS_CHANGE bit is set	
023af5a72ab161f2e661afb53e3b6a6901f6ba00	2025-03-17	Ilpo Järvinen	gso: AccECN support	
d5d715207e2911b84b92f10420d4a8d7653aa98d	2025-03-10	Joe Damato	virtio_net: Use persistent NAPI config	
e7231f49d526823975bbfe0abde5c50b7e8dfe3a	2025-03-10	Joe Damato	virtio-net: Map NAPIs to queues	
7e4d784f5810bba76c4593791028e13cce4af547	2025-03-06	Stanislav Fomichev	net: hold netdev instance lock during rtnetlink operations	
d4c22ec680c8db832ffc0b964c6008e65436cba8	2025-03-06	Stanislav Fomichev	net: hold netdev instance lock during ndo_open/ndo_stop	
12b6f7069ba5aa160f3332916408b34ae8e0b0f6	2025-03-04	Nicolas Dichtel	net: plumb extack in __dev_change_net_namespace()	
bf08fd32cc55961c720f6f48a0fe317f0c710f09	2025-02-27	Gustavo A. R. Silva	net/mlx5e: Avoid a hundred -Wflex-array-member-not-at-end warnings	
77e45145e3039a0fb212556ab3f8c87f54771757	2025-02-26	Frederic Weisbecker	net: Handle napi_schedule() calls from non-interrupt	
4b9c7d8fa113c0b363d0ceee29d1b15cceb771ee	2025-02-21	Ziwei Xiao	gve: Add RSS cache for non RSS device option scenario	
6bc7e4eb0499562ccd291712fd7be0d1a5aad00a	2025-02-20	Paolo Abeni	Revert "net: skb: introduce and use a single page frag cache"	dbae2b062824 ("net: skb: introduce and use a single page frag cache")
4b5a28b38c4a0106c64416a1b2042405166b26ce	2025-02-19	Breno Leitao	net: Add non-RCU dev_getbyhwaddr() helper	
d4c6bfc83936cb61fac99e9891c406fbdd40f964	2025-02-18	Kuniyuki Iwashima	dev: Use rtnl_net_dev_lock() in unregister_netdev().	00fb9823939e ("dev: Hold per-netns RTNL in (un)?register_netdev().")
65161fb544aada499c912b6010a8f7d8e04f6130	2025-02-18	Kuniyuki Iwashima	net: Fix dev_net(dev) race in unregister_netdevice_notifier_dev_net().	7fb1073300a2 ("net: Hold rtnl_net_lock() in (un)?register_netdevice_notifier_dev_net().")
8f02c48f8f623eedc3c0a26a64c7ef155c35bfb9	2025-02-18	Breno Leitao	net: Remove redundant variable declaration in __dev_change_flags()	
c214410c47d6ec3128143370747d9e388bab21d7	2025-02-14	Manoj Panicker	bnxt_en: Add TPH support in BNXT driver	
fe96d717d38ecd8e6e8d710ebf88e82ac35a0032	2025-02-14	Somnath Kotur	bnxt_en: Extend queue stop/start for TX rings	
6b6bf60fc95f908b5a3b45137436eb495af414cc	2025-02-14	Somnath Kotur	bnxt_en: Reallocate RX completion ring for TPH support	
4c8e612c9a36721e873d7ba56019706b294fa860	2025-02-14	Michael Chan	bnxt_en: Pass NQ ID to the FW when allocating RX/RX AGG rings	
2dc8e7c36d805084756e170527423e64eb04aba8	2025-02-14	Jacob Keller	iavf: refactor iavf_clean_rx_irq to support legacy and flex descriptors	
e9f476d7b39ce1aecc4913eda1562e87113df185	2025-02-14	Mateusz Polchlopek	iavf: define Rx descriptors as qwords	
0892b840318daa6ae739b7cdec5ecdfca4006689	2025-02-13	Jakub Kicinski	Reapply "net: skb: introduce and use a single page frag cache"	011b03359038 ("Revert "net: skb: introduce and use a single page frag cache"")
011b0335903832facca86cd8ed05d7d8d94c9c76	2025-02-07	Paolo Abeni	Revert "net: skb: introduce and use a single page frag cache"	dbae2b062824 ("net: skb: introduce and use a single page frag cache")
482ad2a4ace2740ca0ff1cbc8f3c7f862f3ab507	2025-02-06	Eric Dumazet	net: add dev_net_rcu() helper	
f9beaf4fac64c84631ba9a2eb864cea6b52032a2	2025-02-06	Jianbo Liu	net/mlx5: Change clock in mlx5_core_dev to mlx5_clock pointer	
cbe08724c18078564abefbf6591078a7c98e5e0f	2025-02-05	Eric Dumazet	net: flush_backlog() small changes	
9dd05df8403bda5b68178b795c554b3940628bb6	2025-02-04	Jakub Kicinski	net: warn if NAPI instance wasn't shut down	
11c4aa074d547d825b19cd8d9f288254d89d805c	2025-01-31	Maciej Fijalkowski	ice: gather page_count()'s of each frag right before XDP prog call	ac0753391195 ("ice: Store page count inside ice_rx_buf")
e759e1e4a4bd2926d082afe56046a90224433a31	2025-01-30	Eric Dumazet	net: revert RTNL changes in unregister_netdevice_many_notify()	cfa579f66656 ("net: no longer hold RTNL while calling flush_all_backlogs()");ae646f1a0bb9 ("net: reduce RTNL hold duration in unregister_netdevice_many_notify() (part 1)");83419b61d187 ("net: reduce RTNL hold duration in unregister_netdevice_many_notify() (part 2)")
979284535aaf12a287a2f43d9d5dfcbdc1dc4cac	2025-01-27	Stanislav Fomichev	net/mlx5e: add missing cpu_to_node to kvzalloc_node in mlx5e_open_xdpredirect_sq	bb135e40129d ("net/mlx5e: move XDP_REDIRECT sq to dynamic allocation")
99d028c63457773152964ba3abc0d8fb8cf220bf	2025-01-20	Jakub Kicinski	eth: bnxt: update header sizing defaults	
e58263e9111733c4bfbbf07517d1f98f21134c52	2025-01-20	Jakub Kicinski	eth: bnxt: apply hds_thrs settings correctly	6b43673a25c3 ("bnxt_en: add support for hds-thresh ethtool command")
a12c76a03386e32413ae8eaaefa337e491880632	2025-01-20	Xin Long	net: sched: refine software bypass handling in tc_run	047f340b36fc ("net: sched: make skip_sw actually skip software")
be94cfdb993ff091ce3b98a16b45795198957f95	2025-01-16	Kuniyuki Iwashima	dev: Hold rtnl_net_lock() for dev_ifsioc().	
2f1bb1e2cc0068b6f5fe992ed3108d89b9b29cf9	2025-01-16	Kuniyuki Iwashima	dev: Remove devnet_rename_sem.	
e361560a7912958ba3059f51e7dd21612d119169	2025-01-16	Kuniyuki Iwashima	dev: Acquire netdev_rename_lock before restoring dev->name in dev_change_name().	0840556e5a3a ("net: Protect dev->name by seqlock.")
87c8f8496a05de71dc42f5f2ed2b1ea64ea8b77d	2025-01-15	Taehee Yoo	bnxt_en: add support for tcp-data-split ethtool command	
04508d20b017326e116c6e8ef953839507c73b6d	2025-01-14	MD Danish Anwar	net: ti: icssg-prueth: Add Multicast Filtering support for VLAN in MAC mode	
f0aa6a37a3dbb40b272df5fc6db93c114688adcd	2025-01-10	Jakub Kicinski	eth: bnxt: always recalculate features after XDP clearing, fix null-deref	1054aee82321 ("bnxt_en: Use NETIF_F_GRO_HW.");98ba1d931f61 ("bnxt_en: Fix RSS logic in __bnxt_reserve_rings()")
db78475ba0d3c66d430f7ded2388cc041078a542	2025-01-07	Jakub Kicinski	eth: gve: use appropriate helper to set xdp_features	75eaae158b1b ("gve: Add XDP DROP and TX support for GQI-QPL format")
7fb1073300a2ea8bd03b2fc7d5a591192e48ea24	2025-01-07	Kuniyuki Iwashima	net: Hold rtnl_net_lock() in (un)?register_netdevice_notifier_dev_net().	
95fc45d1dea8e1253f8ec58abc5befb71553d666	2025-01-06	Eric Dumazet	ax25: rcu protect dev->ax25_ptr	c433570458e4 ("ax25: fix a use-after-free in ax25_fillin_cb()")
68e068cabd2c6c533ef934c2e5151609cf6ecc6d	2025-01-02	Willem de Bruijn	net: reenable NETIF_F_IPV6_CSUM offload for BIG TCP packets	04c20a9356f2 ("net: skip offload for NETIF_F_IPV6_CSUM if ipv6 header contains extension")
2a4f56fbcc473d8faeb29b73082df39efbe5893c	2024-12-23	Jianbo Liu	net/mlx5e: Keep netdev when leave switchdev for devlink set legacy only	7a9fb35e8c3a ("net/mlx5e: Do not reload ethernet ports when changing eswitch mode")
de63ac44a527b2c5067551dbd70d939fe151325a	2024-12-20	Joshua Washington	gve: fix XDP allocation path in edge cases	5f08cd3d6423 ("gve: Alloc before freeing when adjusting queues")
ba0925c34e0fa6fe02d3d642bc02ab099ab312c7	2024-12-20	Joshua Washington	gve: process XSK TX descriptors as part of RX NAPI	fd8e40321a12 ("gve: Add AF_XDP zero-copy support for GQI-QPL format")
ff7c2dea9dd1a436fc79d6273adffdcc4a7ffea3	2024-12-20	Joshua Washington	gve: guard XDP xmit NDO on existence of xdp queues	39a7f4aa3e4a ("gve: Add XDP REDIRECT support for GQI-QPL format")
3ddccbefebdbe0c4c72a248676e4d39ac66a8e26	2024-12-10	Koichiro Den	virtio_net: correct netdev_tx_reset_queue() invocation point	c8bd1f7f3e61 ("virtio_net: add support for Byte Queue Limits")
7cd1107f48e2a246c6a628c2381e1b8aafa4675a	2024-12-05	Alexander Lobakin	bpf, xdp: constify some bpf_prog * function arguments	
31f114c3d158dacbeda33f2afb0ca41f4ec6c9f9	2024-12-04	Tariq Toukan	net/mlx5e: SD, Use correct mdev to build channel param	e4f9686bdee7 ("net/mlx5e: Let channels be SD-aware")
bd649c5cc958169b8a8a3e77ea926d92d472b02a	2024-12-04	David Wei	bnxt_en: handle tpa_info in queue API implementation	
cecc1555a8c2acd65f9d36182c28ae463db0ad7e	2024-12-03	Joe Damato	net: Make napi_hash_lock irq safe	86e25f40aa1e ("net: napi: Add napi_config")
3051a77a09dfe3022aa012071346937fdf059033	2024-11-26	Shravya KN	bnxt_en: Fix receive ring space parameters when XDP is active	08450ea98ae9 ("bnxt_en: Fix max_mtu setting for multi-buf XDP")
46010d43ab7b18fbc8a3a0bf4d65c775f8d2adbd	2024-11-18	Hongguang Gao	bnxt_en: Add a 'force' parameter to bnxt_free_ctx_mem()	
968d2cc07c2fc9a508a53bd2de61200f50206fbc	2024-11-18	Hongguang Gao	bnxt_en: Refactor bnxt_free_ctx_mem()	
ab4219db89da1d019ef45675e4cd56a6841bbc1e	2024-11-11	Dragos Tatulea	net/mlx5e: SHAMPO, Rework header allocation loop	
4f56868b7132bb3c7e5a2c1930b6402718248a35	2024-11-11	Dragos Tatulea	net/mlx5e: SHAMPO, Change frag page setup order during allocation	
5dc51ec86df6e2214d8398079c1e31736593ab53	2024-11-11	Martin Karsten	net: Add napi_struct parameter irq_suspend_timeout	
49a17639508c3b35f90ca829e60dddeeeb750e74	2024-11-07	Sebastian Andrzej Siewior	softirq: Use a dedicated thread for timer wakeups on PREEMPT_RT.	
bb135e40129ddd254cfb474b58981313be79a631	2024-11-03	William Tu	net/mlx5e: move XDP_REDIRECT sq to dynamic allocation	
7999da12a6706f10ef47f2a4d34ebd5bc99a26de	2024-10-29	Dragos Tatulea	net/mlx5e: Update features on MTU change	
7cfc1b1fa8673fe386304194d4cc2c8fe555bbf9	2024-10-23	Eric Dumazet	net: netdev_tx_sent_queue() small optimization	
95ecba62e2fd201bcdcca636f5d774f1cd4f1458	2024-10-21	Eric Dumazet	net: fix races in netdev_tx_sent_queue()/dev_watchdog()	bec251bc8b6a ("net: no longer stop all TX queues in dev_watchdog()")
4dbc1d1a9f39c3711ad2a40addca04d07d9ab5d0	2024-10-17	Cosmin Ratiu	net/mlx5e: Don't call cleanup on profile rollback failure	3ef14e463f6e ("net/mlx5e: Separate between netdev objects and mlx5e profiles initialization")
836265d31631e28000fc8917ce697fc687a58724	2024-10-08	Johannes Berg	wifi: remove iw_public_data from struct net_device	
c11a49d58ad229a1be1ebe08a2b68fedf83db6c8	2024-09-26	Wenbo Li	virtio_net: Fix mismatched buf address when unmapping for small packets	295525e29a5b ("virtio_net: merge dma operations when filling mergeable buffers")
65249feb6b3df9e17bab5911ee56fa7b0971e231	2024-09-11	Mina Almasry	net: add support for skbs with unreadable frags	
170aafe35cb98e0f3fbacb446ea86389fbce22ea	2024-09-11	Mina Almasry	netdev: support binding dma-buf to netdevice	
2d51eb0bd81cfbafc762592ede9e9234063cc853	2024-09-10	Michael Chan	bnxt_en: Add MSIX check in bnxt_check_rings()	
08062af0a52107a243f7608fd972edb54ca5b7f8	2024-09-05	Joe Damato	net: napi: Prevent overflow of napi_defer_hard_irqs	
782dbbf589cd9082effaec522e3f1b4ce1594803	2024-09-03	Alexander Lobakin	netdev_features: convert NETIF_F_FCOE_MTU to dev->fcoe_mtu	
05c1280a2bcfca187fe7fa90bb240602cf54af0a	2024-09-03	Alexander Lobakin	netdev_features: convert NETIF_F_NETNS_LOCAL to dev->netns_local	
00d066a4d4edbe559ba6c35153da71d4b2b8a383	2024-09-03	Alexander Lobakin	netdev_features: convert NETIF_F_LLTX to dev->lltx	
e68256c8a73cafacc7976bb80359511ee0d0ab91	2024-08-29	Michael Chan	bnxt_en: Support dynamic MSIX	
26e3846e23b49ec15a534e95bdc65e090eaaa42e	2024-08-29	Sreekanth Reddy	bnxt_en: Support QOS and TPID settings for the SRIOV VLAN	
a07e953dafe5ebd88942dc861dfb06eaf055fb07	2024-08-16	Carolina Jubran	net/mlx5e: XPS, Fix oversight of Multi-PF Netdev changes	bcee093751f8 ("net/mlx5e: Modifying channels number and updating TX queues")
94e521937839475b83bac46e4d3ccba332e12064	2024-08-16	Dragos Tatulea	net/mlx5e: SHAMPO, Release in progress headers	e839ac9a89cb ("net/mlx5e: SHAMPO, Simplify header page release in teardown")
df28de7b00502761eba62490f413c65c9b175ed9	2024-08-15	Jason Wang	virtio-net: synchronize operstate with admin state on up/down	
c948c0973df5db9314459da621342e1170bd9e8e	2024-08-15	Pavan Chebbi	bnxt_en: Don't clear ntuple filters and rss contexts during ethtool ops	1018319f949c ("bnxt_en: Invalidate user filters when needed")
d440af37ba6fa301144c6fce2186fe0ab5a8f283	2024-08-15	Uros Bizjak	netdev: Add missing __percpu qualifier to a cast	
ab6013a59b4d0947fda409c29426dc904959e632	2024-08-09	Dragos Tatulea	net/mlx5e: SHAMPO, Increase timeout to improve latency	99be56171fa9 ("net/mlx5e: SHAMPO, Re-enable HW-GRO")
da03f5d1b2c319a2b74fe76edeadcd8fa5f44376	2024-08-07	Michael Chan	bnxt_en : Fix memory out-of-bounds in bnxt_fill_hw_rss_tbl()	98ba1d931f61 ("bnxt_en: Fix RSS logic in __bnxt_reserve_rings()")
98ba1d931f611e8f8f519c0405fa0a1a76554bfa	2024-07-25	Pavan Chebbi	bnxt_en: Fix RSS logic in __bnxt_reserve_rings()	b3d0083caf9a ("bnxt_en: Support RSS contexts in ethtool .{get|set}_rxfh()")
5c466b4d4e75c09a5a3e8d7a79cc20a22bc83809	2024-07-12	Jakub Kicinski	eth: bnxt: move from .set_rxfh to .create_rxfh_context and friends	
13cabc47f8ae69d24653f32c28399d493fde0a56	2024-07-11	Alexander Lobakin	netdevice: define and allocate &net_device _properly_	
060338390787ccbfd71f0796d420b7cd063bcac6	2024-07-01	Pavan Chebbi	bnxt_en: Remove atomic operations on ptp->tx_avail	
573f2a4bfcd49e0073aed51093291c7203b2d406	2024-07-01	Pavan Chebbi	bnxt_en: Remove an impossible condition check for PTP TX pending SKB	
4d588d32b0321aaacf20bf90e5bbcc0f3a587b5e	2024-07-01	Pavan Chebbi	bnxt_en: Add BCM5760X specific PHC registers mapping	
1da839eab6dbc26b95bfcd1ed1a4d1aaa5c144a3	2024-06-28	Jianbo Liu	net/mlx5e: Add mqprio_rl cleanup and free in mlx5e_priv_cleanup()	0bb7228f7096 ("net/mlx5e: Fix mqprio_rl handling on devlink reload")
6f3bc487565d30ae9535e338efad213dd74c04ec	2024-06-25	Jeroen de Borst	gve: Add flow steering ethtool support	
b22800f9d3b142bf2550dd47ff738b9feedc1093	2024-06-24	Sebastian Andrzej Siewior	dev: Use nested-BH locking for softnet_data.process_queue.	
62e58ddb146502faff1dd23164a20688624eaaed	2024-06-21	Eric Dumazet	net: add softirq safety to netdev_rename_lock	0840556e5a3a ("net: Protect dev->name by seqlock.")
94b601bc4f8528262b2b83194b7fd3fc2a6da75a	2024-06-11	Jeremy Kerr	net: core: Implement dstats-type stats collections	
fa59dc2f6fc616fde3941f62ccd4adcaa21ccd47	2024-06-11	Jeremy Kerr	net: core,vrf: Change pcpu_dstat fields to u64_stats_t	
14ae2fd12be8c5089e43fee8a21cd8631699b97a	2024-06-05	Dragos Tatulea	net/mlx5e: SHAMPO, Coalesce skb fragments to page size	
758191c9ea7bcc45dd99398a538ae4ab27c4029e	2024-06-05	Yoray Zack	net/mlx5e: SHAMPO, Use KSMs instead of KLMs	
083dbb54c4809bcd56c5c09360ee8c7760a55d71	2024-06-05	Dragos Tatulea	net/mlx5e: SHAMPO, Disable gso_size for non GRO packets	
c790275b5edf5d8280ae520bda7c1f37da460c00	2024-06-05	Vadim Fedorenko	bnxt_en: fix atomic counter for ptp packets	165f87691a89 ("bnxt_en: add timestamping statistics support")
9e0945b1901c9eed4fbee3b8a3870487b2bdc936	2024-06-01	Heng Qi	virtio_net: fix possible dim status unrecoverable	6208799553a8 ("virtio-net: support rx netdim")
fa033def4171d2e4e29d5e3714fb2a5b1fc077e8	2024-05-16	Daniel Jurgens	virtio_net: Fix missed rtnl_unlock	ff7c7d9f5261 ("virtio_net: Remove command data from control_buf")
bcee093751f87dff6ace6355da06e62fd04189a3	2024-05-13	Carolina Jubran	net/mlx5e: Modifying channels number and updating TX queues	
3d5918477f94e4c2f064567875c475468e264644	2024-05-10	Shay Drory	net/mlx5e: Fix netif state handling	2c3b5beec46a ("net/mlx5e: More generic netdev management API")
1eb2cded45b35816085c1f962933c187d970f9dc	2024-05-07	Eric Dumazet	net: annotate writes on dev->mtu from ndo_change_mtu()	
ff7c7d9f5261e4372e541e6bb6781b386a839b48	2024-05-07	Daniel Jurgens	virtio_net: Remove command data from control_buf	
6890ab31d1a35444741e6150db19d64797db2919	2024-05-07	Eric Dumazet	rtnetlink: do not depend on RTNL in rtnl_fill_proto_down()	
55a2c86c8db3d7aa2c1967efd37ed47d5ae37f43	2024-05-07	Eric Dumazet	net: write once on dev->allmulti and dev->promiscuity	
9a5e0776d11f1ac9c740a6e24ff0e0facb6e3ddb	2024-05-05	Shailend Chand	gve: Avoid rescheduling napi if on wrong cpu	
5abc37bdcbc5a32f7c5cb21f5c0334cbf0e81752	2024-05-05	Shailend Chand	gve: Make gve_turn(up|down) ignore stopped queues	
54d0b84f400290df93127ef9a562745464908ffb	2024-05-02	Ajit Khaparde	bnxt_en: Add VF PCI ID for 5760X (P7) chips	
3c163f35bd50314d4e70ed9e83e1d8d83c473325	2024-05-02	Kalesh AP	bnxt_en: Optimize recovery path ULP locking in the driver	
f79d7a9f1c9d0cba9ae3d0cfd743c277d78dcf45	2024-05-02	Michael Chan	bnxt_en: Don't call ULP_STOP/ULP_START during L2 reset	
7033ada04e33048c8b33294fecbb0d73f3cd1088	2024-04-30	Ivan Vecera	i40e: Refactor argument of i40e_detect_recover_hung()	
de6df26ffced76137349be241a579b4fffaf5703	2024-04-30	Xuan Zhuo	virtio_net: remove "_queue" from ethtool -S	
1dd1eff161bd55968d3d46bc36def62d71fb4785	2024-04-29	Zqiang	softirq: Fix suspicious RCU usage in __do_softirq()	
97cadd3d3ce3df32647011233a35a1597bb7a55b	2024-04-24	Alexander Lobakin	iavf: pack iavf_ring more efficiently	
920d86f3c5529d658bb9576ae9120a2330d9b220	2024-04-24	Alexander Lobakin	iavf: drop page splitting and recycling	
306ec721d043bbe5e818d59fbb37c28d999b5d8b	2024-04-24	Alexander Lobakin	net: intel: introduce {, Intel} Ethernet common library	
445a25f6e1a2f6a132b06af6ede4f3c9b5f9af68	2024-04-22	Rahul Rameshbabu	net/mlx5e: Support updating coalescing configuration without resetting channels	
a5e89a3f353b931e917b77e7cf6719c8e8d64c54	2024-04-22	Rahul Rameshbabu	net/mlx5e: Dynamically allocate DIM structure for SQs/RQs	
2e4592dc9bee5ca4fd3da4c5451c7f97c76442bf	2024-04-10	Vikas Gupta	bnxt_en: Change MSIX/NQs allocation policy	
e193f53aed21ad8fed5b87238c006090d75c9d18	2024-04-04	Sreekanth Reddy	bnxt_en: Add warning message about disallowed speed change	
0ae1fafc8be6d4271a8ad66b4695e123a4e8cef1	2024-04-04	Somnath Kotur	bnxt_en: Add XDP Metadata support	
1614f06e09ad6b271c6ed8ffd87ccf89ec51526c	2024-04-04	Somnath Kotur	bnxt_en: Change bnxt_rx_xdp function prototype	
834f9458f2fdb48dfb95976934c1594d086a956d	2024-04-03	Harshitha Ramamurthy	gve: add support to change ring size via ethtool	
b94d3703c1a6a57323256a687f4cbdabfffbe408	2024-04-03	Harshitha Ramamurthy	gve: set page count for RX QPL for GQI and DQO queue formats	
36b83ffcf209a2e6099dae1070df6a2001dfab27	2024-04-01	Eric Dumazet	net: rps: change input_queue_tail_incr_save()	
95e48d862ada73188be6d91a33c49d1712815bd2	2024-04-01	Eric Dumazet	net: enqueue_to_backlog() change vs not running device	
e8058a49e67fe7bc7e4a0308851a3ca3a6d2e45d	2024-03-29	Johannes Berg	netlink: introduce type-checking attribute iteration	
2f4f9fe5bf5fe0eff7e3f372353b30e600e33c20	2024-03-28	Pavan Chebbi	bnxt_en: Support adding ntuple rules on RSS contexts	
ecb342bb6098fa13f2719f8baaab4475e404f784	2024-03-28	Pavan Chebbi	bnxt_en: Refactor RSS indir alloc/set functions	
a4c11166a69619f1fd0118a0790c46872836240a	2024-03-28	Pavan Chebbi	bnxt_en: Refactor VNIC alloc and cfg functions	
ea558de7238bb12c3435c47f0631e9d17bf4a09f	2024-03-26	Ivan Vecera	i40e: Enforce software interrupt during busy-poll exit	0bcd952feec7 ("ethernet/intel: consolidate NAPI and NAPI exit")
80d2eefcb4c84aa9018b2a997ab3a4c567bc821a	2024-03-26	Sebastian Andrzej Siewior	net: Use backlog-NAPI to clean up the defer_list.	
dad6b97702639fba27a2bd3e986982ad6f0db3a7	2024-03-26	Sebastian Andrzej Siewior	net: Allow to use SMP threads for backlog NAPI.	
d6dbbb11247c71203785a2c9da474c36f4b19eae	2024-03-20	Yan Zhai	net: report RCU QS on threaded NAPI repolling	29863d41bb6e ("net: implement threaded-able napi poll loop support")
5da7137de79ca6ffae3ace77050588cdf5263d33	2024-03-19	Xuan Zhuo	virtio_net: rename free_old_xmit_skbs to free_old_xmit	
6ebfad33161afacb3e1e59ed1c2feefef70f9f97	2024-03-18	Eric Dumazet	packet: annotate data-races around ignore_outgoing	fa788d986a3a ("packet: add sockopt to ignore outgoing packets")
67936e138586990d727fec887781a7f41f09a096	2024-03-07	Tariq Toukan	net/mlx5e: Let channels be SD-aware	
0b43cf527d1d6b75597b0f6c40a60a8b67837afe	2024-03-04	Jeroen de Borst	gve: Add header split device option	
eb2c11b27c58a62b5027b77f702c15cd0ca38f7d	2024-03-01	Arnd Bergmann	net: bql: fix building with BQL disabled	ea7f3cfaa588 ("net: bql: allow the config to be disabled")
c4b04a802d8e3996e588cbbb47756b2f9d239d78	2024-02-27	Alexander Lobakin	bnxt_en: fix accessing vnic_info before allocating it	ef4ee64e9990 ("bnxt_en: Define BNXT_VNIC_DEFAULT for the default vnic index")
5d5b90fb4e907c72ff0cddcd0f0c7a98facafaa2	2024-02-22	Pavan Chebbi	bnxt_en: Refactor bnxt_set_features()	
4cd582ffa5a9a5d58e5bac9c5e55ca8eeabffddc	2024-02-12	Eric Dumazet	net: use synchronize_net() in dev_change_name()	
1018319f949ced15a66364bddf1fab08ed54817f	2024-02-09	Pavan Chebbi	bnxt_en: Invalidate user filters when needed	
13d381b440ed84ec4cc92975de035efb1a9e5f7e	2024-02-09	Stefan Roesch	net: split off __napi_busy_poll from napi_busy_poll	
6fb5dfee274cfbb97646dc4d94fb8e2fd9e33001	2024-02-08	Heiner Kallweit	bnxt: convert EEE handling to use linkmode bitmaps	
6cc9c6fbc79f64a0c5ebdaec77684888665d4ab3	2024-02-06	Simon Horman	mlx4: Address spelling errors	
fd2bc4195d5107f88c1b90e1ec935888ccbfc5c0	2024-02-05	Leon Romanovsky	xfrm: generalize xdo_dev_state_update_curlft to allow statistics update	
ffabe98cb576097b77d404d39e8b3df03caa986a	2024-02-04	Eric Dumazet	net: make dev_unreg_count global	
d80a52335374e484a4ff2afdc9af843e73273945	2024-01-31	Heiner Kallweit	ethtool: replace struct ethtool_eee with a new struct ethtool_keee on kernel side	
83014323c642b8faa2d64a5f303b41c019322478	2024-01-24	Tirthendu Sarkar	i40e: handle multi-buffer packets that are shrunk by xdp prog	e213ced19bef ("i40e: add support for XDP multi-buffer Rx")
ad2047cf5d9313200e308612aed516548873d124	2024-01-24	Maciej Fijalkowski	ice: work on pre-XDP prog frag count	2fba7dc5157b ("ice: Add support for XDP multi-buffer on Rx side")
25461ce8b3d28528f2c55f5e737e99d2906eda83	2024-01-24	Saeed Mahameed	net/mlx5e: Use the correct lag ports number when creating TISes	b25bd37c859f ("net/mlx5: Move TISes from priv to mdev HW resources")
f3753771e7cc965c31eff20fa3d10056e64aa07c	2024-01-23	Shailend Chand	gve: Alloc before freeing when changing features	
5f08cd3d6423e7ea81467e7216426d65b65297fa	2024-01-23	Shailend Chand	gve: Alloc before freeing when adjusting queues	
92a6d7a4010c3e84894f4fb7f481e648f0b12e53	2024-01-23	Shailend Chand	gve: Refactor gve_open and gve_close	
1dfc2e46117e5c41037e27e859e75a7518881ee6	2024-01-23	Shailend Chand	gve: Refactor napi add and remove functions	
d09486a04f5da0a812c26217213b89a3b1acf836	2024-01-22	Jakub Kicinski	net: fix removing a namespace with conflicting altnames	7663d522099e ("net: check for altname conflicts when changing netdev's netns")
467739baf63646d4a5033f7f8a9306669ea55326	2024-01-19	Michael Chan	bnxt_en: Fix possible crash after creating sw mqprio TCs	c0c050c58d84 ("bnxt_en: New Broadcom ethernet driver.")
1ef4cacaae2f907db79faea4110ef90545467b7c	2024-01-08	Michael Chan	bnxt_en: Remove unneeded variable in bnxt_hwrm_clear_vnic_filter()	96c9bedc755e ("bnxt_en: Refactor L2 filter alloc/free firmware commands.")
fe1eb24bd5ade085914248c527044e942f75e06a	2024-01-04	Jakub Kicinski	Revert "Introduce PHY listing and link_topology tracking"	
5795f533f30a80aa0473652876296ebc9129e33a	2024-01-02	Jedrzej Jagielski	ixgbe: Refactor returning internal error codes	
6c1b4af8c1b20c70dde01e58381685d6a4a1d2c8	2024-01-02	Jedrzej Jagielski	ixgbe: Refactor overtemp event handling	
ee908d05dd2acd89f5c0625535ef415fd89eb6aa	2024-01-02	Michael Chan	bnxt_en: Add new BNXT_FLTR_INSERTED flag to bnxt_filter_base struct.	
e4f9686bdee7b4dd89e0ed63cd03606e4bda4ced	2023-12-20	Tariq Toukan	net/mlx5e: Let channels be SD-aware	
a7e7b40c4bc115dbf2a2bb453d7bbb2e0ea99703	2023-12-20	Saeed Mahameed	net/mlx5e: Use the correct lag ports number when creating TISes	b25bd37c859f ("net/mlx5: Move TISes from priv to mdev HW resources")
62589808d73b24eaf552bf9b69ba97f8db8f7b41	2023-12-18	Jesse Brandeburg	i40e: field get conversion	
23eca34e55586099fd4c6edcd0abd60df9456020	2023-12-18	Jesse Brandeburg	ice: field prep conversion	
3314f2097dee43defc20554f961a8b17f4787e2d	2023-12-18	Jesse Brandeburg	intel: add bit macro includes where needed	
fb6e30a72539ce28c1323aef4190d35aac106f6f	2023-12-13	Ahmed Zaki	net: ethtool: pass a pointer to parameters to get/set_rxfh ethtool ops	
6dea3ebe0d226e021970f3552ed37fdcedca8773	2023-12-12	Michael Chan	bnxt_en: Support TX coalesced completion on 5760X chips	
bd6781c18cb5b5e5d8c5873fa9a51668e89ec76e	2023-12-08	Kalesh AP	bnxt_en: Fix wrong return value check in bnxt_close_nic()	c0c050c58d84 ("bnxt_en: New Broadcom ethernet driver.")
aded5d1feb08e48d544845d3594d70c4d5fe6e54	2023-12-08	Sreekanth Reddy	bnxt_en: Fix skb recycling logic in bnxt_deliver_skb()	86b05508f775 ("bnxt_en: Use the unified RX page pool buffers for XDP and non-XDP")
facd15dfd69122042502d99ab8c9f888b48ee994	2023-12-05	Johannes Berg	net: core: synchronize link-watch when carrier is queried	
43a71cd66b9c0a4af3d15d8644359fde35bdbed0	2023-12-05	Coco Li	net-device: reorganize net_device fast path variables	
eab0da38912ebdad922ed0388209f7eb0a5163cd	2023-12-04	Moshe Shemesh	net/mlx5e: Fix possible deadlock on mlx5e_tx_timeout_work	c90005b5f75c ("devlink: Hold the instance lock in health callbacks")
d846992e6387fa1f2142952fe94a4bff5ee61d30	2023-12-04	Michael Chan	bnxt_en: Implement the new toggle bit doorbell mechanism on P7 chips	
48eb03dd26304c24f03bdbb9382e89c8564e71df	2023-11-29	Stanislav Fomichev	xsk: Add TX timestamp and TX checksum offload support	
da7d4b42caf1b4d6ba3447bfd9ed185479fb0fe4	2023-11-29	John Fraker	gve: Remove dependency on 4k page size.	
0ffb08b1a45bd6b7694e01da0e1d9e3e788418fb	2023-11-23	Jacob Keller	ice: remove ptp_tx ring parameter flag	ea9b847cda64 ("ice: enable transmit timestamps for E810 devices")
f94471f3ce74a5fbe2dc5d9687748d9127174eca	2023-11-21	Michael Chan	bnxt_en: Modify the NAPI logic for the new P7 chips	
c09d22674b9420abaaaf946bab471c63369c6509	2023-11-21	Michael Chan	bnxt_en: Modify RX ring indexing logic.	
6d1add95536bafe585c500ad8114af7ed4225a0f	2023-11-21	Michael Chan	bnxt_en: Modify TX ring indexing logic.	
b9e0c47ee2ec588fa0d0527e62c0405b15ecdb25	2023-11-21	Michael Chan	bnxt_en: Add db_ring_mask and related macro to bnxt_db_info struct.	
dd891b5b106fa7346d75b3ee3448fa0071422f3d	2023-11-21	Jakub Kicinski	net: do not send a MOVE event when netdev changes netns	
024ee930cb3c9ae49e4266aee89cfde0ebb407e1	2023-11-20	Peilin Ye	bpf: Fix dev's rx stats for bpf_redirect_peer traffic	9aa1206e8f48 ("bpf: Add redirect_peer helper")
79e0c5be8c73a674c92bd4ba77b75f4f8c91d32e	2023-11-20	Daniel Borkmann	net, vrf: Move dstats structure to core	
289354f21b2c3fac93e956efd45f256a88a4d997	2023-11-18	Jakub Kicinski	net: partial revert of the "Make timestamping selectable: series	
0f7f463d4821a4f52fa5c0a961389e651d50c384	2023-11-18	Kory Maincent	net: Change the API of PHY default timestamp to MAC	
f5b29c6afe369f5f2ee3966a332b9e8f70609933	2023-11-15	Michael Chan	bnxt_en: Add helper to get the number of CP rings required for TX rings	
ebf72319cef6e1c038e13bd4c9e3f0ad857e57ff	2023-11-15	Michael Chan	bnxt_en: Refactor bnxt_tx_int()	
9c0b06de6fb6f3b5871011aae19305b40084e037	2023-11-15	Michael Chan	bnxt_en: Remove BNXT_RX_HDL and BNXT_TX_HDL	
d1eec614100c25b96b672b50d3125ba3d120b682	2023-11-15	Michael Chan	bnxt_en: Restructure cp_ring_arr in struct bnxt_cp_ring_info	
34eec1f29a5998305578fcc3e55d491a1795b56d	2023-11-15	Michael Chan	bnxt_en: Put the TX producer information in the TX BD opaque field	
70756d0a4727fe8fa23afaee76028299af4062dd	2023-11-14	Ivan Vecera	i40e: Use DECLARE_BITMAP for flags and hw_features fields in i40e_pf	
61217d8f6360437329af1b16b8bbd9143167718d	2023-10-27	Eric Dumazet	virtio_net: use u64_stats_t infra to avoid data-races	3fa2a1df9094 ("virtio-net: per cpu 64 bit stats (v2)")
9a810468126c846299d867f73dd7053064c29be1	2023-10-24	Jakub Kicinski	net: reduce indentation of __dev_alloc_name()	
556c755a4d8143007c745b6ad894611a04173b53	2023-10-24	Jakub Kicinski	net: make dev_alloc_name() call dev_prep_valid_name()	
7663d522099ecc464512164e660bc771b2ff7b64	2023-10-19	Jakub Kicinski	net: check for altname conflicts when changing netdev's netns	36fbf1e52bd3 ("net: rtnetlink: add linkprop commands to add and delete alternative ifnames")
311cca40661f428b7aa114fb5af578cfdbe3e8b6	2023-10-19	Jakub Kicinski	net: fix ifname in netlink ntf during netns move	d90310243fd7 ("net: device name allocation cleanups")
54a59aed395ce0f4177b5212e5746a6462de3ad9	2023-10-16	Daniel Borkmann	net, sched: Make tc-related drop reason more flexible	
0a779003213b589d7b3eef72f69e19a30f603ebc	2023-10-11	Christian Marangi	netdev: make napi_schedule return bool on NAPI successful schedule	
3014a0d54820d25c3dc66657bcc19013f2338760	2023-10-11	Heng Qi	virtio-net: initially change the value of tx-frames	
da6192ca72d5ad913d109d43dc896290ad05d98f	2023-10-10	Will Mortensen	net/mlx5e: Again mutually exclude RX-FCS and RX-port-timestamp	1e66220948df8 ("net/mlx5e: Update rx ring hw mtu upon each rx-fcs flag change")
70dc7ab7645a438600e05a0196dbaf251e7f7062	2023-10-03	Jacob Keller	iavf: remove "inline" functions from iavf_txrx.c	
5f18426928800c59fb0f9bc8fb0c182bb6f5ee24	2023-09-17	Jiri Pirko	netdev: expose DPLL pin handle for netdevice	
aabb4af9bb29f8532e19c872b48ad1e7fd208617	2023-09-16	Andy Shevchenko	net: core: Use the bitmap API to allocate bitmaps	
dae64749db25be11ebfef2cf704cd451a25d3cfa	2023-08-23	Feng Liu	virtio_net: Introduce skb_vnet_common_hdr to avoid typecasting	
956db0a13b47df7f3d6d624394e602e8bf9b057e	2023-08-15	Jakub Kicinski	net: warn about attempts to register negative ifindex	
51b813176f098ff61bd2833f627f5319ead098a5	2023-08-11	Jason Wang	virtio-net: set queues after driver_ok	25266128fe16 ("virtio-net: fix race between set queues and probe")
f1d152eb66a30aecd19f22ff2676a7cb2584a920	2023-08-08	Lin Ma	rtnetlink: remove redundant checks for nlattr IFLA_BRIDGE_MODE	
a9ca9f9ceff382b58b488248f0c0da9e157f5d06	2023-08-07	Yunsheng Lin	page_pool: split types and declarations from page_pool.h	
72cc654970658e88a1cdea08f06b11c218efa4da	2023-08-07	Gal Pressman	net/mlx5e: Take RTNL lock when needed before calling xdp_set_features()	4d5ab0ad964d ("net/mlx5e: take into account device reconfiguration for xdp_features flag")
66ce8e6b49df401854f0c98bed50a65e4167825b	2023-08-06	Rushil Gupta	gve: Control path for DQO-QPL	
fd770e856e226f80fe6e1dc9d1861bcb135cdf0b	2023-08-02	Vladimir Oltean	net: remove phy_has_hwtstamp() -> phy_mii_ioctl() decision from converted drivers	
33b18a0f75cd2278a1ebb585b53be9c10f6f5364	2023-08-02	Jianbo Liu	net/mlx5e: Change the parameter of IPsec RX skb handle function	
e420bed025071a623d2720a92bc2245c84757ecb	2023-07-19	Daniel Borkmann	bpf: Add fd-based tcx multi-prog infra with link support	
1c9ba9c146589ff3d679b21e5e56b2d25ef43edd	2023-07-19	Tirthendu Sarkar	i40e: xsk: add RX multi-buffer support	
548796e2e70b44b4661fd7feee6eb239245ff1f8	2023-07-13	Cruz Zhao	sched/core: introduce sched_core_idle_cpu()	
274c4a6d529cff48b241b15627b46b0f65987ade	2023-07-11	Andy Shevchenko	net/core: Make use of assign_bit() API	
2e2d1965794d22fbe86df45bf4f933216743577d	2023-07-05	Dragos Tatulea	net/mlx5e: RX, Fix flush and close release flow of regular rq for legacy rq	3f93f82988bc ("net/mlx5e: RX, Defer page release in legacy rq for better recycling")
0ec92a8f56ff07237dbe8af7c7a72aba7f957baf	2023-06-22	Piotr Gardocki	net: fix net device address assign type	ad72c4a06acc ("net: add check for current MAC address in dev_set_mac_address")
ad72c4a06acc6762e84994ac2f722da7a07df34e	2023-06-15	Piotr Gardocki	net: add check for current MAC address in dev_set_mac_address	
83474a9b252ab23e6003865c2775024344cb9c09	2023-06-08	Vikas Gupta	bnxt_en: Skip firmware fatal error recovery if chip is not accessible	acfb50e4e773 ("bnxt_en: Add FW fatal devlink_health_reporter.")
803ea346bd3ff1ac80fc65cf5899c0ad045d1788	2023-06-07	Jakub Kicinski	net/mlx5e: simplify condition after napi budget handling change	
b6d7c0eb2dcbd238fa233a3a1737654e380e784a	2023-06-05	Andrzej Hajda	lib/ref_tracker: improve printing stats	
c857946a4e262e0f798fe7625fadf85bf1190fc4	2023-05-26	Kurt Kanzenbach	net/core: Enable socket busy polling on -RT	
c4c24fc30cc417ace332ceceaba4f70f81dcd521	2023-05-24	Jianbo Liu	net/mlx5e: Move Ethernet driver debugfs to profile init callback	288eca60cc31 ("net/mlx5e: Add Ethernet driver debugfs")
bdf274750fca17b289404ef03453c4070725302c	2023-05-24	Dmytro Linkin	net/mlx5e: Don't attach netdev profile while handling internal error	c4d7eb57687f ("net/mxl5e: Add change profile method")
9113302bb43cf7a6d5a414d49b29478e57451c86	2023-05-12	Jan Sokolowski	ice: Fix undersized tx_flags variable	aa1d3faf71a6 ("ice: Robustify cleaning/completing XDP Tx buffers")
d15121be7485655129101f3960ae6add40204463	2023-05-09	Paolo Abeni	Revert "softirq: Let ksoftirqd do its job"	
f8bb5104394560e29017c25bcade4c6b7aabd108	2023-05-05	Wenliang Wang	virtio_net: suppress cpu stall when free_unused_bufs	986a4f4d452d ("virtio_net: multiqueue support")
c23ae5091a8b3e50fe755257df020907e7c029bb	2023-04-27	John Hickey	ixgbe: Fix panic during XDP_TX with > 64 CPUs	4fe815850bdc ("ixgbe: let the xdpdrv work with more than 64 cpus")
8c154d272c3e03b100baaf1df473f22a78fa403e	2023-04-19	Vadim Fedorenko	bnxt_en: fix free-runnig PHC mode	131db4991622 ("bnxt_en: reset PHC frequency in free-running mode")
221c8c7ad7a2d414d6d64b5e5bbf7723ae23d3f5	2023-04-19	Tariq Toukan	net/mlx5e: RX, Generalize mlx5e_fill_mxbuf()	
abd3f84ecab3ab90161c9ba49052ac4ca33a0ed3	2023-04-19	Tariq Toukan	net/mlx5e: XDP, Let XDP checker function get the params as input	
0cd917a4a8ace70ff9082d797c899f6bf10de910	2023-04-13	Jesper Dangaard Brouer	xdp: rss hash types representation	3d76a4d3d4e5 ("bpf: XDP metadata RX kfuncs")
59d3efd27c11c59b32291e5ebc307bed2edb65ee	2023-04-12	Martin Willi	rtnetlink: Restore RTM_NEW/DELLINK notification behavior	f3a63cce1b4f ("rtnetlink: Honour NLM_F_ECHO flag in rtnl_delete_link");d88e136cab37 ("rtnetlink: Honour NLM_F_ECHO flag in rtnl_newlink_create")
9ded5bc77fe5f396a58da95627695a89a427c962	2023-04-10	Jakub Kicinski	ixgbe: use new queue try_stop/try_wake macros	
5a17818682cf43ad0fdd6035945f3b7a8c9dc5e9	2023-04-09	Vladimir Oltean	net: dsa: replace NETDEV_PRE_CHANGE_HWTSTAMP notifier with a stub	
066b86787fa3d97b7aefb5ac0a99a22dad2d15f8	2023-04-07	Felix Huettner	net: openvswitch: fix race on port output	7f8a436eaa2c ("openvswitch: Add conntrack action")
88c0a6b503b7f4fffb68a8d49c3987870c5b1d6b	2023-04-03	Vladimir Oltean	net: create a netdev notifier for DSA to reject PTP on DSA master	
8b43fd3d1d7d88293eb15e92090826e6b7cc13e4	2023-03-30	Eric Dumazet	net: optimize ____napi_schedule() to avoid extra NET_RX_SOFTIRQ	
8fcb76b934daff12cde76adeab3d502eeb0734b1	2023-03-30	Eric Dumazet	net: napi_schedule_rps() cleanup	
163c2c7059178898ad7512294ca3a768df2c1515	2023-03-28	Saeed Mahameed	net/mlx5e: Fix build break on 32bit	3948b05950fd ("net: introduce a config option to tweak MAX_SKB_FRAGS")
625dff29df3957f8a864c05d21a327231ebeff94	2023-03-28	Dragos Tatulea	net/mlx5e: RX, Change wqe last_in_page field from bool to bit flags	
6f5742846053c7656992e70726aad26a5129cf19	2023-03-28	Dragos Tatulea	net/mlx5e: RX, Enable skb page recycling through the page_pool	
ca6ef9f031946134030e1b583e172c2e47c9a992	2023-03-28	Dragos Tatulea	net/mlx5e: RX, Store SHAMPO header pages in array	
d39092caaedf89c67170c035cad87c79988d1527	2023-03-28	Dragos Tatulea	net/mlx5e: RX, Remove alloc unit layout constraint for striding rq	
8fb1814f58f691373c692df75b761668069e197a	2023-03-28	Dragos Tatulea	net/mlx5e: RX, Remove alloc unit layout constraint for legacy rq	
09df037017799b723d03a97c3f0de069bae9f625	2023-03-28	Dragos Tatulea	net/mlx5e: RX, Remove mlx5e_alloc_unit argument in page allocation	
915efd8a446b74442039d31689d5d863caf82517	2023-03-22	Jesper Dangaard Brouer	xdp: bpf_xdp_metadata use EOPNOTSUPP for no driver support	ab46182d0dcb ("net/mlx4_en: Support RX XDP metadata");bc8d405b1ba9 ("net/mlx5e: Support RX XDP metadata");306531f0249f ("veth: Support RX XDP metadata");3d76a4d3d4e5 ("bpf: XDP metadata RX kfuncs")
c83172b0639c8a005c0dd3b36252dc22ddd9f19c	2023-03-21	Gavin Li	net/mlx5e: Set uplink rep as NETNS_LOCAL	7a9fb35e8c3a ("net/mlx5e: Do not reload ethernet ports when changing eswitch mode")
fd8e40321a12391e6f554cc637d0c4b6109682a9	2023-03-17	Praveen Kaligineedi	gve: Add AF_XDP zero-copy support for GQI-QPL format	
39a7f4aa3e4a7947614cf1d5c27abba3300adb1e	2023-03-17	Praveen Kaligineedi	gve: Add XDP REDIRECT support for GQI-QPL format	
75eaae158b1b7d8d5bde2bafc0bcf778423071d3	2023-03-17	Praveen Kaligineedi	gve: Add XDP DROP and TX support for GQI-QPL format	
7fc2bf78a430f975e53f2b1e87e99d8f83cafd11	2023-03-17	Praveen Kaligineedi	gve: Changes to add new TX queues	
2e80aeae9f807ac7e967dea7633abea5829c6531	2023-03-17	Praveen Kaligineedi	gve: XDP support GQI-QPL: helper function changes	
fa0f1ba7c8233118b6fdaa65e2f5ded563d3e1fa	2023-03-16	Xuan Zhuo	virtio_net: fix page_to_skb() miss headroom	18117a842ab0 ("virtio-net: remove xdp related info from page_to_skb()")
2b5bd5b1611b817970f13b1c4dfdcda0b35e3690	2023-03-15	Adham Faris	net/mlx5e: Rename RQ/SQ adaptive moderation state flag	
78dee7befd56987283c13877b834c0aa97ad51b9	2023-03-15	Adham Faris	net/mlx5e: Lower maximum allowed MTU in XSK to match XDP prerequisites	
9a92fe1db9e57ea94388a1d768e8ee42af858377	2023-03-15	Parav Pandit	net/mlx5e: Don't cache tunnel offloads capability	5bef709d76a2 ("net/mlx5: Enable host PF HCA after eswitch is initialized")
4b397c06cb987935b1b097336532aa6b4210e091	2023-03-15	Eric Dumazet	net: tunnels: annotate lockless accesses to dev->needed_headroom	8eb30be0352d ("ipv6: Create ip6_tnl_xmit")
cd1c604aa1d8c641f5edcb58b76352d4eba06ec1	2023-03-10	Xuan Zhuo	virtio_net: add checking sq is full inside xdp xmit	56434a01b12e ("virtio_net: add XDP_TX support")
e9031f2da1aef34b0b4c659ead613c335b46ae92	2023-03-09	Tirthendu Sarkar	i40e: introduce next_to_process to i40e_ring	
03e88c8a791c0655ddea07fd4c7cd6cb16087c8f	2023-03-09	Tirthendu Sarkar	i40e: Change size to truesize when using i40e_rx_buffer_flip()	
accd7e23693aaaa9aa0d3e9eca0ae77d1be80ab3	2023-03-06	Michael Chan	bnxt_en: Avoid order-5 memory allocation for TPA data	79632e9ba386 ("bnxt_en: Expand bnxt_tpa_info struct to support 57500 chips.")
1b1e4868836a4b5b375be75fd4c9583d29500517	2023-02-17	Or Har-Toov	net/mlx5e: Use query_special_contexts for mkeys	
a419bfb7632095410adc3aecb1e863568f049add	2023-02-17	Or Har-Toov	net/mlx5: Change define name for 0x100 lkey value	
b20b8aec6ffc07bb547966b356780cd344f20f5b	2023-02-16	Ido Schimmel	devlink: Fix netdev notifier chain corruption	565b4824c39f ("devlink: change port event netdev notifier from per-net to global")
802dcbd6f30feaa7c96a1fb4ecb1db57082df9d7	2023-02-16	Jesse Brandeburg	net/core: print message for allmulticast	
fce92dbc611727525e03c31547c715c65960e5ce	2023-02-14	Pawel Chmielewski	ice: add support BIG TCP on IPv6	
f9cd6a4418bac6a046ee78382423b1ae7565fb24	2023-02-14	Jason Xing	ixgbe: allow to increase MTU to 3K with XDP enabled	fabf1bce103a ("ixgbe: Prevent unsupported configurations with XDP")
ad07f29b9c9a29eba04b19116c6db51387a638d7	2023-02-13	Alexander Lobakin	ice: Micro-optimize .ndo_xdp_xmit() path	
055d0920685e53ed8c2ad914888724d69dca17c6	2023-02-13	Alexander Lobakin	ice: Fix freeing XDP frames backed by Page Pool	
aa1d3faf71a6a46f9b859daa8ffa5b86fa07217c	2023-02-13	Alexander Lobakin	ice: Robustify cleaning/completing XDP Tx buffers	
923096b5cec3a68cc4b3816b1b9a50139df62ac7	2023-02-13	Alexander Lobakin	ice: Remove two impossible branches on XDP Tx cleaning	a24b4c6e9aab ("ice: xsk: Do not convert to buff to frame for XDP_TX")
9b55d3f0a69af649c62cbc2633e6d695bb3cc583	2023-02-13	Felix Riemann	net: Fix unwanted sign extension in netdev_stats_to_stats64()	6c1c5097781f ("net: add atomic_long_t to net_device_stats fields")
370ca718fd5e1fd45ccfdf7a9d76d010f561e607	2023-02-09	Paolo Abeni	net-sysctl: factor-out rpm mask manipulation helpers	
c7d4e6ab3165693342c21f6faf80d983137fee0c	2023-02-08	Jiri Pirko	net/mlx5e: Propagate an internal event in case uplink netdev changes	
8974aa9638df557f4642acef707af15648a03555	2023-02-07	Amir Tzin	net/mlx5e: Fix crash unsetting rx-vlan-filter in switchdev mode	cb67b832921c ("net/mlx5e: Introduce SRIOV VF representors")
1e66220948df815d7b37e0ff8b4627ce10433738	2023-02-07	Adham Faris	net/mlx5e: Update rx ring hw mtu upon each rx-fcs flag change	102722fc6832 ("net/mlx5e: Add support for RXFCS feature flag")
8437114593910e0ac7a333775a9477e69c25cf75	2023-02-06	Praveen Kaligineedi	gve: Fix gve interrupt names	
66c0e13ad236c74ea88c7c1518f3cef7f372e3da	2023-02-02	Marek Majtyka	drivers: net: turn on XDP features	
9eefedd58ae1daece2ba907849a44db2941fb4b0	2023-02-01	Xin Long	net: add gso_ipv4_max_size and gro_ipv4_max_size per device	
9f62d221a4b0aa6a8d2a18053a0ca349c025297c	2023-02-01	Laurent Vivier	virtio_net: notify MAC address change on device initialization	
2fba7dc5157b6f85dbf1b8e26e63a724db1f3d79	2023-02-01	Maciej Fijalkowski	ice: Add support for XDP multi-buffer on Rx side	
d0671115869d19ec76d658c4bf86d3211a8ea121	2023-01-25	Parav Pandit	virtio-net: Reduce debug name field size to 16 bytes	
384a13ca8a5d4deab94ef8f7652472db26b4e892	2023-01-23	Toke Høiland-Jørgensen	net/mlx5e: Introduce wrapper for xdp_buff	
4444584dcb0d096bc0477249b8a6034ca5933c96	2023-01-23	Stanislav Fomichev	net/mlx4_en: Introduce wrapper for xdp_buff	
9d03ebc71a027ca495c60f6e94d3cda81921791f	2023-01-23	Stanislav Fomichev	bpf: Rename bpf_{prog,map}_is_dev_bound to is_offloaded	
d71ebe8114b4bf622804b810f5e274069060a174	2023-01-18	Jason Wang	virtio-net: correctly enable callback during start_xmit	a7766ef18b33 ("virtio_net: disable cb aggressively")
3fe1d0a48d21944e4ba98e2cbdae4b0753bbc25b	2023-01-13	Jesse Brandeburg	ixgbe: XDP: fix checker warning from rcu pointer	
97f5e03a4a27d27ee4fed0cdb1658c81cf2784db	2023-01-11	Jakub Kicinski	bnxt: make sure we return pages to the pool	1dc4c557bfed ("bnxt: adding bnxt_xdp_build_skb to build skb from multibuffer xdp_buff")
ab4b01bfdaa69492fb36484026b0a0f0af02d75a	2023-01-09	Roy Novich	net/mlx5e: Verify dev is present for fix features ndo	7a9fb35e8c3a ("net/mlx5e: Do not reload ethernet ports when changing eswitch mode")
a056ebcc30e2f78451d66f615d2f6bdada3e6438	2022-12-28	Michael Chan	bnxt_en: Fix HDS and jumbo thresholds for RX packets	32861236190b ("bnxt: change receive ring space parameters")
1abeacc1979fa4a756695f5030791d8f0fa934b9	2022-12-28	Michael Chan	bnxt_en: Fix first buffer size calculations for XDP multi-buffer	32861236190b ("bnxt: change receive ring space parameters")
9b3e607871ea5ee90f10f5be3965fc07f2aa3ef7	2022-12-28	Michael Chan	bnxt_en: Fix XDP RX path	b231c3f3414c ("bnxt: refactor bnxt_rx_xdp to separate xdp_init_buff/xdp_prepare_buff")
953d771587e232e537665d34086a94ed29b89e5f	2022-11-29	Leon Romanovsky	net/mlx5e: Support devlink reload of IPsec core	
288ecf491b1654845ae99c79b7fefad2d3ea47bd	2022-11-23	Benjamin Mikailenko	ice: Accumulate ring statistics over reset	
6c1c5097781f563b70a81683ea6fdac21637573b	2022-11-16	Eric Dumazet	net: add atomic_long_t to net_device_stats fields	
bd039b5ea2a91ea707ee8539df26456bd5be80af	2022-11-09	Andy Ren	net/core: Allow live renaming when an interface is up	
98a4322b70e817f0663adb61b8272f7b995ed41a	2022-11-08	Edwin Peer	bnxt_en: update RSS config using difference algorithm	
41d2dd42bfa17035c3b0429b6b0e46305607fcc7	2022-11-08	Edwin Peer	bnxt_en: refactor VNIC RSS update functions	
02a68a47eadedf95748facfca6ced31fb0181d52	2022-11-03	Jiri Pirko	net: devlink: track netdev with devlink_port assigned	
6d4d584a7ea8fc8d2be77545cb503118c193738a	2022-11-02	Joe Damato	i40e: Add i40e_napi_poll tracepoint	
717b5bc43c1fe7a19f8305123cf2c87ee562aba5	2022-11-02	Joe Damato	i40e: Record number of RXes cleaned during NAPI	
8c1a595cc63ed55efcfec207ce0e35b2ca11401e	2022-11-02	Joe Damato	i40e: Record number TXes cleaned during NAPI	
77f4aa9a2a1766a0b9343fd812b71f18d05178da	2022-10-31	Hangbin Liu	net: add new helper unregister_netdevice_many_notify	
1d997f1013079c05b642c739901e3584a3ae558d	2022-10-31	Hangbin Liu	rtnetlink: pass netlink message header and portid to rtnl_configure_link()	
b5f0de6df6dce8d641ef58ef7012f3304dffb9a1	2022-10-25	Kees Cook	net: dev: Convert sa_data to flexible array in struct sockaddr	
4959aebba8c06992abafa09d1e80965e0825af54	2022-10-07	Gavin Li	virtio-net: use mtu size as buffer length for big packets	
c2c9e31dfa4f23045f72f613c5809d5b030cd27f	2022-10-03	Maxim Mikityanskiy	net/mlx5e: xsk: Optimize for unaligned mode with 3072-byte frames	
a2740f529da2dab929e10bf565073f6659c863fc	2022-10-03	Maxim Mikityanskiy	net/mlx5e: xsk: Set napi_id to support busy polling	
3db4c85cde7a514a5277070b32e776dbefcaa838	2022-10-01	Maxim Mikityanskiy	net/mlx5e: xsk: Use queue indices starting from 0 for XSK queues	
ddb7afeee28bc37b4815470d00f0c8db3fcabd2e	2022-10-01	Maxim Mikityanskiy	net/mlx5e: Optimize RQ page deallocation	
42847fed55523bebb712bfd7e2c4616db00c3aef	2022-10-01	Maxim Mikityanskiy	net/mlx5e: Use partial batches in legacy RQ	
aac4daa8941ea6566563ac001e9e5d4e54a674e2	2022-09-29	Vladimir Oltean	net/sched: query offload capabilities through ndo_setup_tc()	
dbae2b062824fc2d35ae2d5df2f500626c758e80	2022-09-29	Paolo Abeni	net: skb: introduce and use a single page frag cache	
3904d2afad4ccf9ec7dbe9b7096ee5f9acde3a00	2022-09-28	Maxim Mikityanskiy	net/mlx5e: Improve the MTU change shortcut	
44f4fd03b51705ce8af54c103c9af55926c5d950	2022-09-28	Maxim Mikityanskiy	net/mlx5e: Validate striding RQ before enabling XDP	
29322791bc8b4f42fc65734840826e3ddc30921e	2022-09-27	Maciej Fijalkowski	ice: xsk: change batched Tx descriptor cleaning	126cdfe1007a ("ice: xsk: Improve AF_XDP ZC Tx and use batching API")
278d3ba61563ceed3cb248383ced19e14ec7bc1f	2022-08-29	Sebastian Andrzej Siewior	net: Use u64_stats_fetch_begin_irq() for stats fetch.	
b9030780971b56c0c455c3b66244efd96608846d	2022-08-25	Uros Bizjak	netdev: Use try_cmpxchg in napi_if_scheduled_mark_missed	
05e49cfc89e4f325eebbc62d24dd122e55f94c23	2022-08-24	Kuniyuki Iwashima	net: Fix a data-race around netdev_unregister_timeout_secs.	5aa3afe107d9 ("net: make unregister netdev warning timeout configurable")
a5612ca10d1aa05624ebe72633e0c8c792970833	2022-08-24	Kuniyuki Iwashima	net: Fix data-races around sysctl_devconf_inherit_init_net.	856c395cfa63 ("net: introduce a knob to control whether to inherit devconf config")
af67508ea6cbf0e4ea27f8120056fa2efce127dd	2022-08-24	Kuniyuki Iwashima	net: Fix data-races around sysctl_fb_tunnels_only_for_init_net.	79134e6ce2c9 ("net: do not create fallback tunnels for non-default namespaces")
fa45d484c52c73f79db2c23b0cdfc6c6455093ad	2022-08-24	Kuniyuki Iwashima	net: Fix a data-race around netdev_budget_usecs.	7acf8a1e8a28 ("Replace 2 jiffies with sysctl netdev_budget_usecs to enable softirq tuning")
2e0c42374ee32e72948559d2ae2f7ba3dc6b977c	2022-08-24	Kuniyuki Iwashima	net: Fix a data-race around netdev_budget.	51b0bdedb8e7 ("[NET]: Separate two usages of netdev_max_backlog.")
61adf447e38664447526698872e21c04623afb8e	2022-08-24	Kuniyuki Iwashima	net: Fix data-races around netdev_tstamp_prequeue.	3b098e2d7c69 ("net: Consistent skb timestamping")
5dcd08cd19912892586c6082d56718333e2d19db	2022-08-24	Kuniyuki Iwashima	net: Fix data-races around netdev_max_backlog.	1da177e4c3f4 ("Linux-2.6.12-rc2")
bf955b5ab8f6f7b0632cdef8e36b14e4f6e77829	2022-08-24	Kuniyuki Iwashima	net: Fix data-races around weight_p and dev_weight_[rt]x_bias.	3d48b53fb2ae ("net: dev_weight: TX/RX orthogonality");1da177e4c3f4 ("Linux-2.6.12-rc2")
550f96432e6f6770efdaee0e65239d61431062a1	2022-08-22	Maor Dickman	net/mlx5e: Fix wrong tc flag used when set hw-tc-offload off	d3cbd4254df8 ("net/mlx5e: Add ndo_set_feature for uplink representor")
2e9ca760c289e1f992eb2cd053e217db7934ab0a	2022-08-16	Michael S. Tsirkin	virtio_net: Revert "virtio_net: set the default max ring size by find_vqs()"	762faee5a267 ("virtio_net: set the default max ring size by find_vqs()")
699b045a8e43bd1063db4795be685bfd659649dc	2022-08-11	Alvaro Karsz	net: virtio_net: notifications coalescing support	
ebcce492636506443e4361db6587e6acd1a624f9	2022-08-11	Xuan Zhuo	virtio_net: support tx queue resize	
6a4763e268030362340bc3286560d44be15a7421	2022-08-11	Xuan Zhuo	virtio_net: support rx queue resize	
c4dfe704f53fb530e2a198c8d68e489cb68ebd70	2022-07-28	Tariq Toukan	net/mlx5e: kTLS, Recycle objects of device-offloaded TLS TX connections	
5b031add2f94b3c34b0ab2057cdc061132bd3eb9	2022-07-28	Lama Kayal	net/mlx5e: Separate mlx5e_set_rx_mode_work and move caller to en_main	
3685eed56f812b9bcc92c4208c66485fe5dcd27f	2022-07-19	Moshe Tal	net/mlx5e: HTB, change functions name to follow convention	
4f8d1d3adc8d126c600fff55ff81855d50d5df3e	2022-07-19	Moshe Tal	net/mlx5e: HTB, move ids to selq_params struct	
0bb7228f7096d760252eb6948e2858376d628062	2022-07-19	Moshe Tal	net/mlx5e: Fix mqprio_rl handling on devlink reload	
4635fd3a9d77581498f34ab9a7e4bcc211bf0a4c	2022-07-18	Przemyslaw Patynowski	iavf: Disallow changing rx/tx-frames and rx/tx-frames-irq	fbb7ddfef253 ("i40evf: core ethtool functionality")
4279414bff8af9898e8c53ae6c5bc17f68ad67b7	2022-07-12	Michael Chan	bnxt_en: Fix bnxt_reinit_after_abort() code path	6882c36cf82e ("bnxt_en: attempt to reinitialize after aborted reset")
1fd6e5675336daf4747940b4285e84b0c114ae32	2022-07-06	Johan Almbladh	xdp: Fix spurious packet loss in generic XDP TX path	
eb6683b622c5a580adb5cca4f3f759669c7bd49c	2022-06-30	Jiang Jian	ixgbe: drop unexpected word 'for' in comments	
8af52fe9fd3bf5e7478da99193c0632276e1dfce	2022-06-22	Stephan Gerhold	virtio_net: fix xdp_rxq_info bug after suspend/resume	754b8a21a96d ("virtio_net: setup xdp_rxq_info")
56878d49cc26c6587b35515fe621087e26e75e64	2022-06-21	Bernard Zhao	intel/i40e: delete if NULL check before dev_kfree_skb	
cc26c2661fefea215f41edb665193324a5f99021	2022-06-17	Eric Dumazet	net: fix data-race in dev_isalive()	1da177e4c3f4 ("Linux-2.6.12-rc2")
37530030c0b61396be81e38f2aa179c30fb1d216	2022-06-09	Maximilian Heyne	drivers, ixgbe: export vf statistics	
f6279f113ad593971999c877eb69dc3d36a75894	2022-05-31	Maxim Mikityanskiy	net/mlx5e: Update netdev features after changing XDP state	cf6e34c8c22f ("net/mlx5e: Properly block LRO when XDP is enabled");b0617e7b3500 ("net/mlx5e: Properly block HW GRO when XDP is enabled")
2e642afb61b24401a7ec819d27ddcd69c7c29784	2022-05-31	Maxim Mikityanskiy	net/mlx5e: Disable softirq in mlx5e_activate_rq to avoid race condition	bc77b240b3c5 ("net/mlx5e: Add fragmented memory support for RX multi packet WQE")
d4150779e60fb6c49be25572596b2cdfc5d46a09	2022-05-18	Jason A. Donenfeld	random32: use real rng for non-deterministic randomness	
97dc7cd92ac67f6e05df418df1772ba4a7fbf693	2022-05-10	Gerhard Engleder	ptp: Support late timestamp determination	
13ba794397e45e52893cfc21d7a69cb5f341b407	2022-05-03	Somnath Kotur	bnxt_en: Fix possible bnxt_open() failure caused by wrong RFS flag	20d7d1c5c9b1 ("bnxt_en: reliably allocate IRQ table on reset to avoid crash")
58caed3dacb4354a25a1aa8d2febc3e9648ba1f4	2022-05-03	Jakub Kicinski	netdev: reshuffle netif_napi_add() APIs to allow dropping weight	
1a90bfd220201fbe050dfc15deaac20ca5f15638	2022-05-01	Sebastian Andrzej Siewior	smp: Make softirq handling RT safe in flush_smp_call_function_queue()	
acb16b395c3f3d7502443e0c799c2b42df645642	2022-04-26	Nikolay Aleksandrov	virtio_net: fix wrong buf address calculation when using xdp	8fb7da9e9907 ("virtio_net: get build_skb() buf by data ptr")
2f1e85b1aee459b7d0fd981839042c6a38ffaf0c	2022-04-19	Tonghao Zhang	net: sched: use queue_mapping to pick tx queue	
b4fb2d33514a511312e1c0e470771eaa4a94d8ec	2022-04-12	Joe Damato	i40e: Add support for MPLS + TSO	
7e4e849121398ac4f7c7c2cf1d878c2ca6f62929	2022-04-09	Leon Romanovsky	net/mlx5: Remove ipsec vs. ipsec offload file separation	
a7559bc8c17c3f9a91dcbeefe8642ba757fd09e8	2022-04-08	Andy Gospodarek	bnxt: support transmit and free of aggregation buffers	
32861236190bf1247d18e245cee0814603d2c29f	2022-04-08	Andy Gospodarek	bnxt: change receive ring space parameters	
0b5c21bbc01e92745ca1ca4f6fd87d878fa3ea5e	2022-04-05	Johannes Berg	net: ensure net_todo_list is processed quickly	
f32404ae1bb9a7428a3c77419672a28895d185bf	2022-03-28	Johannes Berg	net: move net_unlink_todo() out of the header	
c1ddc42da2b2632545b76be884faf0ca363b3246	2022-03-28	Andrew Melnychenko	drivers/net/virtio_net: Fixed padded vheader to use v1 with hash.	
1b8a10bbfe770c53ef77eb84177ea13183cc0711	2022-03-18	Maxim Mikityanskiy	net/mlx5e: Permit XDP with non-linear legacy RQ	
9ded70fa1d8186135090f09638db7d8126dca0db	2022-03-18	Maxim Mikityanskiy	net/mlx5e: Don't prefill WQEs in XDP SQ in the multi buffer mode	
4e8231f1c22d36bbf1eed20b2a54609f2e4c49ed	2022-03-18	Maxim Mikityanskiy	net/mlx5e: Prepare non-linear legacy RQ for XDP multi buffer support	
c3cce0fff3a3be0372caa4821be58fc7cefaeb3c	2022-03-17	Maxim Mikityanskiy	net/mlx5e: Add headroom only to the first fragment in legacy RQ	
3c2dfb735b4a9239e2b8170e88aaddbf987d9798	2022-03-14	Julia Lawall	net/mlx4_en: use kzalloc	
625788b5844511cf4c30cffa7fa0bc3a69cebc82	2022-03-11	Eric Dumazet	net: add per-cpu storage and net->core_stats	
4a5eaa2fde59d08d0ca14f985a61c6c745555bbb	2022-03-09	Jakub Kicinski	bnxt: revert hastily merged uAPI aberrations	
366fd1000995d4cf64e1a61a0d78a051550b9841	2022-03-08	Slawomir Mrozowicz	ixgbe: add the ability for the PF to disable VF link state	
f16a9169286691d23906a1bb1c8e07e53113586c	2022-03-05	Edwin Peer	bnxt_en: Do not destroy health reporters during reset	
d93376f503c7a586707925957592c0f16f4db0b1	2022-03-03	Martin KaFai Lau	net: Clear mono_delivery_time bit in __skb_tstamp_tx()	
93b067f154b3edfd3d75a272fd9433bf787e2e1d	2022-02-23	Piotr Skajewski	ixgbe: Remove non-inclusive language	
b26ef81c46ed15d11ddddba9ba1cd52c749385ad	2022-02-23	Eric Dumazet	drop_monitor: remove quadratic behavior	
cfcab3b3b61584a02bb523ffa99564eafa761dfe	2022-02-20	Michael Chan	bnxt_en: Fix occasional ethtool -t loopback test failures	91725d89b97a ("bnxt_en: Add PHY loopback to ethtool self-test.")
ae68db14b6164ce46beffaf35eb7c9bb2f92fee3	2022-02-17	Jakub Kicinski	net: transition netdev reg state earlier in run_todo	
3ab45777a27c5f53a55a2c353b70648449ca7a33	2022-02-14	Maxim Mikityanskiy	net/mlx5e: Use select queue parameters to sync with control flow	
8bf30be75069d6080659de9a28565c048f6cef9b	2022-02-14	Maxim Mikityanskiy	net/mlx5e: Introduce select queue parameters	
6ce204eac38723d3a24c7bf148221de933bba54d	2022-02-14	Maxim Mikityanskiy	net/mlx5e: Use a barrier after updating txq2sq	
d08c6e2a4d0308a7922d7ef3b1b3af45d4096aad	2022-02-14	Maxim Mikityanskiy	net/mlx5e: Disable TX queues before registering the netdev	
5891cd5ec46c2c2eb6427cb54d214b149635dd0e	2022-02-14	Eric Dumazet	net_sched: add __rcu annotation to netdev->qdisc	470502de5bdb ("net: sched: unlock rules update API")
0d54d8f7a16de0fc53d6ac15361c518af422570e	2022-02-09	Brett Creeley	ice: Add hot path support for 802.1Q and 802.1ad VLAN offloads	
fe13889c390e14205e064d7e159e61eb5da4b1c3	2022-02-02	Changbin Du	genirq, softirq: Use in_hardirq() instead of in_irq()	
ee803dca967ae5bd360e0e090a3bfb3ad09e8ecf	2022-01-31	Alexander Lobakin	ice: respect metadata in legacy-rx/ice_construct_skb()	
a4e186693cbe43b88ec577be9859276c42d16b3f	2022-01-27	Maciej Fijalkowski	ice: Remove likely for napi_complete_done	
382778edc8262b7535f00523e9eb22edba1b9816	2022-01-11	Toke Høiland-Jørgensen	xdp: check prog type before updating BPF link	026a4c28e1db ("bpf, xdp: Implement LINK_UPDATE for BPF XDP link")
8c6f36d93449e8de7b49a67727e3d09b67c73126	2022-01-09	Edwin Peer	bnxt_en: improve firmware timeout messaging	
eac1b93c14d645ef147b049ace0d5230df755548	2022-01-06	Coco Li	gro: add ability to control gro max packet size	
7d714ff14d6427d6d4898e47d439d9e530616aac	2022-01-04	Jakub Kicinski	net: fixup build after bpf header changes	e63a02348958 ("Merge git://git.kernel.org/pub/scm/linux/kernel/git/bpf/bpf-next")
992d8a4e38f0527f24e273ce3a9cd6dea1a6a436	2021-12-28	Gal Pressman	net/mlx5e: Fix wrong features assignment in case of error	75b81ce719b7 ("net/mlx5e: Don't override netdev features field unless in error flow")
df78ea22460b6c625bd2079686bec0d834e56946	2021-12-27	Michael Chan	bnxt_en: Support configurable CQE coalescing mode	
17958d7cd731b977ae7d4af38d891c3a1235b5f1	2021-12-22	Maxim Mikityanskiy	net/mlx5e: Fix interoperability between XSK and ICOSQ recovery flow	be5323c8379f ("net/mlx5e: Report and recover from CQE error on ICOSQ")
ccd219d2ea13a69881012569ea6ea33f46d684de	2021-12-17	Brett Creeley	iavf: Add support for VIRTCHNL_VF_OFFLOAD_VLAN_V2 hotpath	
6081ac2013ab9f1a8743f90ef13d973888359cda	2021-12-16	Tao Liu	gve: Add tx|rx-coalesce-usec for DQO	
f1d9268e061863ead77b07f5a6807d063e28a1c2	2021-12-15	Eric Dumazet	net: add net device refcount tracker to struct packet_type	
a9aa5e3320ae9d322091993e4ed1b7e7651f00a1	2021-12-14	Sebastian Andrzej Siewior	net: dev: Change the order of the arguments for the contended condition.	
e9542221c4f51c346e239a394ef30942f68a29b7	2021-12-02	Tariq Toukan	net/mlx5e: Hide function mlx5e_num_channels_changed	
7a10d8c810cfad3e79372d7d1c77899d86cd6662	2021-12-01	Eric Dumazet	net: annotate data-races on txq->xmit_lock_owner	1da177e4c3f4 ("Linux-2.6.12-rc2")
8c8cf0382257b28378eeff535150c087a653ca19	2021-11-30	Ben Ben-Ishay	net/mlx5e: SHAMPO, Fix constant expression result	64509b052525 ("net/mlx5e: Add data path for SHAMPO feature")
349181b7b86367bfe66341c6fc2708f01c568f0d	2021-11-30	Karen Sornek	iavf: Fix static code analysis warning	
fd888e85fe6b661e78044dddfec0be5271afa626	2021-11-29	Sebastian Andrzej Siewior	net: Write lock dev_base_lock without disabling bottom halves.	
fcfb65f8a922c7dd25a2e9913601dae979ce6560	2021-11-24	Michael S. Tsirkin	Revert "virtio-net: don't let virtio core to validate used length"	
2106efda785b55a8957efed9a52dfa28ee0d7280	2021-11-23	Jakub Kicinski	net: remove .ndo_change_proto_down	
0315a075f1343966ea2d9a085666a88a69ea6a3d	2021-11-10	Alexander Lobakin	net: fix premature exit from NAPI state polling in napi_disable()	719c57197010 ("net: make napi_disable() symmetric with enable")
1c360cc1cc883fbdf0a258b4df376571fbeac5ee	2021-11-09	Dan Carpenter	gve: Fix off by one in gve_tx_timeout()	87a7f321bb6a ("gve: Recover from queue stall due to missed IRQ")
3c4153394e2c749b415947b86eb560114ec0f64d	2021-10-29	Edwin Peer	bnxt_en: implement firmware live patching	
21e70778d0d4e677bf4b1882a3280cd05c80d559	2021-10-29	Michael Chan	bnxt_en: Update firmware interface to 1.10.2.63	
8f6c5e4d1470499b8feff98353eb2920bd81635a	2021-10-29	Edwin Peer	bnxt_en: implement devlink dev reload fw_activate	
228ea8c187d814e1b8e369086e640dfc1d42974f	2021-10-29	Edwin Peer	bnxt_en: implement devlink dev reload driver_reinit	
f2edaa4ad5d51371709196f2c258fbe875962dee	2021-10-28	Jakub Kicinski	net: virtio: use eth_hw_addr_set()	
92552d3abd329fbc598c9ded30743ab96df36a30	2021-10-26	Khalid Manaa	net/mlx5e: HW_GRO cqe handler implementation	
37149e9374bf7271563f7477ace9014ebc65a8af	2021-10-25	David Awogbemila	gve: Implement packet continuation for RX.	
5b92be649605504e1019a1ad0c95b0d74a4e2be1	2021-10-20	Jesse Brandeburg	net-core: use netdev_* calls for kernel messages	
23be7075b31863da9cf3983aebcc8ff7537c06ac	2021-10-19	Jesse Brandeburg	ice: fix software generating extra interrupts	b7306b42beaf ("ice: manage interrupts during poll exit")
d8eb7ad5e46c65d57fa72571cf2ccca7da1e7196	2021-10-19	Jesse Brandeburg	ice: update dim usage and moderation	
e72bba21355dbb67512a0d666fec9f4b56dbfc2f	2021-10-15	Maciej Fijalkowski	ice: split ice_ring onto Tx/Rx separate structs	
17d20784223d52bf1671f984c9e8d5d9b8ea171b	2021-10-14	Lukas Wunner	netfilter: Generalize ingress hook include file	
7463acfbe52ae8b7e0ea6890c1886b3f8ba8bddd	2021-10-14	Lukas Wunner	netfilter: Rename ingress hook include file	
766607570becbd26cab6d66a544dd8d0d964df5a	2021-10-14	Jakub Kicinski	ethernet: constify references to netdev->dev_addr in drivers	
87a7f321bb6a45e54b7d6c90d032ee5636a6ad97	2021-10-11	John Fraker	gve: Recover from queue stall due to missed IRQ	9e5f7d26a4c08 ("gve: Add workqueue and reset support")
61d72c7e486b63340f1fadcf3bed4cae98f03d9b	2021-10-11	Tao Liu	gve: Do lazy cleanup in TX path	f5cedc84a30d2 ("gve: Add transmit and receive support")
0199215216978b612d4e8be11e878b87bc643033	2021-10-10	Juhee Kang	mlxsw: spectrum: use netif_is_macsec() instead of open code	
4b70dce2c1b93930fe4728a221a8d8e674c271c5	2021-10-10	Juhee Kang	bnxt: use netif_is_rxfh_configured instead of open code	
1643771eeb2db9b487cbbde12e2a3f6ed0171490	2021-10-02	Gyumin Hwang	net:dev: Change napi_gro_complete return type to void	
9d758d4a3a039b9d7086d4759ed255b748713eee	2021-09-30	Tariq Toukan	net/mlx5e: Keep the value for maximum number of channels in-sync	a1f240f18017 ("net/mlx5e: Adjust to max number of channles when re-attaching")
513e605d7a9ce136886cb42ebb2c40e9a6eb6333	2021-09-29	Feng Zhou	ixgbe: Fix NULL pointer dereference in ixgbe_xdp_setup	4a9b32f30f80 ("ixgbe: fix potential RX buffer starvation for AF_XDP")
719c571970109b0d0af24745d31b202affc9365f	2021-09-27	Jakub Kicinski	net: make napi_disable() symmetric with enable	
3765996e4f0b8a755cab215a08df744490c76052	2021-09-20	Xuan Zhuo	napi: fix race inside napi_enable	2d8bff12699abc ("netpoll: Close race condition between poll_one_napi and napi_disable")
1e080f17750d1083e8a32f7b350584ae1cd7ff20	2021-09-15	Jakub Kicinski	net: sched: update default qdisc visibility after Tx queue cnt changes	
985941e1dd5e996311c29688ca0d3aa1ff8eb0b6	2021-09-13	Michael Chan	bnxt_en: Clean up completion ring page arrays completely	03c7448790b8 ("bnxt_en: Don't use static arrays for completion ring pages")
eca4cf12acda306f851f6d2a05b1c9ef62cf0e81	2021-09-13	Michael Chan	bnxt_en: Fix error recovery regression	1b2b91831983 ("bnxt_en: Fix possible unintended driver initiated error recovery")
48eab831ae8b9f7002a533fa4235eed63ea1f1a3	2021-09-05	Jakub Kicinski	net: create netdev->dev_addr assignment helpers	
1b2b91831983aeac3adcbb469aa8b0dc71453f89	2021-09-05	Michael Chan	bnxt_en: Fix possible unintended driver initiated error recovery	7e914027f757 ("bnxt_en: Enable health monitoring.")
ca49bfd90a9dde175d2929dc1544b54841e33804	2021-08-30	Maxim Mikityanskiy	sch_htb: Fix inconsistency when leaf qdisc creation fails	d03b195b5aa0 ("sch_htb: Hierarchical QoS hardware offload")
bbf33d1d9805fc3a59ded637ab6555fb20edb5d2	2021-08-30	Edwin Peer	bnxt_en: update all firmware calls to use the new APIs	
f9ff578251dc2f1cf5b9b007e050033d8414829d	2021-08-30	Edwin Peer	bnxt_en: introduce new firmware message API based on DMA pools	
406f42fa0d3cbcea3766c3111d79ac5afe711c5b	2021-08-25	Gilad Naaman	net-next: When a bond have a massive amount of VLANs with IPv6 addresses, performance of changing link state, attaching a VRF, changing an IPv6 address, etc. go down dramtically.	
afa79d08c6c8e1901cb1547591e3ccd3ec6965d9	2021-08-13	Changbin Du	net: in_irq() cleanup	
3c603136c9f82833813af77185618de5af67676c	2021-08-13	Jakub Kicinski	bnxt: don't lock the tx queue from napi poll	c0c050c58d84 ("bnxt_en: New Broadcom ethernet driver.")
91cc470e797828d779cd4c1efbe8519bcb358bae	2021-08-10	Tanner Love	genirq: Change force_irqthreads to a static key	
372bbdd5bb3fc454d9c280dc0914486a3c7419d5	2021-08-04	Sebastian Andrzej Siewior	net: Replace deprecated CPU-hotplug functions.	
a0d1d0f47e3193d6188869ae6bcf08a792f63cf6	2021-08-04	Sebastian Andrzej Siewior	virtio_net: Replace deprecated CPU-hotplug functions.	
3aa2605594556c676fb88744bd9845acae60683d	2021-07-29	Davide Caratti	net/sched: store the last executed chain also for clsact egress	
583be982d93479ea3d85091b0fd0b01201ede87d	2021-07-29	Jeremy Kerr	mctp: Add device handling and netlink interface	
5e10da5385d20c4bae587bc2921e5fdd9655d5fc	2021-07-29	Paolo Abeni	skbuff: allow 'slow_gro' for skb carring sock reference	
a521c8a01d267bc1732ee83fdbf3ad2e02240d63	2021-07-28	Michael Chan	bnxt_en: Move bnxt_ptp_init() from bnxt_open() back to bnxt_init_one()	
90b22b9bcd242a3ba238f2c6f7eab771799001f8	2021-07-27	Maor Dickman	net/mlx5e: Disable Rx ntuple offload for uplink representor	7a9fb35e8c3a ("net/mlx5e: Do not reload ethernet ports when changing eswitch mode")
a76053707dbf0dc020a73b4d90cd952409ef3691	2021-07-27	Arnd Bergmann	dev_ioctl: split out ndo_eth_ioctl	
6fe5ff2c77805f1a3a4abf226087bf9ce1299371	2021-07-26	Maxim Mikityanskiy	net/mlx5e: Create struct mlx5e_rss_params_hash	
26ab7b384525ccfa678c518577f7f0d841209c8b	2021-07-26	Maxim Mikityanskiy	net/mlx5e: Block LRO if firmware asks for tunneled LRO	7b3722fa9ef6 ("net/mlx5e: Support RSS for GRE tunneled packets")
09cfae9f13d51700b0fecf591dcd658fc5375428	2021-07-20	Markus Boehme	ixgbe: Fix packet corruption due to missing DMA sync	0c5661ecc5dd7 ("ixgbe: fix crash in build_skb Rx code path")
de5bf19414fec860168f05d00d574562bd9d86d1	2021-07-19	Michael Chan	bnxt_en: Fix PTP capability discovery	93cb62d98e9c ("bnxt_en: Enable hardware PTP support")
d7859afb6880249039b178fdfb1bef94fd954cf2	2021-07-19	Michael Chan	bnxt_en: Move bnxt_ptp_init() to bnxt_open()	93cb62d98e9c ("bnxt_en: Enable hardware PTP support")
5acc7d3e8d342858405fbbc671221f676b547ce7	2021-07-13	Xuan Zhuo	xdp, net: Fix use-after-free in bpf_xdp_link_release	aa8d3a716b59db6c ("bpf, xdp: Add bpf_link-based XDP attachment API")
2ea5eabaf04a1829383aefe98ac38a2e5ae2d698	2021-07-07	Kumar Kartikeya Dwivedi	bpf: devmap: Implement devmap prog execution for generic XDP	
11941f8a85362f612df61f4aaab0e41b64d2111d	2021-07-07	Kumar Kartikeya Dwivedi	bpf: cpumap: Implement generic cpumap	
fe21cb91ae7bca1ae7805454be80b6d03bec85f7	2021-07-07	Kumar Kartikeya Dwivedi	net: core: Split out code to run generic XDP prog	
127d7355abb355b05ff4b42d6e18cc97aa9d1d11	2021-06-28	Tanner Love	net: update netdev_rx_csum_fault() print dump only once	
c4fef01ba4793a85b2d38a472bddd1e3b56d9585	2021-06-23	Yunsheng Lin	net: sched: implement TCQ_F_CAN_BYPASS for lockless qdisc	
c12e1643d2738bcd4e26252ce531878841dd3f38	2021-06-18	Rukhsana Ansari	bnxt_en: Fix TQM fastpath ring backing store computation	c7dd7ab4b204 ("bnxt_en: Improve TQM ring context memory sizing formulas.")
dda90cb90a5ced4ebfb75e3f06d59fa1abb58f65	2021-06-18	Jesse Brandeburg	ice: report hash type such as L2/L3/L4	
2f064a59a11ff9bc22e52e9678bc601404c7cb34	2021-06-18	Peter Zijlstra	sched: Change task_struct::state	
37aadc687ab441bbcb693ddae613acf9afcea1ab	2021-06-18	Peter Zijlstra	sched: Unbreak wakeups	
8a66e45859797e5dd77ff17dd37781f99d5f5b9b	2021-06-14	Mark Bloch	net/mlx5: Change ownership model for lag	
ea9b847cda647b9849b0b9fa0447e876a1ac62e1	2021-06-11	Jacob Keller	ice: enable transmit timestamps for E810 devices	
39e8cc6d757af7ee5edf5826102c95e3f5bb374b	2021-06-03	Alaa Hleihel	net/mlx5e: Disable TLS device offload in kdump mode	
040ee6172e77b2366d0c622f75eba26e4e49481f	2021-06-03	Alaa Hleihel	net/mlx5e: Disable TX MPWQE in kdump mode	
8ec5d438a3c24e0ebd5df4e94b41a22e4bc0e028	2021-06-03	Tariq Toukan	net/mlx5e: RX, Re-place page pool numa node change logic	
490dcecabbf93e705006af498fa6815251404a54	2021-06-03	Jakub Kicinski	mlx5: count all link events	
b38742e41177c339e891b74f3925862fa36debb1	2021-06-01	Roi Dayan	net/mlx5e: Disable TLS offload for uplink representor	7a9fb35e8c3a ("net/mlx5e: Do not reload ethernet ports when changing eswitch mode")
77ecd10d0a8aaa6e4871d8c63626e4c9fc5e47db	2021-05-18	Saeed Mahameed	net/mlx5e: reset XPS on error flow if netdev isn't registered yet	3909a12e7913 ("net/mlx5e: Fix configuration of XPS cpumasks and netdev queues in corner cases")
e96b491a0ffa35a8a9607c193fa4d894ca9fb32f	2021-05-17	David Awogbemila	gve: Update mgmt_msix_idx if num_ntfy changes	f5cedc84a30d ("gve: Add transmit and receive support")
22b6034323fd736f260e00b9ea85c634abeb3446	2021-04-22	Martin Willi	net, xdp: Update pkt_type if generic XDP changes unicast MAC	297249569932 ("net: fix generic XDP to handle if eth header was mangled")
6980ffa0c5a8e65d53ff803d2cafdba3e2022714	2021-04-19	Tariq Toukan	net/mlx5e: RX, Add checks for calculated Striding RQ attributes	
6a5689ba0259acded00f69856fc364b158c54c2e	2021-04-19	Vladyslav Tarasiuk	net/mlx5e: Fix possible non-initialized struct usage	
b3b886cf965d5f8d8e51f9481ce60ee8f9548580	2021-04-16	Maxim Mikityanskiy	net/mlx5e: Refactor on-the-fly configuration changes	
69cc4185dcbaaedc52d5d8d13b4aac2a3836a874	2021-04-16	Maxim Mikityanskiy	net/mlx5e: Use mlx5e_safe_switch_channels when channels are closed	
b7306b42beaf6abdbcb49849b5254ad06321abd1	2021-04-14	Jesse Brandeburg	ice: manage interrupts during poll exit	
cdf1f1f169179659621bb540575b3a9d1cd38072	2021-04-14	Jacob Keller	ice: replace custom AIM algorithm with kernel's DIM library	
27f0ad71699de41bae013c367b95a6b319cc46a9	2021-04-09	Paolo Abeni	net: fix hangup on napi_disable for threaded napi	29863d41bb6e ("net: implement threaded-able napi poll loop support")
0854fa82c96ca37a35e954b7079c0bfd795affb1	2021-04-07	Andrei Vagin	net: remove the new_ifindex argument from dev_change_net_namespace	eeb85a14ee34 ("net: Allow to specify ifindex when device is moved to another namespace")
0f6925b3e8da0dbbb52447ca8a8b42b371aac7db	2021-04-06	Eric Dumazet	virtio_net: Do not pull payload in skb->head	3226b158e67c ("net: avoid 32 x truesize under-estimation for tiny skbs")
eeb85a14ee3494febb85ccfbee0772eda0823b13	2021-04-05	Andrei Vagin	net: Allow to specify ifindex when device is moved to another namespace	
3adb60b6a3ed9f233daa632d35cec79fe4781372	2021-03-29	Aya Levin	net:mlx5e: Add PTP-TIR and PTP-RQT	
ea886000a8acc4744bdbacd6f01e1a67b52da04f	2021-03-25	Aya Levin	net/mlx5e: Allow creating mpwqe info without channel	
b3a131c2a1602e0aa3fc6b0fdee519a997a9ca0e	2021-03-25	Tariq Toukan	net/mlx5e: Move params logic into its dedicated file	
6c996e19949b34d7edebed4f6b0511145c036404	2021-03-25	Dmitry Vyukov	net: change netdev_unregister_timeout_secs min value to 1	5aa3afe107d9 ("net: make unregister netdev warning timeout configurable")
262de08f64e34bf1731e0e6296a9fc1e493e8b54	2021-03-23	Jesse Brandeburg	intel: clean up mismatched header comments	
add2d73631070c951b0de81a01d1463a15cfbd47	2021-03-22	Eric Dumazet	net: set initial device refcount to 1	919067cc845f ("net: add CONFIG_PCPU_DEV_REFCNT")
15a7deb895497e4c9496b98367e4a0671add03f1	2021-03-22	Scott Branden	bnxt_en: check return value of bnxt_hwrm_func_resc_qcaps	
d6218317e2eff8b3762f437da582ea970cde576e	2021-03-22	Qi Zhang	ice: Check FDIR program status for AVF	
132f743b01b85b8fae7e1f298bfd81a66b9389a8	2021-03-18	Antoine Tenart	net: improve queue removal readability in __netif_set_xps_queue	
5478fcd0f48322e04ae6c173ad3a1959e066dc83	2021-03-18	Antoine Tenart	net: embed nr_ids in the xps maps	
fdc13979f91e664717f47eb8c49094e4b7f202e3	2021-03-18	Lorenzo Bianconi	bpf, devmap: Move drop error path to devmap for XDP_REDIRECT	
cb038357937ee4f589aab2469ec3896dce90f317	2021-03-17	Wei Wang	net: fix race between napi kthread mode and busy poll	29863d41bb6e ("net: implement threaded-able napi poll loop support")
7a9fb35e8c3a67145fca262c304de65cb2f83abf	2021-03-16	Roi Dayan	net/mlx5e: Do not reload ethernet ports when changing eswitch mode	
fec2b4bb39d961e5a804c34b7184e2cbbb2d7c2c	2021-03-16	Roi Dayan	net/mlx5e: Unregister eth-reps devices first	
c27971d08abecc91f06214dacc66ce3ce2662a44	2021-03-16	Roi Dayan	net/mlx5: Move devlink port from mlx5e priv to mlx5e resources	
2ff349c5edfe3ea3c017dab28a1912f337a6500c	2021-03-16	Roi Dayan	net/mlx5e: Verify dev is present in some ndos	
7a126a43a3dcf0fa6b9f7f2fe3ce82102517afe3	2021-03-16	Roi Dayan	net: Change dev parameter to const in netif_device_present()	
1c0c4bc1ceb580851b2d76fdef9712b3bdae134b	2021-03-15	Paul E. McKenney	softirq: Don't try waking ksoftirqd before it has been spawned	
8f64860f8b567cc4f8ac854a65cbf6337404c520	2021-03-15	Lorenzo Bianconi	net: export dev_set_threaded symbol	
d0eed5c325149002c364a1439ae1afe1992beae4	2021-03-14	Alexander Lobakin	gro: give 'hash' variable in dev_gro_receive() a less confusing name	
9dc2c313378528afe1bddf12cad88dbfe0998820	2021-03-14	Alexander Lobakin	gro: consistentify napi->gro_hash[x] access in dev_gro_receive()	
469549e4778a1e5ac4a7c6659c4b1a75a648bfdf	2021-03-10	Roi Dayan	net/mlx5e: Fix error flow in change profile	c4d7eb57687f ("net/mxl5e: Add change profile method")
e5eb01344e9b09bb9d255b9727449186f7168df8	2021-03-10	Maxim Mikityanskiy	net/mlx5e: When changing XDP program without reset, take refs for XSK RQs	db05815b36cb ("net/mlx5e: Add XSK zero-copy support")
20d7d1c5c9b11e9f538ed4a2289be106de970d3e	2021-02-26	Edwin Peer	bnxt_en: reliably allocate IRQ table on reset to avoid crash	3bc7d4a352ef ("bnxt_en: Add BNXT_STATE_IN_FW_RESET state.")
d20cd745218cde1b268bef5282095ec6c95a3ea2	2021-02-26	Vasundhara Volam	bnxt_en: Fix race between firmware reset and driver remove.	6882c36cf82e ("bnxt_en: attempt to reinitialize after aborted reset")
f4d95c3c194de04ae7b44f850131321c7ceb9312	2021-02-14	Michael Chan	bnxt_en: Improve logging of error recovery settings information.	
e9696ff33c79aed73ff76edb4961042a9b87d27b	2021-02-14	Michael Chan	bnxt_en: Add context memory initialization infrastructure.	
dab62e7c2de7b035c928a8babee27a6127891fdf	2021-02-14	Michael Chan	bnxt_en: Implement faster recovery for firmware fatal error.	
c0d4e9d223c5f4a31bd0146739dcc88e8ac62dd5	2021-02-12	Maciej Fijalkowski	ixgbe: store the result of ixgbe_rx_offset() onto ixgbe_ring	
f1b1f409bf7903ff585528b1e81b11fe077e9fee	2021-02-12	Maciej Fijalkowski	ice: store the result of ice_rx_offset() onto ice_ring	
f7bb0d71d65862d4386f613e60064e3f2b1d31db	2021-02-12	Maciej Fijalkowski	i40e: store the result of i40e_rx_offset() onto i40e_ring	
3b23a32a63219f51a5298bc55a65ecee866e79d0	2021-02-11	Cong Wang	net: fix dev_ifsioc_locked() race condition	3710becf8a58 ("net: RCU locking for simple ioctl()")
1d9f7ca324a9b73bb50ed7df58e155d1c37e1b9a	2021-02-08	Jesse Brandeburg	ice: fix writeback enable logic	
5a2ba25a55c4dc0f143567c99aede768b6628ebd	2021-02-01	Maxim Mikityanskiy	net/mlx5e: Update max_opened_tc also when channels are closed	05909babce53 ("net/mlx5e: Avoid reset netdev stats on configuration changes")
1d3a3f3bfe3cfe9afc58a89b5de00efb30c55271	2021-02-01	Tom Rix	net/mlx5e: remove h from printk format specifier	
c4d7eb57687f358cd498ea3624519236af8db97e	2021-02-01	Saeed Mahameed	net/mxl5e: Add change profile method	
62fafcd63139920eb25b3fbf154177ce3e6f3232	2021-01-29	Xin Long	net: support ip generic csum processing in skb_csum_hwoffload_help	
cf74760932602fb25d16c57e49dbc445c81d0ff1	2021-01-27	Aya Levin	net/mlx5e: Expose RX dma info helpers	
8355060f5ec381abda77659f91f56302203df535	2021-01-26	Maxim Mikityanskiy	net/mlx5e: Revert parameters on errors when changing MTU and LRO state without reset	2e20a151205b ("net/mlx5e: Fail safe mtu and lro setting")
57ac4a31c48377a3e675b2a731ceacbefefcd34d	2021-01-26	Maxim Mikityanskiy	net/mlx5e: Correctly handle changing the number of queues when the interface is down	3909a12e7913 ("net/mlx5e: Fix configuration of XPS cpumasks and netdev queues in corner cases");fa3748775b92 ("net/mlx5e: Handle errors from netif_set_real_num_{tx,rx}_queues")
1b0b0b581b945ee27beb70e8199270a22dd5a2f6	2021-01-26	Nick Nunley	ice: Implement flow for IPv6 next header (extension header)	a4e82a81f573 ("ice: Add support for tunnel offloads")
38290e37297087f7ea3ef7904b8f185d77c42976	2021-01-25	Michael Chan	bnxt_en: Modify bnxt_disable_int_sync() to be called more than once.	
d03b195b5aa015f6c11988b86a3625f8d5dbac52	2021-01-22	Maxim Mikityanskiy	sch_htb: Hierarchical QoS hardware offload	
e7ed11ee945438b737e2ae2370e35591e16ec371	2021-01-22	Yousuk Seung	tcp: add TTL to SCM_TIMESTAMPING_OPT_STATS	
0cbe1e57a7b93517100b0eb63d8e445cfbeb630c	2021-01-20	Jakub Kicinski	net: inline rollback_registered_many()	
bcfe2f1a3818d9dca945b6aca4ae741cb1f75329	2021-01-20	Jakub Kicinski	net: move rollback_registered_many()	
2014beea7eb165c745706b13659a0f1d0a9a2a61	2021-01-20	Jakub Kicinski	net: move net_set_todo inside rollback_registered()	
33dbcf60556a2a23b07f837e5954991925b72fd2	2021-01-05	Zheng Yongjun	bnxt_en: Use kzalloc for allocating only one thing	
fb1e6e562b37b39adfe251919c9abfdb3e01f921	2020-12-28	Vasundhara Volam	bnxt_en: Fix AER recovery.	b340dc680ed4 ("bnxt_en: Avoid sending firmware messages when AER error is detected.")
411ea23a76526e6efed0b601abb603d3c981b333	2020-12-18	Dan Carpenter	virtio_net: Fix error code in probe()	fe36cbe0671e ("virtio_net: clear MTU when out of range")
998f17296234aa8d3676b4a13962eb39f4ad24e0	2020-12-09	Toke Høiland-Jørgensen	xdp: Remove the xdp_attachment_flags_ok() callback	7f0a838254bd ("bpf, xdp: Maintain info on attached XDP BPF programs in net_device")
0b676aaecc25e9686d27658b56add5c024d54a7c	2020-12-08	Eran Ben Elisha	net/mlx5e: Change skb fifo push/pop API to be used without SQ	
d14ce74f1fb376ccbbc0b05ded477ada51253729	2020-12-02	Frederic Weisbecker	irq: Call tick_irq_enter() inside HARDIRQ_OFFSET	
b02e5a0ebb172c8276cea3151942aac681f7a4a6	2020-12-01	Björn Töpel	xsk: Propagate napi_id to XDP socket Rx path	
7c951cafc0cb2e575f1d58677b95ac387ac0a5bd	2020-12-01	Björn Töpel	net: Add SO_BUSY_POLL_BUDGET socket option	
7fd3253a7de6a317a0683f83739479fb880bffc8	2020-12-01	Björn Töpel	net: Introduce preferred busy-polling	
d549699048b4b5c22dd710455bcdb76966e55aa3	2020-11-23	Eyal Birger	net/packet: fix packet receive on L3 devices without visible hard header	b9fcf0a0d826 ("Merge branch 'support-AF_PACKET-for-layer-3-devices'")
3383176efc0fb0c0900a191026468a58668b4214	2020-11-19	Zhang Changzhong	bnxt_en: fix error return code in bnxt_init_board()	c0c050c58d84 ("bnxt_en: New Broadcom ethernet driver.")
b5f796b62c98cd8c219c4b788ecb6e1218e648cb	2020-11-19	Zhang Changzhong	bnxt_en: fix error return code in bnxt_init_one()	c213eae8d3cd ("bnxt_en: Improve VF/PF link change logic.")
1a50cf9a67ff2241c2949d30bc11c8dd4280eef8	2020-11-05	Maxim Mikityanskiy	net/mlx5e: Fix incorrect access of RCU-protected xdp_prog	fe45386a2082 ("net/mlx5e: Use RCU to protect rq->xdp_prog")
3aefd7d6ea05a1a573a26c20e474d36c218016cd	2020-10-27	Yi Li	net: core: Use skb_is_gso() in skb_checksum_help()	
a1301f08c5acf992d9c1fafddc84c3a822844b04	2020-10-26	Michael Chan	bnxt_en: Check abort error state in bnxt_open_nic().	ec5d31e3c15d ("bnxt_en: Handle firmware reset status during IF_UP.")
3744741adab6d9195551ce30e65e726c7a408421	2020-10-24	Willy Tarreau	random32: add noise from network and scheduling activity	
cf8691cbc286592177dee7db7bba684e95058f96	2020-10-21	Michael S. Tsirkin	Revert "virtio-net: ethtool configurable RXCSUM"	3618ad2a7c0e7 ("virtio-net: ethtool configurable RXCSUM")
3618ad2a7c0e78e4258386394d5d5f92a3dbccf8	2020-10-13	Tonghao Zhang	virtio-net: ethtool configurable RXCSUM	
8fb35cd302f74e63db4ce43a44e5e5fae44d80e3	2020-10-12	Michael Chan	bnxt_en: Set driver default message level.	
1a03b8a35a957f9f38ecb8a97443b7380bbf6a8b	2020-09-29	Tonghao Zhang	virtio-net: don't disable guest csum when disable LRO	a02e8964eaf9 ("virtio-net: ethtool configurable LRO")
1fc70edb7d7b5ce1ae32b0cf90183f4879ad421a	2020-09-28	Taehee Yoo	net: core: add nested_level variable in net_device	845e0ebb4408 ("net: change addr_list_lock back to static key")
2046e3c356fd18f577cd0180a299cddd10fe5752	2020-09-27	Michael Chan	bnxt_en: Report Active FEC encoding during link up.	
3128e811b134128aadcf8582dded81b70980f23a	2020-09-27	Michael Chan	bnxt_en: Handle ethernet link being disabled by firmware.	
9d6b648c3112012dac6d804d331cdd3a2247765c	2020-09-27	Michael Chan	bnxt_en: Update firmware interface spec to 1.10.1.65.	
b50f7bca5e83d9e8306ceb2a8b0ef0ed2416f133	2020-09-25	Jesse Brandeburg	intel-ethernet: clean up W=1 warnings in kdoc	
5af75c747e2a868abbf8611494b50ed5e076fca7	2020-09-21	Maxim Mikityanskiy	net/mlx5e: Enhanced TX MPWQE for SKBs	
338c46c636a790cb22f880435c8c60554c0d50fb	2020-09-21	Maxim Mikityanskiy	net/mlx5e: Support multiple SKBs in a TX WQE	
9c25a22dfb00270372224721fed646965420323a	2020-09-21	Maxim Mikityanskiy	net/mlx5e: Use synchronize_rcu to sync with NAPI	acc6c5953af1 ("net/mlx5e: Split open/close channels to stages")
fe45386a208277cae4648106133c08246eecd012	2020-09-21	Maxim Mikityanskiy	net/mlx5e: Use RCU to protect rq->xdp_prog	86994156c736 ("net/mlx5e: XDP fast RX drop bpf programs support");db05815b36cb ("net/mlx5e: Add XSK zero-copy support")
3753d9779038ab011e01b949253492aaa37bf57a	2020-09-18	Mahesh Bandewar	net: fix build without CONFIG_SYSCTL definition	316cdaa1158a ("net: add option to not create fall-back tunnels in root-ns as well")
0e4be9e57e8cb8f2130280c26a2d6de9c06a8500	2020-09-18	Francesco Ruggeri	net: use exponential backoff in netdev_wait_allrefs	
cdabce2e3dff7e4bcef73473987618569d178af3	2020-09-16	Jiafei Pan	softirq: Add debug check to __raise_softirq_irqoff()	
b14a9fc45202c37a8540e1afb26b4783666a60c1	2020-09-14	Vladimir Oltean	__netif_receive_skb_core: don't untag vlan from skb on DSA master	
2de79ee27fdb52626ac4ac48ec6d8d52ba6f9047	2020-09-14	Paolo Abeni	net: try to avoid unneeded backlog flush	
1fa5cef283420b3dad93cd6ab04d7125bc1562de	2020-09-14	Li RongQing	i40e: optimise prefetch page refcount	
24aeb56f2d38edf1b324bdb4f8bc6faf9f0f540c	2020-09-11	Kuo Zhao	gve: Add Gvnic stats AQ command and ethtool show/set-priv-flags.	
e1b9efe6baebe79019a2183176686a0e709388ae	2020-09-10	Ido Schimmel	net: Fix bridge enslavement failure	7e1146e8c10c ("net: devlink: introduce devlink_compat_switch_id_get() helper")
5198d545dba8ad893f5e5a029ca8d43ee7bcf011	2020-09-10	Jakub Kicinski	net: remove napi_hash_del() from driver-facing API	
316cdaa1158af17250397054f92bb339fbd8e282	2020-08-28	Mahesh Bandewar	net: add option to not create fall-back tunnels in root-ns as well	
96e97bc07e90f175a8980a22827faf702ca4cb30	2020-08-26	Jakub Kicinski	net: disable netpoll on fresh napis	2d8bff12699a ("netpoll: Close race condition between poll_one_napi and napi_disable")
b43b9f53fbb06faa4f2fcdbf235db3289026e2e4	2020-08-26	Michael Chan	bnxt_en: Setup default RSS map in all scenarios.	1667cbf6a4eb ("bnxt_en: Add logical RSS indirection table structure.")
5fa65524f6e0b9528c6ceac3f33f7e8f0c3a084a	2020-08-26	Edwin Peer	bnxt_en: init RSS table for Minimal-Static VF reservation	bd3191b5d87d ("bnxt_en: Implement ethtool -X to set indirection table.")
12cce90b934bf2b0ed9c339b4d5503e69954351a	2020-08-26	Edwin Peer	bnxt_en: fix HWRM error when querying VF temperature	cde49a42a9bb ("bnxt_en: Add hwmon sysfs support to read temperature")
c8a36f1945b2b1b3f9823b66fc2181dc069cf803	2020-08-20	Andrii Nakryiko	bpf: xdp: Fix XDP mode when no mode flags specified	7f0a838254bd ("bpf, xdp: Maintain info on attached XDP BPF programs in net_device")
f8414a8d886b613b90d9fdf7cda6feea313b1069	2020-08-16	Jason A. Donenfeld	net: xdp: pull ethernet header off packet after computing skb->protocol	297249569932 ("net: fix generic XDP to handle if eth header was mangled")
7dbc63f0a5402293e887e89a7974c5e48405565d	2020-08-01	Tony Nguyen	ice: Misc minor fixes	
bfc6e5fbcbbf75967a7f673ad67fa227d77f2541	2020-07-27	Michael Chan	bnxt_en: Update firmware interface to 1.10.1.54.	
d4baa9368a5e4d694e787e0442ddd6ab95d6fd96	2020-07-25	Andrii Nakryiko	bpf, xdp: Extract common XDP program attachment logic	
7f0a838254bdd9114b978ef2541a6ce330307e9e	2020-07-25	Andrii Nakryiko	bpf, xdp: Maintain info on attached XDP BPF programs in net_device	
5df5661a1387e829c901d009cdd1fccc376cdb74	2020-07-23	Vladimir Oltean	net: dsa: stop overriding master's ndo_get_phys_port_name	
27640ce68d21e556b66bc5fa022aacd26e53c947	2020-07-12	Michael Chan	bnxt_en: Fix completion ring sizing with TPA enabled.	c0c050c58d84 ("bnxt_en: New Broadcom ethernet driver.");
ca0c753815fe4786b79a80abf0412eb5d52090b8	2020-07-12	Vasundhara Volam	bnxt_en: Init ethtool link settings after reading updated PHY configuration.	b1613e78e98d ("bnxt_en: Add async. event logic for PHY configuration changes.")
dc221851ffd1e6ebb709f85e60f93262413a488a	2020-07-10	Jakub Kicinski	ixgbe: convert to new udp_tunnel_nic infra	
a21ee6055c30ce68c4e201c6496f0ed2a1936230	2020-07-10	Peter Zijlstra	lockdep: Change hardirq{s_enabled,_context} to per-cpu variables	
bd3191b5d87d5ebc1d4149bbbb42a64ec3d469bf	2020-07-08	Michael Chan	bnxt_en: Implement ethtool -X to set indirection table.	
f33a305d09388880ec92db8de3c38448db36b629	2020-07-08	Michael Chan	bnxt_en: Fill HW RSS table from the RSS logical indirection table.	
5c45a918263e4da142b9cf40a1dfcb4134d454a2	2020-06-26	Mauro Carvalho Chehab	net: netdevice.h: add a description for napi_defer_hard_irqs	6f8b12d661d0 ("net: napi: add hard irqs deferral feature")
34a2a3b83e2caf18ab85627f9c6a78bc0a1d1520	2020-06-25	Jeff Kirsher	net/intel: remove driver versions from Intel drivers	
0ad6f6e767ec2f613418cbc7ebe5ec4c35af540c	2020-06-18	Eric Dumazet	net: increment xmit_recursion level in dev_direct_xmit()	
427d5838e99632e9218eae752009c873cade89ac	2020-06-18	Eric Dumazet	net: napi: remove useless stack trace	
2084ccf6259cc95e0575f0fafc93595d0219a9f6	2020-06-15	Michael Chan	bnxt_en: Simplify bnxt_resume().	f9b69d7f6279 ("bnxt_en: Fix suspend/resume path on 57500 chips")
5071bda2947f61da0b1c271cf0b16be45c9b81e9	2020-06-11	Aleksandr Loktionov	iavf: use appropriate enum for comparison	
845e0ebb4408d4473cf60d21224a897037e9a77a	2020-06-09	Cong Wang	net: change addr_list_lock back to static key	
11d6011c2cf29f7c8181ebde6c8bc0c4d83adcd7	2020-06-04	Ahmed S. Darwish	net: core: device_rename: Use rwsem instead of a seqcount	5dbe7c178d3f (net: fix kernel deadlock with interface rename and netdev name retrieval.);30e6c9fa93cf (net: devnet_rename_seq should be a seqcount);c91f6df2db49 (sockopt: Change getsockopt() of SO_BINDTODEVICE to return an interface name)
b8056e8434b037fdab08158fea99ed7bc8ef3a74	2020-05-26	Michael Chan	bnxt_en: Fix accumulation of bp->net_stats_prev.	b8875ca356f1 ("bnxt_en: Save ring statistics before reset.")
88865fc4bbd61e48d04e2747d59b85d2014cca82	2020-05-21	Karol Kolacinski	ice: Fix casting issues	
c0bbbdc32febd4f034ecbf3ea17865785b2c0652	2020-05-19	Boris Sukholitko	__netif_receive_skb_core: pass skb by reference	88eb1944e18c ("net: core: propagate SKB lists through packet_type lookup")
d628ee4fef1dbd6f2fa11e3548322c7839319537	2020-05-14	Jesper Dangaard Brouer	mlx5: Rx queue setup time determine frame_sz for XDP	
d4ecdbf7aa2fa4feac09befb04cdaf44e6dc938b	2020-05-14	Jesper Dangaard Brouer	ice: Add XDP frame size to driver	
24104024ce0553ae7738bb1ea5e6e3ed6619160d	2020-05-14	Jesper Dangaard Brouer	i40e: Add XDP frame size to driver	
cf02512899805d6f3d48c0cf1825148f5d24fe71	2020-05-14	Jesper Dangaard Brouer	ixgbe: Add XDP frame size to driver	
a075767bbdc659066b89be282c8377fa880e9dc4	2020-05-14	Jesper Dangaard Brouer	net: XDP-generic determining XDP frame size	
dd912306ff008891c82cd9f63e8181e47a9cb2fb	2020-05-07	Cong Wang	net: fix a potential recursive NETDEV_FEAT_CHANGE	fd867d51f889 ("net/core: generic support for disabling netdev features down stack")
1a33e10e4a95cb109ff1145098175df3113313ef	2020-05-04	Cong Wang	net: partially revert dynamic lockdep key changes	
6f8b12d661d09b488b9ac879b8eafbd2cc4a1450	2020-04-23	Eric Dumazet	net: napi: add hard irqs deferral feature	
dcdf4ce0ff4ba206fc362e149c8ae81d6a2f849c	2020-04-20	Zhu Yanjun	net/mlx5e: Get the latest values from counters in switchdev mode	5c7e8bbb0257 ("net/mlx5e: Use monitor counters for update stats")
fa3748775b92692331cfcab6f7b09a04a23694d9	2020-04-20	Maxim Mikityanskiy	net/mlx5e: Handle errors from netif_set_real_num_{tx,rx}_queues	
dfa74909cb6b846cbdabfc2c3c7de1d507fca075	2020-04-14	David Ahern	xdp: Reset prog in dev_change_xdp_fd when fd is negative	92234c8f15c8 ("xdp: Support specifying expected existing program when attaching XDP")
a4837980fd9fa4c70a821d11831698901baef56b	2020-04-07	Konstantin Khlebnikov	net: revert default NAPI poll timeout to 2 jiffies	7acf8a1e8a28 ("Replace 2 jiffies with sysctl netdev_budget_usecs to enable softirq tuning")
5418d3881e1f5d2cf9c1076eb8bd85770393a0e8	2020-03-18	Lukas Wunner	netfilter: Generalize ingress hook	
b030f194aed290705426c62e501201c0739405c5	2020-03-18	Lukas Wunner	netfilter: Rename ingress hook include file	
7c4046b1c53bba3a0315f04bb0bb5f36888a747b	2020-03-12	Julian Wiedmann	Revert "net: sched: make newly activated qdiscs visible"	4cda75275f9f ("net: sched: make newly activated qdiscs visible")
389a877a3b20c1bc058143dfc4d95fd754fb0240	2020-03-08	Michael Chan	bnxt_en: Process the NQ under NAPI continuous polling.	
a51e520653a635051298532a2066c3346d6acd29	2020-03-05	Jakub Kicinski	virtio_net: reject unsupported coalescing params	
bb4cf02d4c74f0db60f58c406ddfdfed16d14f84	2020-03-02	Gustavo A. R. Silva	netdevice: Replace zero-length array with flexible-array member	
a9b952d267e59a3b405e644930f46d252cea7122	2020-03-01	Vasundhara Volam	bnxt_en: reinitialize IRQs when MTU is modified	c0c050c58d84 ("bnxt_en: New Broadcom ethernet driver.")
9aedc6e2f1c6708120b80748556fb6ad0567d15d	2020-02-29	Cris Forno	net/ethtool: Introduce link_ksettings API for virtual network devices	
ef6a4c88e9e11bc32cd02b052d04745af9691412	2020-02-26	Christian Brauner	net: fix sysfs permssions when device changes network namespace	
3909a12e79135a66a797041ab337a8c7cb387bdf	2020-02-25	Maxim Mikityanskiy	net/mlx5e: Fix configuration of XPS cpumasks and netdev queues in corner cases	149e566fef81 ("net/mlx5e: Expand XPS cpumask to cover all online cpus")
fe867cac9e1967c553e4ac2aece5fc8675258010	2020-02-25	Maxim Mikityanskiy	net/mlx5e: Use preactivate hook to set the indirection table	85082dba0a ("net/mlx5e: Correctly handle RSS indirection table when changing number of channels")
dca147b3dce5abb5284ff747211960fd2db5ec2e	2020-02-25	Maxim Mikityanskiy	net/mlx5e: Rename hw_modify to preactivate	
ad1e03b2b3d4430baaa109b77bc308dc73050de3	2020-02-11	Toke Høiland-Jørgensen	core: Don't skip generic XDP program execution for cloned SKBs	d445516966dc ("net: xdp: support xdp generic on virtual devices")
18e4960c18f484ac288f41b43d0e6c4c88e6ea78	2020-02-03	Michael Chan	bnxt_en: Fix TC queue mapping.	7809592d3e2e ("bnxt_en: Enable MSIX early in bnxt_init_one().")
c80794323e82ac6ab45052ebba5757ce47b4b588	2020-01-22	Maxim Mikityanskiy	net: Fix packet reordering caused by GRO and listified RX cooperation	323ebb61e32b ("net: use listified RX for handling GRO_NORMAL skbs")
53d374979ef147ab51f5d632dfe20b14aebeccd0	2020-01-17	Cong Wang	net: avoid updating qdisc_xmit_lock_key in netdev_update_lockdep_key()	ab92d68fc22f ("net: core: add generic lockdep keys")
1d233886dd904edbf239eeffe435c3308ae97625	2020-01-16	Toke Høiland-Jørgensen	xdp: Use bulking for non-map XDP_REDIRECT and consolidate code paths	
75ccae62cb8d42a619323a85c577107b8b37d797	2020-01-16	Toke Høiland-Jørgensen	xdp: Move devmap bulk queue into struct net_device	
4fad78ad6422d9bca62135bbed8b6abc4cbb85b8	2020-01-09	Cambda Zhu	ixgbe: Fix calculation of queue with VFs and flow director on interface flap	
57c7fce14b1ad512a42abe33cb721a2ea3520d4b	2020-01-07	Fan Li	net/mlx5: Increase the max number of channels to 128	
6b08d6c146f4c5ed451c45339c10feb06d619db2	2019-12-27	Michal Kubecek	ethtool: support for netlink notifications	
c0fdccfd226a1424683d3000d9e08384391210a2	2019-12-19	Maxim Mikityanskiy	net/ixgbe: Fix concurrency issues between config flow and XSK	
6adc4601c2a1ac87b4ab8ed0cb55db6efd0264e8	2019-12-13	Jonathan Lemon	bnxt: apply computed clamp value for coalece parameter	74706afa712d ("bnxt_en: Update interrupt coalescing logic.")
7e6897f95935973c3253fd756135b5ea58043dc8	2019-12-13	Björn Töpel	bpf, xdp: Start using the BPF dispatcher for XDP	
0290bd291cc0e0488e35e66bf39efcd7d9d9122b	2019-12-12	Michael S. Tsirkin	netdev: pass the stuck queue to the timeout handler	
937f188c1f4f89b3fa93ba31fc8587dc1fb14a22	2019-12-10	Vasundhara Volam	bnxt_en: Fix the logic that creates the health reporters.	6763c779c2d8 ("bnxt_en: Add new FW devlink_health_reporter")
c55d8b108caa2ec1ae8dddd02cb9d3a740f7c838	2019-12-05	Eran Ben Elisha	net/mlx5e: Fix TXQ indices to be sequential	8bfaf07f7806 ("net/mlx5e: Present SW stats when state is not opened")
b1613e78e98d065fd3356d0b93df665b0740f652	2019-11-24	Michael Chan	bnxt_en: Add async. event logic for PHY configuration changes.	
8119e49b68fa1ec778f9ec8be05b5492046100b2	2019-11-24	Michael Chan	bnxt_en: Refactor the initialization of the ethtool link settings.	
fc5141cb6a60afd81cf53cf4f9bd986f1b846010	2019-11-23	Tonghao Zhang	net: gro: use vlan API instead of accessing directly	
6849c6d86bada8bd269fe0ee0c4a93892ccaf2c3	2019-11-20	Saeed Mahameed	net/mlx5e: Rx, Update page pool numa node when changed	
41136ab35888c4007c6aad2f86e35afb97003e69	2019-11-18	Michael Chan	bnxt_en: Update firmware interface spec to 1.10.1.12.	
8aef998df3979faa19626acf889abecb733342db	2019-11-16	Alexander Lobakin	net: core: allow fast GRO for skbs with Ethernet header in head	
12299132b3d3bad58eff16e227891405b14c7d80	2019-11-07	Florian Fainelli	net: ethernet: intel: Demote MTU change prints to debug	
07066d9dc3d2326fbad8f7b0cb0120cff7b7dedb	2019-11-04	Manjunath Patil	ixgbe: protect TX timestamping from API misuse	
7237f5b0dba443756e190bdbecd83f9b1377a912	2019-11-04	Maciej Fijalkowski	ice: introduce legacy Rx flag	
aefc3e723a78c2e429a64dadd7815ef2a4aecd44	2019-11-01	Jakub Kicinski	net: fix installing orphaned programs	c14a9f633d9e ("net: Don't call XDP_SETUP_PROG when nothing is changed")
aa46dffff452f7c6d907c4e6a0062e2c53a87fc0	2019-10-31	Vasundhara Volam	bnxt_en: Improve bnxt_ulp_stop()/bnxt_ulp_start() call sequence.	
3fd8ed5639589846baec0dc0ab312cdf709094f0	2019-10-29	Josh Hunt	i40e: Add UDP segmentation offload support	
9df86bdb6746d7fcfc2fda715f7a7c3d0ddb2654	2019-10-29	Maxim Mikityanskiy	net/mlx5e: Fix handling of compressed CQEs in case of low NAPI budget	7219ab34f184 ("net/mlx5e: CQE compression")
d4e4fdf9e4a27c87edb79b1478955075be141f67	2019-10-25	Guillaume Nault	netns: fix GFP flags in rtnl_net_notifyid()	9a9634545c70 ("netns: notify netns id events")
32b6d34fedc2229cdf6a047fdbc0704085441915	2019-10-24	Taehee Yoo	net: core: add ignore flag to netdev_adjacent structure	
ab92d68fc22f9afab480153bd82a20f6e2533769	2019-10-24	Taehee Yoo	net: core: add generic lockdep keys	
6570bc79c0dfff0f228b7afd2de720fb4e84d61d	2019-10-15	Alexander Lobakin	net: core: use listified Rx for GRO_NORMAL in napi_gro_receive()	
fb91a8bb73ec91e86806b82f474221d3888d6eb7	2019-09-11	Tonghao Zhang	ixgbe: use skb_get_queue_mapping in tx path	
6503b659302893af700d9e9b82d3210d09a3aefb	2019-09-05	Jesse Brandeburg	ice: move code closer together	
718be6bab26fb01fa0147a2b614a3eefd96a2957	2019-09-04	? jiang	virtio-net: lower min ring num_free for efficiency	
ba642ab773db97c32293547485f562d2dfc06666	2019-08-30	Michael Chan	bnxt_en: Prepare bnxt_init_one() to be called multiple times.	
3c14562663c603bc523b6619a2b19a411e1cdc8e	2019-08-28	Tariq Toukan	net/mlx5e: Expose new function for TIS destroy loop	
cef35af34d6dc3792333075115c7deb7062b6e18	2019-08-22	Eran Ben Elisha	net/mlx5e: Add mlx5e HV VHCA stats agent	
ac6f733a7bd5e23ce9d58ef995f51fbd1ad2fa97	2019-08-20	Mitch Williams	ice: allow empty Rx descriptors	
2ab28bb04ce6432f15cd5086e7c7384f3deab639	2019-08-20	Brett Creeley	ice: Set WB_ON_ITR when we don't re-enable interrupts	
06293ae4fa0a1b62bf3bb8add8f9bbe8815b0aba	2019-08-20	Aya Levin	net/mlx5e: Change naming convention for reporter's functions	
c14a9f633d9eb5c0fdd0cb4135b6be978fd538f3	2019-08-17	Maxim Mikityanskiy	net: Don't call XDP_SETUP_PROG when nothing is changed	
a7bd4018d6424f652f3aabdc5d0d9c64303fa36a	2019-08-17	Maxim Mikityanskiy	net/mlx5e: Add AF_XDP need_wakeup support	
871aa189a69f7bbe6254459d17b78e1cce65c9ae	2019-08-17	Maxim Mikityanskiy	net/mlx5e: Move the SW XSK code from NAPI poll to a separate function	
065af355470519bd184019a93ac579f22b036045	2019-08-05	Jesper Dangaard Brouer	net: fix bpf_xdp_adjust_head regression for generic-XDP	458bf2f224f0 ("net: core: support XDP generic on stacked devices.")
226f2ca3075ab20abf69c68235e8ba9ac2dab596	2019-07-29	Vlad Buslov	net/mlx5e: Change flow flags type to unsigned long	
f45b7b78c619cd73c7ca25b68c6ba9653b8e4a0a	2019-07-29	Michael Chan	bnxt_en: Set TPA GRO mode flags on 57500 chips properly.	
55b40dbf0e76b4bfb9d8b3a16a0208640a9a45df	2019-07-29	Jiri Pirko	net: fix ifindex collision during namespace removal	aca51397d014 ("netns: Fix arbitrary net_device-s corruptions on net_ns stop.")
4e95bc268b915c3a19ec8b9110f61e4ea41a1ed0	2019-07-09	Pablo Neira Ayuso	net: flow_offload: add flow_block_cb_setup_simple()	
6413139dfc641aaaa30580b59696a5f7ea274194	2019-07-08	Willem de Bruijn	skbuff: increase verbosity when dumping skb data	
1da4bbeffe41ba318812d7590955faee8636668b	2019-07-08	Ivan Khoronzhuk	net: core: page_pool: add user refcnt and reintroduce page_pool_destroy	5c67bf0ec4d0 ("net: netsec: Use page_pool API")
e5b845dc79838e17ebeda63795337b5261a772eb	2019-07-01	Catherine Sullivan	gve: Add ethtool support	
d77b1ad8e87dc5a6cd0d9158b097a4817946ca3b	2019-06-30	Michael Chan	bnxt_en: Fix statistics context reservation logic for RDMA driver.	780baad44f0f ("bnxt_en: Reserve 1 stat_ctx for RDMA driver.")
a90f88fe557d7f2318b724a93875dcaac45b5f05	2019-06-28	Gavi Teitz	net/mlx5e: Don't refresh TIRs when updating representor SQs	
e4683f35f8e5ef43fb75e306113814a563ed1f18	2019-06-28	Ariel Levkovich	net/mlx5e: Move to HW checksumming advertising	
720f22fed81bc6fd1765db7014651b6718887bea	2019-06-28	John Hurley	net: sched: refactor reinsert action	
db05815b36cbd486c86fd002dfa81c9af6245e25	2019-06-27	Maxim Mikityanskiy	net/mlx5e: Add XSK zero-copy support	
0a06382fa40601e750a9477e9cccffcb6cb4206c	2019-06-27	Maxim Mikityanskiy	net/mlx5e: Encapsulate open/close queues into a function	
b9673cf5558c0ae1be787611884d4131633f31a8	2019-06-27	Maxim Mikityanskiy	net/mlx5e: Share the XDP SQ for XDP_TX between RQs	
a069e977d6d8f26c90a5d9374135729dc41c3a0d	2019-06-27	Maxim Mikityanskiy	net/mlx5e: Calculate linear RX frag size considering XSK	
e18953240de8b46360a67090c87ee1ef8160b35d	2019-06-27	Maxim Mikityanskiy	net/mlx5e: Attach/detach XDP program safely	
8afecaa68df1e94a9d634f1f961533a925f239fc	2019-06-23	Muchun Song	softirq: Use __this_cpu_write() in takeover_tasklets()	
d3cbd4254df881777e2efb68ee10ede0d9dc0647	2019-06-07	Chris Mi	net/mlx5e: Add ndo_set_feature for uplink representor	aec002f6f82c ("net/mlx5e: Uninstantiate esw manager vport netdev on switchdev mode")
2f2da36ebf42ef73a4591870b805f5ad0fbc10d5	2019-05-30	Anirudh Venkataramanan	ice: Trivial cosmetic changes	
1b3f0b75c39f534278a895c117282014e9d0ae1f	2019-05-22	Michael Chan	bnxt_en: Fix possible BUG() condition when calling pci_disable_msix().	41e8d7983752 ("bnxt_en: Modify the ring reservation functions for 57500 series chips.")
01989c6b69d91a0df0af8d5c6b5f33d82a239ae0	2019-05-05	Michael Chan	bnxt_en: Improve NQ reservations.	c0b8cda05e1d ("bnxt_en: Fix NQ/CP rings accounting on the new 57500 chips.")
b07833a00d70fb731bb3aba8876a56e37b549f3e	2019-05-02	Brett Creeley	ice: Add reg_idx variable in ice_q_vector structure	
c42260f1954598b92d9e834f3d55160318573a5e	2019-04-29	Vu Pham	net/mlx5: Separate and generalize dma device from pci device	
8065a779f17e94536a1c4dcee4f9d88011672f97	2019-04-10	Si-Wei Liu	failover: allow name change on IFF_UP slave interfaces	30c8bd5aa8b2 ("net: Introduce generic failover module")
5d0bb3bac4b9f6c22280b04545626fdfd99edc6b	2019-04-09	Saeed Mahameed	net/mlx5e: XDP, Avoid checksum complete when XDP prog is loaded	86994156c736 ("net/mlx5e: XDP fast RX drop bpf programs support")
fb24ea52f78e0d595852e09e3a55697c8f442189	2019-04-08	Will Deacon	drivers: Remove explicit invocations of mmiowb()	
6b16f9ee89b8d5709f24bc3ac89ae8b5452c0d7c	2019-04-01	Florian Westphal	net: move skb->xmit_more hint to softnet data	
97cdcf37b57e3f204be3000b9eab9686f38b4356	2019-04-01	Florian Westphal	net: place xmit recursion in softnet data	
5dc37bb9b03586e8fdeb47d25e8d2a0399984936	2019-03-28	Jiri Pirko	net: replace ndo_get_devlink with ndo_get_devlink_port	
8244dd2d23b251dcba3238e42216e9277beb5729	2019-03-26	Brett Creeley	ice: Audit hotpath structures with pahole	
a65f71fed5add2ec5713fcc605842f5f2dff22a3	2019-03-25	Maciej Fijalkowski	ice: map Rx buffer pages with DMA attributes	
1857ca42a734d41261f4c30e5f625fa7e2b70b0d	2019-03-25	Maciej Fijalkowski	ice: Get rid of ice_pull_tail	
ba27b4cdaaa66561aaedb2101876e563738d36fe	2019-03-23	Paolo Abeni	net: dev: introduce support for sch BYPASS for lockless qdisc	
a350eccee5830d9a1f29e393a88dc05a15326d44	2019-03-20	Paolo Abeni	net: remove 'fallback' argument from dev->ndo_select_queue()	
b71b5837f8711dbc4bc0424cb5c75e5921be055c	2019-03-20	Paolo Abeni	packet: rework packet_pick_tx_queue() to use common code selection	
ad71b256ba4e6e469d60e3f7b9973fd195b04bee	2019-03-19	Brett Creeley	ice: Determine descriptor count and ring size based on PAGE_SIZE	
b0ddfe2bb2bd80b1090d5bf42bb65243b76d3b97	2019-03-19	Serhey Popovych	intel: correct return from set features callback	
b58996795dc4921123ada213f9f10b8317d3f34f	2019-02-24	Andy Roulin	net: dev: add generic protodown handler	
4a9b32f30f805ca596d76605903a48eab58e0b88	2019-02-21	Magnus Karlsson	ixgbe: fix potential RX buffer starvation for AF_XDP	d0bcacd0a130 ("ixgbe: add AF_XDP zero-copy Rx support")
2a516444434ffa4419e67c5289d5f53272cb9674	2019-02-19	Michael Chan	bnxt_en: Propagate trusted VF attribute to firmware.	
407e17b1a69a51ba9a512a04342da56c1f931df4	2019-02-13	Saeed Mahameed	net/mlx5e: XDP, fix redirect resources availability check	58b99ee3e3eb ("net/mlx5e: Add support for XDP_REDIRECT in device-out side")
01dde20ce04b3a18f1e91d6d1ee0ef484d20bbf2	2019-02-01	Maciej Fijalkowski	xdp: Provide extack messages when prog attachment failed	
5050471d35d1316ba32dfcbb409978337eb9e75e	2019-01-30	Toshiaki Makita	virtio_net: Differentiate sk_buff and xdp_frame on freeing	4941d472bf95 ("virtio-net: do not reset during XDP set")
03aa6d34868c07b2b1b8b2db080602d7ec528173	2019-01-30	Toshiaki Makita	virtio_net: Don't process redirected XDP frames when XDP is disabled	186b3c998c50 ("virtio-net: support XDP_REDIRECT")
188313c137c4f76afd0862f50dbc185b198b9e2a	2019-01-30	Toshiaki Makita	virtio_net: Fix not restoring real_num_rx_queues	4941d472bf95 ("virtio-net: do not reset during XDP set")
35edfdc77f683c8fd27d7732af06cf6489af60a5	2019-01-29	Josh Elsasser	net: set default network namespace in init_dummy_netdev()	7db6b048da3b ("net: Commonize busy polling code to focus on napi_id instead of socket")
149e566fef8120a00c49f24e8f570186200e1e81	2019-01-25	Moshe Shemesh	net/mlx5e: Expand XPS cpumask to cover all online cpus	
92b32772940b981240f6471a70c0fdbff23983ea	2019-01-25	Shay Agroskin	net/mlx5e: Fix wrong private flag usage causing checksum disable	8ff57c18e9f6 ("net/mlx5e: Improve ethtool private-flags code structure")
30e5c2c6bf285d93dee4c45f23da95d7d50b125a	2019-01-25	David S. Miller	net: Revert devlink health changes.	
856c395cfa63b94a1d8215182f0243c222f6f927	2019-01-22	Cong Wang	net: introduce a knob to control whether to inherit devconf config	
0b815023a1d479aa8f8851ee880d5388e53b7ae5	2019-01-12	Michael Chan	bnxt_en: Fix ring checking logic on 57500 chips.	36d65be9a880 ("bnxt_en: Disable MSIX before re-reserving NQs/CMPL rings.")
750afb08ca71310fcf0c4e2cb1565c63b8235b60	2019-01-08	Luis Chamberlain	cross-tree: phase out dma_zalloc_coherent()	
feb2ff9d74f76a174e284255b7e537b6c090c13c	2018-12-20	Tariq Toukan	net/mlx5e: XDP, Change the XDP SQ redirect indication	
a02e8964eaf9271a8a5fcc0c55bd13f933bafc56	2018-12-20	Willem de Bruijn	virtio-net: ethtool configurable LRO	
760b6d33410cda351f236058585471cb0f417978	2018-12-20	Venkat Duvvuru	bnxt_en: Add support for 2nd firmware message channel.	
2fdb435bc0d7492b8137d4c9db6a465511154e29	2018-12-19	Florian Westphal	drivers: net: intel: use secpath helpers in more places	
36d65be9a88052cdfc8524eb591baf0e6c878408	2018-12-17	Michael Chan	bnxt_en: Disable MSIX before re-reserving NQs/CMPL rings.	
aaa5d90b395a72faff797b00d815165ee0e664c0	2018-12-15	Paolo Abeni	net: use indirect call wrappers at GRO network layer	
d59cdf9475ad84d1f57cab1d162cf289702cfb15	2018-12-13	Petr Machata	net: dev: Issue NETDEV_PRE_CHANGEADDR	
1570415f0810fce085066fb39827397452c3965a	2018-12-13	Petr Machata	net: dev: Add NETDEV_PRE_CHANGEADDR	
3a37a9636cf3a1af2621a33f7eef8a2a3da81030	2018-12-13	Petr Machata	net: dev: Add extack argument to dev_set_mac_address()	
2fd527b72bb6f95dfe8a1902e998cb76390c431e	2018-12-12	Petr Machata	net: ndo_bridge_setlink: Add extack	
5c7e8bbb025726f9cb9b2bc050509a94262426f8	2018-12-11	Eyal Davidovich	net/mlx5e: Use monitor counters for update stats	
71d82d2a90327c9c816e65471b7859b601993f89	2018-12-10	Oz Shlomo	net/mlx5e: Provide the TC filter netdev as parameter to flower callbacks	
804fba4e9f508c8004a4bfbdf3f300ca237c56df	2018-12-09	Michael Chan	bnxt_en: Fix CNP CoS queue regression.	98f04cf0f1fc ("bnxt_en: Check context memory requirements from firmware.")
40c900aa1ff580afe941ff77f327f004546f0ce7	2018-12-06	Petr Machata	net: core: dev: Attach extack to NETDEV_PRE_UP	
6d0403216d030e5623de3911168fceeaac2e14d6	2018-12-06	Petr Machata	net: core: dev: Add extack argument to __dev_change_flags()	
567c5e13be5cc74d24f5eb54cf353c2e2277189b	2018-12-06	Petr Machata	net: core: dev: Add extack argument to dev_change_flags()	
756c41603a189e4ae9dca77c3c3d80a926d8bedf	2018-12-05	Aya Levin	net/mlx5e: ethtool, Support user configuration for RX hash fields	
bbeb53b8b2c92fd4e5b51e8fd9ab1c4000e4d350	2018-12-05	Aya Levin	net/mlx5e: Move RSS params to a dedicated struct	
080d1b17fbc51789287cd8b2044a8cc9ec600e81	2018-12-04	Aya Levin	net/mlx5e: Move modify tirs hash functionality	
7cffaddd39b438fab49863ea4602d6294a9d657f	2018-11-29	Saeed Mahameed	net/mlx5e: Use the new mlx5 core notifier API	
8166abb1ea7d53a26ac0e2598b77a5440216811a	2018-11-21	Paul E. McKenney	ixgbe: Replace synchronize_sched() with synchronize_rcu()	
0bcd952feec7042d9a5383b639c8edc943402add	2018-11-21	Jesse Brandeburg	ethernet/intel: consolidate NAPI and NAPI exit	
df17b7e02f0fa3a13c5aac26c317447d72612e1c	2018-11-20	Anirudh Venkataramanan	ice: Cosmetic formatting changes	
e0c9fd9b77a7334032ec407d9e14d7c3cac1ac4f	2018-11-20	Dave Ertman	ice: Fix return value from NAPI poll	
1e86ace4c140fd5a693e266c9b23409358f25381	2018-11-20	Saeed Mahameed	net/mlx5: EQ, Use the right place to store/read IRQ affinity hint	
890d8d23ec3c9eca847be0593c0cf5f650b97271	2018-11-19	Jakub Kicinski	net: sched: gred: add basic Qdisc offload	
a1f240f1801721f76bee734c50df2d9529da86e0	2018-11-19	Yuval Avnery	net/mlx5e: Adjust to max number of channles when re-attaching	89d44f0a6c73 ("net/mlx5_core: Add pci error handlers to mlx5_core driver")
00db12c3d141356a4d1e6b6f688e0d5ed3b1f757	2018-11-10	Quentin Monnet	bpf: call verifier_prep from its callback in struct bpf_offload_dev	
e7946760de5852f32c4e52ce47f37e85346981b9	2018-11-08	Ivan Khoronzhuk	net: core: dev_addr_lists: add auxiliary func to handle reference address updates	
a9e510589d7017ee4e82800d0a1d78a694772787	2018-11-07	Jacob Keller	intel-ethernet: software timestamp skbs as late as possible	
c585ea42ec75e8d3afa278b7095d9f0dd6ee515b	2018-11-06	Brett Creeley	ice: Fix tx_timeout in PF driver	
3e59020abf0f88182730527ee5b862e786eb485a	2018-11-03	Eric Dumazet	net: bql: add __netdev_tx_sent_queue()	
d48051c5b8376038c2b287c3b1bd55b8d391d567	2018-10-31	Eric Dumazet	net/mlx5e: fix csum adjustments caused by RXFCS	902a545904c7 ("net/mlx5e: When RXFCS is set, add FCS data into checksum calculation")
3aa8029e1ac4faea2967e36281d93f5d099ed6a9	2018-10-30	Eric Dumazet	net/mlx4_en: add a missing <net/ip.h> include	55469bc6b577 ("drivers: net: remove <net/busy_poll.h> inclusion when not needed")
55469bc6b5770ffdf0f87c38ce2573f8ddbaa33f	2018-10-25	Eric Dumazet	drivers: net: remove <net/busy_poll.h> inclusion when not needed	
e44758b78ae81461a3269e7958653f1af0f78989	2018-10-15	Michael Chan	bnxt_en: Use bnxt_cp_ring_info struct pointer as parameter for RX path.	
3e08b1841bc8debf6b3d722b9d355093a1537b1e	2018-10-15	Michael Chan	bnxt_en: Allocate/Free CP rings for 57500 series chips.	
41e8d7983752f2a0ada01fac11cbac7413e7beec	2018-10-15	Michael Chan	bnxt_en: Modify the ring reservation functions for 57500 series chips.	
9c1fabdf424f27370790f1e0868b35cf63b70981	2018-10-15	Michael Chan	bnxt_en: Adjust MSIX and ring groups for 57500 series chips.	
e38287b72ec5455eb1e16b1de0ba4ed54e2a748c	2018-10-15	Michael Chan	bnxt_en: Add 57500 new chip ID and basic structures.	
af7d6cce53694a88d6a1bb60c9a239a6a5144459	2018-10-10	Sabrina Dubroca	net: ipv4: update fnhe_pmtu when first hop's MTU changes	5aad1de5ea2c ("ipv4: use separate genid for next hop exceptions")
37fdffb217a45609edccbb8b407d031143f551c0	2018-10-10	Tariq Toukan	net/mlx5: WQ, fixes for fragmented WQ buffers API	3a2f70331226 ("net/mlx5: Use order-0 allocations for all WQ types")
779d986d60de51aabc3bec385f92b832089c5c01	2018-10-10	Feras Daoud	net/mlx5e: Do not ignore netdevice TX/RX queues number	cd565b4b51e5 ("IB/IPoIB: Support acceleration options callbacks")
303211b44ce3faa4456f78ed725d80e0212aa842	2018-10-10	Feras Daoud	net/mlx5e: Always initialize update stats delayed work	cd565b4b51e5 ("IB/IPoIB: Support acceleration options callbacks")
2972495699320229b55b8e5065a310be5c81485b	2018-10-09	Jesper Dangaard Brouer	net: fix generic XDP to handle if eth header was mangled	d445516966dc ("net: xdp: support xdp generic on virtual devices")
46515fdb1adff1cc0ac3d0656a7c3492017dfe4f	2018-10-03	Björn Töpel	ixgbe: move common Rx functions to ixgbe_txrx_common.h	
8d7179b1e2d64b3493c0114916486fe92e6109a9	2018-10-03	Radoslaw Tyl	ixgbe: Fix ixgbe TX hangs with XDP_TX beyond queue limit	
62b36c3ea664b34004b9d29bf541b6c6ce30e33c	2018-10-02	Oza Pawandeep	PCI/AER: Remove pci_cleanup_aer_uncorrect_error_status() calls	
46dc933cee82c8fd18f5fb8dfa10aceb7a29d5ab	2018-10-01	Or Gerlitz	net/mlx5e: Provide explicit directive if to create inner indirect tirs	
749359f4aae624ed8fe7aed80e6b011b6e3db2ef	2018-10-01	Gavi Teitz	net/mlx5e: Change VF representors' RQ type	
9dbb137045774f66d036ce3bcdd3f36b9401f8d4	2018-09-25	Björn Töpel	i40e: clean zero-copy XDP Tx ring on shutdown/reset	
14d73416792afa84f6a7245ee474d2432069da56	2018-09-18	Li RongQing	veth: rename pcpu_vstats as pcpu_lstats	
56184e01c00d6d23609f9f9e52cc731568e8088f	2018-09-18	Jesse Brandeburg	iavf: rename most of i40e strings	
f1cad2ce06f28c439dc674893b0d9a8a720acdb8	2018-09-18	Jesse Brandeburg	iavf: remove references to old names	
52bb6677d530d37055092d86b4eab69dce6c166a	2018-09-14	Li RongQing	net: move definition of pcpu_lstats to header file	
ad95c27bdb930105f3eea02621bda157caf2862d	2018-09-03	Michael Chan	bnxt_en: Clean up unused functions.	
6b95c3e9697254dab0c8eafc6ab9d5e10d2eca4e	2018-09-03	Michael Chan	bnxt_en: Fix firmware signaled resource change logic in open.	25e1acd6b92b ("bnxt_en: Notify firmware about IF state changes.")
d28139c4e96713d52a300fb9036c5be2f45e0741	2018-08-30	Paul E. McKenney	rcu: Apply RCU-bh QSes to RCU-sched and RCU-preempt when safe	
20a739dbef28fb3c17de2789a3d7847efec6a3ff	2018-08-29	Björn Töpel	i40e: move common Rx functions to i40e_txrx_common.h	
b3969fd727aa1f2ace4794f2a180f9769128027c	2018-08-28	Sudheer Mogilappagari	ice: Add support for Tx hang, Tx timeout and malicious driver detection	
fabf1bce103aa8e3db27ff2cc55f8e0fb0abcc30	2018-08-24	Tony Nguyen	ixgbe: Prevent unsupported configurations with XDP	
244cd96adb5f5ab39551081fb1f9009a54bb12ee	2018-08-21	Cong Wang	net_sched: remove list_head from tc_action	90b73b77d08e ("net: sched: change action API to use array of pointers to actions")
a6bcfc89694ed8cb482a82cdc8b93aae63a8b691	2018-08-05	Li RongQing	net: check extack._msg before print	7a4c53bee3324a ("net: report invalid mtu value via netlink extack")
25e1acd6b92bde36c03273d883c44c4d0e8995e6	2018-08-05	Michael Chan	bnxt_en: Notify firmware about IF state changes.	
0a0e0829f990120cef165bbb804237f400953ec2	2018-08-03	Frederic Weisbecker	nohz: Fix missing tick reprogram when interrupting an inline softirq	
eacecf2760e321bf1c99b981d44a14bd05721f15	2018-07-31	Adi Nissim	net/mlx5e: Fix null pointer access when setting MTU of vport representor	250a42b6a764 ("net/mlx5e: Support configurable MTU for vport representors")
84c6b86875e01a08a0daa6fdd4a01b36bf0bf0b2	2018-07-31	Jakub Kicinski	xsk: don't allow umem replace at stack level	
a26a5bdf3ee2da419ba2c2baa54f467103dc8cc5	2018-07-26	Tariq Toukan	net/mlx5e: Restrict the combination of large MTU and XDP	
7effaf06c3cdef6855e127886c7405b9ab62f90d	2018-07-26	Tariq Toukan	net: rollback orig value on failure of dev_qdisc_change_tx_queue_len	48bfd55e7e41 ("net_sched: plug in qdisc ops change_tx_queue_len")
1918e937ca3b4270181e6f05734d5240306bd2cf	2018-07-26	Alexander Duyck	ixgbe: Refactor queue disable logic to take completion time into account	
3b5f14b50ee2079190ae6cfe7477e74676651665	2018-07-26	Alexander Duyck	ixgbe: Reorder Tx/Rx shutdown to reduce time needed to stop device	
38b7e7f8ae821bbed28a13b3ac7a7a58aa7cdb95	2018-07-26	Tony Nguyen	ixgbe: Do not allow LRO or MTU change with XDP	
a0929a44c2065da33c17b1b8015a88401d71ca7b	2018-07-25	Toshiaki Makita	virtio_net: Use temporary storage for accounting rx stats	
3c53776e29f81719efcf8f7a6e30cdf753bee94d	2018-07-17	Linus Torvalds	Mark HI and TASKLET softirq synchronous	
d9f37d01e294e5338aa3e9d3b2eda61b59b619df	2018-07-16	Li RongQing	net: convert gro_count to bitmask	
a25717d2b604347d9af8da81deea7b08e8c94220	2018-07-13	Jakub Kicinski	xdp: support simultaneous driver and hw XDP attachment	
68d2f84a1368cc5d4ccbbbfc6821f159d27681c9	2018-07-12	Prashant Bhole	net: gro: properly remove skb from list	d4546c2509b1 ("net: Convert GRO SKB handling to list_head.")
c58387ab1614f6d7fb9e244f214b61e7631421fc	2018-07-09	Vikas Gupta	bnxt_en: Fix for system hang if request_irq fails	c0c050c58d84 ("bnxt_en: New Broadcom ethernet driver.")
8ec56fc3c5ee6f9700adac190e9ce5b8859a58b6	2018-07-09	Alexander Duyck	net: allow fallback function to pass netdev	
4f49dec9075aa0277b8c9c657ec31e6361f88724	2018-07-09	Alexander Duyck	net: allow ndo_select_queue to pass netdev	
a4ea8a3dacc312c3402c78f6e4843afdda9b43a0	2018-07-09	Alexander Duyck	net: Add generic ndo_select_queue functions	
eadec877ce9ca46a94e9036b5a44e7941d4fc501	2018-07-09	Alexander Duyck	net: Add support for subordinate traffic classes to netdev_pick_tx	
ffcfe25bb50f27395e15fa999f1a7eb769f55360	2018-07-09	Alexander Duyck	net: Add support for subordinate device traffic classes	
25db26a91364db00f5a30da2fea8e9afe14a163c	2018-07-04	Vinicius Costa Gomes	net/sched: Introduce the ETF Qdisc	
17266ee939849cb095ed7dd9edbec4162172226b	2018-07-04	Edward Cree	net: ipv4: listified version of ip_rcv	
2d7103c800add14d9ea3194a704130622474d54f	2018-06-28	Tariq Toukan	net/mlx5e: Add NAPI statistics	
7892bd081045222b9e4027fec279a28d6fe7aa66	2018-06-20	Li RongQing	net: propagate dev_get_valid_name return code	
c51818d5b793302b0923ade9856574ac28b9333b	2018-06-20	Daniel Borkmann	bpf, xdp, i40e: fix i40e_build_skb skb reserve and truesize	cc5b114dcf98 ("bpf, i40e: add meta data support");0c8493d90b6b ("i40e: add XDP support for pass and drop actions")
de7a7e34e27c029fbb3c4e764db045548629b834	2018-06-11	Alexander Duyck	ixgbe: Move ipsec init function to before reset call	49a94d74d948 ("ixgbe: add ipsec engine start and stop routines")
2fa3c8a8b23041490b279d2630f1cfc9fae242fb	2018-06-04	Tonghao Zhang	net: virtio: simplify the virtnet_find_vqs	
42b33468987bac0dd95c30f14820c7abac04a153	2018-06-03	Jesper Dangaard Brouer	xdp: add flags argument to ndo_xdp_xmit API	
6c63efe4cfabf230a8ed4b1d880249875ffdac13	2018-06-01	Eran Ben Elisha	net/mlx5e: Remove redundant active_channels indication	76c3810bade3 ("net/mlx5e: Avoid reset netdev stats on configuration changes")
8bfaf07f780683948a3183d3b14a76dfd50bf899	2018-06-01	Eran Ben Elisha	net/mlx5e: Present SW stats when state is not opened	76c3810bade3 ("net/mlx5e: Avoid reset netdev stats on configuration changes")
16e6653c8259ca5383126e1c6bcf7fe062af87fc	2018-05-31	Ondřej Hlavatý	ixgbe: fix parsing of TC actions for HW offload	
30c8bd5aa8b2c78546c3e52337101b9c85879320	2018-05-28	Sridhar Samudrala	net: Introduce generic failover module	
05909babce5328f468f7ac3a1033431c895f97a5	2018-05-25	Eran Ben Elisha	net/mlx5e: Avoid reset netdev stats on configuration changes	
4695ca9d17a2f47e0be3011ef25a4d77b973b547	2018-05-25	Bjorn Helgaas	ixgbe: Report PCIe link properties with pcie_print_link_status()	
af125b754e2f09e6061e65db8f4eda0f7730011d	2018-05-25	Bjorn Helgaas	bnxt_en: Report PCIe link properties with pcie_print_link_status()	
868a01a27d80a59e719f0c369d1b26b923fc7674	2018-05-25	Shalom Lagziel	net/mlx5e: Introducing new statistics rwlock	9218b44dcc05 ("net/mlx5e: Statistics handling refactoring")
043dc78ecf07f3fc5b87270518d7f322aea2f748	2018-05-25	Tariq Toukan	net/mlx5e: TX, Use actual WQE size for SQ edge fill	
f44aa9ef7950a56daa3a5b41f069761f945f1a1f	2018-05-24	John Hurley	net: include hash policy in LAG changeupper info	
735fc4054b3a25034445c6713d259da0f96f8131	2018-05-24	Jesper Dangaard Brouer	xdp: change ndo_xdp_xmit API to support bulking	
f0b99e3ab323c72c480140532b0526f087a08c23	2018-05-20	Jeff Kirsher	Revert "ixgbe: release lock for the duration of ixgbe_suspend_close()"	
6358d49ac23995fdfe157cc8747ab0f274d3954b	2018-05-18	Amritha Nambiar	net: Fix a bug in removing queues from XPS map	184c449f91fe ("net: Add support for XPS with QoS via traffic classes")
32f7b44d0f5661044fcfa84e9ad402ed9d759107	2018-05-16	Paolo Abeni	sched: manipulate __QDISC_STATE_RUNNING in qdisc_run_* helpers	
02786475c74c7d0721b0142fac74108112cb456c	2018-05-10	Davidlohr Bueso	net: Update generic_xdp_needed static key to modern api	
39e8392201dcd02b7d70f2149e678035b20cc26a	2018-05-10	Davidlohr Bueso	net: Update netstamp_needed static key to modern api	
aabf6772cc745f90d1e15b0054eca734ba787784	2018-05-10	Davidlohr Bueso	net: Update [e/in]gress_needed static key to modern api	
cc559c1ac250a6025bd4a9528e424b8da250655b	2018-05-08	Michael Chan	bnxt_en: Fix firmware message delay loop regression.	9751e8e71487 ("bnxt_en: reduce timeout on initial HWRM calls")
f761312023a1f0d625e34daadd54c3f9cb2a4ac2	2018-04-26	Nikita V. Shirokov	bpf: fix xdp_generic for bpf_adjust_tail usecase	198d83bb3 (" bpf: make generic xdp compatible w/ bpf_xdp_adjust_tail")
8315ef6f395cc4e14171c59e1176711976deeb84	2018-04-25	Alexander Duyck	ixgbe: Avoid performing unnecessary resets for macvlan offload	
865255b5a2e5a905a1cd8ff8444604af61ee79d8	2018-04-25	Alexander Duyck	ixgbe: Drop real_adapter from l2 fwd acceleration structure	
81d4e91cd599ed7fd378ca5463d6d9b05214b8b2	2018-04-25	Alexander Duyck	macvlan: Use software path for offloaded local, broadcast, and multicast traffic	
7d775f63470c3b6ddf34c770c973293ab925a7bb	2018-04-25	Alexander Duyck	macvlan: Rename fwd_priv to accel_priv and add accessor function	
6870de435b90c083ae0f3f7f341287976ef56f03	2018-04-18	Nikita V. Shirokov	bpf: make virtio compatible w/ bpf_xdp_adjust_tail	
e5e0a59b7cd17244cb0c1d87112b0c9e5e2bfb39	2018-04-18	Nikita V. Shirokov	bpf: make mlx4 compatible w/ bpf_xdp_adjust_tail	
198d83bb3becf2e9c6c4fa744f35296c20da795a	2018-04-18	Nikita V. Shirokov	bpf: make generic xdp compatible w/ bpf_xdp_adjust_tail	
44fa2dbd475996ddc8f3a0e6113dee983e0ee3aa	2018-04-17	Jesper Dangaard Brouer	xdp: transition into using xdp_frame for ndo_xdp_xmit	
039930945a72d9af5ff04ae9b9e60658a52e0770	2018-04-17	Jesper Dangaard Brouer	xdp: transition into using xdp_frame for return API	
60bbf7eeef10dc647430646d7fe5e3d8d132dbec	2018-04-17	Jesper Dangaard Brouer	mlx5: use page_pool for xdp_return_frame call	
cac320c850efb25480cd0f71383b84ec61c0e138	2018-04-17	Jesper Dangaard Brouer	virtio_net: convert to use generic xdp_frame and xdp_return_frame API	
5168d73201898c581d0503434ee9743cfc8f964b	2018-04-17	Jesper Dangaard Brouer	mlx5: basic XDP_REDIRECT forward support	
cb98526bf9b985866d648dbb9c983ba9eb59daba	2018-04-11	Michael Chan	bnxt_en: Fix NULL pointer dereference at bnxt_free_irq().	e5811b8c09df ("bnxt_en: Add IRQ remapping logic.")
11c3ec7bb940b6fa3f87f05f01b7f45eef08dfbb	2018-04-11	Michael Chan	bnxt_en: Need to include RDMA rings in bnxt_check_rings().	fbcfc8e46741 ("bnxt_en: Reserve completion rings and MSIX for bnxt_re RDMA driver.")
cdbd0d2bae14566cf875595180b91527b4431df8	2018-04-05	Ariel Levkovich	net/mlx5: Mkey creation command adjustments	
08654eb213a8066b30c41e22067a9f066b40c80f	2018-03-31	Michael Chan	bnxt_en: Change IRQ assignment for RDMA driver.	
9899bb59ff08a50aef033b4d388d223adca58a7f	2018-03-31	Michael Chan	bnxt_en: Improve ring allocation logic.	
1d3ef13dd48da9177e417379644be9003bc459cc	2018-03-31	Michael Chan	bnxt_en: Adjust default rings for multi-port NICs.	
d4f52de02f04f0a7dfcb1d0228a2ff58b06aa230	2018-03-31	Michael Chan	bnxt_en: Update firmware interface to 1.9.1.15.	
fc1dd36992bb041b4470120aecf8986910c56088	2018-03-31	Kirill Tkhai	net: Remove net_rwsem from {, un}register_netdevice_notifier()	f0b07bb151b0 "net: Introduce net_rwsem to protect net_namespace_list"
18187fb2c3c138630f6b7c7b7ba7ab41ccd95129	2018-03-30	Tariq Toukan	net/mlx5e: Code movements in RX UMR WQE post	
73281b78a37a1a3f392fd5b6116d04e597484529	2018-03-30	Tariq Toukan	net/mlx5e: Derive Striding RQ size from MTU	
328fbe747ad4622f0dfa98d2e19e836f03f80c04	2018-03-30	Kirill Tkhai	net: Close race between {un, }register_netdevice_notifier() and setup_net()/cleanup_net()	
2a0f561bf81c13d36910c7312ac8c67f83320a07	2018-03-27	Tariq Toukan	net/mlx5e: Do not reset Receive Queue params on every type change	2fc4bfb7250d ("net/mlx5e: Dynamic RQ type infrastructure")
134201aeadf3109ac9982ea81a79ec68442a07d1	2018-03-26	Jacob Keller	i40e: move AUTO_DISABLED flags into the state field	
fd141fa47c03018aa1f77c335b0f444493e145d5	2018-03-26	Sinan Kaya	bnxt_en: Eliminate duplicate barriers on weakly-ordered archs	
070f2d7e264acd6316fc24092b7f51a18c75ac9c	2018-03-26	Kirill Tkhai	net: Drop NETDEV_UNREGISTER_FINAL	
ede2762d93ff16e0974f7446516b46b1022db213	2018-03-26	Kirill Tkhai	net: Make NETDEV_XXX commands enum { }	
bda7fab54828bbef2164bb23c0f6b1a7d05cc718	2018-03-23	Jay Vosburgh	virtio-net: Fix operstate for virtio when no VIRTIO_NET_F_STATUS	
05d3ac978ed25b753bfe34fe76c50c31ee506a82	2018-03-19	Bodong Wang	net/mlx5: Packet pacing enhancement	
832aed16ce7af2a43dafe9d4bc9080322e042cde	2018-03-12	Michael Chan	bnxt_en: Fix regressions when setting up MQPRIO TX rings.	674f50a5b026 ("bnxt_en: Implement new method to reserve rings.")
f5426250a6ecfd1e9b2d5e0daf07565f664aa67d	2018-03-09	Paolo Abeni	net: introduce IFF_NO_RX_HANDLER	
1ec54cb44e6731c3cb251bcf9251d65a4b4f6306	2018-03-07	Paolo Abeni	net: unpollute priv_flags space	
e6c6a92905210484a84a0cae5b013570b7a67b6f	2018-03-05	Gal Pressman	net: Make RX-FCS and LRO mutually exclusive	
4e09ff5362843dff3accfa84c805c7f3a99de9cd	2018-02-28	Jason Wang	virtio-net: disable NAPI only when enabled during XDP set	4941d472bf95b ("virtio-net: do not reset during XDP set")
04d4105174349dceccf9545a3e5e421c18f2cc56	2018-02-26	Alan Brady	i40e/i40evf: use SW variables for hang detection	
6704a3abf4cf4181a1ee64f5db4969347b88ca1d	2018-02-26	Jacob Keller	ixgbe: prevent ptp_rx_hang from running when in FILTER_ALL mode	a9763f3cb54c ("ixgbe: Update PTP to support X550EM_x devices", 2015-12-03)
7324f5399b06cdbbd1520b8fde8024035953179d	2018-02-21	Jesper Dangaard Brouer	virtio_net: disable XDP_REDIRECT in receive_mergeable() case	186b3c998c50 ("virtio-net: support XDP_REDIRECT")
ac5b70198adc25c73fba28de4f78adcee8f6be0b	2018-02-14	Jakub Kicinski	net: fix race on decreasing number of TX queues	e6484930d7c7 ("net: allocate tx queues in register_netdevice")
a0073a4b8b5906b2a7eab5e9d4a91759b56bc96f	2018-02-12	Alexander Duyck	i40e/i40evf: Add support for new mechanism of updating adaptive ITR	
556fdfd6e6ffcab9d03c942df06a5591c84ca637	2018-02-12	Alexander Duyck	i40e/i40evf: Split container ITR into current_itr and target_itr	
71dc371993625b4b1ae26214af74427765bfa3a2	2018-02-12	Alexander Duyck	i40e/i40evf: Clean up logic for adaptive ITR	
48bfd55e7e4149a304e89c1999436cf52d094a27	2018-01-29	Cong Wang	net_sched: plug in qdisc ops change_tx_queue_len	
6a643ddb5624be7e0694d49f5765a8d41c1ab6d0	2018-01-29	Cong Wang	net: introduce helper dev_change_tx_queue_len()	
38e01b30563a5b5ade7b54e5d739d16a2b02fe82	2018-01-29	Nicolas Dichtel	dev: advertise the new ifindex when the netns iface changes	
c36ac8e2307334c83e8bf81ed361f0e4959d995f	2018-01-29	Nicolas Dichtel	dev: always advertise the new nsid when the netns iface changes	
9e55e5d30f6c6ebaa1ada11814bc067a4fe3cfd9	2018-01-23	Florian Fainelli	net: core: Fix kernel-doc for carrier_* attributes	b2d3bcfa26a7 ("net: core: Expose number of link up/down transitions")
b2d3bcfa26a7a8de41f358a6cae8b848673b3c6e	2018-01-22	David Decotigny	net: core: Expose number of link up/down transitions	
d7dfc5cf56b0e34f52d70260b024335e98f4c8c9	2018-01-22	Toshiaki Makita	virtio_net: Add ethtool stats	
57d689a8ca7b360f902328da95e8b441c24823ca	2018-01-19	Eran Ben Elisha	net/mlx5e: Add per-channel counters infrastructure, use it upon TX timeout	
7fdb61b44c0c95d00f6c856d9fb61a9f647bc85f	2018-01-14	Nogah Frankel	net: sch: prio: Add offload ability to PRIO qdisc	
b5f69ccf6765804b550dfd6c165b0c35d07bbc65	2018-01-12	Alexander Duyck	ixgbe: avoid bringing rings up/down as macvlans are added/removed	
16be45bca8d10ba2f9400bbc97958a437c3439de	2018-01-12	Alexander Duyck	ixgbe: Do not manipulate macvlan Tx queues when performing macvlan offload	
237f258c42c905f71c694670fe4d9773d85c36ed	2018-01-12	Feras Daoud	net/mlx5e: Remove timestamp set from netdevice open flow	ef9814deafd0 ("net/mlx5e: Add HW timestamping (TS) support")
75b81ce719b79565eb0b39aa9954b6e11a5e73bf	2018-01-12	Gal Pressman	net/mlx5e: Don't override netdev features field unless in error flow	0e405443e803 ("net/mlx5e: Improve set features ndo resiliency")
6a8788f25625eab31ffa624da2db758ecae6151d	2018-01-10	Andy Gospodarek	bnxt_en: add support for software dynamic interrupt moderation	
9a31742531018c0b6ab1bccff97109c8020ad86e	2018-01-10	Andy Gospodarek	net/mlx5e: Change Mellanox references in DIM code	
4e039c1675d4ecfb8ef25a20ac686b38490b36fd	2018-01-09	Alexander Duyck	ixgbe: Fix limitations on macvlan so we can support up to 63 offloaded devices	
63f721c28285d5d6741ed981d494da64a2055fd0	2018-01-09	Tonghao Zhang	ixgbe: Remove an obsolete comment about ITR	
36e564b76f1862914ad32c35bab433e07da2ebf8	2018-01-09	Feras Daoud	net/mlx5e: IPoIB, Use correct timestamp in child receive flow	7e7f4780c340 ("net/mlx5e: IPoIB, Use hash-table to map between QPN to child netdev")
72dd831e24cc9487a9cd534fdd675fe97e3c1839	2018-01-08	Gal Pressman	net: Fix netdev_WARN_ONCE macro	375ef2b1f0d0 ("net: Introduce netdev_*_once functions")
754b8a21a96d5f11712245aef907149606b323ae	2018-01-05	Jesper Dangaard Brouer	virtio_net: setup xdp_rxq_info	
96a8604f95fa216b9ddfd15c687eed42a2f56901	2018-01-05	Jesper Dangaard Brouer	bnxt_en: setup xdp_rxq_info	
248de22e638f10bd5bfc7624a357f940f66ba137	2018-01-03	Alexander Duyck	i40e/i40evf: Account for frags split over multiple descriptors in check linearize	
55a5ec9b77106ffc05e8c40d7568432bf4696d7b	2018-01-02	David S. Miller	Revert "net: core: dev_get_valid_name is now the same as dev_alloc_name_ns"	029b6d140550 ("Revert "net: core: maybe return -EEXIST in __dev_alloc_name"")
3dca3f38cfb8efb8571040568cac7d0025fa5bb1	2017-12-20	Steffen Klassert	xfrm: Separate ESP handling from segmentation for GRO packets.	
56f5aa77cdad1076bea0ae8ddeb74ba68ddc9502	2017-12-19	Michael Chan	net: Disable GRO_HW when generic XDP is installed on a device.	
fb1f5f79ae96331a0201b4080d34f3bc3b5c0b1d	2017-12-19	Michael Chan	net: Introduce NETIF_F_GRO_HW.	
fdaa767aefc1685f9a41e91f447c9aea94103df6	2017-12-08	Toshiaki Makita	virtio_net: Disable interrupts if napi_complete_done rescheduled napi	
edf22f4ca26babcd8cba4f049c6be53f0e73bcc1	2017-12-04	Paul E. McKenney	softirq: Eliminate cond_resched_rcu_qs() in favor of cond_resched()	
a7f3f939dd7d8398acebecd1ceb2e9e7ffbe91d2	2017-12-02	Ray Jui	bnxt_en: Need to unconditionally shut down RoCE in bnxt_shutdown	
bd0b2e7fe611953470ec7c533b455fb2abd382cd	2017-12-03	Jakub Kicinski	net: xdp: make the stack take care of the tear down	
92f0292b35a09bb5f12a4184ac86668599bc233b	2017-12-03	Jakub Kicinski	net: xdp: report flags program was installed with on query	
0c19f846d582af919db66a5914a0189f9f92c936	2017-11-24	Willem de Bruijn	net: accept UFO datagrams from tuntap and packet	fb652fdfe837 ("macvlan/macvtap: Remove NETIF_F_UFO advertisement.")
e99e88a9d2b067465adaa9c111ada99a041bef9a	2017-11-21	Kees Cook	treewide: setup_timer() -> timer_setup()	
288b3de55aace830f13280985ec9e6bcbff33b1b	2017-11-21	Jakub Kicinski	bpf: offload: move offload device validation out to the drivers	
87c320e51519a83c496ab7bfb4e96c8f9c001e89	2017-11-14	Rasmus Villemoes	net: core: dev_get_valid_name is now the same as dev_alloc_name_ns	
2c88b855981481970b731bf3f4508400aac429fb	2017-11-14	Rasmus Villemoes	net: core: move dev_alloc_name_ns a little higher	
2a8d6065e7b90ad9d5540650944d802b0f86bdfe	2017-11-10	Saeed Mahameed	net/mlx5e: Fix napi poll with zero budget	4b7dfc992514 ("net/mlx5e: Early-return on empty completion queues")
7dfaa7bc99498da1c6c4a48bee8d2d5265161a8c	2017-11-08	Arnd Bergmann	bnxt: fix bnxt_hwrm_fw_set_time for y2038	
8521db4c7e155d12fb280686c0552e47f77e9110	2017-11-08	Nogah Frankel	net_sch: cbs: Change TC_SETUP_CBS to TC_SETUP_QDISC_CBS	
575ed7d39e2fbe602a3894bc766a8cb49af83bd3	2017-11-08	Nogah Frankel	net_sch: mqprio: Change TC_SETUP_MQPRIO to TC_SETUP_QDISC_MQPRIO	
602f3baf22188aad24b9a58be3209ab774b97d74	2017-11-08	Nogah Frankel	net_sch: red: Add offload ability to RED qdisc	
ab3f0063c48c26c927851b6767824e35a716d878	2017-11-05	Jakub Kicinski	bpf: offload: add infrastructure for loading programs for a specific netdev	
fbcb127e89ba8a4ccbec609a27f8d110474044c8	2017-11-04	Huy Nguyen	net/mlx5e: Support DSCP trust state to Ethernet's IP packet on SQ	
2a5e7a1344f4dff71bb921ee0c9ecf7f5932e570	2017-11-04	Huy Nguyen	net/mlx5e: Add dcbnl dscp to priority support	
46209401f8f6116bd0b2c2d14a63958e83ffca0b	2017-11-03	Jiri Pirko	net: core: introduce mini_Qdisc and eliminate usage of tp->q for clsact fastpath	
c1a7bdff17247332ecff7f243e42d269b3f74c65	2017-10-28	Michael Chan	bnxt_en: Optimize .ndo_set_mac_address() for VFs.	
431aa1eb20d8ae2674723292adb832b968da868e	2017-10-28	Michael Chan	bnxt_en: Get firmware package version one time.	
62b4c6694dfd3821bd5ea5bed48238bbabd5fe8b	2017-10-26	Alexander Duyck	i40e: Add programming descriptors to cleaned_count	0e626ff7ccbf ("i40e: Fix support for flow director programming status")
069db9cd0bbde92d3aa947ed86a09cbd4ceb5f67	2017-10-26	Alexander Duyck	ixgbe: Fix Tx map failure path	ffed21bcee7a ("ixgbe: Don't bother clearing buffer memory for descriptor rings")
6aa7de059173a986114ac43b8f50b297a86f09a8	2017-10-25	Mark Rutland	locking/atomics: COCCINELLE/treewide: Convert trivial ACCESS_ONCE() patterns to READ_ONCE()/WRITE_ONCE()	
1c601d829ab0d7ac3ac44853f83db2206afe67fc	2017-10-18	Jesper Dangaard Brouer	bpf: cpumap xdp_buff to skb conversion and allocation	
cc72f3b1feb4fd38d33ab7a013d5ab95041cb8ba	2017-10-14	Michael Chan	bnxt_en: Fix possible corrupted NVRAM parameters from firmware response.	3ebf6f0a09a2 ("bnxt_en: Add installed-package version reporting via Ethtool GDRVINFO")
e2dc9b6e38fa3919e63d6d7905da70ca41cbf908	2017-10-14	Michael Chan	bnxt_en: Don't use rtnl lock to protect link change logic in workqueue.	90c694bb7181 ("bnxt_en: Fix RTNL lock usage on bnxt_update_link().")
c213eae8d3cd4c026f348ce4fd64f4754b3acf2b	2017-10-14	Michael Chan	bnxt_en: Improve VF/PF link change logic.	c0c050c58d84 ("bnxt_en: New Broadcom ethernet driver.")
7e7f4780c3402bd181eea82ca6395013623e4fbf	2017-10-14	Alex Vesker	net/mlx5e: IPoIB, Use hash-table to map between QPN to child netdev	
7c39afb394c79e72c3795b4a42d55155b34ee073	2017-10-14	Feras Daoud	net/mlx5: PTP code migration to driver core section	
2b9478ffc550f17c6cd8c69057234e91150f5972	2017-10-10	Alexander Duyck	i40e: Fix memory leak related filter programming status	0e626ff7ccbf ("i40e: Fix support for flow director programming status")
11f29003d6376fb123b7c3779dba49bb56fb0815	2017-10-09	Jacob Keller	i40e/i40evf: bump tail only in multiples of 8	
dbadbbe235f82f13224c85d29e65cf859afaa18c	2017-10-09	Jacob Keller	i40e/i40evf: always set the CLEARPBA flag when re-enabling interrupts	
b4ded8327fea82b53fcec39e0845011246d020f4	2017-10-09	Alexander Duyck	ixgbe: Update adaptive ITR algorithm	
f5a71caa1763cc8fd1b108234689d6a7e4fe9d2f	2017-10-09	Shannon Nelson	ixgbe: restore normal RSS after last macvlan offload is removed	
a5340d933e3cd7829a24bacc156dd1e475a1ae2c	2017-10-06	Jacob Keller	i40e: ignore skb->xmit_more when deciding to set RS bit	
6621dd29eb9b5e6774ec7a9a75161352fdea47fc	2017-10-04	Nicolas Dichtel	dev: advertise the new nsid when the netns iface changes	
2f657a600409f1961d67642fe384a9d4be71d36a	2017-10-01	Vivien Didelot	net: dsa: change dsa_ptr for a dsa_port	
581fe0ea61584d88072527ae9fb9dcb9d1f2783e	2017-09-22	Willem de Bruijn	net: orphan frags on stand-alone ptype in dev_queue_xmit_nit	1f8b977ab32d ("sock: enable MSG_ZEROCOPY")
92dd5452c1be873a1193561f4f691763103d22ac	2017-09-20	Edward Cree	net: change skb->mac_header when Generic XDP calls adjust_head	b5cdae3291f7 ("net: Generic XDP")
186b3c998c50fc241b51b905081c748455d16b4a	2017-09-20	Jason Wang	virtio-net: support XDP_REDIRECT	
a8c2eb15797a0f0bf17734d365da7bdc3e263155	2017-09-03	Tariq Toukan	net/mlx5e: Stop NAPI when irq balancer changes affinity	
7b33aaeaae1acfec01cbb0cf41fa8c07aea55609	2017-09-03	Tariq Toukan	net/mlx5e: Use kernel's mechanism to avoid missing NAPIs	
a071cb9f25bef32ec309ca9d123022c52175341b	2017-09-03	Tariq Toukan	net/mlx5e: Non-atomic RQ state indicator for UMR WQE in progress	
a1eaba4c5c29b6b5196b2237ce3a8d7d97622b2f	2017-09-03	Tariq Toukan	net/mlx5e: Non-atomic indicator for ring enabled state	
4cbb7558013a4f600eb1ca9ad34959d8912240e6	2017-09-03	Tariq Toukan	net/mlx5e: NAPI busy-poll when UMR post is in progress	
25cc72a33835ed8a6f53180a822cadab855852ac	2017-09-01	Ido Schimmel	mlxsw: spectrum: Forbid linking to devices that have uppers	0d65fc13042f ("mlxsw: spectrum: Implement LAG port join/leave")
98fdbe73bfb809b1f8eec9f27a36e737caed3a44	2017-08-28	Michael Chan	bnxt_en: Improve tx ring reservation logic.	
1e22391e8fbec9c3709bad82b997b108d1c6228b	2017-08-28	Jesper Dangaard Brouer	net: missing call of trace_napi_poll in busy_poll_stop	
742c9875759c1858c3312442a78a80f3e93d82c4	2017-08-27	Jacob Keller	i40e/i40evf: avoid dynamic ITR updates when polling or low packet rate	
0a2c7722be1705edca34458bd9de2f97188f9636	2017-08-27	Jacob Keller	i40e/i40evf: remove ULTRA latency mode	
6d9777298b54bf1212fcaa6ee6679a430ceca452	2017-08-27	Jacob Keller	i40e: invert logic for checking incorrect cpu vs irq affinity	
dadc0736f7be553a25ad34dc437ae379c5ab4a68	2017-08-24	Eric Dumazet	virtio_net: be drop monitor friendly	
87e9b3778c94694c9e098c91a0cc05725f0e017f	2017-08-23	Michael Chan	bnxt_en: Fix .ndo_setup_tc() to include XDP rings.	38413406277f ("bnxt_en: Add support for XDP_TX action.")
63bfd399de55e09369e5ab344d1fb7f86ed73bab	2017-08-20	Eran Ben Elisha	net/mlx5e: Send PAOS command on interface up/down	
d2cee2e5d0106abb5da25f393b3c50e0bb01f7f9	2017-08-18	Jesper Dangaard Brouer	ixgbe: change ndo_xdp_xmit return code on xmit errors	
939912216fa8f62331de7d04edff492d5dc8e6e9	2017-08-11	Tonghao Zhang	net: skb_needs_check() removes CHECKSUM_UNNECESSARY check for tx.	
38cf0426e5178b1c3810bb88e65dd23882e40283	2017-08-07	Jiri Pirko	net: sched: change return value of ndo_setup_tc for driver supporting mqprio only	
0cf0f6d3d39672c044393aef71ee782430ca8b13	2017-08-07	Jiri Pirko	mlx5e: push cls_flower and mqprio setup_tc processing into separate functions	
bc32afdb2b01ae7652cbb829475d270f7d813618	2017-08-07	Jiri Pirko	ixgbe: push cls_u32 and mqprio setup_tc processing into separate functions	
3bcc0cec818fa969fe555b44443347211ed787a3	2017-08-04	Jiri Pirko	net: sched: change names of action number helpers to be aligned with the rest	
1f8b977ab32dc5d148f103326e80d9097f1cefb5	2017-08-03	Willem de Bruijn	sock: enable MSG_ZEROCOPY	
1daa8790d0280d2c719658e39bd59fce65efa909	2017-07-31	Michael S. Tsirkin	virtio_net: fix truesize for mergeable buffers	680557cf79f8 ("virtio_net: rework mergeable buffer handling")
b85c94b617c0004d1f2bd6ca32baa9132a6c2fe5	2017-07-26	Jesse Brandeburg	i40e/i40evf: remove mismatched type warnings	
48301cf22fa7d70db3ae777e374edfd4119fc826	2017-07-25	Tony Nguyen	ixgbe: Update NW_MNG_IF_SEL support for X553	
39d8ba2e71fbdde686d7e31ad141a01994dc0793	2017-07-24	Michael Chan	bnxt_en: Implement ndo_bridge_{get|set}link methods.	
7051b88a35c7dde5705923833117e14f9cc17d92	2017-07-19	stephen hemminger	net: make dev_close and related functions void	
dcda9b04713c3f6ff0875652924844fae28286ea	2017-07-12	Michal Hocko	mm, tree wide: replace __GFP_REPEAT by __GFP_RETRY_MAYFAIL with more useful semantic	
3b6b34df342553a7522561e34288f5bb803aa9aa	2017-07-11	Michael Chan	bnxt_en: Fix bug in ethtool -L.	391be5c27364 ("bnxt_en: Implement new scheme to reserve tx rings.")
f51048c3e07b68c90b21a77541fc4b208f9244d7	2017-07-08	WANG Cong	bonding: avoid NETDEV_CHANGEMTU event when unregistering slave	
9af9959e142c274f4a30fefb71d97d2b028b337f	2017-07-03	Alban Browaeys	net: core: Fix slab-out-of-bounds in netdev_stats_to_stats64	
ce158e580a5bdc93286a3b630638bdd47d4ec663	2017-06-23	Jakub Kicinski	xdp: add reporting of offload mode	
ee5d032f7d032e2cea354522a46b211de84c4e8c	2017-06-23	Jakub Kicinski	xdp: add HW offload mode flag for installing programs	
32d602771b624e3a2fc86d5e220e9fa7dced767a	2017-06-23	Jakub Kicinski	xdp: pass XDP flags into install handlers	
fe420d87bbc234015b4195dd239b7d3052b140ea	2017-06-20	Sebastian Siewior	net/core: remove explicit do_softirq() from busy_poll_stop()	
31ac93386d135a6c96de9c8bab406f5ccabf5a4d	2017-06-15	Or Gerlitz	net/mlx5e: Avoid doing a cleanup call if the profile doesn't have it	26e59d8077a3 '(net/mlx5e: Implement mlx5e interface attach/detach callbacks')
db46a0e1be7eac45d0bb1bdcd438b8d47c920451	2017-06-14	Magnus Damm	net: update undefined ->ndo_change_mtu() comment	
622a2ef538fb3ca8eccf49716aba8267d6e95a47	2017-06-13	Jacob Keller	ixgbe: check for Tx timestamp timeouts during watchdog	
8397ed36b7c585f8d3e06c431f4137309124f78f	2017-06-08	David Ahern	net: ipv6: Release route when device is unregistering	a1a22c12060e4 ("net: ipv6: Keep nexthop of multipath route on admin down")
93df9465c93e634c49f18271218076ab0b9aaf75	2017-05-31	Tony Nguyen	ixgbe: Resolve warnings for -Wimplicit-fallthrough	
e61e4c8b905b995a5334acf5fb9c7bcaec7417da	2017-05-31	Tony Nguyen	ixgbe: Resolve truncation warning for q_vector->name	
0bc0706b46cd345537f9bd3cdf5d84c33f5484e4	2017-05-31	Jacob Keller	i40e: check for Tx timestamp timeouts during watchdog	
90b602f80397657429373ca009f98aec4dd3c553	2017-05-21	Miroslav Lichvar	net: add function to retrieve original skb device using NAPI ID	
0cd2950357e31a96be03b531b4b11fe1df812c9f	2017-05-18	Alexey Dobriyan	net: make struct net_device::tx_queue_len unsigned int	
d651983dde41a854e25664d98cbfc999d55785a8	2017-05-16	Mauro Carvalho Chehab	net: fix some identation issues at kernel-doc markups	
d67b9cd28c1d7f82c2e5e727731ea7c89b23a0a8	2017-05-11	Daniel Borkmann	xdp: refine xdp api with regards to generic xdp	
505a9249c23988768983aaa0766ce54e0dbe037d	2017-05-09	Kamal Heib	net/mlx4_en: Change the error print to debug print	51151a16a60f ('mlx4: allow order-0 memory allocations in RX path')
f108304872b8d987ceab195174ba41153fb70bf6	2017-05-08	Vlastimil Babka	treewide: convert PF_MEMALLOC manipulations to new helpers	
1d11e732e7d501c4a231f0b32cf8b81990592689	2017-04-30	Willem de Bruijn	virtio-net: use netif_tx_napi_add for tx napi	
47994c119a36e28e1779efabc92d6ab5329a6f75	2017-04-30	Jacob Keller	i40e: remove hw_disabled_flags in favor of using separate flag bits	
0da36b9774cc24bac4bff446edf49f31aa98a282	2017-04-30	Jacob Keller	i40e: use DECLARE_BITMAP for state fields	
3dfbfc7ebb959d68b35d5ca3b7499cc73dc57261	2017-04-29	Tony Nguyen	ixgbe: Check for RSS key before setting value	
7379f97a4fce3c1aa3b80a85cb8440453bf30411	2017-04-29	John Fastabend	ixgbe: delay tail write to every 'n' packets	
0575c86b5dd596253bdfc0365b570d67b1a12523	2017-04-27	Zhang Shengju	net: remove unnecessary carrier status check	
8ecbc40ada116f2f7d6b61cd646802c87b7c5c7d	2017-04-27	Zhang Shengju	net: update comment for netif_dormant() function	
78a57b482aa53b040fbc2b2ef0208b54f004161b	2017-04-26	Willem de Bruijn	virtio-net: on tx, only call napi_disable if tx napi is on	5a719c2552ca ("virtio-net: transmit napi")
b5cdae3291f7be7a34e75affe4c0ec1f7f328b64	2017-04-25	David S. Miller	net: Generic XDP	
ea7735d97ba9064c448664429e249991ccd8aa77	2017-04-24	Willem de Bruijn	virtio-net: move free_old_xmit_skbs	
9e54e322ded40f424dcb5a13508e2556919ce12a	2017-04-24	Deepak Khungar	bnxt_en: Restrict a PF in Multi-Host mode from changing port PHY configuration	
7acf8a1e8a28b3d7407a8d8061a7d0766cfac2f4	2017-04-21	Matthew Whitehead	Replace 2 jiffies with sysctl netdev_budget_usecs to enable softirq tuning	
ed0980c4401a21148d2fb9f4f6dd6132a4cc7599	2017-04-19	Scott Peterson	i40e/i40evf: Add tracepoints	
0e626ff7ccbfc43c6cc4aeea611c40b899682382	2017-04-19	Alexander Duyck	i40e: Fix support for flow director programming status	
53240e99dbbfe69a6b3ca808a6d15eea744be169	2017-04-19	alice michael	i40e/i40evf: Remove VF Rx csum offload for tunneled packets	
18a8cc9815746b8f0ae6f78733877d3846058d1c	2017-04-18	Alexander Duyck	ixgbe: Fix output from ixgbe_dump	c3630cc40b4f ("ixgbe: Use length to determine if descriptor is done")
332f235836082fe7d3d890409ed6a20e0ea0d923	2017-04-18	Joe Perches	ixgbe: Remove pr_cont uses	
df7dd8fc965c665e83b71a649378cdf200ff36df	2017-04-12	Johannes Berg	net: xdp: don't export dev_change_xdp_fd()	
f8b45b74cc6229d9f8780fd962dab84d810b6f17	2017-04-08	Alexander Duyck	i40e/i40evf: Use build_skb to build frames	
ca9ec0888d631c446040a7fab9985afdeb4f73f3	2017-04-08	Alexander Duyck	i40e/i40evf: Add support for padding start of frames	
98efd69493b9d4b02353a552af8ffaaf30de8af4	2017-04-08	Alexander Duyck	i40e/i40evf: Add support for using order 1 pages with a 3K buffer	
17daabb5e8db2b7de742f59dd73aa12550143e0d	2017-04-08	Alan Brady	i40e: Simplify i40e_detect_recover_hung_queue logic	
e8c5f7231cc03153fee1b5fcb173585354c08ee8	2017-04-08	Alexander Duyck	i40e: Swap use of pf->flags and pf->hw_disabled_flags for ATR Eviction	
a346fb836c712b43fc7bd925534eb8c23b3b61f0	2017-04-08	Jacob Keller	i40e: update error message when trying to add invalid filters	
fa2343e9034ce6c8d93ace00e6e7a6974394f0df	2017-03-29	Alexander Duyck	i40e/i40evf: Break i40e_fetch_rx_buffer up to allow for reuse of frag code	
a0cfc3130eef5406867b38d7e6ac25d1b87e2c76	2017-03-29	Alexander Duyck	i40e/i40evf: Pull out code for cleaning up Rx buffers	
9a064128fc8489e9066fde872f6fdeb3d1bbb84f	2017-03-29	Alexander Duyck	i40e/i40evf: Pull code for grabbing and syncing rx_buffer from fetch_buffer	
d57c0e08c70162feab9ccab085fc34095d2dfd11	2017-03-29	Alexander Duyck	i40e/i40evf: Use length to determine if descriptor is done	
b1cb07db6e2b3c982ec858b06d42d24c7e267fdc	2017-03-29	Preethi Banala	i40evf: enforce descriptor write-back mechanism for VF	
9eed69a9147c27aeb016c55b30d810b39bf38662	2017-03-27	Alexander Duyck	i40e: Drop FCoE code from core driver files	
a5b268e4b103e5dea4850ad732b6ed584a5562ea	2017-03-27	Alexander Duyck	i40e/i40evf: Clean-up process_skb_fields	
741b8b832a57402380be79d7d11a59eaf57fff3b	2017-03-27	Alexander Duyck	i40e/i40evf: Fix use after free in Rx cleanup path	
1793668c3b8c18ede309dfec30f7c486cca00d28	2017-03-27	Alexander Duyck	i40e/i40evf: Update code to better handle incrementing page count	
2e20a151205be8e7efa9644cdb942381e7bec787	2017-03-27	Saeed Mahameed	net/mlx5e: Fail safe mtu and lro setting	
acc6c5953af1949fc17c09cacd4842f149b4569d	2017-03-27	Saeed Mahameed	net/mlx5e: Split open/close channels to stages	
7db6b048da3b9f84fe1d22fb29ff7e7c2ec6c0e5	2017-03-24	Sridhar Samudrala	net: Commonize busy polling code to focus on napi_id instead of socket	
37056719bba500d0d2b8216fdf641e5507ec9a0e	2017-03-24	Alexander Duyck	net: Track start of busy loop instead of when it should end	
2b5cd0dfa384242f78a396b90087368c9440cc9a	2017-03-24	Alexander Duyck	net: Change return type of sk_busy_loop from bool to void	
545cd5e5ec5477c325e4098b6fd21213dceda408	2017-03-24	Alexander Duyck	net: Busy polling should ignore sender CPUs	
39e12351a308fe022930d0423d88e3aedde795b1	2017-03-24	Saeed Mahameed	net/mlx5e: Poll XDP TX CQ before RX CQ	
f223c8752a0b756b82ad8f077172054548a6d644	2017-03-23	Jacob Keller	i40e: add support for SCTPv4 FDir filters	
0e588de17f086c32432d6ca7f4053b37c6fc487c	2017-03-23	Jacob Keller	i40e: implement support for flexible word payload	
377cc24980588d03abf3a2a843b8c53dfc8b5a1b	2017-03-20	Jacob Keller	i40e: exit ATR mode only when adding TCP/IPv4 filter succeeds	
e5187ee3ee9a95b1aa32a9a3daf4f07a9f89c20c	2017-03-20	Jacob Keller	i40e: return immediately when failing to add fdir filter	
8ce43dce6f272202dcd127e0e288b37277ca87dd	2017-03-20	Jacob Keller	i40e: don't use arrays for (src|dst)_ip	
b77ac975930741f0b6612b18e55d7a72c81ea2ac	2017-03-15	Harshitha Ramamurthy	i40e: rename auto_disable_flags to hw_disabled_flags	
59605bc09630c2b577858c371edf89c099b5f925	2017-03-15	Alexander Duyck	i40e/i40evf: Add support for mapping pages with DMA attributes	
37c343b4f4e70e9dc328ab04903c0ec8d154c1a4	2017-03-14	Vlad Yasevich	net: Resend IGMP memberships upon peer notification.	
34db548bfb9580f33d9a7faecafe4da61a4428a3	2017-03-09	Eric Dumazet	mlx4: add page recycling in receive path	
eb1e011a14748a1d9df9a7d7df9a5711721a1bdb	2017-03-02	Johannes Berg	average: change to declare precision, not factor	
39e6c8208d7b6fb9d2047850fb3327db567b564b	2017-03-01	Eric Dumazet	net: solve a NAPI race	
6dc4b54e77282caf17f0ff72aa32dd296037fbc0	2017-02-23	Saeed Mahameed	net/mlx5e: Update MPWQE stride size when modifying CQE compress state	7219ab34f184 ("net/mlx5e: CQE compression")
017b29c38c0dc8aece778b44fad32adf8862c188	2017-02-20	Jason Wang	virito-net: set queues after reset during xdp_set	2de2f7f40ef9 ("virtio_net: XDP support for adjust_head")
b9c015d421946fe3675fcb9cbacd0a37f1d3263c	2017-02-18	Jacob Keller	i40e: mark the value passed to csum_replace_by_diff as __wsum	
3c234c4709529298498b597bcff35f56ac866a99	2017-02-18	Carolyn Wyborny	i40e: Fix Adaptive ITR enabling	
6f429223b31c550b835b4f066ac034d0cf0cc71e	2017-02-16	Alexander Duyck	ixgbe: Add support for build_skb	
2de6aa3a666e63699978f81d0d5523e7e0778f7b	2017-02-16	Alexander Duyck	ixgbe: Add support for padding packet	
c3630cc40b4f0fe004e21f19bfb5cd2231c105f8	2017-02-16	Alexander Duyck	ixgbe: Use length to determine if descriptor is done	
1b56cf49f5b0bab9ad4eab18f9b0aee1929afd89	2017-02-16	Alexander Duyck	ixgbe: Update code to better handle incrementing page count	
37fabbf4d489cc2e1cbf7cde816d9453a65ddfb7	2017-02-13	Eric Dumazet	net: busy-poll: remove LL_FLUSH_FAILED and LL_FLUSH_BUSY	
a158aeaf5bb5b014240b360693751476aca7440b	2017-02-11	Jacob Keller	i40e: update comment explaining where FDIR buffers are freed	
9b37c937313bf6769d0b018ca35180b379d40862	2017-02-11	Scott Peterson	i40e/i40evf: eliminate i40e_pull_tail()	
e72e56597ba15ce70f4fc1eb2ceeaa8da0d4ab5e	2017-02-11	Scott Peterson	i40e/i40evf: Moves skb from i40e_rx_buffer to i40e_ring	
7987dcd7b95111a5acbf5abdbf155eedacd3546b	2017-02-11	Scott Peterson	i40e/i40evf: Limit DMA sync of RX buffers to actual packet size	
6bb19474391d17954fee9a9997ecca25b35dfd46	2017-02-07	Michael Chan	bnxt_en: Refactor rx SKB function.	
2de2f7f40ef92313d76c3df7f545be5d0899b1aa	2017-02-07	John Fastabend	virtio_net: XDP support for adjust_head	
f32f5bd2eb7e91a5090c06bbe1ed14bffbbda5d3	2017-02-06	Daniel Jurgens	net/mlx5: Configure cache line size for start and end padding	
4d6308aac3258ecad8444811a16951a919adc131	2017-02-04	Eric Dumazet	virtio_net: exploit napi_complete_done() return value	
6e7bc478c9a006c701c14476ec9d389a484b4864	2017-02-03	Eric Dumazet	net: skb_needs_check() accepts CHECKSUM_NONE for tx	b2504a5dbef3 ("net: reduce skb_warn_bad_offload() noise")
79e7fff47b7bb4124ef970a13eac4fdeddd1fc25	2017-02-03	Eric Dumazet	net: remove support for per driver ndo_busy_poll()	
3ffc1af576550ec61d35668485954e49da29d168	2017-02-03	Eric Dumazet	ixgbe: get rid of custom busy polling code	
ceef438d613f6d496ca84bad2ddf21786ee0e9f6	2017-02-03	Eric Dumazet	virtio_net: remove custom busy_poll	
52ea3e802047552a8c1ec8c42cad361ffd4ca09c	2017-02-02	Alexander Duyck	i40e: Quick refactor to start moving data off stack and into Tx buffer info	
a100ff3eef193d2d79daf98dcd97a54776ffeb78	2017-01-29	Gal Pressman	net/mlx5e: Fix update of hash function/key via ethtool	bdfc028de1b3 ("net/mlx5e: Fix ethtool RX hash func configuration change")
9eb7892351a3a3b403d879b41c4e6efb2c96516f	2017-01-29	Or Gerlitz	net/mlx5: Change ENOTSUPP to EOPNOTSUPP	
6a4bc2b4c3c9afd643e8da44dd2318a5c5f22cd0	2017-01-27	Florian Fainelli	net: Fix ndo_setup_tc comment	
8c7245a60ef8f8c4a427349690c5a141cfed6217	2017-01-24	Or Gerlitz	net/mlx5: Push min-inline mode resolution helper into the core	
1b7cd0044e4a9f69aaf00511870b07fcdeda591d	2017-01-20	Mahesh Bandewar	net: remove duplicate code.	
e7b9569102995ebc26821789628eef45bd9840d8	2016-12-29	Michael Chan	bnxt_en: Use napi_complete_done()	
b356a2e729cec145a648d22ba5686357c009da25	2016-12-29	Michael Chan	bnxt_en: Remove busy poll logic in the driver.	
17bedab2723145d17b14084430743549e6943d03	2016-12-08	Martin KaFai Lau	bpf: xdp: Allow head adjustment in XDP prog	
a1653b13f14c714f9bfd5e10c603a37c3bcba7b6	2016-12-07	Michael Chan	bnxt_en: Refactor the driver registration function with firmware.	
6beb84a73ec5dbd051005068c130195f77e78cfc	2016-12-06	Alexander Duyck	i40e/i40evf: napi_poll must return the work done	
c0f1147d14e4b09018a495c5095094e5707a4f44	2016-12-06	Mohamad Haj Yahia	net/mlx5e: Change the SQ/RQ operational state to positive logic	6e8dd6d6f4bd ("net/mlx5e: Don't wait for SQ completions on close");f2fde18c52a7 ("net/mlx5e: Don't wait for RQ completions on close")
7091d8c7055d7310339435ae3af2fb490a92524d	2016-12-02	Hadar Hen Zion	net/sched: cls_flower: Add offload support using egress Hardware device	
85de8576a0b14aecc99136cfbf90e367fa2142cb	2016-11-30	Daniel Borkmann	bpf, xdp: allow to pass flags to dev_change_xdp_fd	
820c2c5e773d283ab102f1b64618e2ddfbb975ef	2016-11-28	Huy Nguyen	net/mlx5e: Read ETS settings directly from firmware	
5a717f4f8f2830f297b5511022481bdc27b9d576	2016-11-27	Michael S. Tsirkin	netdevice: fix sparse warning for HARD_TX_LOCK	
f52dffe049ee11ecc02588a118fbe4092672fbaa	2016-11-25	Eric Dumazet	net: properly flush delay-freed skbs	
867d1212bf3c53dc057f7bca72155048cc51d18c	2016-11-24	Andy Gospodarek	bnxt: do not busy-poll when link is down	
dad42c3038a59d27fced28ee4ec1d4a891b28155	2016-11-21	Eric Dumazet	mlx4: avoid unnecessary dirtying of critical fields	
a055c19be98bc065a4478663ba7f6833693b8958	2016-11-21	Daniel Borkmann	bpf, mlx5: drop priv->xdp_prog reference on netdev cleanup	86994156c736 ("net/mlx5e: XDP fast RX drop bpf programs support")
c54c06290428554bc0e26d58f21a7865cbe995af	2016-11-21	Daniel Borkmann	bpf, mlx5: fix various refcount issues in mlx5e_xdp_set	86994156c736 ("net/mlx5e: XDP fast RX drop bpf programs support")
e5f6f564fd191d365fcd775c06a732a488205588	2016-11-16	Eric Dumazet	bnxt: add a missing rcu synchronization	c0c050c58d84 ("bnxt_en: New Broadcom ethernet driver.")
286ef9d64ea7435a1e323d12b44a309e15cbff0e	2016-11-16	Michael Chan	bnxt_en: Enhance autoneg support.	
89c4b442b78bdba388337cc746fe63caba85f46c	2016-11-16	Eric Dumazet	netpoll: more efficient locking	217f69743681 ("net: busy-poll: allow preemption in sk_busy_loop()")
963abe5c8a0273a1cf5913556da1b1189de0e57a	2016-11-16	Eric Dumazet	virtio-net: add a missing synchronize_net()	91815639d880 ("virtio-net: rx busy polling support")
2e713283751f494596655d9125c168aeb913f71d	2016-11-16	Eric Dumazet	net/mlx4_en: use napi_complete_done() return value	
364b6055738b4c752c30ccaaf25c624e69d76195	2016-11-16	Eric Dumazet	net: busy-poll: return busypolling status to drivers	
217f6974368188fd8bd7804bf5a036aa5762c5e4	2016-11-16	Eric Dumazet	net: busy-poll: allow preemption in sk_busy_loop()	
f0bf90def3528cebed45ebd81d9b5d0fa17d7422	2016-11-09	Sebastian Andrzej Siewior	net/dev: Convert to hotplug state machine	
1159708432f7067b82388695e29d7105e79bd293	2016-11-07	Jesper Dangaard Brouer	net/qdisc: IFF_NO_QUEUE drivers should use consistent TX queue len	a813104d9233 ("IFF_NO_QUEUE: Fix for drivers not calling ether_setup()")
b71f6c40bb36f9691420f66283f3c3acca11016b	2016-11-04	Emil Tantilov	ixgbe: use link instead of I2C combined abstraction	
1dc8b538795fcf92161cc056ceebb852cf375b17	2016-10-31	Alexander Duyck	i40e: Reorder logic for coalescing RS bits	
4b8164467b854fbeb7ecbb14cf53b6be9113ef03	2016-10-31	Alexander Duyck	i40e: Add common function for finding VSI by type	
124905012db8bdeebf5a7d1ddc841eaadda84a75	2016-10-31	Jacob Keller	i40e: replace PTP Rx timestamp hang logic	
144ed1763003c6a88a4b788cc5da1d8a1ddf061f	2016-10-31	Jacob Keller	i40e: correct check for reading TSYNINDX from the receive descriptor	
184c449f91fef521042970cca46bd5cdfc0e3a37	2016-10-31	Alexander Duyck	net: Add support for XPS with QoS via traffic classes	
6234f87407cb2c02a5828e161225e5a84163dc85	2016-10-31	Alexander Duyck	net: Refactor removal of queues from XPS map and apply on num_tc changes	
93a205ee98a4881e8bf608e65562c19d45930a93	2016-10-29	Aaron Conole	virtio-net: Update the mtu code to match virtio spec	
99dad8b34c687cb8c4975fbabced76db35f88c14	2016-10-28	Alexander Duyck	i40e: Drop redundant Rx descriptor processing code	
96db776a368263bcce9f7eb12e878b0aef1a1974	2016-10-28	Alan Brady	i40e/i40evf: fix interrupt affinity bug	
e1da71ca88170d1a6232951294b44dc0c824e464	2016-10-28	Alexander Duyck	i40e: Drop code for unsupported flow types	
ed245406da1409437f9d2c4e7c69112fb255964c	2016-10-28	Alexander Duyck	i40e: Rewrite Flow Director busy wait loop	
d0c2c9973ecd267307543526ae93855e3a3e4b23	2016-10-20	Jarod Wilson	net: use core MTU range checking in virt drivers	
e4961b0768852d9eb7383e1a5df178eacb714656	2016-10-19	Ido Schimmel	net: core: Correctly iterate over lower adjacency list	7ce856aaaf13 ("mlxsw: spectrum: Add couple of lower device helper functions")
67b62f98a1de962277b60d77c0c208b76867dbae	2016-10-18	David Ahern	net: dev: Improve debug statements for adjacency tracking	
1cd127fc7d3a6d6a0fc9f9cca47ca3a16ee79679	2016-10-18	David Ahern	ixgbe: Flip to the new dev walk API	
91c527a55664ddf4bee26673a35f91748dae4142	2016-10-18	Jarod Wilson	ethernet/intel: use core min/max MTU checking	
e1c6dccaf3af291488fbad155d7ee6bc29db262a	2016-10-18	Jarod Wilson	ethernet/broadcom: use core min/max MTU checking	
61e84623ace35ce48975e8f90bbbac7557c43d61	2016-10-13	Jarod Wilson	net: centralize net_device min/max MTU checking	
93409033ae653f1c9a949202fb537ab095b2092f	2016-10-04	Andrew Collins	net: Add netdev all_adj_list refcnt propagation to fix panic	
4cd13c21b207e80ddb1144c576500098f2d5f882	2016-09-30	Eric Dumazet	softirq: Let ksoftirqd do its job	
65e87c0398f542d5bd51cfd8a29b9dfd246b6a1c	2016-09-24	Jacob Keller	i40evf: support queue-specific settings for interrupt moderation	
1eb846ac90b956e52f4269d80f13cfbe1df6850b	2016-09-24	Alexander Duyck	i40e: Strip out debugfs hook for Flow Director filter programming	
5e02f2837349b399e48fd2a5e5149c9ee9c27cdd	2016-09-24	Alexander Duyck	i40e: Split Flow Director descriptor config into separate function	
e486bdfd7c491e997f29fcdf6a4216861ab1d06a	2016-09-24	Alexander Duyck	i40e/i40evf: Add txring_txq function to match fm10k and ixgbe	
64bfd68eaecdce7b86e179fe39662340c8aed20d	2016-09-24	Alexander Duyck	i40e: Fix Flow Director raw_buf cleanup	
234dc4e67611c11bb3990abced26cb75b8ef262a	2016-09-24	Jacob Keller	i40e: cleanup ATR auto_disable_flags use	
8515c581dfa574420559d8cef24c2ba24e8eb8dd	2016-09-23	Or Gerlitz	net/mlx5e: Refactor retrival of skb from rx completion element (cqe)	
841493a3f64395b60554afbcaa17f4350f90e764	2016-09-22	Alexander Duyck	i40e: Limit TX descriptor count in cases where frag size is greater than 16K	
86994156c736978d113e7927455d4eeeb2128b9f	2016-09-22	Rana Shahout	net/mlx5e: XDP fast RX drop bpf programs support	
2fc4bfb7250d79ee4e58c1d5bca257687e9f5e53	2016-09-22	Saeed Mahameed	net/mlx5e: Dynamic RQ type infrastructure	
57c970c2e8d8772237294bb8a6a25a205448fd96	2016-09-21	Kamal Heib	net/mlx4_en: Fix wrong indentation	e7c1c2c46201 ("mlx4_en: Added self diagnostics test implementation")
5737f6c92681939e417579b421f81f035e57c582	2016-09-20	Jesper Dangaard Brouer	mlx4: add missed recycle opportunity for XDP_TX on TX failure	95357907ae73 ("mlx4: fix XDP_TX is acting like XDP_PASS on TX ring full")
5ac67d8bc753b122175e682274599338b3ee7d42	2016-09-19	Rob Swindell	bnxt_en: Added support for Secure Firmware Update	
326fe02d1ed61a63c30fa1f144758f34f0ef11cb	2016-09-06	Brenden Blanco	net/mlx4_en: protect ring->xdp_prog with rcu_read_lock	d576acf0a22 ("net/mlx4_en: add page recycle to prepare rx ring for tx support")
c4544dbc7a9bce3da6fa2361cd68cadb34e9221f	2016-09-06	Sebastian Andrzej Siewior	kernel/softirq: Convert to hotplug state machine	
8017c279196ab29174bafc104ac4ebbd42c7ca7f	2016-09-02	Sebastian Andrzej Siewior	net/virtio-net: Convert to hotplug state machine	
d297653dd6f07afbe7e6c702a4bcd7615680002e	2016-09-01	Roopa Prabhu	rtnetlink: fdb dump: optimize by saving last interface markers	
fe4c988bdd1cc60402a4e3ca3976a686ea991b5a	2016-08-28	Saeed Mahameed	net/mlx5e: Limit UMR length to the device's limitation	bc77b240b3c5 ('net/mlx5e: Add fragmented memory support for RX multi packet WQE')
145dd5f9c88f6ee645662df0be003e8f04bdae93	2016-08-26	Paolo Abeni	net: flush the softnet backlog in process context	
ffeac83685facb6f0829b898d567056eae8097f8	2016-08-19	Carolyn Wyborny	i40e: refactor tail_bump check	
506753b0b40997756d73f841c884a018f52401a0	2016-08-19	Tariq Toukan	net/mlx5e: Optimization for MTU change	461017cb006a ("net/mlx5e: Support RX multi-packet WQE (Striding RQ)")
13f9bba7cd4f1665e4091143950a54e3f2984b07	2016-08-19	Saeed Mahameed	net/mlx5e: Set port MTU on netdev creation rather on open	
f60439bc21e3337429838e477903214f5bd8277f	2016-08-16	Alexander Duyck	ixgbe: Force VLNCTRL.VFE to be set in all VMDq paths	16369564915a ("ixgbe: Add support for VLAN promiscuous with SR-IOV")
59cc1f61f09c26ce82c308e24b76141e1efe99f8	2016-08-10	Jiri Kosina	net: sched: convert qdisc linked list to hashtable	
aac9e053f1044bf21ac068eeb0e8518d080f4a66	2016-07-22	Don Skidmore	ixgbe: cleanup crosstalk fix	
88dc9e6fed5b6cda0049849abf76929df3178158	2016-07-22	Mitch Williams	i40e/i40evf: remove useless initializer	
d576acf0a22890cf3f8f7a9b035f1558077f6770	2016-07-19	Brenden Blanco	net/mlx4_en: add page recycle to prepare rx ring for tx support	
94ce9caa0f75b0d56e69550e84d7a1653f0ef3b0	2016-07-19	Prashant Sreedharan	bnxt_en: Workaround Nitro A0 hardware RX bug (part 1).	
858296c8784bf98450765cbc6b1bc2e44175cc01	2016-07-14	Alexander Duyck	i40e/i40evf: Fix i40e_rx_checksum	
2c1ccc993707ecb0830ef0aebb7c8061f7704aa3	2016-07-13	Daniel Jurgens	net/mlx5e: Fix TX Timeout to detect queues stuck on BQL	3947ca185999 ('net/mlx5e: Implement ndo_tx_timeout callback')
e5de25dce9243a3d29b5ebc131cc9d59008f39f7	2016-07-11	Sabrina Dubroca	drivers/net: fixup comments after "Future-proof tunnel offload handlers"	
1db19db7f5ff4ddd3b1b6dd2092a87298ee5bd0b	2016-07-09	Jesper Dangaard Brouer	net: tracepoint napi:napi_poll add work and budget	
398f33511e97aad7f259e864a1596fc8ef559dc1	2016-07-02	Hadar Hen Zion	net/mlx5e: Mark enabled RQTs instances explicitly	
724b2aa15126d9e24b36650c5cad9cf468c20785	2016-07-02	Hadar Hen Zion	net/mlx5e: TIRs management refactoring	
b50d292b4399f4eb11e82d0430aacf62dd5d5365	2016-07-02	Hadar Hen Zion	net/mlx5e: Create NIC global resources only once	
87424ad52d76535234f217637fcaadcd2ef2334d	2016-07-01	Shaker Daibes	net/mlx5e: Log link state changes	
08294a26e15d7baf1e14ee569e9f2bc82a7ae768	2016-07-01	Jason Wang	net: introduce NETDEV_CHANGE_TX_QUEUE_LEN	
e0f46eb9f64ca2e97d242b6e02b8ae2c7fe6dc56	2016-06-29	Eli Cohen	net/mlx5e: Change enum to better reflect usage	acff797cd1874 ('net/mlx5: Extend mlx5_core to support ConnectX-4 Ethernet functionality')
974c3f3000d85a3504ce294bcae6472ff9040770	2016-06-17	Alexander Duyck	mlx5_en: Replace ndo_add/del_vxlan_port with ndo_add/del_udp_enc_port	
b3a49557d53108eea959347e5a67b695729c2779	2016-06-17	Alexander Duyck	ixgbe: Replace ndo_add/del_vxlan_port with ndo_add/del_udp_enc_port	
7cdd5fc376a51cdf191895c23badd699eddbc901	2016-06-17	Alexander Duyck	bnxt: Move GENEVE support from hard-coded port to using port notifier	
567b2abe68551781b725b3b739672da41cb92ef0	2016-06-14	Satish Baddipadige	bnxt_en: Enable NPAR (NIC Partitioning) Support.	
fc0f19294d1ffaf9366b10d966f86e6cf13335a4	2016-06-14	Michael Chan	bnxt_en: Handle VF_CFG_CHANGE event from firmware.	
3bcb846ca4cf55415d3719e64bb45a124792c589	2016-06-07	Eric Dumazet	net: get rid of spin_trylock() in net_tx_action()	
bf2d1df395028519f7a435ccde02820d16ec27a7	2016-05-20	Alexander Duyck	intel: Add support for IPv6 IP-in-IP offload	
0139aa7b7fa12ceef095d99dc36606a5b10ab83a	2016-05-19	Joonsoo Kim	mm: rename _count, field of the struct page, to _refcount	
11f2b494bc07f3d054687159ad6b1f3ec12a9040	2016-05-16	Emil Tantilov	ixgbe: use correct mask when enabling sriov	
a11fa2be6d1564375dc57530680268ad569c2632	2016-05-15	Michael Chan	bnxt_en: Improve the delay logic for firmware response.	
a876c3ba59a69a1d4ba240ee7cb50acf31116647	2016-05-14	Mitch Williams	i40e/i40evf: properly report Rx packet hash	
1de1d449c6cf701e09d2941d042b28328118ad1a	2016-05-09	David S. Miller	mlx5: Fix merge errors.	
ab9ad98eb5f95b86490cc4c2ddbde5a0bc9bd5c6	2016-05-05	Jesse Brandeburg	i40evf: refactor receive routine	
1a557afc4dd59b85a5cae2be6d351eaeb31d2664	2016-05-05	Jesse Brandeburg	i40e: Refactor receive routine	
7d2837dd7a3239e8201d9bef75c1a708e451e123	2016-05-04	Michael Chan	bnxt_en: Setup multicast properly after resetting device.	
9b36627acecd5792e81daf1a3bff8eab39ed45fb	2016-05-04	Florian Westphal	net: remove dev->trans_start	
860e9538a9482bb84589f7d0718a7e6d0a944d58	2016-05-04	Florian Westphal	treewide: replace dev->trans_start update with helper	
ba162f8eed61a7e71e26455ce1cff5b5898a3579	2016-05-04	Florian Westphal	netdevice: add helper to update trans_start	
1edc57e2b3d3bf8672bb1553dbd541cc94f54937	2016-05-04	Mohamad Haj Yahia	net/mlx5: E-Switch, Implement trust vf ndo	
b1dc497b28ad053d1f6d5b5cb186af9564e4d7f1	2016-05-04	Alexander Duyck	net: Fix netdev_fix_features so that TSO_MANGLEID is only available with TSO	
740234f070eadd010f7b129c6592767db68f16ba	2016-05-04	Emil Tantilov	ixgbe: check EEPROM for WOL support for X540 and above	
acff797cd187402d73cf9f290531a41250613294	2016-04-29	Maor Gottlieb	net/mlx5e: Refactor mlx5e flow steering structs	
f4b05d27ec6b032ca504591e2a157b058b6f172f	2016-04-29	Nikolay Aleksandrov	net: constify is_skb_forwardable's arguments	
6b87663fbe4a366e558d6566b3e6b6bc227da5a1	2016-04-28	Arnd Bergmann	net/mlx5e: avoid stack overflow in mlx5e_open_channels	d3c9bc2743dc ("net/mlx5e: Added ICO SQs")
3df97ba83019d524c012fd43d3216d4cc3005955	2016-04-28	Jason Wang	tuntap: calculate rps hash only when needed	
a149f2c323b62bc6cff91d874d853250250e8497	2016-04-27	Jesse Brandeburg	i40e/i40evf: Only offload VLAN tag if enabled	
94cb1ebbafd509210887eea6ced55c40da7b4baa	2016-04-26	Eran Ben Elisha	net/mlx5e: Add support for RXALL netdev feature	
9218b44dcc059e08e249f6f7614b8e391eb041d8	2016-04-26	Gal Pressman	net/mlx5e: Statistics handling refactoring	
b83e30104bd9635765c562bd46b2e436350bd652	2016-04-25	Alexander Duyck	ixgbe/ixgbevf: Add support for GSO partial	
77f192af721440a9d91365438be6ecb98edd0310	2016-04-24	Emil Tantilov	ixgbe: consolidate the configuration of spoof checking	
046339eaab26804f52f6604877f5674f70815b26	2016-04-24	Saeed Mahameed	net/mlx5e: Device's mtu field is u16 and not int	
2f48af128d9aa64dd4e8c6fe97491b0bde3681b2	2016-04-21	Tariq Toukan	net/mlx5e: Use function pointers for RX data path handling	
d21fd63ea3856208c3a1cb9b26d81898a2ccf71b	2016-04-14	Eric Dumazet	net: validate_xmit_skb() changes	
8cbde1175e3c8565edbb777cd09cbfdb93c78397	2016-04-11	Michael Chan	bnxt_en: Add async event handling for speed config changes.	
84c33dd342ad596a271a61da0119bf34e80bb1c5	2016-04-11	Michael Chan	bnxt_en: Call firmware to approve VF MAC address change.	
1f15d66712bb64e39fe2c23b1b32f68f9e1d4ee7	2016-04-06	Jesse Brandeburg	i40e/i40evf: Faster RX via avoiding FCoE	
84b079928a10559ebc6679e1e973a3ee5b20ba83	2016-04-06	Jesse Brandeburg	i40e/i40evf: Drop unused tx_ring argument	
d1bd743b5b4d675e739b574284d1412ba996fe07	2016-04-06	Jesse Brandeburg	i40e/i40evf: Move stack var deeper	
25be862370031056989ee76e3c48c3ac8ff67fd4	2016-04-05	Michael Chan	bnxt_en: Set async event bits when registering with the firmware.	
939f7f0ca442187db2a4ec7a40979c711b0c939e	2016-04-05	Michael Chan	bnxt_en: Add EEE setup code.	
0c5a616650a08b766e529511348274c1914ef4bf	2016-04-04	Alexander Duyck	ixgbe: Add support for toggling VLAN filtering flag via ethtool	
37689010da28c6dfd9f59e60d7f42c47b775171c	2016-04-04	Mark Rustad	ixgbe: Make all unchanging ops structures const	
5e82b4b2a0015ed0a659b22ef2ee3409a3c39e54	2016-03-23	Bjorn Helgaas	net: Fix typos and whitespace.	
cc8e27cc97318471b7e707932d5b93b0d5f70830	2016-03-21	Eli Cohen	net/core: Add support for configuring VF GUIDs	
fe896d1878949ea92ba547587bc3075cc688fb8f	2016-03-17	Joonsoo Kim	mm: introduce page reference manipulation functions	
85082dba0a5059c538cfa786d07f5ec5370d22fe	2016-03-02	Tariq Toukan	net/mlx5e: Correctly handle RSS indirection table when changing number of channels	2d75b2bc8a8c ('net/mlx5e: Add ethtool RSS configuration options')
bdfc028de1b3cd59490d5413a5c87b0fa50040c2	2016-03-02	Tariq Toukan	net/mlx5e: Fix ethtool RX hash func configuration change	2d75b2bc8a8c ('net/mlx5e: Add ethtool RSS configuration options')
59a7c2fd336eaafb030aac9c91ac21d136a99f33	2016-03-02	Tariq Toukan	net/mlx5e: Remove wrong poll CQ optimization	e586b3b0baee ('net/mlx5: Ethernet Datapath files')
ce89ef36d2544b4180fdb9ce9e2918196b0082f8	2016-03-01	Tariq Toukan	net/mlx5e: Placement changed for carrier state updates	
3ebf6f0a09a284adef62111c7cfca29f56d6cce7	2016-03-01	Rob Swindell	bnxt_en: Add installed-package firmware version reporting via Ethtool GDRVINFO	
a606b0f6691daf861482f8b77326f672238ffbfd	2016-03-01	Matan Barak	net/mlx5: Refactor mlx5_core_mr to mkey	
035a1539ab63bfdb284bdf6e8459e35897c60564	2016-02-19	Michael Chan	bnxt_en: Poll link at the end of __bnxt_open_nic().	
cfdd28beb3205dbd1e91571516807199c8ab84ca	2016-02-19	Nikolay Aleksandrov	net: make netdev_for_each_lower_dev safe for device removal	bad531623253 ("vrf: remove slave queue and private slave struct")
c777019af1dc7343be8dc44bb4d32f5e2ef072dd	2016-02-18	Alexander Duyck	i40e/i40evf: Consolidate all header changes into TSO function	
a16ae2d59c290b0c545edb9bf41ac9cf88352ee0	2016-02-17	Anjali Singhai Jain	i40e: Do not disable queues in the Legacy/MSI Interrupt handler	
16fd08b85962f6288fe1191856aa98cb0d40aa30	2016-02-17	Mitch Williams	i40e/i40evf: avoid atomics	
dd353109e41c1e92e0cea9954404a6f5a7d46218	2016-02-17	Anjali Singhai Jain	i40e: Add a SW workaround for lost interrupts	
1a36d7fadd1477761dc8b4fc8910d1defc31fad5	2016-02-17	Mitch Williams	i40e/i40evf: use logical operators, not bitwise	
f16704e5e8aed1dfed4084c56dde17006c2e81f1	2016-02-17	Mitch Williams	i40e/i40evf: use pages correctly in Rx	
dd1a5df872d7889b37b5ce3058a9f2e20d4d8b56	2016-02-17	Jesse Brandeburg	i40e/i40evf: use __GFP_NOWARN	
c2e245ab1e9a61e66217aafea66c7dc6481f12f0	2016-02-17	Jesse Brandeburg	i40e/i40evf: try again after failure	
40d72a50986271e5c30f111e08ebd6d846708bbc	2016-02-17	Jesse Brandeburg	i40e/i40evf: don't lose interrupts	
ecc6a239e8dd233951bd3337f34d9ba4c46720c9	2016-02-17	Anjali Singhai Jain	i40e: Refactor force_wb and WB_ON_ITR functionality code	
e9f6563d7bb3914711c6601cdf5d9f9b6e1b461f	2016-02-17	Shannon Nelson	i40e: do TSO only if CHECKSUM_PARTIAL is set	
3578fa0a8cd6d9fb03092c673f42aad0e7c850df	2016-02-17	Jesse Brandeburg	i40e: fix bug in dma sync	
b82b17d929a692df1122fedc0ff4ddcef9cb6ad4	2016-02-17	John Fastabend	net: ixgbe: add support for tc_u32 offload	
a3d772a3925d85721ad8518db14603fb1cd99295	2016-02-16	Anjali Singhai Jain	i40e: fix write-back-on-itr to work with legacy itr	
0d8abf020199b0cbc5fb3aa309d36f0ac1b91631	2016-02-16	Michael Chan	bnxt_en: Cleanup and Fix flow control setup logic	
d4ab4286276fcd6c155bafdf4422b712068d2516	2016-02-16	Keller, Jacob E	ethtool: correctly ensure {GS}CHANNELS doesn't conflict with GS{RXFH}	
0b6e26ce89391327d955a756a7823272238eb867	2016-01-17	Doron Tsur	net/mlx5_core: Fix trimming down IRQ number	61d0e73e0a5a ('net/mlx5_core: Use the the real irqn in eq->irqn')
415b6f19e87e350b13585591859d4fdf50772229	2016-01-12	Arnd Bergmann	net: bnxt: always return values from _bnxt_get_max_rings	6e6c5a57fbe1 ("bnxt_en: Modify bnxt_get_max_rings() to support shared or non shared rings.")
1f211a1b929c804100e138c5d3d656992cfd5622	2016-01-10	Daniel Borkmann	net, sched: add clsact qdisc	
857942fd1aa15edf7356a4a4bad5369c8e70a633	2016-01-08	Anjali Singhai Jain	i40e: Fix Rx hash reported to the stack by our driver	
ef9814deafd0c83a358d49e3709c3e16cc352118	2016-01-05	Eran Ben Elisha	net/mlx5e: Add HW timestamping (TS) support	
b6ab4b01f53b5f9e17dbd4f91c95fa5049fa2101	2016-01-04	Michael Chan	bnxt_en: Separate bnxt_{rx|tx}_ring_info structs from bnxt_napi struct.	
