stdin:1:31-33: WARNING: comparison of integers of different signs: 'unsigned int64' and 'int64' can lead to undefined behavior
kprobe:mlx5_eq_comp_int /arg0 == 0xff3dad37113f9478/   { printf("%d %d\n", nsecs/1000, cpu); }
                              ~~
Attaching 1 probe...
-414826359 8
-413285033 8
-413284404 8
-413284252 8
-413283995 8
-413283903 8
-413283848 8
-413283589 8
-413283442 8
-413283189 8
-413283037 8
-413282783 8
-413282631 8
-413282377 8
-413282226 8
-413281972 8
-413281822 8
-413281570 8
-413281417 8
-413281147 8
-413281011 8
-413280766 8
-413280607 8
-413280361 8
-413280202 8
-413279948 8
-413279797 8
-413279551 8
-413279385 8
-413279140 8
-413278987 8
-413278769 8
-413278582 8
-413278370 8
-413278176 8
-413277957 8
-413277771 8
-413277551 8
-413277367 8
-413277148 8
-413276962 8
-413276742 8
-413276556 8
-413276337 8
-413276151 8
-413275931 8
-413275746 8
-413275533 8
-413275341 8
-413275122 8
-413274936 8
-413274716 8
-413274530 8
-413274311 8
-413274126 8
-413273907 8
-413273721 8
-413273501 8
-413273315 8
-413273096 8
-413272910 8
-413272662 8
-413272506 8
-413272260 8
-413272100 8
-413271874 8
-413271695 8
-413271467 8
-413271290 8
-413271063 8
-413270962 8
-413270885 8
-413270649 8
-413270481 8
-413270245 8
-413270075 8
-413269850 8
-413269670 8
-413269443 8
-413269265 8
-413269013 8
-413268860 8
-413268643 8
-413268455 8
-413268238 8
-413268050 8
-413267833 8
-413267644 8
-413267417 8
-413267240 8
-413267023 8
-413266835 8
-413266618 8
-413266430 8
-413266213 8
-413266025 8
-413265799 8
-413265620 8
-413265418 8
-413265214 8
-413265013 8
-413264810 8
-413264608 8
-413264404 8
-413264316 8
-413264190 8
-413263999 8
-413263798 8
-413263594 8
-413263391 8
-413263189 8
-413262988 8
-413262784 8
-413262695 8
-413262568 8
-413262379 8
-413262178 8
-413261974 8
-413261773 8
-413261569 8
-413261378 8
-413261163 8
-413260962 8
-413260759 8
-413260558 8
-413260354 8
-413260153 8
-413259949 8
-413259791 8
-413259544 8
-413259342 8
-413259139 8
-413258937 8
-413258733 8
-413258532 8
-413258328 8
-413258170 8
-413258086 8
-413257923 8
-413257724 8
-413257517 8
-413257317 8
-413257113 8
-413256914 8
-413256708 8
-413256552 8
-413256303 8
-413256104 8
-413255898 8
-413255698 8
-413255493 8
-413255293 8
-413255088 8
-413254931 8
-413254683 8
-413254483 8
-413254278 8
-413254078 8
-413253873 8
-413253673 8
-413253468 8
-413253311 8
-413253063 8
-413252863 8
-413252657 8
-413252458 8
-413252252 8
-413252053 8
-413251848 8
-413251691 8
-413251443 8
-413251243 8
-413251037 8
-413250838 8
-413250632 8
-413250431 8
-413250226 8
-413250027 8
-413249822 8
-413249623 8
-413249417 8
-413249217 8
-413249012 8
-413248813 8
-413248606 8
-413248405 8
-413248202 8
-413248002 8
-413247797 8
-413247597 8
-413247392 8
-413247193 8
-413246986 8
-413246787 8
-413246581 8
-413246380 8
-413246176 8
-413245977 8
-413245772 8
-413245572 8
-413245366 8
-413245167 8
-413245089 8
-413244961 8
-413244762 8
-413244556 8
-413244347 8
-413244151 8
-413243952 8
-413243746 8
-413243545 8
-413243341 8
-413243142 8
-413242936 8
-413242737 8
-413242531 8
-413242330 8
-413242125 8
-413241926 8
-413241721 8
-413241521 8
-413241316 8
-413241116 8
-413240911 8
-413240711 8
-413240505 8
-413240304 8
-413240100 8
-413239900 8
-413239695 8
-413239487 8
-413239288 8
-413239088 8
-413238885 8
-413238686 8
-413238480 8
-413238393 8
-413238280 8
-413238074 8
-413237873 8
-413237669 8
-413237468 8
-413237265 8
-413237066 8
-413236860 8
-413236661 8
-413236455 8
-413236247 8
-413236049 8
-413235849 8
-413235644 8
-413235442 8
-413235240 8
-413235040 8
-413234835 8
-413234635 8
-413234429 8
-413234221 8
-413234025 8
-413233825 8
-413233619 8
-413233418 8
-413233214 8
-413233015 8
-413232809 8
-413232609 8
-413232405 8
-413232204 8
-413232129 8
-413231999 8
-413231800 8
-413231594 8
-413231392 8
-413231188 8
-413230989 8
-413230784 8
-413230585 8
-413230380 8
-413230180 8
-413229974 8
-413229775 8
-413229568 8
-413229359 8
-413229164 8
-413228956 8
-413228753 8
-413228554 8
-413228353 8
-413228154 8
-413227949 8
-413227745 8
-413227543 8
-413227342 8
-413227139 8
-413226940 8
-413226733 8
-413226532 8
-413226329 8
-413226129 8
-413225923 8
-413225724 8
-413225518 8
-413225306 8
-413225112 8
-413224913 8
-413224708 8
-413224508 8
-413224303 8
-413224104 8
-413223898 8
-413223699 8
-413223492 8
-413223292 8
-413223088 8
-413222888 8
-413222683 8
-413222483 8
-413222278 8
-413222078 8
-413221872 8
-413221673 8
-413221468 8
-413221383 8
-413221264 8
-413221063 8
-413220863 8
-413220657 8
-413220457 8
-413220252 8
-413220052 8
-413219847 8
-413219647 8
-413219443 8
-413219234 8
-413219156 8
-413219035 8
-413218836 8
-413218631 8
-413218430 8
-413218227 8
-413218027 8
-413217822 8
-413217623 8
-413217417 8
-413217380 8
-413217200 8
-413217012 8
-413216812 8
-413216607 8
-413216406 8
-413216201 8
-413216002 8
-413215796 8
-413215774 8
-413215583 8
-413215391 8
-413215191 8
-413214987 8
-413214788 8
-413214582 8
-413214381 8
-413214176 8
-413213977 8
-413213772 8
-413213572 8
-413213367 8
-413213168 8
-413212961 8
-413212762 8
-413212555 8
-413212354 8
-413212151 8
-413211952 8
-413211746 8
-413211547 8
-413211341 8
-413211142 8
-413210935 8
-413210736 8
-413210531 8
-413210331 8
-413210126 8
-413209927 8
-413209721 8
-413209521 8
-413209315 8
-413209116 8
-413208911 8
-413208711 8
-413208506 8
-413208303 8
-413208101 8
-413207901 8
-413207695 8
-413207494 8
-413207290 8
-413207091 8
-413206886 8
-413206686 8
-413206480 8
-413206393 8
-413206262 8
-413206225 8
-413206075 8
-413205876 8
-413205670 8
-413205471 8
-413205265 8
-413205065 8
-413204860 8
-413204773 8
-413204650 8
-413204455 8
-413204255 8
-413204050 8
-413203851 8
-413203645 8
-413203444 8
-413203239 8
-413203152 8
-413203024 8
-413202835 8
-413202636 8
-413202430 8
-413202231 8
-413202025 8
-413201826 8
-413201619 8
-413201531 8
-413201411 8
-413201214 8
-413201015 8
-413200810 8
-413200610 8
-413200404 8
-413200204 8
-413199999 8
-413199912 8
-413199785 8
-413199594 8
-413199393 8
-413199189 8
-413198990 8
-413198784 8
-413198585 8
-413198379 8
-413198292 8
-413198169 8
-413197974 8
-413197775 8
-413197569 8
-413197368 8
-413197164 8
-413196965 8
-413196759 8
-413196672 8
-413196545 8
-413196354 8
-413196155 8
-413195949 8
-413195750 8
-413195544 8
-413195387 8
-413195139 8
-413194939 8
-413194733 8
-413194534 8
-413194328 8
-413194129 8
-413193924 8
-413193768 8
-413193518 8
-413193317 8
-413193242 8
-413193113 8
-413192914 8
-413192708 8
-413192507 8
-413192303 8
-413192147 8
-413191898 8
-413191698 8
-413191493 8
-413191292 8
-413191088 8
-413190889 8
-413190683 8
-413190526 8
-413190278 8
-413190078 8
-413189873 8
-413189673 8
-413189468 8
-413189268 8
-413189063 8
-413188907 8
-413188658 8
-413188458 8
-413188252 8
-413188053 8
-413187848 8
-413187648 8
-413187443 8
-413187286 8
-413187037 8
-413186838 8
-413186632 8
-413186432 8
-413186227 8
-413186027 8
-413185822 8
-413185666 8
-413185417 8
-413185218 8
-413185012 8
-413184813 8
-413184607 8
-413184406 8
-413184201 8
-413184001 8
-413183797 8
-413183597 8
-413183392 8
-413183193 8
-413182987 8
-413182787 8
-413182581 8
-413182380 8
-413182176 8
-413181977 8
-413181772 8
-413181572 8
-413181367 8
-413181168 8
-413180961 8
-413180762 8
-413180556 8
-413180355 8
-413180281 8
-413180151 8
-413179952 8
-413179746 8
-413179547 8
-413179341 8
-413179142 8
-413178936 8
-413178737 8
-413178531 8
-413178331 8
-413178126 8
-413177927 8
-413177720 8
-413177520 8
-413177316 8
-413177116 8
-413176911 8
-413176712 8
-413176506 8
-413176305 8
-413176100 8
-413175900 8
-413175695 8
-413175496 8
-413175291 8
-413175091 8
-413174886 8
-413174686 8
-413174480 8
-413174279 8
-413174075 8
-413173876 8
-413173669 8
-413173470 8
-413173265 8
-413173065 8
-413172860 8
-413172661 8
-413172455 8
-413172256 8
-413172050 8
-413171851 8
-413171644 8
-413171444 8
-413171240 8
-413171041 8
-413170835 8
-413170636 8
-413170430 8
-413170230 8
-413170024 8
-413169825 8
-413169620 8
-413169422 8
-413169215 8
-413169017 8
-413168810 8
-413168610 8
-413168404 8
-413168199 8
-413167999 8
-413167802 8
-413167595 8
-413167395 8
-413167294 8
-413167189 8
-413166990 8
-413166784 8
-413166585 8
-413166380 8
-413166181 8
-413165974 8
-413165775 8
-413165569 8
-413165361 8
-413165163 8
-413164964 8
-413164759 8
-413164561 8
-413164354 8
-413164157 8
-413163949 8
-413163751 8
-413163543 8
-413163344 8
-413163139 8
-413162941 8
-413162733 8
-413162533 8
-413162327 8
-413162129 8
-413161924 8
-413161726 8
-413161519 8
-413161319 8
-413161113 8
-413160914 8
-413160708 8
-413160508 8
-413160303 8
-413160104 8
-413159898 8
-413159699 8
-413159493 8
-413159285 8
-413159087 8
-413158888 8
-413158683 8
-413158484 8
-413158278 8
-413158081 8
-413157873 8
-413157674 8
-413157467 8
-413157268 8
-413157063 8
-413156865 8
-413156657 8
-413156458 8
-413156251 8
-413156054 8
-413155847 8
-413155639 8
-413155439 8
-413155233 8
-413155037 8
-413154838 8
-413154632 8
-413154431 8
-413154325 8
-413154227 8
-413154028 8
-413153822 8
-413153624 8
-413153417 8
-413153218 8
-413153012 8
-413152815 8
-413152606 8
-413152407 8
-413152202 8
-413152002 8
-413151797 8
-413151599 8
-413151379 8
-413151181 8
-413150987 8
-413150789 8
-413150582 8
-413150383 8
-413150177 8
-413149979 8
-413149771 8
-413149572 8
-413149367 8
-413149169 8
-413148962 8
-413148762 8
-413148556 8
-413148357 8
-413148151 8
-413147951 8
-413147746 8
-413147543 8
-413147342 8
-413147144 8
-413146936 8
-413146737 8
-413146531 8
-413146331 8
-413146125 8
-413145926 8
-413145721 8
-413145521 8
-413145316 8
-413145110 8
-413144905 8
-413144698 8
-413144505 8
-413144306 8
-413144101 8
-413143900 8
-413143695 8
-413143493 8
-413143290 8
-413143090 8
-413142885 8
-413142688 8
-413142481 8
-413142394 8
-413142277 8
-413142075 8
-413141877 8
-413141669 8
-413141468 8
-413141369 8
-413141265 8
-413141066 8
-413140860 8
-413140661 8
-413140455 8
-413140377 8
-413140239 8
-413140050 8
-413139853 8
-413139645 8
-413139446 8
-413139240 8
-413139043 8
-413138835 8
-413138814 8
-413138620 8
-413138430 8
-413138222 8
-413138025 8
-413137826 8
-413137620 8
-413137420 8
-413137214 8
-413137014 8
-413136810 8
-413136610 8
-413136404 8
-413136199 8
-413135998 8
-413135801 8
-413135594 8
-413135385 8
-413135187 8
-413134989 8
-413134784 8
-413134586 8
-413134379 8
-413134180 8
-413133974 8
-413133775 8
-413133569 8
-413133366 8
-413133163 8
-413132964 8
-413132759 8
-413132552 8
-413132353 8
-413132154 8
-413131948 8
-413131742 8
-413131544 8
-413131387 8
-413131139 8
-413130940 8
-413130733 8
-413130531 8
-413130329 8
-413130131 8
-413129924 8
-413129725 8
-413129519 8
-413129371 8
-413129113 8
-413128915 8
-413128708 8
-413128509 8
-413128409 8
-413128303 8
-413128097 8
-413127898 8
-413127804 8
-413127691 8
-413127493 8
-413127294 8
-413127088 8
-413126889 8
-413126683 8
-413126483 8
-413126278 8
-413126192 8
-413126072 8
-413125873 8
-413125790 8
-413125681 8
-413125468 8
-413125382 8
-413125275 8
-413125063 8
-413124985 8
-413124875 8
-413124658 8
-413124579 8
-413124458 8
-413124253 8
-413124169 8
-413124065 8
-413123847 8
-413123765 8
-413123658 8
-413123443 8
-413123364 8
-413123247 8
-413123038 8
-413122959 8
-413122891 8
-413122840 8
-413122633 8
-413122549 8
-413122439 8
-413122227 8
-413122143 8
-413122036 8
-413121822 8
-413121739 8
-413121632 8
-413121417 8
-413121330 8
-413121208 8
-413121012 8
-413120929 8
-413120820 8
-413120607 8
-413120529 8
-413120412 8
-413120202 8
-413120118 8
-413120009 8
-413119797 8
-413119710 8
-413119598 8
-413119392 8
-413119308 8
-413119198 8
-413118987 8
-413118903 8
-413118791 8
-413118581 8
-413118503 8
-413118393 8
-413118176 8
-413118093 8
-413117986 8
-413117772 8
-413117572 8
-413117367 8
-413117168 8
-413116962 8
-413116808 8
-413116556 8
-413116357 8
-413116152 8
-413115954 8
-413115746 8
-413115542 8
-413115449 8
-413115342 8
-413115186 8
-413114937 8
-413114737 8
-413114531 8
-413114332 8
-413114126 8
-413113929 8
-413113721 8
-413113563 8
-413113316 8
-413113117 8
-413112911 8
-413112712 8
-413112506 8
-413112306 8
-413112101 8
-413111946 8
-413111695 8
-413111496 8
-413111291 8
-413111093 8
-413110886 8
-413110686 8
-413110481 8
-413110324 8
-413110075 8
-413109877 8
-413109670 8
-413109471 8
-413109265 8
-413109068 8
-413108860 8
-413108706 8
-413108455 8
-413108256 8
-413108050 8
-413107853 8
-413107645 8
-413107446 8
-413107239 8
-413107040 8
-413106835 8
-413106635 8
-413106430 8
-413106231 8
-413106025 8
-413105826 8
-413105619 8
-413105420 8
-413105215 8
-413105016 8
-413104810 8
-413104611 8
-413104405 8
-413104182 8
-413103999 8
-413103783 8
-413103595 8
-413103379 8
-413103189 8
-413102975 8
-413102784 8
-413102568 8
-413102470 8
-413102379 8
-413102163 8
-413101974 8
-413101758 8
-413101569 8
-413101353 8
-413101164 8
-413100948 8
-413100759 8
-413100544 8
-413100354 8
-413100140 8
-413099949 8
-413099725 8
-413099544 8
-413099319 8
-413099138 8
-413098922 8
-413098733 8
-413098517 8
-413098329 8
-413098114 8
-413097924 8
-413097709 8
-413097518 8
-413097302 8
-413097114 8
-413096897 8
-413096708 8
-413096491 8
-413096303 8
-413096088 8
-413095899 8
-413095684 8
-413095493 8
-413095277 8
-413095088 8
-413094872 8
-413094682 8
-413094466 8
-413094278 8
-413094061 8
-413093873 8
-413093656 8
-413093468 8
-413093252 8
-413093062 8
-413092847 8
-413092658 8
-413092441 8
-413092253 8
-413092038 8
-413091848 8
-413091632 8
-413091442 8
-413091242 8
-413091038 8
-413090838 8
-413090632 8
-413090433 8
-413090227 8
-413090029 8
-413089821 8
-413089614 8
-413089515 8
-413089417 8
-413089218 8
-413089012 8
-413088813 8
-413088607 8
-413088407 8
-413088201 8
-413088003 8
-413087797 8
-413087599 8
-413087393 8
-413087195 8
-413086987 8
-413086789 8
-413086581 8
-413086382 8
-413086177 8
-413085979 8
-413085772 8
-413085573 8
-413085367 8
-413085169 8
-413084962 8
-413084763 8
-413084556 8
-413084357 8
-413084151 8
-413083952 8
-413083746 8
-413083543 8
-413083342 8
-413083144 8
-413082936 8
-413082737 8
-413082531 8
-413082332 8
-413082126 8
-413081927 8
-413081721 8
-413081521 8
-413081316 8
-413081118 8
-413080911 8
-413080713 8
-413080505 8
-413080297 8
-413080101 8
-413079903 8
-413079695 8
-413079496 8
-413079291 8
-413079092 8
-413078885 8
-413078686 8
-413078481 8
-413078393 8
-413078275 8
-413078076 8
-413077859 8
-413077670 8
-413077453 8
-413077265 8
-413077048 8
-413076861 8
-413076644 8
-413076546 8
-413076455 8
-413076239 8
-413076050 8
-413075834 8
-413075644 8
-413075428 8
-413075240 8
-413075025 8
-413074835 8
-413074618 8
-413074430 8
-413074198 8
-413074025 8
-413073810 8
-413073620 8
-413073405 8
-413073215 8
-413072999 8
-413072809 8
-413072581 8
-413072404 8
-413072182 8
-413072000 8
-413071776 8
-413071591 8
-413071376 8
-413071189 8
-413070972 8
-413070784 8
-413070566 8
-413070379 8
-413070163 8
-413069974 8
-413069758 8
-413069569 8
-413069350 8
-413069164 8
-413068948 8
-413068759 8
-413068542 8
-413068354 8
-413068137 8
-413067948 8
-413067730 8
-413067544 8
-413067317 8
-413067139 8
-413066922 8
-413066734 8
-413066517 8
-413066328 8
-413066111 8
-413065924 8
-413065707 8
-413065519 8
-413065292 8
-413065114 8
-413064911 8
-413064708 8
-413064507 8
-413064304 8
-413064104 8
-413063898 8
-413063699 8
-413063613 8
-413063493 8
-413063378 8
-413063280 8
-413063088 8
-413062889 8
-413062683 8
-413062483 8
-413062277 8
-413062078 8
-413061873 8
-413061777 8
-413061663 8
-413061468 8
-413061268 8
-413061060 8
-413060852 8
-413060657 8
-413060458 8
-413060252 8
-413060165 8
-413060037 8
-413059846 8
-413059652 8
-413059443 8
-413059241 8
-413059038 8
-413058838 8
-413058633 8
-413058545 8
-413058425 8
-413058227 8
-413058028 8
-413057823 8
-413057623 8
-413057417 8
-413057207 8
-413057013 8
-413056925 8
-413056806 8
-413056607 8
-413056408 8
-413056202 8
-413056003 8
-413055797 8
-413055598 8
-413055392 8
-413055305 8
-413055185 8
-413054987 8
-413054788 8
-413054582 8
-413054382 8
-413054177 8
-413053978 8
-413053772 8
-413053685 8
-413053564 8
-413053367 8
-413053147 8
-413052962 8
-413052745 8
-413052556 8
-413052322 8
-413052151 8
-413051935 8
-413051747 8
-413051530 8
-413051338 8
-413051122 8
-413050936 8
-413050702 8
-413050624 8
-413050531 8
-413050313 8
-413050126 8
-413049910 8
-413049720 8
-413049501 8
-413049315 8
-413049081 8
-413048911 8
-413048694 8
-413048506 8
-413048279 8
-413048100 8
-413047883 8
-413047696 8
-413047470 8
-413047291 8
-413047074 8
-413046886 8
-413046669 8
-413046481 8
-413046262 8
-413046076 8
-413045851 8
-413045670 8
-413045454 8
-413045266 8
-413045049 8
-413044860 8
-413044643 8
-413044455 8
-413044219 8
-413044051 8
-413043834 8
-413043645 8
-413043428 8
-413043240 8
-413043024 8
-413042835 8
-413042610 8
-413042430 8
-413042213 8
-413042025 8
-413041808 8
-413041620 8
-413041403 8
-413041214 8
-413040998 8
-413040810 8
-413040593 8
-413040404 8
-413040187 8
-413040000 8
-413039748 8
-413039594 8
-413039343 8
-413039190 8
-413038938 8
-413038785 8
-413038533 8
-413038380 8
-413038129 8
-413037974 8
-413037723 8
-413037654 8
-413037569 8
-413037318 8
-413037164 8
-413036913 8
-413036759 8
-413036508 8
-413036354 8
-413036103 8
-413035949 8
-413035698 8
-413035544 8
-413035292 8
-413035139 8
-413034888 8
-413034733 8
-413034482 8
-413034329 8
-413034078 8
-413033924 8
-413033672 8
-413033519 8
-413033267 8
-413033113 8
-413032862 8
-413032708 8
-413032457 8
-413032303 8
-413032052 8
-413031899 8
-413031647 8
-413031493 8
-413031240 8
-413031088 8
-413030837 8
-413030683 8
-413030432 8
-413030278 8
-413030027 8
-413029873 8
-413029622 8
-413029468 8
-413029216 8
-413029063 8
-413028812 8
-413028657 8
-413028406 8
-413028253 8
-413028002 8
-413027848 8
-413027596 8
-413027443 8
-413027191 8
-413027037 8
-413026819 8
-413026633 8
-413026416 8
-413026228 8
-413026011 8
-413025823 8
-413025606 8
-413025417 8
-413025199 8
-413025012 8
-413024796 8
-413024723 8
-413024608 8
-413024391 8
-413024202 8
-413023986 8
-413023797 8
-413023580 8
-413023393 8
-413023176 8
-413022987 8
-413022771 8
-413022582 8
-413022366 8
-413022176 8
-413021960 8
-413021772 8
-413021555 8
-413021367 8
-413021150 8
-413020962 8
-413020746 8
-413020556 8
-413020331 8
-413020152 8
-413019935 8
-413019747 8
-413019530 8
-413019341 8
-413019124 8
-413018937 8
-413018720 8
-413018532 8
-413018313 8
-413018126 8
-413017910 8
-413017720 8
-413017504 8
-413017317 8
-413017100 8
-413016911 8
-413016694 8
-413016506 8
-413016289 8
-413016100 8
-413015884 8
-413015696 8
-413015479 8
-413015290 8
-413015074 8
-413014886 8
-413014669 8
-413014480 8
-413014262 8
-413014076 8
-413013859 8
-413013671 8
-413013419 8
-413013265 8
-413013014 8
-413012860 8
-413012609 8
-413012456 8
-413012204 8
-413012051 8
-413011799 8
-413011722 8
-413011645 8
-413011394 8
-413011239 8
-413010988 8
-413010835 8
-413010584 8
-413010430 8
-413010179 8
-413010025 8
-413009774 8
-413009620 8
-413009368 8
-413009215 8
-413008963 8
-413008810 8
-413008559 8
-413008405 8
-413008139 8
-413008000 8
-413007749 8
-413007595 8
-413007344 8
-413007189 8
-413006938 8
-413006785 8
-413006522 8
-413006380 8
-413006129 8
-413005974 8
-413005722 8
-413005569 8
-413005318 8
-413005164 8
-413004912 8
-413004759 8
-413004508 8
-413004354 8
-413004103 8
-413003950 8
-413003698 8
-413003544 8
-413003283 8
-413003139 8
-413002888 8
-413002734 8
-413002482 8
-413002329 8
-413002077 8
-413001924 8
-413001672 8
-413001519 8
-413001267 8
-413001114 8
-413000862 8
-413000709 8
-413000457 8
-413000303 8
-413000052 8
-412999899 8
-412999647 8
-412999494 8
-412999242 8
-412999088 8
-412998837 8
-412998763 8
-412998682 8
-412998439 8
-412998278 8
-412998026 8
-412997874 8
-412997622 8
-412997468 8
-412997207 8
-412997063 8
-412996812 8
-412996658 8
-412996407 8
-412996253 8
-412996001 8
-412995848 8
-412995585 8
-412995443 8
-412995192 8
-412995038 8
-412994787 8
-412994633 8
-412994381 8
-412994226 8
-412993975 8
-412993822 8
-412993571 8
-412993418 8
-412993166 8
-412993013 8
-412992762 8
-412992607 8
-412992356 8
-412992202 8
-412991951 8
-412991797 8
-412991546 8
-412991393 8
-412991141 8
-412990987 8
-412990733 8
-412990582 8
-412990331 8
-412990177 8
-412989926 8
-412989772 8
-412989521 8
-412989367 8
-412989115 8
-412988962 8
-412988710 8
-412988556 8
-412988296 8
-412988152 8
-412987901 8
-412987743 8
-412987490 8
-412987342 8
-412987091 8
-412986937 8
-412986684 8
-412986531 8
-412986269 8
-412986126 8
-412985875 8
-412985796 8
-412985721 8
-412985470 8
-412985316 8
-412985066 8
-412984911 8
-412984651 8
-412984507 8
-412984246 8
-412984101 8
-412983848 8
-412983696 8
-412983443 8
-412983291 8
-412983031 8
-412982886 8
-412982635 8
-412982481 8
-412982228 8
-412982076 8
-412981824 8
-412981671 8
-412981411 8
-412981266 8
-412981014 8
-412980861 8
-412980609 8
-412980456 8
-412980203 8
-412980050 8
-412979791 8
-412979645 8
-412979394 8
-412979240 8
-412978989 8
-412978835 8
-412978584 8
-412978430 8
-412978170 8
-412978025 8
-412977774 8
-412977620 8
-412977369 8
-412977212 8
-412976952 8
-412976809 8
-412976549 8
-412976405 8
-412976151 8
-412975999 8
-412975746 8
-412975595 8
-412975344 8
-412975189 8
-412974937 8
-412974785 8
-412974533 8
-412974379 8
-412974128 8
-412973975 8
-412973723 8
-412973568 8
-412973316 8
-412973164 8
-412972913 8
-412972838 8
-412972759 8
-412972508 8
-412972355 8
-412972095 8
-412971949 8
-412971697 8
-412971544 8
-412971293 8
-412971139 8
-412970888 8
-412970733 8
-412970472 8
-412970329 8
-412970077 8
-412969924 8
-412969675 8
-412969519 8
-412969268 8
-412969114 8
-412968847 8
-412968708 8
-412968457 8
-412968303 8
-412968053 8
-412967899 8
-412967648 8
-412967490 8
-412967223 8
-412967088 8
-412966839 8
-412966683 8
-412966432 8
-412966279 8
-412966028 8
-412965873 8
-412965612 8
-412965468 8
-412965216 8
-412965063 8
-412964812 8
-412964658 8
-412964407 8
-412964252 8
-412964002 8
-412963848 8
-412963597 8
-412963443 8
-412963176 8
-412963038 8
-412962787 8
-412962632 8
-412962381 8
-412962227 8
-412961976 8
-412961823 8
-412961571 8
-412961418 8
-412961167 8
-412961012 8
-412960761 8
-412960607 8
-412960356 8
-412960202 8
-412959951 8
-412959843 8
-412959797 8
-412959546 8
-412959392 8
-412959141 8
-412958987 8
-412958734 8
-412958582 8
-412958331 8
-412958177 8
-412957928 8
-412957771 8
-412957521 8
-412957367 8
-412957116 8
-412956962 8
-412956710 8
-412956557 8
-412956306 8
-412956151 8
-412955900 8
-412955747 8
-412955492 8
-412955342 8
-412955091 8
-412954937 8
-412954686 8
-412954531 8
-412954280 8
-412954127 8
-412953877 8
-412953721 8
-412953470 8
-412953316 8
-412953066 8
-412952911 8
-412952662 8
-412952506 8
-412952255 8
-412952101 8
-412951852 8
-412951695 8
-412951444 8
-412951291 8
-412951040 8
-412950886 8
-412950637 8
-412950481 8
-412950229 8
-412950075 8
-412949824 8
-412949671 8
-412949422 8
-412949266 8
-412949015 8
-412948860 8
-412948609 8
-412948455 8
-412948204 8
-412948051 8
-412947801 8
-412947645 8
-412947396 8
-412947240 8
-412946991 8
-412946891 8
-412946835 8
-412946584 8
-412946431 8
-412946180 8
-412946025 8
-412945776 8
-412945620 8
-412945371 8
-412945214 8
-412944964 8
-412944810 8
-412944561 8
-412944405 8
-412944157 8
-412944000 8
-412943751 8
-412943594 8
-412943344 8
-412943190 8
-412942940 8
-412942785 8
-412942533 8
-412942379 8
-412942129 8
-412941975 8
-412941723 8
-412941570 8
-412941311 8
-412941165 8
-412940914 8
-412940759 8
-412940508 8
-412940355 8
-412940104 8
-412939949 8
-412939699 8
-412939544 8
-412939293 8
-412939139 8
-412938888 8
-412938734 8
-412938483 8
-412938329 8
-412938078 8
-412937924 8
-412937674 8
-412937519 8
-412937268 8
-412937114 8
-412936864 8
-412936709 8
-412936458 8
-412936304 8
-412936053 8
-412935898 8
-412935647 8
-412935494 8
-412935243 8
-412935089 8
-412934838 8
-412934683 8
-412934432 8
-412934278 8
-412934027 8
-412933925 8
-412933873 8
-412933622 8
-412933469 8
-412933217 8
-412933063 8
-412932814 8
-412932658 8
-412932407 8
-412932253 8
-412932003 8
-412931848 8
-412931597 8
-412931443 8
-412931183 8
-412931038 8
-412930787 8
-412930633 8
-412930382 8
-412930228 8
-412929978 8
-412929823 8
-412929560 8
-412929418 8
-412929167 8
-412929013 8
-412928764 8
-412928608 8
-412928357 8
-412928202 8
-412927951 8
-412927798 8
-412927548 8
-412927393 8
-412927143 8
-412926988 8
-412926738 8
-412926582 8
-412926330 8
-412926177 8
-412925926 8
-412925772 8
-412925522 8
-412925368 8
-412925117 8
-412924961 8
-412924710 8
-412924557 8
-412924308 8
-412924152 8
-412923901 8
-412923747 8
-412923501 8
-412923342 8
-412923091 8
-412922937 8
-412922687 8
-412922532 8
-412922281 8
-412922126 8
-412921876 8
-412921721 8
-412921469 8
-412921316 8
-412921067 8
-412920967 8
-412920911 8
-412920661 8
-412920506 8
-412920238 8
-412920101 8
-412919851 8
-412919696 8
-412919445 8
-412919291 8
-412919042 8
-412918886 8
-412918626 8
-412918481 8
-412918230 8
-412918076 8
-412917827 8
-412917671 8
-412917422 8
-412917266 8
-412917006 8
-412916861 8
-412916611 8
-412916456 8
-412916204 8
-412916051 8
-412915800 8
-412915646 8
-412915388 8
-412915240 8
-412914991 8
-412914835 8
-412914586 8
-412914430 8
-412914179 8
-412914026 8
-412913768 8
-412913620 8
-412913370 8
-412913215 8
-412912964 8
-412912810 8
-412912560 8
-412912405 8
-412912148 8
-412912000 8
-412911749 8
-412911595 8
-412911345 8
-412911189 8
-412910939 8
-412910785 8
-412910524 8
-412910380 8
-412910129 8
-412909974 8
-412909723 8
-412909570 8
-412909301 8
-412909165 8
-412908914 8
-412908759 8
-412908508 8
-412908355 8
-412908105 8
-412908007 8
-412907950 8
-412907691 8
-412907545 8
-412907286 8
-412907140 8
-412906888 8
-412906733 8
-412906482 8
-412906330 8
-412906072 8
-412905924 8
-412905673 8
-412905519 8
-412905268 8
-412905114 8
-412904864 8
-412904708 8
-412904439 8
-412904303 8
-412904054 8
-412903895 8
-412903645 8
-412903493 8
-412903243 8
-412903088 8
-412902828 8
-412902683 8
-412902429 8
-412902279 8
-412902027 8
-412901873 8
-412901624 8
-412901469 8
-412901208 8
-412901063 8
-412900814 8
-412900658 8
-412900409 8
-412900253 8
-412900000 8
-412899848 8
-412899590 8
-412899443 8
-412899192 8
-412899038 8
-412898787 8
-412898633 8
-412898382 8
-412898226 8
-412897977 8
-412897823 8
-412897572 8
-412897418 8
-412897167 8
-412897013 8
-412896762 8
-412896607 8
-412896356 8
-412896202 8
-412895953 8
-412895797 8
-412895546 8
-412895393 8
-412895142 8
-412895044 8
-412894987 8
-412894736 8
-412894582 8
-412894332 8
-412894177 8
-412893928 8
-412893772 8
-412893522 8
-412893364 8
-412893106 8
-412892962 8
-412892712 8
-412892557 8
-412892306 8
-412892151 8
-412891905 8
-412891746 8
-412891497 8
-412891342 8
-412891093 8
-412890937 8
-412890686 8
-412890532 8
-412890274 8
-412890126 8
-412889875 8
-412889721 8
-412889468 8
-412889316 8
-412889067 8
-412888912 8
-412888660 8
-412888506 8
-412888254 8
-412888102 8
-412887852 8
-412887696 8
-412887445 8
-412887290 8
-412887040 8
-412886886 8
-412886637 8
-412886481 8
-412886230 8
-412886076 8
-412885825 8
-412885670 8
-412885419 8
-412885266 8
-412885017 8
-412884860 8
-412884609 8
-412884456 8
-412884204 8
-412884050 8
-412883798 8
-412883643 8
-412883384 8
-412883240 8
-412882990 8
-412882581 8
-412882430 8
-412882179 8
-412882079 8
-412882025 8
-412881773 8
-412881620 8
-412881369 8
-412881215 8
-412880965 8
-412880809 8
-412880559 8
-412880406 8
-412880149 8
-412880000 8
-412879749 8
-412879595 8
-412879344 8
-412879189 8
-412878939 8
-412878785 8
-412878535 8
-412878380 8
-412878131 8
-412877975 8
-412877725 8
-412877569 8
-412877318 8
-412877165 8
-412876914 8
-412876760 8
-412876510 8
-412876354 8
-412876105 8
-412875950 8
-412875698 8
-412875544 8
-412875287 8
-412875140 8
-412874889 8
-412874733 8
-412874482 8
-412874329 8
-412874078 8
-412873924 8
-412873674 8
-412873519 8
-412873270 8
-412873113 8
-412872863 8
-412872709 8
-412872457 8
-412872304 8
-412872053 8
-412871899 8
-412871649 8
-412871493 8
-412871242 8
-412871089 8
-412870839 8
-412870683 8
-412870464 8
-412870278 8
-412870062 8
-412869873 8
-412869654 8
-412869469 8
-412869250 8
-412869161 8
-412869063 8
-412868847 8
-412868658 8
-412868441 8
-412868253 8
-412868035 8
-412867848 8
-412867631 8
-412867443 8
-412867225 8
-412867038 8
-412866822 8
-412866632 8
-412866414 8
-412866228 8
-412866011 8
-412865823 8
-412865606 8
-412865418 8
-412865183 8
-412865013 8
-412864796 8
-412864608 8
-412864391 8
-412864203 8
-412863986 8
-412863798 8
-412863569 8
-412863393 8
-412863176 8
-412862988 8
-412862771 8
-412862583 8
-412862366 8
-412862177 8
-412861960 8
-412861773 8
-412861556 8
-412861368 8
-412861150 8
-412860962 8
-412860746 8
-412860557 8
-412860340 8
-412860152 8
-412859935 8
-412859747 8
-412859530 8
-412859342 8
-412859125 8
-412858936 8
-412858720 8
-412858532 8
-412858315 8
-412858127 8
-412857910 8
-412857722 8
-412857467 8
-412857316 8
-412857065 8
-412856912 8
-412856660 8
-412856506 8
-412856255 8
-412856172 8
-412856101 8
-412855850 8
-412855696 8
-412855444 8
-412855291 8
-412855040 8
-412854886 8
-412854635 8
-412854481 8
-412854221 8
-412854076 8
-412853825 8
-412853671 8
-412853418 8
-412853266 8
-412853015 8
-412852861 8
-412852601 8
-412852456 8
-412852203 8
-412852051 8
-412851800 8
-412851646 8
-412851394 8
-412851241 8
-412850981 8
-412850836 8
-412850584 8
-412850431 8
-412850179 8
-412850026 8
-412849774 8
-412849620 8
-412849361 8
-412849215 8
-412848964 8
-412848810 8
-412848559 8
-412848405 8
-412848153 8
-412848000 8
-412847740 8
-412847595 8
-412847344 8
-412847190 8
-412846939 8
-412846785 8
-412846534 8
-412846380 8
-412846120 8
-412845975 8
-412845724 8
-412845570 8
-412845319 8
-412845165 8
-412844914 8
-412844760 8
-412844500 8
-412844355 8
-412844138 8
-412843950 8
-412843733 8
-412843544 8
-412843311 8
-412843235 8
-412843139 8
-412842923 8
-412842734 8
-412842517 8
-412842329 8
-412842112 8
-412841924 8
-412841699 8
-412841519 8
-412841302 8
-412841114 8
-412840897 8
-412840709 8
-412840491 8
-412840304 8
-412840078 8
-412839899 8
-412839682 8
-412839494 8
-412839277 8
-412839089 8
-412838872 8
-412838684 8
-412838458 8
-412838277 8
-412838061 8
-412837874 8
-412837657 8
-412837469 8
-412837252 8
-412837063 8
-412836829 8
-412836658 8
-412836442 8
-412836253 8
-412836036 8
-412835848 8
-412835632 8
-412835443 8
-412835216 8
-412835038 8
-412834822 8
-412834633 8
-412834416 8
-412834228 8
-412834011 8
-412833823 8
-412833597 8
-412833418 8
-412833200 8
-412833013 8
-412832796 8
-412832608 8
-412832391 8
-412832202 8
-412831985 8
-412831798 8
-412831581 8
-412831393 8
-412831147 8
-412830987 8
-412830736 8
-412830582 8
-412830331 8
-412830252 8
-412830177 8
-412829926 8
-412829773 8
-412829521 8
-412829368 8
-412829116 8
-412828962 8
-412828710 8
-412828557 8
-412828306 8
-412828152 8
-412827901 8
-412827747 8
-412827496 8
-412827342 8
-412827090 8
-412826937 8
-412826683 8
-412826532 8
-412826281 8
-412826127 8
-412825875 8
-412825721 8
-412825469 8
-412825317 8
-412825066 8
-412824911 8
-412824660 8
-412824507 8
-412824255 8
-412824101 8
-412823850 8
-412823696 8
-412823445 8
-412823291 8
-412823040 8
-412822887 8
-412822635 8
-412822481 8
-412822229 8
-412822076 8
-412821825 8
-412821671 8
-412821420 8
-412821265 8
-412821014 8
-412820861 8
-412820609 8
-412820456 8
-412820204 8
-412820048 8
-412819789 8
-412819645 8
-412819394 8
-412819241 8
-412818989 8
-412818835 8
-412818581 8
-412818431 8
-412818179 8
-412818025 8
-412817808 8
-412817621 8
-412817403 8
-412817327 8
-412817215 8
-412816998 8
-412816810 8
-412816594 8
-412816405 8
-412816184 8
-412816000 8
-412815782 8
-412815595 8
-412815379 8
-412815190 8
-412814973 8
-412814785 8
-412814568 8
-412814380 8
-412814162 8
-412813975 8
-412813759 8
-412813570 8
-412813353 8
-412813164 8
-412812947 8
-412812760 8
-412812543 8
-412812355 8
-412812136 8
-412811950 8
-412811733 8
-412811544 8
-412811372 8
-412811139 8
-412810923 8
-412810734 8
-412810517 8
-412810329 8
-412810110 8
-412809924 8
-412809707 8
-412809517 8
-412809292 8
-412809113 8
-412808897 8
-412808708 8
-412808491 8
-412808302 8
-412808082 8
-412807899 8
-412807681 8
-412807494 8
-412807269 8
-412807088 8
-412806872 8
-412806683 8
-412806466 8
-412806279 8
-412806062 8
-412805873 8
-412805654 8
-412805468 8
-412805250 8
-412805064 8
-412804810 8
-412804658 8
-412804407 8
-412804328 8
-412804253 8
-412804002 8
-412803848 8
-412803596 8
-412803443 8
-412803190 8
-412803038 8
-412802787 8
-412802633 8
-412802381 8
-412802226 8
-412801975 8
-412801823 8
-412801572 8
-412801418 8
-412801166 8
-412801013 8
-412800761 8
-412800607 8
-412800356 8
-412800203 8
-412799951 8
-412799796 8
-412799535 8
-412799379 8
-412799127 8
-412798988 8
-412798736 8
-412798583 8
-412798331 8
-412798177 8
-412797925 8
-412797771 8
-412797524 8
-412797368 8
-412797115 8
-412796962 8
-412796711 8
-412796557 8
-412796297 8
-412796151 8
-412795900 8
-412795747 8
-412795496 8
-412795342 8
-412795091 8
-412794937 8
-412794685 8
-412794531 8
-412794280 8
-412794127 8
-412793876 8
-412793722 8
-412793470 8
-412793317 8
-412793065 8
-412792911 8
-412792659 8
-412792507 8
-412792255 8
-412792102 8
-412791850 8
-412791697 8
-412791480 8
-412791404 8
-412791291 8
-412791073 8
-412790886 8
-412790670 8
-412790482 8
-412790265 8
-412790076 8
-412789860 8
-412789670 8
-412789452 8
-412789266 8
-412789050 8
-412788861 8
-412788644 8
-412788456 8
-412788220 8
-412788051 8
-412787834 8
-412787645 8
-412787427 8
-412787241 8
-412787024 8
-412786836 8
-412786607 8
-412786431 8
-412786214 8
-412786026 8
-412785809 8
-412785621 8
-412785404 8
-412785215 8
-412784998 8
-412784810 8
-412784593 8
-412784405 8
-412784185 8
-412784000 8
-412783784 8
-412783595 8
-412783378 8
-412783190 8
-412782973 8
-412782785 8
-412782568 8
-412782380 8
-412782163 8
-412781974 8
-412781758 8
-412781570 8
-412781345 8
-412781164 8
-412780948 8
-412780760 8
-412780543 8
-412780354 8
-412780136 8
-412779950 8
-412779733 8
-412779545 8
-412779328 8
-412779139 8
-412778923 8
-412778734 8
-412778480 8
-412778403 8
-412778329 8
-412778077 8
-412777924 8
-412777673 8
-412777519 8
-412777251 8
-412777114 8
-412776863 8
-412776709 8
-412776458 8
-412776304 8
-412776052 8
-412775899 8
-412775639 8
-412775494 8
-412775243 8
-412775089 8
-412774837 8
-412774683 8
-412774432 8
-412774279 8
-412774019 8
-412773874 8
-412773623 8
-412773469 8
-412773218 8
-412773064 8
-412772812 8
-412772659 8
-412772399 8
-412772253 8
-412772002 8
-412771849 8
-412771597 8
-412771443 8
-412771192 8
-412771038 8
-412770778 8
-412770633 8
-412770382 8
-412770228 8
-412769974 8
-412769823 8
-412769575 8
-412769418 8
-412769158 8
-412769013 8
-412768763 8
-412768608 8
-412768359 8
-412768203 8
-412767952 8
-412767798 8
-412767540 8
-412767393 8
-412767141 8
-412766988 8
-412766738 8
-412766583 8
-412766332 8
-412766177 8
-412765928 8
-412765773 8
-412765523 8
-412765410 8
-412765368 8
-412765149 8
-412764962 8
-412764730 8
-412764557 8
-412764334 8
-412764151 8
-412763936 8
-412763747 8
-412763530 8
-412763342 8
-412763117 8
-412762937 8
-412762721 8
-412762532 8
-412762316 8
-412762127 8
-412761912 8
-412761722 8
-412761487 8
-412761317 8
-412761100 8
-412760912 8
-412760697 8
-412760507 8
-412760290 8
-412760102 8
-412759869 8
-412759696 8
-412759480 8
-412759291 8
-412759077 8
-412758887 8
-412758672 8
-412758482 8
-412758249 8
-412758076 8
-412757861 8
-412757671 8
-412757455 8
-412757266 8
-412757049 8
-412756861 8
-412756629 8
-412756456 8
-412756240 8
-412756051 8
-412755836 8
-412755646 8
-412755429 8
-412755240 8
-412755024 8
-412754836 8
-412754619 8
-412754430 8
-412754206 8
-412754025 8
-412753811 8
-412753620 8
-412753404 8
-412753216 8
-412752999 8
-412752810 8
-412752594 8
-412752493 8
-412752405 8
-412752182 8
-412752000 8
-412751749 8
-412751596 8
-412751346 8
-412751190 8
-412750941 8
-412750786 8
-412750534 8
-412750380 8
-412750131 8
-412749975 8
-412749724 8
-412749570 8
-412749319 8
-412749165 8
-412748916 8
-412748759 8
-412748510 8
-412748355 8
-412748104 8
-412747950 8
-412747700 8
-412747545 8
-412747294 8
-412747139 8
-412746888 8
-412746734 8
-412746482 8
-412746330 8
-412746080 8
-412745925 8
-412745673 8
-412745519 8
-412745268 8
-412745114 8
-412744865 8
-412744709 8
-412744457 8
-412744303 8
-412744054 8
-412743899 8
-412743649 8
-412743494 8
-412743243 8
-412743089 8
-412742837 8
-412742683 8
-412742432 8
-412742279 8
-412742028 8
-412741874 8
-412741624 8
-412741469 8
-412741218 8
-412741063 8
-412740812 8
-412740659 8
-412740410 8
-412740253 8
-412740002 8
-412739848 8
-412739598 8
-412739500 8
-412739443 8
-412739192 8
-412739038 8
-412738787 8
-412738633 8
-412738382 8
-412738228 8
-412737977 8
-412737823 8
-412737572 8
-412737418 8
-412737169 8
-412737013 8
-412736755 8
-412736608 8
-412736357 8
-412736200 8
-412735941 8
-412735798 8
-412735548 8
-412735393 8
-412735141 8
-412734987 8
-412734741 8
-412734582 8
-412734331 8
-412734177 8
-412733926 8
-412733773 8
-412733521 8
-412733367 8
-412733117 8
-412732962 8
-412732713 8
-412732558 8
-412732305 8
-412732152 8
-412731901 8
-412731747 8
-412731501 8
-412731343 8
-412731092 8
-412730937 8
-412730687 8
-412730532 8
-412730281 8
-412730126 8
-412729876 8
-412729722 8
-412729470 8
-412729317 8
-412729066 8
-412728912 8
-412728660 8
-412728506 8
-412728256 8
-412728102 8
-412727851 8
-412727696 8
-412727445 8
-412727291 8
-412727040 8
-412726885 8
-412726634 8
-412726532 8
-412726481 8
-412726232 8
-412726076 8
-412725826 8
-412725670 8
-412725412 8
-412725265 8
-412725014 8
-412724861 8
-412724611 8
-412724455 8
-412724201 8
-412724051 8
-412723801 8
-412723645 8
-412723395 8
-412723241 8
-412722992 8
-412722835 8
-412722586 8
-412722431 8
-412722162 8
-412722026 8
-412721773 8
-412721621 8
-412721369 8
-412721215 8
-412720964 8
-412720810 8
-412720547 8
-412720406 8
-412720148 8
-412720000 8
-412719751 8
-412719595 8
-412719346 8
-412719190 8
-412718939 8
-412718785 8
-412718534 8
-412718381 8
-412718129 8
-412717975 8
-412717723 8
-412717569 8
-412717319 8
-412717165 8
-412716915 8
-412716760 8
-412716509 8
-412716354 8
-412716103 8
-412715947 8
-412715689 8
-412715545 8
-412715294 8
-412715140 8
-412714889 8
-412714734 8
-412714483 8
-412714329 8
-412714077 8
-412713924 8
-412713678 8
-412713579 8
-412713519 8
-412713269 8
-412713114 8
-412712865 8
-412712709 8
-412712457 8
-412712304 8
-412712053 8
-412711899 8
-412711648 8
-412711494 8
-412711225 8
-412711089 8
-412710839 8
-412710684 8
-412710432 8
-412710279 8
-412710028 8
-412709874 8
-412709615 8
-412709469 8
-412709219 8
-412709064 8
-412708812 8
-412708659 8
-412708408 8
-412708254 8
-412707994 8
-412707849 8
-412707597 8
-412707443 8
-412707192 8
-412707039 8
-412706788 8
-412706634 8
-412706373 8
-412706228 8
-412705978 8
-412705823 8
-412705572 8
-412705418 8
-412705167 8
-412705013 8
-412704753 8
-412704608 8
-412704357 8
-412704203 8
-412703952 8
-412703798 8
-412703549 8
-412703393 8
-412703134 8
-412702988 8
-412702736 8
-412702583 8
-412702333 8
-412702178 8
-412701927 8
-412701773 8
-412701513 8
-412701368 8
-412701117 8
-412700962 8
-412700713 8
-412700613 8
-412700558 8
-412700291 8
-412700152 8
-412699903 8
-412699747 8
-412699501 8
-412699343 8
-412699091 8
-412698937 8
-412698679 8
-412698532 8
-412698283 8
-412698127 8
-412697876 8
-412697722 8
-412697471 8
-412697317 8
-412697058 8
-412696912 8
-412696662 8
-412696507 8
-412696258 8
-412696102 8
-412695851 8
-412695696 8
-412695437 8
-412695291 8
-412695041 8
-412694887 8
-412694638 8
-412694481 8
-412694231 8
-412694077 8
-412693819 8
-412693671 8
-412693420 8
-412693266 8
-412693015 8
-412692861 8
-412692612 8
-412692456 8
-412692190 8
-412692051 8
-412691800 8
-412691646 8
-412691397 8
-412691241 8
-412690990 8
-412690836 8
-412690576 8
-412690431 8
-412690181 8
-412690026 8
-412689776 8
-412689621 8
-412689370 8
-412689215 8
-412688964 8
-412688811 8
-412688559 8
-412688406 8
-412688157 8
-412688001 8
-412687750 8
-412687649 8
-412687595 8
-412687344 8
-412687190 8
-412686939 8
-412686785 8
-412686536 8
-412686381 8
-412686129 8
-412685975 8
-412685723 8
-412685570 8
-412685319 8
-412685165 8
-412684914 8
-412684760 8
-412684510 8
-412684355 8
-412684103 8
-412683950 8
-412683699 8
-412683545 8
-412683268 8
-412683140 8
-412682890 8
-412682733 8
-412682481 8
-412682329 8
-412682078 8
-412681925 8
-412681673 8
-412681520 8
-412681269 8
-412681114 8
-412680863 8
-412680709 8
-412680457 8
-412680303 8
-412680054 8
-412679899 8
-412679649 8
-412679494 8
-412679243 8
-412679089 8
-412678840 8
-412678684 8
-412678432 8
-412678278 8
-412678027 8
-412677874 8
-412677623 8
-412677469 8
-412677218 8
-412677064 8
-412676814 8
-412676658 8
-412676408 8
-412676254 8
-412676003 8
-412675849 8
-412675599 8
-412675444 8
-412675194 8
-412675038 8
-412674787 8
-412674690 8
-412674633 8
-412674384 8
-412674228 8
-412673979 8
-412673823 8
-412673573 8
-412673418 8
-412673167 8
-412673013 8
-412672762 8
-412672608 8
-412672359 8
-412672203 8
-412671954 8
-412671797 8
-412671546 8
-412671393 8
-412671142 8
-412670988 8
-412670738 8
-412670583 8
-412670324 8
-412670177 8
-412669926 8
-412669773 8
-412669521 8
-412669368 8
-412669116 8
-412668963 8
-412668710 8
-412668557 8
-412668306 8
-412668153 8
-412667902 8
-412667748 8
-412667496 8
-412667342 8
-412667089 8
-412666937 8
-412666686 8
-412666532 8
-412666281 8
-412666127 8
-412665876 8
-412665721 8
-412665469 8
-412665317 8
-412665065 8
-412664912 8
-412664661 8
-412664507 8
-412664256 8
-412664101 8
-412663850 8
-412663696 8
-412663445 8
-412663291 8
-412663038 8
-412662887 8
-412662635 8
-412662481 8
-412662230 8
-412662076 8
-412661825 8
-412661741 8
-412661671 8
-412661419 8
-412661266 8
-412661015 8
-412660861 8
-412660609 8
-412660456 8
-412660205 8
-412660051 8
-412659800 8
-412659646 8
-412659395 8
-412659240 8
-412658987 8
-412658836 8
-412658582 8
-412658431 8
-412658180 8
-412658026 8
-412657775 8
-412657620 8
-412657369 8
-412657216 8
-412656964 8
-412656811 8
-412656559 8
-412656406 8
-412656140 8
-412656001 8
-412655749 8
-412655595 8
-412655344 8
-412655190 8
-412654939 8
-412654786 8
-412654522 8
-412654381 8
-412654128 8
-412653976 8
-412653724 8
-412653570 8
-412653319 8
-412653164 8
-412652913 8
-412652760 8
-412652509 8
-412652354 8
-412652093 8
-412651950 8
-412651698 8
-412651544 8
-412651284 8
-412651139 8
-412650893 8
-412650734 8
-412650481 8
-412650330 8
-412650077 8
-412649924 8
-412649672 8
-412649519 8
-412649260 8
-412649115 8
-412648863 8
-412648787 8
-412648710 8
-412648458 8
-412648303 8
-412648058 8
-412647899 8
-412647648 8
-412647494 8
-412647243 8
-412647089 8
-412646838 8
-412646683 8
-412646432 8
-412646279 8
-412646027 8
-412645874 8
-412645623 8
-412645469 8
-412645200 8
-412645064 8
-412644813 8
-412644658 8
-412644407 8
-412644254 8
-412644002 8
-412643849 8
-412643586 8
-412643443 8
-412643192 8
-412643038 8
-412642787 8
-412642633 8
-412642381 8
-412642227 8
-412641976 8
-412641823 8
-412641572 8
-412641415 8
-412641164 8
-412641013 8
-412640762 8
-412640607 8
-412640352 8
-412640203 8
-412639952 8
-412639798 8
-412639547 8
-412639393 8
-412639141 8
-412638987 8
-412638736 8
-412638583 8
-412638332 8
-412638177 8
-412637925 8
-412637773 8
-412637519 8
-412637367 8
-412637123 8
-412636963 8
-412636711 8
-412636558 8
-412636306 8
-412636153 8
-412635902 8
-412635825 8
-412635747 8
-412635495 8
-412635343 8
-412635098 8
-412634937 8
-412634686 8
-412634533 8
-412634264 8
-412634128 8
-412633876 8
-412633722 8
-412633470 8
-412633317 8
-412633063 8
-412632912 8
-412632652 8
-412632506 8
-412632255 8
-412632100 8
-412631848 8
-412631696 8
-412631445 8
-412631292 8
-412631031 8
-412630887 8
-412630635 8
-412630482 8
-412630230 8
-412630076 8
-412629830 8
-412629671 8
-412629411 8
-412629266 8
-412629014 8
-412628861 8
-412628610 8
-412628456 8
-412628205 8
-412628051 8
-412627791 8
-412627646 8
-412627395 8
-412627241 8
-412626989 8
-412626836 8
-412626585 8
-412626431 8
-412626171 8
-412626026 8
-412625775 8
-412625621 8
-412625370 8
-412625216 8
-412624964 8
-412624811 8
-412624548 8
-412624405 8
-412624153 8
-412624001 8
-412623750 8
-412623595 8
-412623344 8
-412623190 8
-412622939 8
-412622864 8
-412622786 8
-412622534 8
-412622381 8
-412622128 8
-412621975 8
-412621715 8
-412621570 8
-412621310 8
-412621165 8
-412620914 8
-412620760 8
-412620508 8
-412620355 8
-412620095 8
-412619950 8
-412619699 8
-412619545 8
-412619259 8
-412619140 8
-412618888 8
-412618734 8
-412618473 8
-412618329 8
-412618077 8
-412617925 8
-412617674 8
-412617520 8
-412617269 8
-412617115 8
-412616855 8
-412616709 8
-412616458 8
-412616304 8
-412616052 8
-412615899 8
-412615648 8
-412615494 8
-412615226 8
-412615089 8
-412614838 8
-412614684 8
-412614552 8
-412614340 8
-412614157 8
-412613961 8
-412613874 8
-412613753 8
-412613557 8
-412613469 8
-412613348 8
-412613158 8
-412613064 8
-412612944 8
-412612731 8
-412612542 8
-412612347 8
-412612269 8
-412612253 8
-412612132 8
-412611940 8
-412611849 8
-412611728 8
-412611541 8
-412611444 8
-412611316 8
-412611122 8
-412611038 8
-412610918 8
-412610731 8
-412610633 8
-412610515 8
-412610352 8
-412610228 8
-412610109 8
-412609948 8
-412609823 8
-412609703 8
-412609543 8
-412609419 8
-412609297 8
-412609144 8
-412609013 8
-412608891 8
-412608731 8
-412608609 8
-412608485 8
-412608297 8
-412608203 8
-412608083 8
-412607929 8
-412607798 8
-412607678 8
-412607525 8
-412607393 8
-412607274 8
-412607119 8
-412606988 8
-412606869 8
-412606708 8
-412606583 8
-412606461 8
-412606298 8
-412606178 8
-412606058 8
-412605899 8
-412605824 8
-412605772 8
-412605654 8
-412605501 8
-412605368 8
-412605248 8
-412605095 8
-412604963 8
-412604843 8
-412604680 8
-412604558 8
-412604436 8
-412604276 8
-412604152 8
-412604033 8
-412603873 8
-412603748 8
-412603626 8
-412603465 8
-412603343 8
-412603222 8
-412603069 8
-412602938 8
-412602818 8
-412602659 8
-412602532 8
-412602413 8
-412602259 8
-412602127 8
-412602008 8
-412601906 8
-412601722 8
-412601599 8
-412601447 8
-412601316 8
-412601194 8
-412601044 8
-412600912 8
-412600788 8
-412600641 8
-412600507 8
-412600380 8
-412600256 8
-412600102 8
-412599979 8
-412599834 8
-412599696 8
-412599573 8
-412599423 8
-412599348 8
-412599292 8
-412599168 8
-412599018 8
-412598887 8
-412598763 8
-412598670 8
-412598482 8
-412598357 8
-412598212 8
-412598076 8
-412597957 8
-412597812 8
-412597671 8
-412597553 8
-412597408 8
-412597266 8
-412597148 8
-412597046 8
-412596862 8
-412596742 8
-412596602 8
-412596455 8
-412596335 8
-412596199 8
-412596051 8
-412595932 8
-412595790 8
-412595646 8
-412595527 8
-412595426 8
-412595241 8
-412595119 8
-412594978 8
-412594836 8
-412594716 8
-412594571 8
-412594431 8
-412594310 8
-412594168 8
-412594026 8
-412593906 8
-412593813 8
-412593621 8
-412593501 8
-412593357 8
-412593215 8
-412593096 8
-412592934 8
-412592863 8
-412592811 8
-412592691 8
-412592532 8
-412592406 8
-412592283 8
-412592130 8
-412592000 8
-412591881 8
-412591723 8
-412591595 8
-412591474 8
-412591313 8
-412591190 8
-412591071 8
-412590918 8
-412590786 8
-412590665 8
-412590504 8
-412590372 8
-412590257 8
-412590105 8
-412589975 8
-412589856 8
-412589697 8
-412589571 8
-412589449 8
-412589287 8
-412589166 8
-412589045 8
-412588892 8
-412588760 8
-412588641 8
-412588483 8
-412588356 8
-412588236 8
-412588077 8
-412587950 8
-412587831 8
-412587669 8
-412587545 8
-412587426 8
-412587266 8
-412587139 8
-412587021 8
-412586860 8
-412586734 8
-412586611 8
-412586449 8
-412586377 8
-412586329 8
-412586211 8
-412586052 8
-412585925 8
-412585805 8
-412585644 8
-412585519 8
-412585401 8
-412585247 8
-412585115 8
-412584996 8
-412584841 8
-412584710 8
-412584591 8
-412584445 8
-412584304 8
-412584184 8
-412584048 8
-412583899 8
-412583780 8
-412583637 8
-412583494 8
-412583373 8
-412583231 8
-412583089 8
-412582970 8
-412582826 8
-412582684 8
-412582564 8
-412582421 8
-412582279 8
-412582159 8
-412582023 8
-412581874 8
-412581755 8
-412581610 8
-412581469 8
-412581347 8
-412581202 8
-412581064 8
-412580945 8
-412580804 8
-412580658 8
-412580540 8
-412580395 8
-412580254 8
-412580135 8
-412579989 8
-412579918 8
-412579849 8
-412579729 8
-412579591 8
-412579444 8
-412579317 8
-412579181 8
-412579039 8
-412578919 8
-412578775 8
-412578634 8
-412578515 8
-412578370 8
-412578228 8
-412578106 8
-412577961 8
-412577824 8
-412577802 8
-412577693 8
-412577565 8
-412577419 8
-412577297 8
-412577161 8
-412577013 8
-412576893 8
-412576750 8
-412576608 8
-412576487 8
-412576345 8
-412576202 8
-412576084 8
-412575939 8
-412575798 8
-412575679 8
-412575517 8
-412575394 8
-412575273 8
-412575109 8
-412574988 8
-412574868 8
-412574709 8
-412574582 8
-412574460 8
-412574301 8
-412574178 8
-412574058 8
-412573905 8
-412573773 8
-412573652 8
-412573489 8
-412573418 8
-412573368 8
-412573248 8
-412573095 8
-412572962 8
-412572839 8
-412572676 8
-412572558 8
-412572436 8
-412572278 8
-412572153 8
-412572033 8
-412571875 8
-412571748 8
-412571628 8
-412571473 8
-412571342 8
-412571222 8
-412571068 8
-412570938 8
-412570818 8
-412570655 8
-412570533 8
-412570412 8
-412570258 8
-412570127 8
-412570008 8
-412569849 8
-412569721 8
-412569598 8
-412569438 8
-412569318 8
-412569196 8
-412569036 8
-412568912 8
-412568790 8
-412568636 8
-412568505 8
-412568372 8
-412568228 8
-412568102 8
-412567980 8
-412567828 8
-412567697 8
-412567576 8
-412567411 8
-412567291 8
-412567169 8
-412567019 8
-412566907 8
-412566885 8
-412566759 8
-412566627 8
-412566482 8
-412566360 8
-412566223 8
-412566077 8
-412565957 8
-412565815 8
-412565672 8
-412565549 8
-412565412 8
-412565267 8
-412565139 8
-412565004 8
-412564861 8
-412564740 8
-412564597 8
-412564456 8
-412564334 8
-412564190 8
-412564051 8
-412563930 8
-412563787 8
-412563647 8
-412563519 8
-412563377 8
-412563241 8
-412563121 8
-412562978 8
-412562836 8
-412562715 8
-412562577 8
-412562431 8
-412562307 8
-412562164 8
-412562026 8
-412561898 8
-412561764 8
-412561621 8
-412561498 8
-412561354 8
-412561216 8
-412561093 8
-412560950 8
-412560811 8
-412560690 8
-412560546 8
-412560445 8
-412560406 8
-412560279 8
-412560145 8
-412560001 8
-412559879 8
-412559744 8
-412559596 8
-412559465 8
-412559321 8
-412559190 8
-412559069 8
-412558926 8
-412558786 8
-412558659 8
-412558529 8
-412558380 8
-412558259 8
-412558104 8
-412557976 8
-412557844 8
-412557690 8
-412557567 8
-412557446 8
-412557292 8
-412557165 8
-412557044 8
-412556892 8
-412556760 8
-412556637 8
-412556482 8
-412556355 8
-412556235 8
-412556076 8
-412555950 8
-412555829 8
-412555672 8
-412555545 8
-412555425 8
-412555268 8
-412555140 8
-412555018 8
-412554866 8
-412554734 8
-412554612 8
-412554444 8
-412554329 8
-412554209 8
-412554056 8
-412553956 8
-412553925 8
-412553803 8
-412553640 8
-412553520 8
-412553398 8
-412553246 8
-412553115 8
-412552993 8
-412552835 8
-412552709 8
-412552586 8
-412552426 8
-412552304 8
-412552182 8
-412552023 8
-412551899 8
-412551777 8
-412551621 8
-412551495 8
-412551372 8
-412551221 8
-412551090 8
-412550968 8
-412550814 8
-412550684 8
-412550564 8
-412550395 8
-412550279 8
-412550158 8
-412550006 8
-412549874 8
-412549754 8
-412549598 8
-412549469 8
-412549345 8
-412549204 8
-412549064 8
-412548944 8
-412548808 8
-412548658 8
-412548538 8
-412548382 8
-412548253 8
-412548132 8
-412547997 8
-412547847 8
-412547727 8
-412547591 8
-412547491 8
-412547444 8
-412547317 8
-412547181 8
-412547039 8
-412546918 8
-412546767 8
-412546634 8
-412546513 8
-412546373 8
-412546227 8
-412546106 8
-412545970 8
-412545824 8
-412545702 8
-412545560 8
-412545418 8
-412545296 8
-412545143 8
-412545014 8
-412544894 8
-412544753 8
-412544607 8
-412544484 8
-412544341 8
-412544203 8
-412544079 8
-412543936 8
-412543798 8
-412543678 8
-412543528 8
-412543394 8
-412543272 8
-412543129 8
-412542988 8
-412542868 8
-412542724 8
-412542583 8
-412542460 8
-412542317 8
-412542178 8
-412542057 8
-412541902 8
-412541773 8
-412541651 8
-412541518 8
-412541367 8
-412541248 8
-412541111 8
-412541011 8
-412540963 8
-412540842 8
-412540701 8
-412540558 8
-412540433 8
-412540271 8
-412540153 8
-412540032 8
-412539878 8
-412539747 8
-412539626 8
-412539474 8
-412539343 8
-412539222 8
-412539063 8
-412538938 8
-412538817 8
-412538652 8
-412538533 8
-412538411 8
-412538259 8
-412538127 8
-412538006 8
-412537847 8
-412537722 8
-412537602 8
-412537429 8
-412537317 8
-412537195 8
-412537045 8
-412536912 8
-412536791 8
-412536634 8
-412536506 8
-412536385 8
-412536227 8
-412536102 8
-412535981 8
-412535813 8
-412535698 8
-412535573 8
-412535416 8
-412535291 8
-412535172 8
-412535018 8
-412534887 8
-412534767 8
-412534611 8
-412534513 8
-412534482 8
-412534360 8
-412534192 8
-412534077 8
-412533956 8
-412533803 8
-412533671 8
-412533551 8
-412533391 8
-412533266 8
-412533145 8
-412532993 8
-412532862 8
-412532741 8
-412532575 8
-412532457 8
-412532335 8
-412532182 8
-412532051 8
-412531930 8
-412531776 8
-412531646 8
-412531525 8
-412531342 8
-412531241 8
-412531121 8
-412530975 8
-412530836 8
-412530715 8
-412530578 8
-412530430 8
-412530309 8
-412530167 8
-412530026 8
-412529906 8
-412529765 8
-412529621 8
-412529500 8
-412529398 8
-412529216 8
-412529095 8
-412528953 8
-412528810 8
-412528688 8
-412528554 8
-412528406 8
-412528285 8
-412528141 8
-412528042 8
-412528001 8
-412527879 8
-412527727 8
-412527596 8
-412527473 8
-412527332 8
-412527190 8
-412527068 8
-412526924 8
-412526786 8
-412526664 8
-412526522 8
-412526381 8
-412526260 8
-412526116 8
-412525976 8
-412525854 8
-412525719 8
-412525570 8
-412525448 8
-412525305 8
-412525166 8
-412525044 8
-412524905 8
-412524760 8
-412524640 8
-412524495 8
-412524355 8
-412524234 8
-412524094 8
-412523950 8
-412523830 8
-412523692 8
-412523545 8
-412523424 8
-412523289 8
-412523140 8
-412523019 8
-412522878 8
-412522735 8
-412522613 8
-412522477 8
-412522331 8
-412522209 8
-412522066 8
-412521925 8
-412521803 8
-412521663 8
-412521563 8
-412521520 8
-412521398 8
-412521263 8
-412521114 8
-412520994 8
-412520851 8
-412520710 8
-412520589 8
-412520446 8
-412520305 8
-412520184 8
-412520044 8
-412519900 8
-412519779 8
-412519638 8
-412519494 8
-412519373 8
-412519230 8
-412519090 8
-412518968 8
-412518832 8
-412518685 8
-412518564 8
-412518420 8
-412518279 8
-412518158 8
-412518016 8
-412517874 8
-412517754 8
-412517614 8
-412517469 8
-412517348 8
-412517212 8
-412517064 8
-412516943 8
-412516808 8
-412516659 8
-412516538 8
-412516392 8
-412516253 8
-412516134 8
-412515990 8
-412515849 8
-412515728 8
-412515592 8
-412515444 8
-412515322 8
-412515187 8
-412515089 8
-412515039 8
-412514917 8
-412514780 8
-412514633 8
-412514512 8
-412514368 8
-412514228 8
-412514107 8
-412513971 8
-412513824 8
-412513703 8
-412513567 8
-412513419 8
-412513382 8
-412513262 8
-412513154 8
-412513014 8
-412512893 8
-412512753 8
-412512608 8
-412512488 8
-412512346 8
-412512203 8
-412512082 8
-412511948 8
-412511798 8
-412511776 8
-412511666 8
-412511539 8
-412511394 8
-412511272 8
-412511130 8
-412510988 8
-412510867 8
-412510729 8
-412510583 8
-412510460 8
-412510318 8
-412510177 8
-412510057 8
-412509921 8
-412509773 8
-412509652 8
-412509515 8
-412509368 8
-412509248 8
-412509109 8
-412508963 8
-412508842 8
-412508703 8
-412508605 8
-412508557 8
-412508435 8
-412508290 8
-412508153 8
-412508031 8
-412507886 8
-412507748 8
-412507627 8
-412507487 8
-412507343 8
-412507222 8
-412507079 8
-412506937 8
-412506816 8
-412506678 8
-412506533 8
-412506412 8
-412506271 8
-412506128 8
-412506008 8
-412505865 8
-412505722 8
-412505601 8
-412505457 8
-412505317 8
-412505198 8
-412505054 8
-412504912 8
-412504791 8
-412504654 8
-412504507 8
-412504383 8
-412504247 8
-412504102 8
-412503980 8
-412503843 8
-412503696 8
-412503576 8
-412503433 8
-412503292 8
-412503171 8
-412503031 8
-412502887 8
-412502765 8
-412502621 8
-412502482 8
-412502352 8
-412502223 8
-412502126 8
-412502077 8
-412501957 8
-412501814 8
-412501672 8
-412501551 8
-412501410 8
-412501267 8
-412501145 8
-412501005 8
-412500862 8
-412500734 8
-412500598 8
-412500457 8
-412500335 8
-412500191 8
-412500052 8
-412499931 8
-412499790 8
-412499646 8
-412499524 8
-412499380 8
-412499241 8
-412499115 8
-412498981 8
-412498836 8
-412498715 8
-412498579 8
-412498431 8
-412498310 8
-412498169 8
-412498026 8
-412497905 8
-412497761 8
-412497621 8
-412497494 8
-412497358 8
-412497216 8
-412497095 8
-412496959 8
-412496811 8
-412496690 8
-412496549 8
-412496406 8
-412496285 8
-412496144 8
-412496001 8
-412495874 8
-412495741 8
-412495639 8
-412495596 8
-412495473 8
-412495331 8
-412495191 8
-412495069 8
-412494934 8
-412494786 8
-412494664 8
-412494522 8
-412494381 8
-412494253 8
-412494119 8
-412493976 8
-412493855 8
-412493720 8
-412493571 8
-412493441 8
-412493298 8
-412493166 8
-412493044 8
-412492909 8
-412492760 8
-412492634 8
-412492503 8
-412492356 8
-412492236 8
-412492090 8
-412491950 8
-412491823 8
-412491675 8
-412491545 8
-412491424 8
-412491287 8
-412491140 8
-412491020 8
-412490884 8
-412490733 8
-412490612 8
-412490479 8
-412490330 8
-412490209 8
-412490065 8
-412489925 8
-412489804 8
-412489661 8
-412489520 8
-412489398 8
-412489264 8
-412489162 8
-412489115 8
-412488991 8
-412488840 8
-412488710 8
-412488589 8
-412488444 8
-412488305 8
-412488185 8
-412488041 8
-412487899 8
-412487778 8
-412487637 8
-412487495 8
-412487373 8
-412487231 8
-412487090 8
-412486969 8
-412486829 8
-412486684 8
-412486563 8
-412486423 8
-412486279 8
-412486158 8
-412486024 8
-412485874 8
-412485751 8
-412485609 8
-412485469 8
-412485347 8
-412485211 8
-412485063 8
-412484945 8
-412484800 8
-412484657 8
-412484537 8
-412484392 8
-412484253 8
-412484132 8
-412483998 8
-412483849 8
-412483728 8
-412483585 8
-412483444 8
-412483319 8
-412483181 8
-412483039 8
-412482918 8
-412482779 8
-412482682 8
-412482634 8
-412482513 8
-412482361 8
-412482229 8
-412482108 8
-412481973 8
-412481824 8
-412481702 8
-412481564 8
-412481419 8
-412481294 8
-412481160 8
-412481013 8
-412480892 8
-412480743 8
-412480608 8
-412480484 8
-412480339 8
-412480203 8
-412480082 8
-412479947 8
-412479798 8
-412479677 8
-412479533 8
-412479394 8
-412479273 8
-412479123 8
-412478988 8
-412478867 8
-412478728 8
-412478583 8
-412478460 8
-412478316 8
-412478178 8
-412478057 8
-412477916 8
-412477773 8
-412477647 8
-412477495 8
-412477368 8
-412477244 8
-412477098 8
-412476962 8
-412476842 8
-412476700 8
-412476558 8
-412476435 8
-412476292 8
-412476195 8
-412476153 8
-412476032 8
-412475881 8
-412475748 8
-412475626 8
-412475484 8
-412475342 8
-412475222 8
-412475077 8
-412474938 8
-412474816 8
-412474679 8
-412474532 8
-412474412 8
-412474261 8
-412474128 8
-412474005 8
-412473870 8
-412473718 8
-412473599 8
-412473463 8
-412473317 8
-412473197 8
-412473053 8
-412472912 8
-412472790 8
-412472641 8
-412472507 8
-412472385 8
-412472248 8
-412472102 8
-412471980 8
-412471836 8
-412471697 8
-412471576 8
-412471475 8
-412471292 8
-412471170 8
-412471028 8
-412470887 8
-412470765 8
-412470625 8
-412470481 8
-412470357 8
-412470219 8
-412470077 8
-412469955 8
-412469860 8
-412469773 8
-412469671 8
-412469553 8
-412469412 8
-412469266 8
-412469147 8
-412469007 8
-412468862 8
-412468739 8
-412468600 8
-412468457 8
-412468336 8
-412468191 8
-412468052 8
-412467931 8
-412467790 8
-412467646 8
-412467525 8
-412467363 8
-412467241 8
-412467122 8
-412466981 8
-412466837 8
-412466716 8
-412466571 8
-412466431 8
-412466309 8
-412466174 8
-412466026 8
-412465906 8
-412465770 8
-412465621 8
-412465502 8
-412465358 8
-412465216 8
-412465097 8
-412464997 8
-412464810 8
-412464692 8
-412464548 8
-412464406 8
-412464282 8
-412464145 8
-412463999 8
-412463880 8
-412463744 8
-412463596 8
-412463473 8
-412463375 8
-412463294 8
-412463191 8
-412463069 8
-412462928 8
-412462785 8
-412462666 8
-412462529 8
-412462381 8
-412462260 8
-412462121 8
-412461976 8
-412461856 8
-412461754 8
-412461570 8
-412461447 8
-412461304 8
-412461165 8
-412461046 8
-412460905 8
-412460759 8
-412460640 8
-412460503 8
-412460356 8
-412460233 8
-412460087 8
-412459951 8
-412459831 8
-412459695 8
-412459544 8
-412459426 8
-412459285 8
-412459140 8
-412459021 8
-412458928 8
-412458734 8
-412458614 8
-412458471 8
-412458330 8
-412458211 8
-412458069 8
-412457925 8
-412457806 8
-412457668 8
-412457520 8
-412457401 8
-412457307 8
-412457115 8
-412456996 8
-412456851 8
-412456773 8
-412456709 8
-412456589 8
-412456444 8
-412456305 8
-412456186 8
-412456050 8
-412455900 8
-412455781 8
-412455685 8
-412455495 8
-412455373 8
-412455238 8
-412455089 8
-412454970 8
-412454825 8
-412454684 8
-412454565 8
-412454420 8
-412454279 8
-412454160 8
-412454062 8
-412453875 8
-412453754 8
-412453616 8
-412453469 8
-412453348 8
-412453211 8
-412453064 8
-412452945 8
-412452801 8
-412452659 8
-412452540 8
-412452446 8
-412452254 8
-412452133 8
-412451998 8
-412451848 8
-412451729 8
-412451587 8
-412451444 8
-412451322 8
-412451186 8
-412451039 8
-412450919 8
-412450825 8
-412450634 8
-412450514 8
-412450369 8
-412450292 8
-412450228 8
-412450108 8
-412449965 8
-412449824 8
-412449704 8
-412449558 8
-412449419 8
-412449298 8
-412449162 8
-412449014 8
-412448894 8
-412448757 8
-412448608 8
-412448488 8
-412448347 8
-412448203 8
-412448084 8
-412447940 8
-412447799 8
-412447679 8
-412447543 8
-412447381 8
-412447269 8
-412447132 8
-412446989 8
-412446870 8
-412446728 8
-412446583 8
-412446459 8
-412446318 8
-412446178 8
-412446059 8
-412445918 8
-412445773 8
-412445654 8
-412445510 8
-412445368 8
-412445249 8
-412445112 8
-412444963 8
-412444845 8
-412444701 8
-412444558 8
-412444437 8
-412444294 8
-412444152 8
-412444034 8
-412443896 8
-412443829 8
-412443748 8
-412443629 8
-412443492 8
-412443343 8
-412443223 8
-412443082 8
-412442938 8
-412442818 8
-412442674 8
-412442532 8
-412442414 8
-412442272 8
-412442128 8
-412442008 8
-412441872 8
-412441722 8
-412441603 8
-412441454 8
-412441317 8
-412441197 8
-412441051 8
-412440912 8
-412440793 8
-412440655 8
-412440507 8
-412440386 8
-412440250 8
-412440102 8
-412439983 8
-412439848 8
-412439697 8
-412439577 8
-412439433 8
-412439291 8
-412439172 8
-412439028 8
-412438887 8
-412438768 8
-412438628 8
-412438482 8
-412438359 8
-412438223 8
-412438077 8
-412437955 8
-412437808 8
-412437671 8
-412437551 8
-412437406 8
-412437336 8
-412437267 8
-412437147 8
-412437003 8
-412436862 8
-412436654 8
-412436579 8
-412436457 8
-412436249 8
-412436174 8
-412436052 8
-412435844 8
-412435769 8
-412435647 8
-412435439 8
-412435368 8
-412435241 8
-412435033 8
-412434959 8
-412434837 8
-412434815 8
-412434630 8
-412434554 8
-412434432 8
-412434224 8
-412434148 8
-412434027 8
-412433818 8
-412433744 8
-412433622 8
-412433414 8
-412433342 8
-412433215 8
-412433009 8
-412432933 8
-412432811 8
-412432604 8
-412432532 8
-412432406 8
-412432197 8
-412432121 8
-412432001 8
-412431793 8
-412431723 8
-412431595 8
-412431389 8
-412431322 8
-412431191 8
-412430983 8
-412430908 8
-412430836 8
-412430786 8
-412430578 8
-412430503 8
-412430381 8
-412430173 8
-412430097 8
-412429975 8
-412429767 8
-412429692 8
-412429571 8
-412429364 8
-412429290 8
-412429166 8
-412428958 8
-412428884 8
-412428760 8
-412428552 8
-412428477 8
-412428355 8
-412428236 8
-412428093 8
-412427951 8
-412427832 8
-412427688 8
-412427545 8
-412427419 8
-412427265 8
-412427140 8
-412427021 8
-412426885 8
-412426734 8
-412426616 8
-412426478 8
-412426331 8
-412426211 8
-412426067 8
-412425925 8
-412425805 8
-412425667 8
-412425520 8
-412425401 8
-412425259 8
-412425115 8
-412424995 8
-412424852 8
-412424710 8
-412424591 8
-412424447 8
-412424374 8
-412424305 8
-412424186 8
-412424039 8
-412423900 8
-412423775 8
-412423635 8
-412423495 8
-412423374 8
-412423239 8
-412423090 8
-412422970 8
-412422826 8
-412422685 8
-412422565 8
-412422421 8
-412422280 8
-412422155 8
-412422012 8
-412421875 8
-412421755 8
-412421616 8
-412421470 8
-412421349 8
-412421206 8
-412421064 8
-412420943 8
-412420798 8
-412420659 8
-412420534 8
-412420396 8
-412420254 8
-412420134 8
-412419997 8
-412419849 8
-412419730 8
-412419594 8
-412419444 8
-412419236 8
-412419161 8
-412419039 8
-412418832 8
-412418759 8
-412418634 8
-412418488 8
-412418377 8
-412418228 8
-412418022 8
-412417949 8
-412417873 8
-412417824 8
-412417616 8
-412417542 8
-412417419 8
-412417211 8
-412417136 8
-412417014 8
-412416806 8
-412416737 8
-412416609 8
-412416463 8
-412416344 8
-412416204 8
-412415995 8
-412415921 8
-412415799 8
-412415591 8
-412415519 8
-412415394 8
-412415186 8
-412415111 8
-412414989 8
-412414910 8
-412414777 8
-412414583 8
-412414376 8
-412414307 8
-412414178 8
-412413970 8
-412413894 8
-412413773 8
-412413566 8
-412413492 8
-412413368 8
-412413161 8
-412413090 8
-412412963 8
-412412755 8
-412412686 8
-412412558 8
-412412352 8
-412412277 8
-412412153 8
-412411945 8
-412411873 8
-412411748 8
-412411540 8
-412411465 8
-412411391 8
-412411343 8
-412411135 8
-412411058 8
-412410938 8
-412410730 8
-412410652 8
-412410533 8
-412410413 8
-412410272 8
-412410128 8
-412410009 8
-412409865 8
-412409722 8
-412409603 8
-412409454 8
-412409317 8
-412409198 8
-412409061 8
-412408913 8
-412408793 8
-412408654 8
-412408508 8
-412408386 8
-412408250 8
-412408102 8
-412407983 8
-412407839 8
-412407697 8
-412407577 8
-412407481 8
-412407292 8
-412407173 8
-412407026 8
-412406887 8
-412406767 8
-412406626 8
-412406482 8
-412406361 8
-412406223 8
-412406077 8
-412405958 8
-412405813 8
-412405672 8
-412405552 8
-412405470 8
-412405267 8
-412405145 8
-412404986 8
-412404909 8
-412404862 8
-412404741 8
-412404602 8
-412404457 8
-412404335 8
-412404198 8
-412404052 8
-412403930 8
-412403830 8
-412403647 8
-412403527 8
-412403373 8
-412403241 8
-412403121 8
-412402985 8
-412402837 8
-412402717 8
-412402573 8
-412402432 8
-412402311 8
-412402157 8
-412402026 8
-412401907 8
-412401773 8
-412401621 8
-412401475 8
-412401365 8
-412401215 8
-412401007 8
-412400933 8
-412400811 8
-412400663 8
-412400554 8
-412400404 8
-412400197 8
-412400120 8
-412400000 8
-412399792 8
-412399719 8
-412399596 8
-412399387 8
-412399307 8
-412399190 8
-412399043 8
-412398933 8
-412398786 8
-412398577 8
-412398503 8
-412398426 8
-412398380 8
-412398173 8
-412398097 8
-412397976 8
-412397768 8
-412397689 8
-412397571 8
-412397424 8
-412397306 8
-412397165 8
-412396956 8
-412396884 8
-412396760 8
-412396553 8
-412396477 8
-412396356 8
-412396148 8
-412396075 8
-412395950 8
-412395804 8
-412395684 8
-412395546 8
-412395338 8
-412395265 8
-412395140 8
-412394932 8
-412394856 8
-412394734 8
-412394525 8
-412394449 8
-412394330 8
-412394124 8
-412394047 8
-412393925 8
-412393717 8
-412393642 8
-412393520 8
-412393311 8
-412393235 8
-412393115 8
-412392995 8
-412392894 8
-412392710 8
-412392591 8
-412392445 8
-412392304 8
-412392184 8
-412392048 8
-412391970 8
-412391900 8
-412391780 8
-412391640 8
-412391495 8
-412391374 8
-412391280 8
-412391090 8
-412390970 8
-412390830 8
-412390684 8
-412390565 8
-412390420 8
-412390279 8
-412390160 8
-412390014 8
-412389871 8
-412389753 8
-412389654 8
-412389469 8
-412389347 8
-412389210 8
-412389064 8
-412388942 8
-412388803 8
-412388659 8
-412388540 8
-412388396 8
-412388254 8
-412388135 8
-412388042 8
-412387849 8
-412387730 8
-412387586 8
-412387443 8
-412387322 8
-412387185 8
-412387039 8
-412386917 8
-412386772 8
-412386633 8
-412386513 8
-412386417 8
-412386228 8
-412386108 8
-412385971 8
-412385824 8
-412385704 8
-412385568 8
-412385492 8
-412385419 8
-412385298 8
-412385156 8
-412385014 8
-412384893 8
-412384793 8
-412384609 8
-412384488 8
-412384343 8
-412384203 8
-412383996 8
-412383920 8
-412383799 8
-412383590 8
-412383515 8
-412383394 8
-412383250 8
-412383144 8
-412382989 8
-412382781 8
-412382703 8
-412382583 8
-412382375 8
-412382300 8
-412382178 8
-412381971 8
-412381896 8
-412381773 8
-412381566 8
-412381490 8
-412381368 8
-412381160 8
-412381082 8
-412380962 8
-412380754 8
-412380676 8
-412380558 8
-412380350 8
-412380276 8
-412380150 8
-412379943 8
-412379869 8
-412379747 8
-412379540 8
-412379464 8
-412379343 8
-412379134 8
-412379058 8
-412378980 8
-412378938 8
-412378729 8
-412378652 8
-412378533 8
-412378323 8
-412378247 8
-412378127 8
-412377923 8
-412377847 8
-412377722 8
-412377515 8
-412377441 8
-412377318 8
-412377112 8
-412377036 8
-412376912 8
-412376704 8
-412376628 8
-412376507 8
-412376299 8
-412376223 8
-412376102 8
-412375895 8
-412375819 8
-412375697 8
-412375489 8
-412375412 8
-412375292 8
-412375170 8
-412375029 8
-412374886 8
-412374768 8
-412374628 8
-412374482 8
-412374361 8
-412374220 8
-412374077 8
-412373957 8
-412373812 8
-412373672 8
-412373552 8
-412373411 8
-412373266 8
-412373146 8
-412373007 8
-412372862 8
-412372743 8
-412372603 8
-412372527 8
-412372457 8
-412372336 8
-412372200 8
-412372052 8
-412371933 8
-412371791 8
-412371646 8
-412371528 8
-412371383 8
-412371242 8
-412371123 8
-412370979 8
-412370837 8
-412370716 8
-412370575 8
-412370432 8
-412370379 8
-412370255 8
-412370172 8
-412370027 8
-412369907 8
-412369760 8
-412369620 8
-412369499 8
-412369354 8
-412369216 8
-412369095 8
-412368959 8
-412368811 8
-412368789 8
-412368679 8
-412368552 8
-412368406 8
-412368286 8
-412368148 8
-412368001 8
-412367880 8
-412367739 8
-412367596 8
-412367473 8
-412367336 8
-412367190 8
-412367069 8
-412366927 8
-412366786 8
-412366580 8
-412366479 8
-412366382 8
-412366171 8
-412366067 8
-412365959 8
-412365766 8
-412365660 8
-412365570 8
-412365362 8
-412365255 8
-412364958 8
-412364855 8
-412364552 8
-412364443 8
-412364147 8
-412364043 8
-412363743 8
-412363639 8
-412363336 8
-412363235 8
-412362932 8
-412362834 8
-412362530 8
-412362428 8
-412362124 8
-412362020 8
-412361718 8
-412361616 8
-412361317 8
-412361212 8
-412360909 8
-412360804 8
-412360503 8
-412360400 8
-412360099 8
-412359993 8
-412359694 8
-412359587 8
-412359477 8
-412359288 8
-412359186 8
-412359090 8
-412358880 8
-412358778 8
-412358477 8
-412358371 8
-412358074 8
-412357972 8
-412357666 8
-412357564 8
-412357260 8
-412357156 8
-412356857 8
-412356756 8
-412356452 8
-412356347 8
-412356049 8
-412355946 8
-412355644 8
-412355537 8
-412355239 8
-412355138 8
-412354832 8
-412354728 8
-412354487 8
-412354379 8
-412354229 8
-412354209 8
-412354180 8
-412354163 8
-412354045 8
-412353824 8
-412353812 8
-412353797 8
-412353772 8
-412353755 8
-412353639 8
-412353419 8
-412353406 8
-412353391 8
-412353367 8
-412353288 8
-412353184 8
-412353123 8
-412353014 8
-412353001 8
-412352987 8
-412352964 8
-412352949 8
-412352888 8
-412352788 8
-412352609 8
-412352592 8
-412352563 8
-412352543 8
-412352432 8
-412352368 8
-412352204 8
-412352188 8
-412352160 8
-412352142 8
-412352020 8
-412351799 8
-412351787 8
-412351772 8
-412351748 8
-412351725 8
-412351615 8
-412351394 8
-412351382 8
-412351362 8
-412351335 8
-412351304 8
-412351198 8
-412351157 8
-412350989 8
-412350976 8
-412350963 8
-412350938 8
-412350914 8
-412350806 8
-412350738 8
-412350584 8
-412350571 8
-412350548 8
-412350517 8
-412350431 8
-412350374 8
-412350352 8
-412350334 8
-412350178 8
-412350162 8
-412350134 8
-412350116 8
-412350006 8
-412349930 8
-412349774 8
-412349761 8
-412349747 8
-412349720 8
-412349686 8
-412349580 8
-412349369 8
-412349356 8
-412349334 8
-412349302 8
-412349202 8
-412349150 8
-412349131 8
-412348963 8
-412348951 8
-412348931 8
-412348904 8
-412348882 8
-412348774 8
-412348737 8
-412348717 8
-412348558 8
-412348546 8
-412348532 8
-412348504 8
-412348485 8
-412348376 8
-412348312 8
-412348153 8
-412348136 8
-412348109 8
-412348087 8
-412347969 8
-412347748 8
-412347736 8
-412347714 8
-412347687 8
-412347574 8
-412347512 8
-412347343 8
-412347331 8
-412347317 8
-412347296 8
-412347250 8
-412347151 8
-412347120 8
-412347102 8
-412346938 8
-412346926 8
-412346912 8
-412346891 8
-412346785 8
-412346719 8
-412346702 8
-412346533 8
-412346521 8
-412346507 8
-412346483 8
-412346458 8
-412346360 8
-412346308 8
-412346128 8
-412346112 8
-412346093 8
-412346066 8
-412345943 8
-412345723 8
-412345706 8
-412345688 8
-412345659 8
-412345553 8
-412345501 8
-412345483 8
-412345317 8
-412345303 8
-412345276 8
-412345257 8
-412345122 8
-412344912 8
-412344899 8
-412344885 8
-412344858 8
-412344747 8
-412344680 8
-412344508 8
-412344495 8
-412344475 8
-412344441 8
-412344334 8
-412344273 8
-412344103 8
-412344086 8
-412344059 8
-412344037 8
-412343933 8
-412343873 8
-412343698 8
-412343681 8
-412343663 8
-412343636 8
-412343528 8
-412343457 8
-412343292 8
-412343280 8
-412343266 8
-412343241 8
-412343226 8
-412343122 8
-412343072 8
-412343054 8
-412342887 8
-412342874 8
-412342858 8
-412342833 8
-412342800 8
-412342695 8
-412342655 8
-412342482 8
-412342470 8
-412342453 8
-412342428 8
-412342396 8
-412342291 8
-412342249 8
-412342077 8
-412342061 8
-412342042 8
-412342016 8
-412341915 8
-412341864 8
-412341849 8
-412341672 8
-412341655 8
-412341626 8
-412341607 8
-412341490 8
-412341267 8
-412341255 8
-412341240 8
-412341213 8
-412341179 8
-412341077 8
-412341041 8
-412341026 8
-412340862 8
-412340850 8
-412340830 8
-412340798 8
-412340677 8
-412340457 8
-412340445 8
-412340430 8
-412340403 8
-412340382 8
-412340262 8
-412340184 8
-412340052 8
-412340036 8
-412340017 8
-412339990 8
-412339886 8
-412339830 8
-412339647 8
-412339630 8
-412339603 8
-412339584 8
-412339482 8
-412339442 8
-412339425 8
-412339410 8
-412339392 8
-412339242 8
-412339226 8
-412339207 8
-412339180 8
-412339060 8
-412338837 8
-412338825 8
-412338810 8
-412338785 8
-412338770 8
-412338672 8
-412338615 8
-412338432 8
-412338415 8
-412338394 8
-412338372 8
-412338245 8
-412338027 8
-412338014 8
-412338000 8
-412337975 8
-412337960 8
-412337856 8
-412337815 8
-412337800 8
-412337783 8
-412337621 8
-412337605 8
-412337577 8
-412337562 8
-412337437 8
-412337216 8
-412337199 8
-412337181 8
-412337152 8
-412337051 8
-412337000 8
-412336983 8
-412336811 8
-412336795 8
-412336770 8
-412336752 8
-412336627 8
-412336406 8
-412336391 8
-412336374 8
-412336349 8
-412336273 8
-412336169 8
-412336001 8
-412335989 8
-412335975 8
-412335950 8
-412335932 8
-412335818 8
-412335754 8
-412335595 8
-412335579 8
-412335552 8
-412335532 8
-412335425 8
-412335361 8
-412335191 8
-412335174 8
-412335156 8
-412335129 8
-412335007 8
-412334785 8
-412334774 8
-412334753 8
-412334699 8
-412334593 8
-412334562 8
-412334526 8
-412334381 8
-412334369 8
-412334345 8
-412334315 8
-412334210 8
-412334140 8
-412333975 8
-412333959 8
-412333932 8
-412333913 8
-412333793 8
-412333715 8
-412333571 8
-412333559 8
-412333542 8
-412333515 8
-412333481 8
-412333381 8
-412333342 8
-412333165 8
-412333149 8
-412333121 8
-412333103 8
-412332981 8
-412332761 8
-412332748 8
-412332724 8
-412332673 8
-412332573 8
-412332539 8
-412332525 8
-412332355 8
-412332339 8
-412332312 8
-412332294 8
-412332173 8
-412331951 8
-412331938 8
-412331924 8
-412331899 8
-412331881 8
-412331782 8
-412331733 8
-412331546 8
-412331534 8
-412331514 8
-412331479 8
-412331387 8
-412331327 8
-412331312 8
-412331141 8
-412331124 8
-412331106 8
-412331079 8
-412330975 8
-412330922 8
-412330903 8
-412330734 8
-412330716 8
-412330689 8
-412330669 8
-412330569 8
-412330518 8
-412330499 8
-412330331 8
-412330318 8
-412330302 8
-412330277 8
-412330258 8
-412330157 8
-412330107 8
-412329925 8
-412329913 8
-412329893 8
-412329858 8
-412329740 8
-412329520 8
-412329508 8
-412329494 8
-412329468 8
-412329451 8
-412329349 8
-412329299 8
-412329115 8
-412329098 8
-412329071 8
-412329053 8
-412328932 8
-412328710 8
-412328694 8
-412328666 8
-412328649 8
-412328527 8
-412328461 8
-412328305 8
-412328293 8
-412328278 8
-412328256 8
-412328238 8
-412328120 8
-412327900 8
-412327885 8
-412327858 8
-412327838 8
-412327717 8
-412327494 8
-412327479 8
-412327460 8
-412327433 8
-412327342 8
-412327280 8
-412327265 8
-412327240 8
-412327090 8
-412327077 8
-412327054 8
-412327024 8
-412326923 8
-412326871 8
-412326853 8
-412326685 8
-412326668 8
-412326641 8
-412326623 8
-412326501 8
-412326279 8
-412326267 8
-412326253 8
-412326228 8
-412326147 8
-412326040 8
-412325874 8
-412325862 8
-412325848 8
-412325823 8
-412325805 8
-412325690 8
-412325470 8
-412325457 8
-412325434 8
-412325404 8
-412325285 8
-412325224 8
-412325064 8
-412325048 8
-412325021 8
-412324999 8
-412324898 8
-412324845 8
-412324659 8
-412324642 8
-412324615 8
-412324597 8
-412324494 8
-412324442 8
-412324423 8
-412324254 8
-412324242 8
-412324228 8
-412324203 8
-412324171 8
-412324066 8
-412324023 8
-412323849 8
-412323837 8
-412323823 8
-412323801 8
-412323691 8
-412323628 8
-412323614 8
-412323595 8
-412323444 8
-412323432 8
-412323417 8
-412323394 8
-412323379 8
-412323281 8
-412323225 8
-412323209 8
-412323039 8
-412323023 8
-412323004 8
-412322973 8
-412322872 8
-412322817 8
-412322634 8
-412322618 8
-412322590 8
-412322575 8
-412322451 8
-412322229 8
-412322216 8
-412322200 8
-412322172 8
-412322096 8
-412321992 8
-412321824 8
-412321812 8
-412321797 8
-412321773 8
-412321751 8
-412321642 8
-412321419 8
-412321402 8
-412321384 8
-412321355 8
-412321235 8
-412321014 8
-412321002 8
-412320987 8
-412320962 8
-412320947 8
-412320858 8
-412320802 8
-412320786 8
-412320761 8
-412320609 8
-412320592 8
-412320565 8
-412320546 8
-412320426 8
-412320365 8
-412320204 8
-412320187 8
-412320169 8
-412320142 8
-412320019 8
-412319798 8
-412319781 8
-412319754 8
-412319739 8
-412319633 8
-412319580 8
-412319561 8
-412319394 8
-412319382 8
-412319364 8
-412319338 8
-412319306 8
-412319201 8
-412319161 8
-412318989 8
-412318976 8
-412318962 8
-412318937 8
-412318922 8
-412318824 8
-412318768 8
-412318750 8
-412318584 8
-412318572 8
-412318555 8
-412318527 8
-412318408 8
-412318343 8
-412318178 8
-412318162 8
-412318134 8
-412318116 8
-412317994 8
-412317774 8
-412317761 8
-412317744 8
-412317715 8
-412317641 8
-412317539 8
-412317368 8
-412317355 8
-412317338 8
-412317311 8
-412317183 8
-412316963 8
-412316951 8
-412316928 8
-412316897 8
-412316774 8
-412316554 8
-412316538 8
-412316511 8
-412316493 8
-412316387 8
-412316324 8
-412316153 8
-412316137 8
-412316118 8
-412316092 8
-412315969 8
-412315748 8
-412315727 8
-412315694 8
-412315564 8
-412315342 8
-412315324 8
-412315295 8
-412315280 8
-412315158 8
-412314938 8
-412314926 8
-412314911 8
-412314886 8
-412314869 8
-412314757 8
-412314533 8
-412314516 8
-412314498 8
-412314471 8
-412314366 8
-412314314 8
-412314295 8
-412314284 8
-412314128 8
-412314111 8
-412314093 8
-412314064 8
-412313957 8
-412313891 8
-412313722 8
-412313706 8
-412313678 8
-412313661 8
-412313538 8
-412313317 8
-412313305 8
-412313288 8
-412313256 8
-412313150 8
-412313080 8
-412312913 8
-412312897 8
-412312868 8
-412312848 8
-412312728 8
-412312508 8
-412312495 8
-412312481 8
-412312456 8
-412312438 8
-412312331 8
-412312271 8
-412312102 8
-412312086 8
-412312058 8
-412312040 8
-412311919 8
-412311697 8
-412311681 8
-412311654 8
-412311632 8
-412311531 8
-412311479 8
-412311462 8
-412311292 8
-412311280 8
-412311262 8
-412311226 8
-412311129 8
-412311067 8
-412310887 8
-412310875 8
-412310855 8
-412310828 8
-412310704 8
-412310482 8
-412310466 8
-412310447 8
-412310420 8
-412310321 8
-412310273 8
-412310256 8
-412310077 8
-412310061 8
-412310033 8
-412310015 8
-412309893 8
-412309672 8
-412309656 8
-412309628 8
-412309609 8
-412309506 8
-412309455 8
-412309436 8
-412309267 8
-412309251 8
-412309223 8
-412309203 8
-412309084 8
-412308861 8
-412308846 8
-412308815 8
-412308797 8
-412308678 8
-412308457 8
-412308445 8
-412308430 8
-412308403 8
-412308385 8
-412308272 8
-412308052 8
-412307842 8
-412307745 8
-412307640 8
-412307440 8
-412307334 8
-412307241 8
-412307033 8
-412306931 8
-412306633 8
-412306528 8
-412306226 8
-412306122 8
-412305817 8
-412305711 8
-412305475 8
-412305366 8
-412305216 8
-412305010 8
-412304899 8
-412304604 8
-412304499 8
-412304391 8
-412304200 8
-412304097 8
-412303792 8
-412303685 8
-412303388 8
-412303287 8
-412302988 8
-412302887 8
-412302768 8
-412302575 8
-412302470 8
-412302172 8
-412302068 8
-412301771 8
-412301666 8
-412301363 8
-412301263 8
-412301153 8
-412300959 8
-412300851 8
-412300761 8
-412300550 8
-412300445 8
-412300212 8
-412300104 8
-412299951 8
-412299741 8
-412299635 8
-412299395 8
-412299286 8
-412299140 8
-412298933 8
-412298834 8
-412298736 8
-412298527 8
-412298426 8
-412298121 8
-412298018 8
-412297716 8
-412297616 8
-412297312 8
-412297205 8
-412296906 8
-412296803 8
-412296592 8
-412296439 8
-412296302 8
-412296183 8
-412296049 8
-412295900 8
-412295779 8
-412295639 8
-412295495 8
-412295370 8
-412295227 8
-412295090 8
-412294969 8
-412294834 8
-412294732 8
-412294684 8
-412294562 8
-412294416 8
-412294280 8
-412294159 8
-412294021 8
-412293875 8
-412293754 8
-412293614 8
-412293469 8
-412293338 8
-412293204 8
-412293064 8
-412292943 8
-412292809 8
-412292659 8
-412292539 8
-412292396 8
-412292254 8
-412292134 8
-412291997 8
-412291850 8
-412291724 8
-412291586 8
-412291445 8
-412291322 8
-412291180 8
-412291039 8
-412290919 8
-412290776 8
-412290634 8
-412290514 8
-412290372 8
-412290229 8
-412290109 8
-412289967 8
-412289824 8
-412289704 8
-412289567 8
-412289419 8
-412289297 8
-412289156 8
-412289014 8
-412288893 8
-412288752 8
-412288608 8
-412288486 8
-412288343 8
-412288241 8
-412288204 8
-412288084 8
-412287942 8
-412287799 8
-412287589 8
-412287487 8
-412287187 8
-412287086 8
-412286781 8
-412286677 8
-412286377 8
-412286275 8
-412285972 8
-412285867 8
-412285564 8
-412285460 8
-412285158 8
-412285054 8
-412284761 8
-412284656 8
-412284475 8
-412284347 8
-412284153 8
-412283944 8
-412283844 8
-412283748 8
-412283540 8
-412283438 8
-412283135 8
-412283028 8
-412282729 8
-412282627 8
-412282327 8
-412282221 8
-412281922 8
-412281821 8
-412281710 8
-412281515 8
-412281413 8
-412281318 8
-412281109 8
-412281010 8
-412280705 8
-412280602 8
-412280298 8
-412280194 8
-412279896 8
-412279790 8
-412279486 8
-412279389 8
-412279083 8
-412278984 8
-412278678 8
-412278575 8
-412278273 8
-412278170 8
-412277870 8
-412277768 8
-412277465 8
-412277362 8
-412277061 8
-412276959 8
-412276655 8
-412276553 8
-412276248 8
-412276147 8
-412275846 8
-412275746 8
-412275442 8
-412275339 8
-412275228 8
-412275034 8
-412274930 8
-412274837 8
-412274628 8
-412274524 8
-412274224 8
-412274119 8
-412273817 8
-412273714 8
-412273473 8
-412273352 8
-412273216 8
-412273008 8
-412272906 8
-412272603 8
-412272499 8
-412272198 8
-412272095 8
-412271920 8
-412271793 8
-412271596 8
-412271387 8
-412271283 8
-412270984 8
-412270881 8
-412270580 8
-412270478 8
-412270175 8
-412270068 8
-412269768 8
-412269659 8
-412269365 8
-412269288 8
-412269166 8
-412268957 8
-412268882 8
-412268798 8
-412268761 8
-412268553 8
-412268480 8
-412268356 8
-412268149 8
-412268072 8
-412267951 8
-412267743 8
-412267662 8
-412267546 8
-412267338 8
-412267262 8
-412267141 8
-412266932 8
-412266861 8
-412266734 8
-412266526 8
-412266451 8
-412266331 8
-412266123 8
-412266049 8
-412265925 8
-412265717 8
-412265642 8
-412265520 8
-412265313 8
-412265238 8
-412265115 8
-412265066 8
-412264980 8
-412264949 8
-412264906 8
-412264892 8
-412264877 8
-412264710 8
-412264697 8
-412264681 8
-412264663 8
-412264644 8
-412264578 8
-412264502 8
-412264489 8
-412264477 8
-412264454 8
-412264305 8
-412264296 8
-412264278 8
-412264262 8
-412264239 8
-412264208 8
-412264163 8
-412264146 8
-412264099 8
-412264084 8
-412264068 8
-412263901 8
-412263891 8
-412263873 8
-412263857 8
-412263837 8
-412263813 8
-412263756 8
-412263729 8
-412263699 8
-412263688 8
-412263674 8
-412263651 8
-412263495 8
-412263485 8
-412263468 8
-412263451 8
-412263431 8
-412263396 8
-412263350 8
-412263336 8
-412263288 8
-412263271 8
-412263256 8
-412263090 8
-412263076 8
-412263063 8
-412263049 8
-412263033 8
-412263011 8
-412262964 8
-412262893 8
-412262884 8
-412262868 8
-412262853 8
-412262685 8
-412262673 8
-412262661 8
-412262646 8
-412262629 8
-412262603 8
-412262487 8
-412262426 8
-412262280 8
-412262072 8
-412262000 8
-412261875 8
-412261667 8
-412261595 8
-412261470 8
-412261263 8
-412261188 8
-412261065 8
-412260918 8
-412260800 8
-412260659 8
-412260452 8
-412260376 8
-412260254 8
-412260046 8
-412259971 8
-412259850 8
-412259642 8
-412259567 8
-412259444 8
-412259297 8
-412259179 8
-412259040 8
-412258832 8
-412258757 8
-412258634 8
-412258488 8
-412258377 8
-412258229 8
-412258022 8
-412257947 8
-412257824 8
-412257677 8
-412257566 8
-412257419 8
-412257211 8
-412257135 8
-412257014 8
-412256806 8
-412256731 8
-412256609 8
-412256401 8
-412256326 8
-412256204 8
-412256057 8
-412255937 8
-412255863 8
-412255799 8
-412255592 8
-412255520 8
-412255394 8
-412255186 8
-412255110 8
-412254989 8
-412254781 8
-412254704 8
-412254584 8
-412254437 8
-412254318 8
-412254179 8
-412253970 8
-412253898 8
-412253773 8
-412253653 8
-412253509 8
-412253369 8
-412253249 8
-412253112 8
-412252964 8
-412252842 8
-412252689 8
-412252558 8
-412252437 8
-412252291 8
-412252153 8
-412252032 8
-412251890 8
-412251748 8
-412251629 8
-412251487 8
-412251344 8
-412251224 8
-412251078 8
-412250937 8
-412250817 8
-412250672 8
-412250532 8
-412250414 8
-412250270 8
-412250128 8
-412250007 8
-412249914 8
-412249723 8
-412249604 8
-412249460 8
-412249385 8
-412249317 8
-412249198 8
-412249053 8
-412248913 8
-412248794 8
-412248655 8
-412248508 8
-412248387 8
-412248295 8
-412248103 8
-412247982 8
-412247846 8
-412247697 8
-412247577 8
-412247432 8
-412247293 8
-412247173 8
-412247036 8
-412246888 8
-412246768 8
-412246672 8
-412246482 8
-412246360 8
-412246220 8
-412246077 8
-412245958 8
-412245813 8
-412245672 8
-412245554 8
-412245404 8
-412245267 8
-412245148 8
-412245054 8
-412244862 8
-412244654 8
-412244578 8
-412244456 8
-412244248 8
-412244172 8
-412244052 8
-412243844 8
-412243772 8
-412243647 8
-412243439 8
-412243363 8
-412243242 8
-412243034 8
-412242959 8
-412242880 8
-412242836 8
-412242628 8
-412242551 8
-412242432 8
-412242290 8
-412242179 8
-412242027 8
-412241819 8
-412241743 8
-412241622 8
-412241476 8
-412241367 8
-412241216 8
-412241008 8
-412240933 8
-412240812 8
-412240603 8
-412240531 8
-412240406 8
-412240198 8
-412240121 8
-412240002 8
-412239794 8
-412239709 8
-412239596 8
-412239388 8
-412239312 8
-412239191 8
-412238983 8
-412238909 8
-412238786 8
-412238579 8
-412238502 8
-412238381 8
-412238173 8
-412238101 8
-412237976 8
-412237768 8
-412237689 8
-412237571 8
-412237363 8
-412237292 8
-412237166 8
-412236957 8
-412236883 8
-412236760 8
-412236552 8
-412236480 8
-412236403 8
-412236357 8
-412236149 8
-412236071 8
-412235951 8
-412235828 8
-412235684 8
-412235546 8
-412235426 8
-412235281 8
-412235140 8
-412235020 8
-412234878 8
-412234735 8
-412234615 8
-412234473 8
-412234331 8
-412234212 8
-412234066 8
-412233925 8
-412233805 8
-412233657 8
-412233519 8
-412233400 8
-412233263 8
-412233115 8
-412232991 8
-412232856 8
-412232707 8
-412232589 8
-412232445 8
-412232305 8
-412232185 8
-412232049 8
-412231900 8
-412231781 8
-412231642 8
-412231495 8
-412231374 8
-412231237 8
-412231090 8
-412230971 8
-412230834 8
-412230685 8
-412230564 8
-412230420 8
-412230279 8
-412230160 8
-412230022 8
-412229947 8
-412229875 8
-412229756 8
-412229615 8
-412229469 8
-412229345 8
-412229207 8
-412229065 8
-412228946 8
-412228810 8
-412228659 8
-412228539 8
-412228385 8
-412228254 8
-412228136 8
-412227990 8
-412227850 8
-412227730 8
-412227588 8
-412227444 8
-412227385 8
-412227184 8
-412227039 8
-412226832 8
-412226757 8
-412226634 8
-412226488 8
-412226381 8
-412226229 8
-412226020 8
-412225944 8
-412225824 8
-412225803 8
-412225618 8
-412225543 8
-412225419 8
-412225211 8
-412225135 8
-412225014 8
-412224806 8
-412224729 8
-412224609 8
-412224401 8
-412224327 8
-412224203 8
-412223995 8
-412223919 8
-412223799 8
-412223591 8
-412223514 8
-412223436 8
-412223393 8
-412223185 8
-412223109 8
-412222989 8
-412222781 8
-412222702 8
-412222583 8
-412222377 8
-412222302 8
-412222174 8
-412221970 8
-412221895 8
-412221773 8
-412221566 8
-412221493 8
-412221369 8
-412221160 8
-412221078 8
-412220963 8
-412220754 8
-412220672 8
-412220559 8
-412220351 8
-412220275 8
-412220154 8
-412219945 8
-412219869 8
-412219748 8
-412219540 8
-412219464 8
-412219343 8
-412219135 8
-412219059 8
-412218938 8
-412218729 8
-412218648 8
-412218533 8
-412218411 8
-412218268 8
-412218128 8
-412218007 8
-412217871 8
-412217722 8
-412217602 8
-412217460 8
-412217318 8
-412217196 8
-412217051 8
-412216976 8
-412216913 8
-412216793 8
-412216645 8
-412216508 8
-412216377 8
-412216241 8
-412216103 8
-412215984 8
-412215846 8
-412215698 8
-412215579 8
-412215435 8
-412215293 8
-412215173 8
-412215036 8
-412214888 8
-412214763 8
-412214626 8
-412214483 8
-412214359 8
-412214218 8
-412214078 8
-412213958 8
-412213817 8
-412213672 8
-412213552 8
-412213402 8
-412213267 8
-412213141 8
-412213012 8
-412212862 8
-412212743 8
-412212603 8
-412212454 8
-412212335 8
-412212199 8
-412212052 8
-412211932 8
-412211791 8
-412211647 8
-412211522 8
-412211376 8
-412211242 8
-412211123 8
-412210986 8
-412210837 8
-412210717 8
-412210576 8
-412210499 8
-412210432 8
-412210308 8
-412210163 8
-412210027 8
-412209901 8
-412209765 8
-412209621 8
-412209413 8
-412209340 8
-412209216 8
-412209008 8
-412208931 8
-412208812 8
-412208604 8
-412208529 8
-412208407 8
-412208198 8
-412208121 8
-412208002 8
-412207794 8
-412207712 8
-412207597 8
-412207389 8
-412207314 8
-412207191 8
-412206983 8
-412206907 8
-412206786 8
-412206578 8
-412206504 8
-412206382 8
-412206174 8
-412206098 8
-412205976 8
-412205895 8
-412205769 8
-412205571 8
-412205364 8
-412205287 8
-412205166 8
-412204957 8
-412204881 8
-412204761 8
-412204554 8
-412204477 8
-412204356 8
-412204149 8
-412204072 8
-412203995 8
-412203951 8
-412203743 8
-412203664 8
-412203546 8
-412203338 8
-412203266 8
-412203141 8
-412202933 8
-412202857 8
-412202736 8
-412202527 8
-412202451 8
-412202330 8
-412202122 8
-412202045 8
-412201926 8
-412201717 8
-412201643 8
-412201521 8
-412201313 8
-412201237 8
-412201115 8
-412200908 8
-412200829 8
-412200710 8
-412200590 8
-412200446 8
-412200305 8
-412200186 8
-412200049 8
-412199900 8
-412199781 8
-412199633 8
-412199495 8
-412199374 8
-412199237 8
-412199090 8
-412198971 8
-412198825 8
-412198685 8
-412198565 8
-412198420 8
-412198280 8
-412198160 8
-412198023 8
-412197875 8
-412197755 8
-412197615 8
-412197540 8
-412197470 8
-412197349 8
-412197213 8
-412197065 8
-412196946 8
-412196810 8
-412196660 8
-412196538 8
-412196377 8
-412196254 8
-412196135 8
-412195999 8
-412195850 8
-412195730 8
-412195593 8
-412195445 8
-412195324 8
-412195188 8
-412195040 8
-412194920 8
-412194766 8
-412194634 8
-412194515 8
-412194365 8
-412194229 8
-412194111 8
-412193974 8
-412193824 8
-412193705 8
-412193567 8
-412193420 8
-412193298 8
-412193147 8
-412193014 8
-412192895 8
-412192759 8
-412192609 8
-412192488 8
-412192343 8
-412192204 8
-412192085 8
-412191955 8
-412191799 8
-412191652 8
-412191541 8
-412191394 8
-412191187 8
-412191111 8
-412191036 8
-412190988 8
-412190781 8
-412190702 8
-412190584 8
-412190376 8
-412190302 8
-412190179 8
-412190031 8
-412189920 8
-412189774 8
-412189566 8
-412189494 8
-412189368 8
-412189160 8
-412189084 8
-412188964 8
-412188756 8
-412188681 8
-412188559 8
-412188411 8
-412188291 8
-412188153 8
-412187945 8
-412187870 8
-412187748 8
-412187540 8
-412187464 8
-412187344 8
-412187136 8
-412187062 8
-412186938 8
-412186791 8
-412186678 8
-412186533 8
-412186325 8
-412186254 8
-412186128 8
-412185925 8
-412185851 8
-412185723 8
-412185515 8
-412185443 8
-412185318 8
-412185110 8
-412185037 8
-412184913 8
-412184706 8
-412184630 8
-412184556 8
-412184507 8
-412184302 8
-412184231 8
-412184103 8
-412183895 8
-412183819 8
-412183698 8
-412183489 8
-412183415 8
-412183292 8
-412183084 8
-412183010 8
-412182888 8
-412182742 8
-412182629 8
-412182483 8
-412182275 8
-412182203 8
-412182077 8
-412181869 8
-412181795 8
-412181672 8
-412181465 8
-412181393 8
-412181267 8
-412181059 8
-412180984 8
-412180862 8
-412180654 8
-412180578 8
-412180457 8
-412180250 8
-412180178 8
-412180052 8
-412179846 8
-412179772 8
-412179647 8
-412179442 8
-412179368 8
-412179242 8
-412179034 8
-412178958 8
-412178837 8
-412178629 8
-412178557 8
-412178432 8
-412178224 8
-412178148 8
-412178076 8
-412178027 8
-412177819 8
-412177752 8
-412177622 8
-412177414 8
-412177338 8
-412177216 8
-412177008 8
-412176936 8
-412176811 8
-412176603 8
-412176528 8
-412176407 8
-412176198 8
-412176124 8
-412176002 8
-412175794 8
-412175716 8
-412175597 8
-412175388 8
-412175313 8
-412175191 8
-412174983 8
-412174908 8
-412174786 8
-412174578 8
-412174506 8
-412174382 8
-412174234 8
-412174127 8
-412173976 8
-412173769 8
-412173691 8
-412173571 8
-412173364 8
-412173289 8
-412173166 8
-412172958 8
-412172882 8
-412172762 8
-412172553 8
-412172479 8
-412172356 8
-412172149 8
-412172075 8
-412171951 8
-412171743 8
-412171665 8
-412171592 8
-412171546 8
-412171339 8
-412171268 8
-412171141 8
-412170934 8
-412170859 8
-412170733 8
-412170530 8
-412170456 8
-412170331 8
-412170123 8
-412170049 8
-412169926 8
-412169717 8
-412169645 8
-412169521 8
-412169313 8
-412169219 8
-412169115 8
-412168909 8
-412168807 8
-412168503 8
-412168399 8
-412168098 8
-412167997 8
-412167690 8
-412167589 8
-412167287 8
-412167184 8
-412166882 8
-412166779 8
-412166479 8
-412166379 8
-412166280 8
-412166071 8
-412165969 8
-412165670 8
-412165565 8
-412165265 8
-412165160 8
-412165039 8
-412164859 8
-412164755 8
-412164660 8
-412164451 8
-412164344 8
-412164049 8
-412163946 8
-412163850 8
-412163643 8
-412163542 8
-412163237 8
-412163134 8
-412162830 8
-412162721 8
-412162490 8
-412162374 8
-412162229 8
-412162020 8
-412161918 8
-412161615 8
-412161512 8
-412161389 8
-412161215 8
-412161108 8
-412161014 8
-412160805 8
-412160697 8
-412160404 8
-412160302 8
-412159997 8
-412159893 8
-412159786 8
-412159656 8
-412159548 8
-412159394 8
-412159187 8
-412159080 8
-412158780 8
-412158678 8
-412158579 8
-412158378 8
-412158277 8
-412158178 8
-412157971 8
-412157873 8
-412157774 8
-412157567 8
-412157462 8
-412157159 8
-412157055 8
-412156754 8
-412156649 8
-412156349 8
-412156251 8
-412155946 8
-412155842 8
-412155541 8
-412155443 8
-412155132 8
-412155027 8
-412154731 8
-412154625 8
-412154327 8
-412154226 8
-412154129 8
-412153984 8
-412153876 8
-412153723 8
-412153514 8
-412153414 8
-412153172 8
-412153061 8
-412152913 8
-412152702 8
-412152601 8
-412152298 8
-412152197 8
-412152093 8
-412151895 8
-412151797 8
-412151696 8
-412151492 8
-412151392 8
-412151293 8
-412151084 8
-412150986 8
-412150888 8
-412150678 8
-412150576 8
-412150272 8
-412150173 8
-412149873 8
-412149771 8
-412149464 8
-412149355 8
-412149061 8
-412148960 8
-412148860 8
-412148656 8
-412148558 8
-412148458 8
-412148248 8
-412148145 8
-412147841 8
-412147730 8
-412147440 8
-412147337 8
-412147035 8
-412146934 8
-412146631 8
-412146528 8
-412146226 8
-412146125 8
-412145819 8
-412145715 8
-412145608 8
-412145413 8
-412145294 8
-412145007 8
-412144905 8
-412144602 8
-412144499 8
-412144203 8
-412144100 8
-412143792 8
-412143689 8
-412143388 8
-412143285 8
-412142982 8
-412142879 8
-412142579 8
-412142477 8
-412142238 8
-412142121 8
-412141976 8
-412141769 8
-412141659 8
-412141364 8
-412141268 8
-412141167 8
-412140958 8
-412140857 8
-412140554 8
-412140452 8
-412140147 8
-412140046 8
-412139869 8
-412139743 8
-412139546 8
-412139337 8
-412139237 8
-412139136 8
-412138935 8
-412138835 8
-412138736 8
-412138530 8
-412138428 8
-412138328 8
-412138123 8
-412138021 8
-412137715 8
-412137616 8
-412137314 8
-412137205 8
-412136907 8
-412136803 8
-412136505 8
-412136405 8
-412136304 8
-412136096 8
-412135994 8
-412135693 8
-412135592 8
-412135495 8
-412135287 8
-412135182 8
-412134880 8
-412134768 8
-412134477 8
-412134372 8
-412134071 8
-412133964 8
-412133668 8
-412133566 8
-412133260 8
-412133161 8
-412132855 8
-412132754 8
-412132643 8
-412132454 8
-412132353 8
-412132255 8
-412132045 8
-412131944 8
-412131642 8
-412131544 8
-412131235 8
-412131134 8
-412130830 8
-412130729 8
-412130487 8
-412130368 8
-412130229 8
-412130019 8
-412129917 8
-412129619 8
-412129515 8
-412129212 8
-412129110 8
-412128866 8
-412128756 8
-412128606 8
-412128405 8
-412128299 8
-412127997 8
-412127893 8
-412127590 8
-412127486 8
-412127249 8
-412127129 8
-412126989 8
-412126786 8
-412126666 8
-412126376 8
-412126273 8
-412126173 8
-412125971 8
-412125868 8
-412125774 8
-412125627 8
-412125511 8
-412125369 8
-412125159 8
-412125056 8
-412124755 8
-412124650 8
-412124350 8
-412124250 8
-412124007 8
-412123898 8
-412123749 8
-412123539 8
-412123442 8
-412123343 8
-412123134 8
-412123035 8
-412122939 8
-412122731 8
-412122627 8
-412122386 8
-412122271 8
-412122128 8
-412121926 8
-412121825 8
-412121723 8
-412121514 8
-412121415 8
-412121110 8
-412121007 8
-412120766 8
-412120646 8
-412120508 8
-412120299 8
-412120198 8
-412119895 8
-412119789 8
-412119680 8
-412119491 8
-412119389 8
-412119293 8
-412119083 8
-412118989 8
-412118680 8
-412118579 8
-412118275 8
-412118174 8
-412117869 8
-412117767 8
-412117465 8
-412117367 8
-412117059 8
-412116959 8
-412116653 8
-412116550 8
-412116243 8
-412116138 8
-412115846 8
-412115744 8
-412115441 8
-412115340 8
-412115035 8
-412114934 8
-412114625 8
-412114524 8
-412114222 8
-412114120 8
-412113820 8
-412113719 8
-412113476 8
-412113369 8
-412113264 8
-412113217 8
-412113006 8
-412112905 8
-412112603 8
-412112502 8
-412112198 8
-412112096 8
-412111796 8
-412111687 8
-412111391 8
-412111290 8
-412110982 8
-412110882 8
-412110581 8
-412110479 8
-412110172 8
-412110068 8
-412109763 8
-412109663 8
-412109364 8
-412109264 8
-412108958 8
-412108860 8
-412108553 8
-412108451 8
-412108147 8
-412108046 8
-412107742 8
-412107640 8
-412107340 8
-412107240 8
-412106933 8
-412106825 8
-412106718 8
-412106529 8
-412106429 8
-412106330 8
-412106121 8
-412106020 8
-412105717 8
-412105614 8
-412105310 8
-412105207 8
-412104907 8
-412104806 8
-412104505 8
-412104404 8
-412104306 8
-412104096 8
-412103994 8
-412103693 8
-412103595 8
-412103287 8
-412103186 8
-412102885 8
-412102790 8
-412102685 8
-412102478 8
-412102381 8
-412102279 8
-412102072 8
-412101969 8
-412101668 8
-412101564 8
-412101260 8
-412101154 8
-412100860 8
-412100759 8
-412100449 8
-412100349 8
-412100236 8
-412100048 8
-412099947 8
-412099849 8
-412099640 8
-412099537 8
-412099241 8
-412099142 8
-412099040 8
-412098829 8
-412098726 8
-412098488 8
-412098382 8
-412098229 8
-412098022 8
-412097920 8
-412097615 8
-412097515 8
-412097209 8
-412097110 8
-412096805 8
-412096700 8
-412096402 8
-412096300 8
-412095998 8
-412095896 8
-412095591 8
-412095487 8
-412095381 8
-412095184 8
-412095078 8
-412094780 8
-412094674 8
-412094374 8
-412094273 8
-412093974 8
-412093870 8
-412093767 8
-412093565 8
-412093463 8
-412093370 8
-412093158 8
-412093057 8
-412092965 8
-412092757 8
-412092660 8
-412092557 8
-412092349 8
-412092251 8
-412092153 8
-412091946 8
-412091844 8
-412091540 8
-412091436 8
-412091136 8
-412091034 8
-412090729 8
-412090625 8
-412090325 8
-412090222 8
-412089921 8
-412089820 8
-412089514 8
-412089413 8
-412089108 8
-412089007 8
-412088704 8
-412088597 8
-412088301 8
-412088206 8
-412088102 8
-412087896 8
-412087790 8
-412087488 8
-412087386 8
-412087276 8
-412087087 8
-412086989 8
-412086888 8
-412086679 8
-412086577 8
-412086272 8
-412086168 8
-412085869 8
-412085766 8
-412085465 8
-412085365 8
-412085060 8
-412084962 8
-412084655 8
-412084553 8
-412084251 8
-412084151 8
-412083843 8
-412083739 8
-412083442 8
-412083348 8
-412083242 8
-412083033 8
-412082934 8
-412082818 8
-412082696 8
-412082585 8
-412082432 8
-412082223 8
-412082121 8
-412081821 8
-412081716 8
-412081415 8
-412081314 8
-412081008 8
-412080910 8
-412080806 8
-412080604 8
-412080496 8
-412080201 8
-412080099 8
-412080002 8
-412079795 8
-412079693 8
-412079390 8
-412079284 8
-412078982 8
-412078881 8
-412078579 8
-412078476 8
-412078175 8
-412078074 8
-412077772 8
-412077668 8
-412077362 8
-412077257 8
-412076960 8
-412076858 8
-412076553 8
-412076451 8
-412076147 8
-412076041 8
-412075744 8
-412075641 8
-412075397 8
-412075286 8
-412075141 8
-412074933 8
-412074828 8
-412074528 8
-412074427 8
-412074327 8
-412074122 8
-412074023 8
-412073926 8
-412073716 8
-412073613 8
-412073379 8
-412073269 8
-412073116 8
-412072913 8
-412072811 8
-412072659 8
-412072527 8
-412072305 8
-412072293 8
-412072279 8
-412072254 8
-412072237 8
-412072121 8
-412071901 8
-412071886 8
-412071869 8
-412071842 8
-412071809 8
-412071702 8
-412071496 8
-412071483 8
-412071469 8
-412071444 8
-412071427 8
-412071306 8
-412071090 8
-412071074 8
-412071055 8
-412071024 8
-412070924 8
-412070872 8
-412070685 8
-412070668 8
-412070641 8
-412070621 8
-412070502 8
-412070280 8
-412070268 8
-412070251 8
-412070223 8
-412070180 8
-412070079 8
-412070036 8
-412069875 8
-412069859 8
-412069840 8
-412069814 8
-412069711 8
-412069660 8
-412069643 8
-412069470 8
-412069441 8
-412069420 8
-412069405 8
-412069386 8
-412069344 8
-412069323 8
-412069281 8
-412069259 8
-412069246 8
-412069231 8
-412069065 8
-412069054 8
-412069041 8
-412069027 8
-412069010 8
-412068989 8
-412068932 8
-412068863 8
-412068847 8
-412068836 8
-412068820 8
-412068660 8
-412068452 8
-412068375 8
-412068255 8
-412068047 8
-412067974 8
-412067890 8
-412067850 8
-412067642 8
-412067575 8
-412067445 8
-412067237 8
-412067161 8
-412067040 8
-412066832 8
-412066756 8
-412066635 8
-412066490 8
-412066379 8
-412066229 8
-412066021 8
-412065946 8
-412065824 8
-412065616 8
-412065543 8
-412065420 8
-412065212 8
-412065137 8
-412065012 8
-412064806 8
-412064728 8
-412064609 8
-412064464 8
-412064345 8
-412064204 8
-412063995 8
-412063914 8
-412063799 8
-412063592 8
-412063514 8
-412063395 8
-412063187 8
-412063113 8
-412062989 8
-412062909 8
-412062782 8
-412062584 8
-412062376 8
-412062300 8
-412062178 8
-412061972 8
-412061904 8
-412061774 8
-412061566 8
-412061488 8
-412061398 8
-412061369 8
-412061162 8
-412061085 8
-412060964 8
-412060757 8
-412060679 8
-412060559 8
-412060351 8
-412060277 8
-412060154 8
-412060009 8
-412059905 8
-412059749 8
-412059630 8
-412059493 8
-412059344 8
-412059224 8
-412059080 8
-412058939 8
-412058819 8
-412058677 8
-412058534 8
-412058413 8
-412058268 8
-412058129 8
-412058008 8
-412057865 8
-412057723 8
-412057602 8
-412057458 8
-412057318 8
-412057200 8
-412057063 8
-412056913 8
-412056794 8
-412056656 8
-412056508 8
-412056388 8
-412056251 8
-412056103 8
-412055984 8
-412055843 8
-412055697 8
-412055578 8
-412055437 8
-412055293 8
-412055174 8
-412055030 8
-412054954 8
-412054888 8
-412054769 8
-412054630 8
-412054480 8
-412054357 8
-412054222 8
-412054077 8
-412053959 8
-412053815 8
-412053672 8
-412053554 8
-412053396 8
-412053266 8
-412053147 8
-412053009 8
-412052863 8
-412052744 8
-412052601 8
-412052458 8
-412052337 8
-412052201 8
-412052052 8
-412051934 8
-412051781 8
-412051647 8
-412051528 8
-412051390 8
-412051242 8
-412051119 8
-412050987 8
-412050837 8
-412050628 8
-412050551 8
-412050432 8
-412050287 8
-412050167 8
-412050027 8
-412049819 8
-412049743 8
-412049621 8
-412049475 8
-412049364 8
-412049217 8
-412049009 8
-412048933 8
-412048812 8
-412048665 8
-412048538 8
-412048465 8
-412048407 8
-412048198 8
-412048122 8
-412048001 8
-412047794 8
-412047722 8
-412047596 8
-412047389 8
-412047314 8
-412047192 8
-412047044 8
-412046933 8
-412046787 8
-412046579 8
-412046504 8
-412046381 8
-412046173 8
-412046099 8
-412045977 8
-412045770 8
-412045692 8
-412045572 8
-412045424 8
-412045309 8
-412045166 8
-412044959 8
-412044880 8
-412044758 8
-412044553 8
-412044482 8
-412044356 8
-412044148 8
-412044072 8
-412043951 8
-412043804 8
-412043693 8
-412043546 8
-412043338 8
-412043263 8
-412043140 8
-412042932 8
-412042853 8
-412042735 8
-412042528 8
-412042451 8
-412042331 8
-412042212 8
-412042069 8
-412041992 8
-412041925 8
-412041805 8
-412041665 8
-412041520 8
-412041397 8
-412041261 8
-412041116 8
-412040997 8
-412040894 8
-412040711 8
-412040592 8
-412040451 8
-412040305 8
-412040186 8
-412040041 8
-412039901 8
-412039779 8
-412039640 8
-412039496 8
-412039374 8
-412039276 8
-412039091 8
-412038972 8
-412038827 8
-412038685 8
-412038565 8
-412038421 8
-412038280 8
-412038161 8
-412038024 8
-412037875 8
-412037756 8
-412037659 8
-412037470 8
-412037348 8
-412037203 8
-412037065 8
-412036946 8
-412036801 8
-412036660 8
-412036541 8
-412036396 8
-412036255 8
-412036136 8
-412036042 8
-412035850 8
-412035731 8
-412035595 8
-412035522 8
-412035444 8
-412035324 8
-412035188 8
-412035040 8
-412034919 8
-412034777 8
-412034635 8
-412034516 8
-412034422 8
-412034229 8
-412034108 8
-412033962 8
-412033824 8
-412033706 8
-412033561 8
-412033420 8
-412033213 8
-412033142 8
-412033014 8
-412032806 8
-412032730 8
-412032610 8
-412032402 8
-412032330 8
-412032204 8
-412031996 8
-412031920 8
-412031799 8
-412031591 8
-412031516 8
-412031395 8
-412031187 8
-412031111 8
-412030989 8
-412030781 8
-412030709 8
-412030584 8
-412030376 8
-412030300 8
-412030179 8
-412029971 8
-412029895 8
-412029773 8
-412029565 8
-412029494 8
-412029369 8
-412029161 8
-412029093 8
-412029015 8
-412028964 8
-412028756 8
-412028679 8
-412028559 8
-412028352 8
-412028278 8
-412028154 8
-412027946 8
-412027876 8
-412027748 8
-412027541 8
-412027467 8
-412027344 8
-412027136 8
-412027059 8
-412026939 8
-412026732 8
-412026657 8
-412026534 8
-412026326 8
-412026252 8
-412026128 8
-412025920 8
-412025844 8
-412025723 8
-412025516 8
-412025441 8
-412025318 8
-412025110 8
-412025034 8
-412024913 8
-412024705 8
-412024632 8
-412024508 8
-412024387 8
-412024252 8
-412024103 8
-412023985 8
-412023848 8
-412023698 8
-412023579 8
-412023487 8
-412023293 8
-412023174 8
-412023036 8
-412022887 8
-412022768 8
-412022631 8
-412022555 8
-412022483 8
-412022361 8
-412022220 8
-412022078 8
-412021959 8
-412021821 8
-412021673 8
-412021554 8
-412021409 8
-412021267 8
-412021150 8
-412021013 8
-412020863 8
-412020744 8
-412020606 8
-412020458 8
-412020336 8
-412020193 8
-412020053 8
-412019932 8
-412019790 8
-412019647 8
-412019529 8
-412019385 8
-412019242 8
-412019124 8
-412018982 8
-412018837 8
-412018717 8
-412018582 8
-412018432 8
-412018382 8
-412018260 8
-412018175 8
-412018027 8
-412017909 8
-412017766 8
-412017622 8
-412017503 8
-412017359 8
-412017217 8
-412017096 8
-412016958 8
-412016812 8
-412016688 8
-412016554 8
-412016407 8
-412016286 8
-412016149 8
-412016079 8
-412016002 8
-412015795 8
-412015716 8
-412015597 8
-412015389 8
-412015314 8
-412015191 8
-412014985 8
-412014910 8
-412014787 8
-412014579 8
-412014504 8
-412014382 8
-412014174 8
-412014098 8
-412013977 8
-412013769 8
-412013690 8
-412013571 8
-412013363 8
-412013288 8
-412013167 8
-412012959 8
-412012885 8
-412012762 8
-412012555 8
-412012483 8
-412012357 8
-412012149 8
-412012078 8
-412011951 8
-412011744 8
-412011665 8
-412011546 8
-412011338 8
-412011263 8
-412011141 8
-412010934 8
-412010861 8
-412010736 8
-412010528 8
-412010460 8
-412010330 8
-412010123 8
-412010048 8
-412009926 8
-412009719 8
-412009644 8
-412009570 8
-412009521 8
-412009313 8
-412009239 8
-412009116 8
-412008908 8
-412008832 8
-412008710 8
-412008502 8
-412008426 8
-412008306 8
-412008098 8
-412008026 8
-412007901 8
-412007692 8
-412007616 8
-412007496 8
-412007288 8
-412007214 8
-412007090 8
-412006972 8
-412006836 8
-412006685 8
-412006567 8
-412006415 8
-412006280 8
-412006162 8
-412006020 8
-412005876 8
-412005750 8
-412005615 8
-412005471 8
-412005350 8
-412005215 8
-412005065 8
-412004947 8
-412004803 8
-412004660 8
-412004542 8
-412004397 8
-412004255 8
-412004130 8
-412003994 8
-412003850 8
-412003731 8
-412003589 8
-412003445 8
-412003324 8
-412003190 8
-412003112 8
-412003040 8
-412002921 8
-412002780 8
-412002635 8
-412002510 8
-412002374 8
-412002230 8
-412002111 8
-412001968 8
-412001825 8
-412001706 8
-412001569 8
-412001420 8
-412001299 8
-412001163 8
-412001015 8
-412000888 8
-412000752 8
-412000610 8
-412000489 8
-412000344 8
-412000204 8
-412000086 8
-411999940 8
-411999800 8
-411999681 8
-411999536 8
-411999394 8
-411999268 8
-411999136 8
-411998989 8
-411998871 8
-411998727 8
-411998585 8
-411998456 8
-411998320 8
-411998179 8
-411997971 8
-411997895 8
-411997774 8
-411997568 8
-411997493 8
-411997369 8
-411997161 8
-411997087 8
-411996964 8
-411996885 8
-411996760 8
-411996682 8
-411996559 8
-411996351 8
-411996276 8
-411996154 8
-411995946 8
-411995870 8
-411995749 8
-411995541 8
-411995467 8
-411995344 8
-411995136 8
-411995060 8
-411994939 8
-411994731 8
-411994659 8
-411994534 8
-411994326 8
-411994251 8
-411994129 8
-411993921 8
-411993850 8
-411993724 8
-411993515 8
-411993440 8
-411993318 8
-411993110 8
-411993034 8
-411992913 8
-411992705 8
-411992631 8
-411992508 8
-411992300 8
-411992225 8
-411992103 8
-411991895 8
-411991819 8
-411991698 8
-411991490 8
-411991418 8
-411991293 8
-411991085 8
-411991011 8
-411990888 8
-411990680 8
-411990605 8
-411990483 8
-411990275 8
-411990202 8
-411990128 8
-411990078 8
-411989870 8
-411989795 8
-411989672 8
-411989465 8
-411989390 8
-411989268 8
-411989060 8
-411988986 8
-411988863 8
-411988655 8
-411988581 8
-411988458 8
-411988250 8
-411988175 8
-411988053 8
-411987844 8
-411987769 8
-411987647 8
-411987457 8
-411987372 8
-411987242 8
-411987035 8
-411986962 8
-411986838 8
-411986629 8
-411986558 8
-411986432 8
-411986224 8
-411986149 8
-411986027 8
-411985880 8
-411985765 8
-411985622 8
-411985476 8
-411985365 8
-411985216 8
-411985009 8
-411984936 8
-411984812 8
-411984604 8
-411984529 8
-411984407 8
-411984260 8
-411984143 8
-411984002 8
-411983793 8
-411983715 8
-411983634 8
-411983596 8
-411983389 8
-411983316 8
-411983192 8
-411982984 8
-411982907 8
-411982787 8
-411982639 8
-411982524 8
-411982382 8
-411982175 8
-411982100 8
-411981976 8
-411981768 8
-411981689 8
-411981572 8
-411981364 8
-411981292 8
-411981163 8
-411981016 8
-411980907 8
-411980761 8
-411980553 8
-411980478 8
-411980356 8
-411980146 8
-411980064 8
-411979951 8
-411979743 8
-411979663 8
-411979546 8
-411979399 8
-411979288 8
-411979141 8
-411978933 8
-411978858 8
-411978733 8
-411978531 8
-411978456 8
-411978331 8
-411978123 8
-411978047 8
-411977926 8
-411977779 8
-411977664 8
-411977521 8
-411977313 8
-411977237 8
-411977161 8
-411977115 8
-411976907 8
-411976831 8
-411976711 8
-411976503 8
-411976428 8
-411976306 8
-411976098 8
-411976022 8
-411975901 8
-411975692 8
-411975621 8
-411975495 8
-411975290 8
-411975215 8
-411975090 8
-411974882 8
-411974810 8
-411974686 8
-411974480 8
-411974404 8
-411974280 8
-411974134 8
-411974023 8
-411973875 8
-411973667 8
-411973592 8
-411973470 8
-411973263 8
-411973191 8
-411973065 8
-411972857 8
-411972785 8
-411972660 8
-411972455 8
-411972383 8
-411972255 8
-411972047 8
-411971971 8
-411971849 8
-411971641 8
-411971566 8
-411971445 8
-411971237 8
-411971163 8
-411971039 8
-411970831 8
-411970755 8
-411970674 8
-411970632 8
-411970428 8
-411970353 8
-411970230 8
-411970022 8
-411969947 8
-411969825 8
-411969618 8
-411969537 8
-411969418 8
-411969213 8
-411969095 8
-411968806 8
-411968699 8
-411968400 8
-411968295 8
-411967995 8
-411967895 8
-411967592 8
-411967493 8
-411967387 8
-411967188 8
-411967085 8
-411966781 8
-411966676 8
-411966376 8
-411966279 8
-411966179 8
-411965973 8
-411965870 8
-411965774 8
-411965568 8
-411965468 8
-411965370 8
-411965159 8
-411965056 8
-411964757 8
-411964655 8
-411964352 8
-411964249 8
-411964136 8
-411963948 8
-411963848 8
-411963749 8
-411963540 8
-411963435 8
-411963136 8
-411963034 8
-411962732 8
-411962630 8
-411962327 8
-411962225 8
-411962129 8
-411961923 8
-411961821 8
-411961515 8
-411961414 8
-411961110 8
-411961009 8
-411960704 8
-411960605 8
-411960303 8
-411960202 8
-411959895 8
-411959795 8
-411959489 8
-411959389 8
-411959084 8
-411958977 8
-411958681 8
-411958578 8
-411958275 8
-411958168 8
-411957872 8
-411957773 8
-411957661 8
-411957466 8
-411957360 8
-411957266 8
-411957059 8
-411956957 8
-411956863 8
-411956656 8
-411956554 8
-411956250 8
-411956153 8
-411956053 8
-411955846 8
-411955740 8
-411955441 8
-411955335 8
-411955036 8
-411954936 8
-411954628 8
-411954530 8
-411954224 8
-411954124 8
-411953819 8
-411953719 8
-411953416 8
-411953312 8
-411953013 8
-411952913 8
-411952813 8
-411952644 8
-411952536 8
-411952407 8
-411952245 8
-411952144 8
-411952002 8
-411951844 8
-411951743 8
-411951632 8
-411951597 8
-411951339 8
-411951192 8
-411951013 8
-411950896 8
-411950788 8
-411950626 8
-411950524 8
-411950382 8
-411950227 8
-411950119 8
-411949977 8
-411949822 8
-411949716 8
-411949572 8
-411949416 8
-411949311 8
-411949166 8
-411949013 8
-411948909 8
-411948762 8
-411948607 8
-411948505 8
-411948357 8
-411948204 8
-411948099 8
-411947951 8
-411947798 8
-411947690 8
-411947546 8
-411947390 8
-411947287 8
-411946989 8
-411946888 8
-411946736 8
-411946584 8
-411946484 8
-411946332 8
-411946179 8
-411946079 8
-411945926 8
-411945773 8
-411945668 8
-411945521 8
-411945368 8
-411945259 8
-411945116 8
-411944962 8
-411944858 8
-411944706 8
-411944557 8
-411944451 8
-411944305 8
-411944151 8
-411944044 8
-411943901 8
-411943748 8
-411943641 8
-411943496 8
-411943342 8
-411943241 8
-411943091 8
-411942986 8
-411942933 8
-411942785 8
-411942685 8
-411942537 8
-411942434 8
-411942280 8
-411942130 8
-411942028 8
-411941876 8
-411941726 8
-411941625 8
-411941471 8
-411941317 8
-411941215 8
-411941066 8
-411940916 8
-411940816 8
-411940660 8
-411940512 8
-411940405 8
-411940255 8
-411940104 8
-411940004 8
-411939850 8
-411939694 8
-411939593 8
-411939445 8
-411939296 8
-411939195 8
-411939040 8
-411938891 8
-411938793 8
-411938682 8
-411938635 8
-411938382 8
-411938229 8
-411938077 8
-411937977 8
-411937825 8
-411937676 8
-411937573 8
-411937420 8
-411937270 8
-411937169 8
-411937015 8
-411936865 8
-411936762 8
-411936609 8
-411936459 8
-411936353 8
-411936205 8
-411936052 8
-411935952 8
-411935799 8
-411935651 8
-411935547 8
-411935395 8
-411935245 8
-411935141 8
-411934989 8
-411934840 8
-411934737 8
-411934584 8
-411934434 8
-411934331 8
-411934028 8
-411933930 8
-411933774 8
-411933625 8
-411933525 8
-411933369 8
-411933220 8
-411933119 8
-411932964 8
-411932815 8
-411932709 8
-411932559 8
-411932404 8
-411932288 8
-411932154 8
-411932005 8
-411931905 8
-411931748 8
-411931600 8
-411931498 8
-411931344 8
-411931195 8
-411931093 8
-411930939 8
-411930786 8
-411930675 8
-411930534 8
-411930380 8
-411930279 8
-411930129 8
-411930018 8
-411929979 8
-411929818 8
-411929578 8
-411929470 8
-411929318 8
-411929165 8
-411929054 8
-411928914 8
-411928765 8
-411928662 8
-411928509 8
-411928362 8
-411928261 8
-411928104 8
-411927958 8
-411927852 8
-411927698 8
-411927552 8
-411927443 8
-411927293 8
-411927143 8
-411927046 8
-411926888 8
-411926743 8
-411926641 8
-411926483 8
-411926337 8
-411926231 8
-411926078 8
-411925932 8
-411925825 8
-411925717 8
-411925673 8
-411925418 8
-411925268 8
-411925121 8
-411925019 8
-411924863 8
-411924718 8
-411924609 8
-411924458 8
-411924311 8
-411924206 8
-411924053 8
-411923904 8
-411923806 8
-411923648 8
-411923503 8
-411923393 8
-411923243 8
-411923096 8
-411922990 8
-411922838 8
-411922692 8
-411922585 8
-411922433 8
-411922281 8
-411922181 8
-411922028 8
-411921882 8
-411921773 8
-411921622 8
-411921473 8
-411921366 8
-411921354 8
-411921070 8
-411920964 8
-411920812 8
-411920663 8
-411920562 8
-411920407 8
-411920260 8
-411920153 8
-411920002 8
-411919852 8
-411919737 8
-411919597 8
-411919448 8
-411919340 8
-411919191 8
-411919040 8
-411918936 8
-411918787 8
-411918641 8
-411918534 8
-411918382 8
-411918237 8
-411918128 8
-411917977 8
-411917831 8
-411917720 8
-411917572 8
-411917425 8
-411917319 8
-411917167 8
-411917064 8
-411917022 8
-411916868 8
-411916762 8
-411916612 8
-411916511 8
-411916357 8
-411916206 8
-411916103 8
-411915952 8
-411915797 8
-411915694 8
-411915546 8
-411915396 8
-411915292 8
-411915141 8
-411914992 8
-411914891 8
-411914736 8
-411914586 8
-411914486 8
-411914331 8
-411914182 8
-411914082 8
-411913926 8
-411913776 8
-411913671 8
-411913521 8
-411913371 8
-411913270 8
-411913116 8
-411912966 8
-411912866 8
-411912762 8
-411912711 8
-411912458 8
-411912306 8
-411912156 8
-411912052 8
-411911901 8
-411911751 8
-411911646 8
-411911496 8
-411911345 8
-411911241 8
-411911091 8
-411910941 8
-411910841 8
-411910686 8
-411910537 8
-411910418 8
-411910280 8
-411910129 8
-411910027 8
-411909876 8
-411909724 8
-411909620 8
-411909471 8
-411909321 8
-411909221 8
-411909065 8
-411908912 8
-411908805 8
-411908660 8
-411908512 8
-411908410 8
-411908100 8
-411908000 8
-411907850 8
-411907701 8
-411907598 8
-411907445 8
-411907289 8
-411907181 8
-411907040 8
-411906891 8
-411906789 8
-411906634 8
-411906480 8
-411906378 8
-411906230 8
-411906080 8
-411905977 8
-411905825 8
-411905671 8
-411905567 8
-411905420 8
-411905270 8
-411905170 8
-411905014 8
-411904865 8
-411904764 8
-411904610 8
-411904460 8
-411904351 8
-411904205 8
-411904099 8
-411904047 8
-411903898 8
-411903800 8
-411903650 8
-411903544 8
-411903394 8
-411903245 8
-411903139 8
-411902990 8
-411902840 8
-411902733 8
-411902585 8
-411902429 8
-411902319 8
-411902179 8
-411902029 8
-411901922 8
-411901774 8
-411901624 8
-411901517 8
-411901370 8
-411901221 8
-411901115 8
-411900964 8
-411900811 8
-411900705 8
-411900559 8
-411900408 8
-411900300 8
-411900154 8
-411900005 8
-411899903 8
-411899799 8
-411899749 8
-411899502 8
-411899344 8
-411899195 8
-411899094 8
-411898939 8
-411898789 8
-411898683 8
-411898533 8
-411898384 8
-411898276 8
-411898129 8
-411897979 8
-411897862 8
-411897724 8
-411897528 8
-411897427 8
-411897316 8
-411897125 8
-411897024 8
-411896914 8
-411896776 8
-411896667 8
-411896509 8
-411896398 8
-411896296 8
-411896194 8
-411896096 8
-411896064 8
-411895964 8
-411895852 8
-411895697 8
-411895677 8
-411895567 8
-411895293 8
-411895273 8
-411895152 8
-411895043 8
-411894888 8
-411894869 8
-411894760 8
-411894655 8
-411894483 8
-411894463 8
-411894343 8
-411894241 8
-411894077 8
-411894056 8
-411893954 8
-411893854 8
-411893673 8
-411893651 8
-411893546 8
-411893440 8
-411893268 8
-411893247 8
-411893131 8
-411893030 8
-411892863 8
-411892844 8
-411892723 8
-411892619 8
-411892457 8
-411892438 8
-411892324 8
-411892223 8
-411892053 8
-411892031 8
-411891920 8
-411891814 8
-411891648 8
-411891628 8
-411891513 8
-411891409 8
-411891305 8
-411891242 8
-411891222 8
-411891119 8
-411891012 8
-411890837 8
-411890818 8
-411890698 8
-411890579 8
-411890433 8
-411890282 8
-411890173 8
-411890028 8
-411889878 8
-411889760 8
-411889622 8
-411889472 8
-411889370 8
-411889217 8
-411889067 8
-411888965 8
-411888812 8
-411888664 8
-411888561 8
-411888407 8
-411888257 8
-411888151 8
-411888002 8
-411887853 8
-411887751 8
-411887597 8
-411887446 8
-411887344 8
-411887192 8
-411887041 8
-411886941 8
-411886834 8
-411886782 8
-411886530 8
-411886380 8
-411886233 8
-411886132 8
-411885976 8
-411885827 8
-411885716 8
-411885571 8
-411885421 8
-411885317 8
-411885167 8
-411885018 8
-411884917 8
-411884761 8
-411884613 8
-411884505 8
-411884357 8
-411884207 8
-411884105 8
-411883951 8
-411883801 8
-411883695 8
-411883546 8
-411883388 8
-411883272 8
-411883141 8
-411882992 8
-411882886 8
-411882736 8
-411882587 8
-411882485 8
-411882182 8
-411882080 8
-411881926 8
-411881777 8
-411881669 8
-411881521 8
-411881419 8
-411881318 8
-411881211 8
-411881029 8
-411880931 8
-411880825 8
-411880711 8
-411880621 8
-411880521 8
-411880416 8
-411880306 8
-411880217 8
-411880115 8
-411880015 8
-411879901 8
-411879811 8
-411879706 8
-411879604 8
-411879496 8
-411879406 8
-411879300 8
-411879197 8
-411879091 8
-411879001 8
-411878897 8
-411878790 8
-411878686 8
-411878596 8
-411878495 8
-411878394 8
-411878295 8
-411878279 8
-411878189 8
-411878089 8
-411877991 8
-411877876 8
-411877785 8
-411877677 8
-411877577 8
-411877471 8
-411877379 8
-411877274 8
-411877172 8
-411877063 8
-411876974 8
-411876865 8
-411876763 8
-411876660 8
-411876571 8
-411876470 8
-411876363 8
-411876255 8
-411876166 8
-411876063 8
-411875963 8
-411875851 8
-411875760 8
-411875652 8
-411875551 8
-411875445 8
-411875349 8
-411875247 8
-411875142 8
-411875037 8
-411874948 8
-411874846 8
-411874746 8
-411874634 8
-411874485 8
-411874384 8
-411874230 8
-411874078 8
-411873977 8
-411873871 8
-411873826 8
-411873576 8
-411873420 8
-411873268 8
-411873166 8
-411873015 8
-411872865 8
-411872763 8
-411872610 8
-411872459 8
-411872356 8
-411872204 8
-411872053 8
-411871953 8
-411871800 8
-411871650 8
-411871544 8
-411871395 8
-411871245 8
-411871145 8
-411870990 8
-411870840 8
-411870733 8
-411870584 8
-411870433 8
-411870326 8
-411870179 8
-411870028 8
-411869925 8
-411869775 8
-411869623 8
-411869522 8
-411869220 8
-411869119 8
-411868964 8
-411868814 8
-411868711 8
-411868559 8
-411868408 8
-411868306 8
-411868154 8
-411868004 8
-411867902 8
-411867749 8
-411867600 8
-411867499 8
-411867344 8
-411867194 8
-411867094 8
-411866939 8
-411866789 8
-411866685 8
-411866534 8
-411866383 8
-411866280 8
-411866129 8
-411865980 8
-411865876 8
-411865723 8
-411865573 8
-411865473 8
-411865318 8
-411865227 8
-411865166 8
-411865063 8
-411864914 8
-411864766 8
-411864661 8
-411864509 8
-411864356 8
-411864254 8
-411864103 8
-411863955 8
-411863853 8
-411863698 8
-411863551 8
-411863440 8
-411863293 8
-411863144 8
-411863044 8
-411862888 8
-411862738 8
-411862635 8
-411862483 8
-411862335 8
-411862234 8
-411862078 8
-411861930 8
-411861828 8
-411861673 8
-411861526 8
-411861416 8
-411861268 8
-411861116 8
-411861015 8
-411860931 8
-411860864 8
-411860715 8
-411860614 8
-411860458 8
-411860309 8
-411860207 8
-411860053 8
-411859904 8
-411859806 8
-411859648 8
-411859495 8
-411859394 8
-411859243 8
-411859092 8
-411858990 8
-411858838 8
-411858689 8
-411858589 8
-411858433 8
-411858283 8
-411858182 8
-411858028 8
-411857876 8
-411857775 8
-411857622 8
-411857473 8
-411857371 8
-411857217 8
-411857067 8
-411856965 8
-411856813 8
-411856664 8
-411856583 8
-411856559 8
-411856408 8
-411856256 8
-411856154 8
-411856002 8
-411855851 8
-411855749 8
-411855597 8
-411855446 8
-411855330 8
-411855192 8
-411855043 8
-411854941 8
-411854787 8
-411854637 8
-411854535 8
-411854382 8
-411854233 8
-411854132 8
-411853977 8
-411853826 8
-411853710 8
-411853572 8
-411853424 8
-411853317 8
-411853167 8
-411853015 8
-411852916 8
-411852762 8
-411852614 8
-411852514 8
-411852357 8
-411852280 8
-411852210 8
-411852102 8
-411851952 8
-411851802 8
-411851699 8
-411851547 8
-411851398 8
-411851298 8
-411851142 8
-411850994 8
-411850892 8
-411850737 8
-411850588 8
-411850477 8
-411850332 8
-411850184 8
-411850083 8
-411849926 8
-411849780 8
-411849674 8
-411849521 8
-411849373 8
-411849272 8
-411849116 8
-411848969 8
-411848867 8
-411848711 8
-411848563 8
-411848453 8
-411848306 8
-411848158 8
-411848058 8
-411847976 8
-411847901 8
-411847752 8
-411847647 8
-411847496 8
-411847347 8
-411847247 8
-411847091 8
-411846942 8
-411846843 8
-411846686 8
-411846538 8
-411846436 8
-411846280 8
-411846132 8
-411846034 8
-411845876 8
-411845728 8
-411845627 8
-411845471 8
-411845314 8
-411845214 8
-411845066 8
-411844919 8
-411844817 8
-411844660 8
-411844513 8
-411844395 8
-411844255 8
-411844107 8
-411844001 8
-411843851 8
-411843700 8
-411843620 8
-411843596 8
-411843445 8
-411843296 8
-411843187 8
-411843041 8
-411842888 8
-411842779 8
-411842636 8
-411842486 8
-411842384 8
-411842229 8
-411842074 8
-411841973 8
-411841825 8
-411841677 8
-411841575 8
-411841419 8
-411841267 8
-411841158 8
-411841015 8
-411840868 8
-411840766 8
-411840609 8
-411840457 8
-411840356 8
-411840205 8
-411840055 8
-411839954 8
-411839800 8
-411839648 8
-411839537 8
-411839395 8
-411839318 8
-411839248 8
-411839139 8
-411838989 8
-411838841 8
-411838740 8
-411838585 8
-411838435 8
-411838333 8
-411838179 8
-411838026 8
-411837914 8
-411837775 8
-411837625 8
-411837525 8
-411837369 8
-411837222 8
-411837121 8
-411836964 8
-411836815 8
-411836713 8
-411836559 8
-411836405 8
-411836295 8
-411836154 8
-411836007 8
-411835905 8
-411835749 8
-411835599 8
-411835499 8
-411835344 8
-411835196 8
-411835095 8
-411835015 8
-411834939 8
-411834788 8
-411834675 8
-411834534 8
-411834385 8
-411834285 8
-411834128 8
-411833982 8
-411833880 8
-411833724 8
-411833577 8
-411833484 8
-411833409 8
-411833319 8
-411833171 8
-411833069 8
-411832914 8
-411832766 8
-411832662 8
-411832508 8
-411832360 8
-411832260 8
-411832104 8
-411831957 8
-411831838 8
-411831698 8
-411831549 8
-411831440 8
-411831292 8
-411831141 8
-411831039 8
-411830889 8
-411830740 8
-411830657 8
-411830641 8
-411830483 8
-411830334 8
-411830223 8
-411830078 8
-411829930 8
-411829829 8
-411829672 8
-411829522 8
-411829416 8
-411829268 8
-411829120 8
-411829019 8
-411828863 8
-411828716 8
-411828644 8
-411828564 8
-411828458 8
-411828308 8
-411828206 8
-411828052 8
-411827906 8
-411827806 8
-411827648 8
-411827500 8
-411827392 8
-411827243 8
-411827093 8
-411826982 8
-411826838 8
-411826690 8
-411826587 8
-411826432 8
-411826354 8
-411826285 8
-411826180 8
-411826028 8
-411825880 8
-411825776 8
-411825623 8
-411825473 8
-411825355 8
-411825218 8
-411825069 8
-411824967 8
-411824812 8
-411824664 8
-411824564 8
-411824407 8
-411824259 8
-411824152 8
-411824002 8
-411823855 8
-411823737 8
-411823597 8
-411823449 8
-411823343 8
-411823192 8
-411823043 8
-411822941 8
-411822787 8
-411822640 8
-411822538 8
-411822382 8
-411822235 8
-411822126 8
-411822050 8
-411821977 8
-411821830 8
-411821729 8
-411821571 8
-411821423 8
-411821321 8
-411821167 8
-411821020 8
-411820916 8
-411820762 8
-411820614 8
-411820508 8
-411820356 8
-411820209 8
-411820100 8
-411819952 8
-411819804 8
-411819701 8
-411819546 8
-411819398 8
-411819298 8
-411819142 8
-411818990 8
-411818889 8
-411818736 8
-411818587 8
-411818481 8
-411818332 8
-411818185 8
-411818079 8
-411817927 8
-411817775 8
-411817692 8
-411817668 8
-411817522 8
-411817374 8
-411817272 8
-411817116 8
-411816969 8
-411816870 8
-411816711 8
-411816564 8
-411816454 8
-411816306 8
-411816160 8
-411816060 8
-411815901 8
-411815754 8
-411815650 8
-411815495 8
-411815348 8
-411815246 8
-411815091 8
-411814944 8
-411814836 8
-411814686 8
-411814538 8
-411814432 8
-411814281 8
-411814131 8
-411814030 8
-411813875 8
-411813728 8
-411813621 8
-411813468 8
-411813390 8
-411813321 8
-411813215 8
-411813065 8
-411812918 8
-411812817 8
-411812660 8
-411812513 8
-411812405 8
-411812254 8
-411812107 8
-411812007 8
-411811851 8
-411811704 8
-411811604 8
-411811445 8
-411811297 8
-411811195 8
-411811040 8
-411810893 8
-411810791 8
-411810635 8
-411810487 8
-411810381 8
-411810229 8
-411810080 8
-411809979 8
-411809825 8
-411809678 8
-411809577 8
-411809420 8
-411809266 8
-411809165 8
-411809088 8
-411809015 8
-411808868 8
-411808760 8
-411808610 8
-411808460 8
-411808352 8
-411808205 8
-411808056 8
-411807955 8
-411807800 8
-411807649 8
-411807551 8
-411807394 8
-411807247 8
-411807138 8
-411806990 8
-411806842 8
-411806730 8
-411806585 8
-411806434 8
-411806325 8
-411806179 8
-411806030 8
-411805928 8
-411805775 8
-411805627 8
-411805527 8
-411805370 8
-411805223 8
-411805121 8
-411804965 8
-411804817 8
-411804737 8
-411804713 8
-411804559 8
-411804411 8
-411804309 8
-411804153 8
-411804006 8
-411803896 8
-411803749 8
-411803602 8
-411803495 8
-411803344 8
-411803196 8
-411803095 8
-411802937 8
-411802791 8
-411802686 8
-411802532 8
-411802385 8
-411802283 8
-411802129 8
-411801981 8
-411801882 8
-411801722 8
-411801575 8
-411801464 8
-411801318 8
-411801171 8
-411801070 8
-411800914 8
-411800765 8
-411800658 8
-411800509 8
-411800430 8
-411800360 8
-411800254 8
-411800104 8
-411799956 8
-411799849 8
-411799698 8
-411799550 8
-411799433 8
-411799292 8
-411799144 8
-411799042 8
-411798888 8
-411798741 8
-411798638 8
-411798484 8
-411798330 8
-411798230 8
-411798079 8
-411797931 8
-411797824 8
-411797673 8
-411797526 8
-411797415 8
-411797268 8
-411797118 8
-411797008 8
-411796863 8
-411796712 8
-411796611 8
-411796458 8
-411796310 8
-411796210 8
-411796130 8
-411796053 8
-411795906 8
-411795805 8
-411795648 8
-411795499 8
-411795393 8
-411795243 8
-411795090 8
-411794989 8
-411794838 8
-411794690 8
-411794589 8
-411794432 8
-411794284 8
-411794182 8
-411794028 8
-411793879 8
-411793781 8
-411793622 8
-411793470 8
-411793368 8
-411793215 8
-411793066 8
-411792964 8
-411792812 8
-411792665 8
-411792558 8
-411792408 8
-411792258 8
-411792156 8
-411792002 8
-411791852 8
-411791768 8
-411791754 8
-411791597 8
-411791448 8
-411791343 8
-411791191 8
-411791044 8
-411790943 8
-411790787 8
-411790640 8
-411790539 8
-411790382 8
-411790230 8
-411790130 8
-411789977 8
-411789829 8
-411789727 8
-411789572 8
-411789419 8
-411789304 8
-411789167 8
-411789020 8
-411788919 8
-411788762 8
-411788611 8
-411788510 8
-411788357 8
-411788209 8
-411788101 8
-411787952 8
-411787800 8
-411787689 8
-411787547 8
-411787468 8
-411787398 8
-411787297 8
-411787142 8
-411786993 8
-411786883 8
-411786737 8
-411786589 8
-411786481 8
-411786331 8
-411786184 8
-411786083 8
-411785927 8
-411785779 8
-411785676 8
-411785522 8
-411785373 8
-411785274 8
-411785116 8
-411784968 8
-411784859 8
-411784711 8
-411784563 8
-411784454 8
-411784306 8
-411784158 8
-411784055 8
-411783901 8
-411783754 8
-411783650 8
-411783496 8
-411783348 8
-411783248 8
-411783169 8
-411783091 8
-411782943 8
-411782844 8
-411782686 8
-411782538 8
-411782429 8
-411782281 8
-411782131 8
-411782023 8
-411781876 8
-411781727 8
-411781620 8
-411781471 8
-411781323 8
-411781217 8
-411781066 8
-411780917 8
-411780814 8
-411780661 8
-411780513 8
-411780405 8
-411780255 8
-411780107 8
-411780006 8
-411779851 8
-411779703 8
-411779593 8
-411779445 8
-411779296 8
-411779195 8
-411779040 8
-411778893 8
-411778812 8
-411778789 8
-411778636 8
-411778483 8
-411778364 8
-411778230 8
-411778081 8
-411777983 8
-411777825 8
-411777676 8
-411777575 8
-411777420 8
-411777271 8
-411777171 8
-411777015 8
-411776864 8
-411776755 8
-411776610 8
-411776461 8
-411776352 8
-411776204 8
-411776051 8
-411775958 8
-411775800 8
-411775652 8
-411775552 8
-411775395 8
-411775244 8
-411775136 8
-411774990 8
-411774843 8
-411774742 8
-411774584 8
-411774505 8
-411774334 8
-411774179 8
-411774030 8
-411773924 8
-411773775 8
-411773622 8
-411773514 8
-411773370 8
-411773221 8
-411773113 8
-411772964 8
-411772816 8
-411772710 8
-411772560 8
-411772411 8
-411772311 8
-411772154 8
-411772002 8
-411771892 8
-411771749 8
-411771602 8
-411771500 8
-411771344 8
-411771196 8
-411771085 8
-411770939 8
-411770793 8
-411770689 8
-411770534 8
-411770381 8
-411770270 8
-411770192 8
-411770129 8
-411769978 8
-411769877 8
-411769723 8
-411769574 8
-411769473 8
-411769319 8
-411769168 8
-411769052 8
-411768914 8
-411768760 8
-411768652 8
-411768509 8
-411768358 8
-411768255 8
-411768103 8
-411767953 8
-411767851 8
-411767698 8
-411767549 8
-411767430 8
-411767294 8
-411767142 8
-411767041 8
-411766889 8
-411766738 8
-411766634 8
-411766483 8
-411766334 8
-411766232 8
-411766078 8
-411765928 8
-411765814 8
-411765524 8
-411765419 8
-411765268 8
-411765113 8
-411765016 8
-411764863 8
-411764712 8
-411764611 8
-411764458 8
-411764307 8
-411764199 8
-411764053 8
-411763903 8
-411763802 8
-411763647 8
-411763492 8
-411763389 8
-411763243 8
-411763091 8
-411762988 8
-411762838 8
-411762687 8
-411762570 8
-411762433 8
-411762283 8
-411762182 8
-411762027 8
-411761877 8
-411761774 8
-411761623 8
-411761516 8
-411761464 8
-411761319 8
-411761218 8
-411761067 8
-411760950 8
-411760813 8
-411760663 8
-411760560 8
-411760407 8
-411760258 8
-411760157 8
-411760003 8
-411759852 8
-411759751 8
-411759598 8
-411759446 8
-411759330 8
-411759193 8
-411759041 8
-411758936 8
-411758787 8
-411758637 8
-411758536 8
-411758383 8
-411758233 8
-411758132 8
-411757977 8
-411757828 8
-411757718 8
-411757571 8
-411757421 8
-411757318 8
-411757210 8
-411757167 8
-411756917 8
-411756762 8
-411756613 8
-411756515 8
-411756357 8
-411756208 8
-411756107 8
-411755952 8
-411755803 8
-411755699 8
-411755546 8
-411755397 8
-411755296 8
-411755142 8
-411754992 8
-411754892 8
-411754737 8
-411754588 8
-411754490 8
-411754331 8
-411754181 8
-411754074 8
-411753926 8
-411753776 8
-411753671 8
-411753522 8
-411753372 8
-411753271 8
-411753117 8
-411752968 8
-411752864 8
-411752562 8
-411752458 8
-411752306 8
-411752157 8
-411752053 8
-411751901 8
-411751749 8
-411751645 8
-411751496 8
-411751346 8
-411751242 8
-411751090 8
-411750941 8
-411750835 8
-411750686 8
-411750537 8
-411750432 8
-411750281 8
-411750131 8
-411750027 8
-411749876 8
-411749726 8
-411749621 8
-411749470 8
-411749321 8
-411749216 8
-411749066 8
-411748915 8
-411748808 8
-411748661 8
-411748558 8
-411748513 8
-411748363 8
-411748256 8
-411748104 8
-411748002 8
-411747850 8
-411747700 8
-411747598 8
-411747445 8
-411747295 8
-411747194 8
-411747040 8
-411746891 8
-411746789 8
-411746636 8
-411746485 8
-411746382 8
-411746230 8
-411746080 8
-411745980 8
-411745825 8
-411745675 8
-411745568 8
-411745420 8
-411745270 8
-411745168 8
-411745015 8
-411744867 8
-411744767 8
-411744609 8
-411744460 8
-411744353 8
-411744246 8
-411744205 8
-411743956 8
-411743800 8
-411743650 8
-411743546 8
-411743381 8
-411743245 8
-411743145 8
-411742990 8
-411742841 8
-411742740 8
-411742585 8
-411742435 8
-411742327 8
-411742180 8
-411742029 8
-411741924 8
-411741774 8
-411741625 8
-411741526 8
-411741370 8
-411741221 8
-411741115 8
-411740964 8
-411740815 8
-411740712 8
-411740560 8
-411740409 8
-411740300 8
-411740154 8
-411740005 8
-411739903 8
-411739600 8
-411739497 8
-411739345 8
-411739195 8
-411739095 8
-411738939 8
-411738790 8
-411738683 8
-411738534 8
-411738384 8
-411738278 8
-411738129 8
-411737979 8
-411737877 8
-411737723 8
-411737576 8
-411737470 8
-411737319 8
-411737170 8
-411737068 8
-411736913 8
-411736764 8
-411736661 8
-411736509 8
-411736358 8
-411736255 8
-411736104 8
-411735954 8
-411735853 8
-411735699 8
-411735589 8
-411735550 8
-411735397 8
-411735293 8
-411735142 8
-411735041 8
-411734888 8
-411734738 8
-411734635 8
-411734483 8
-411734333 8
-411734228 8
-411734079 8
-411733925 8
-411733821 8
-411733673 8
-411733524 8
-411733416 8
-411733268 8
-411733117 8
-411733013 8
-411732863 8
-411732713 8
-411732613 8
-411732458 8
-411732302 8
-411732202 8
-411732053 8
-411731903 8
-411731794 8
-411731648 8
-411731499 8
-411731392 8
-411731287 8
-411731243 8
-411730990 8
-411730838 8
-411730684 8
-411730579 8
-411730433 8
-411730281 8
-411730178 8
-411730028 8
-411729877 8
-411729776 8
-411729621 8
-411729468 8
-411729366 8
-411729216 8
-411729066 8
-411728965 8
-411728813 8
-411728664 8
-411728562 8
-411728407 8
-411728256 8
-411728158 8
-411728003 8
-411727853 8
-411727752 8
-411727597 8
-411727447 8
-411727342 8
-411727193 8
-411727042 8
-411726940 8
-411726636 8
-411726535 8
-411726383 8
-411726232 8
-411726132 8
-411725977 8
-411725827 8
-411725721 8
-411725571 8
-411725421 8
-411725312 8
-411725167 8
-411725017 8
-411724910 8
-411724762 8
-411724612 8
-411724504 8
-411724357 8
-411724207 8
-411724101 8
-411723952 8
-411723802 8
-411723697 8
-411723547 8
-411723384 8
-411723277 8
-411723142 8
-411722992 8
-411722885 8
-411722736 8
-411722631 8
-411722586 8
-411722440 8
-411722332 8
-411722182 8
-411722077 8
-411721926 8
-411721777 8
-411721669 8
-411721522 8
-411721366 8
-411721264 8
-411721116 8
-411720966 8
-411720865 8
-411720711 8
-411720562 8
-411720457 8
-411720306 8
-411720155 8
-411720051 8
-411719901 8
-411719748 8
-411719643 8
-411719496 8
-411719345 8
-411719244 8
-411719091 8
-411718939 8
-411718837 8
-411718683 8
-411718534 8
-411718429 8
-411718324 8
-411718281 8
-411718032 8
-411717875 8
-411717724 8
-411717616 8
-411717471 8
-411717321 8
-411717220 8
-411717066 8
-411716916 8
-411716813 8
-411716661 8
-411716508 8
-411716410 8
-411716255 8
-411716103 8
-411716001 8
-411715851 8
-411715700 8
-411715592 8
-411715445 8
-411715293 8
-411715188 8
-411715040 8
-411714887 8
-411714786 8
-411714635 8
-411714485 8
-411714378 8
-411714230 8
-411714078 8
-411713976 8
-411713675 8
-411713569 8
-411713420 8
-411713265 8
-411713164 8
-411713015 8
-411712865 8
-411712758 8
-411712610 8
-411712455 8
-411712346 8
-411712205 8
-411712054 8
-411711953 8
-411711800 8
-411711647 8
-411711546 8
-411711395 8
-411711245 8
-411711139 8
-411710990 8
-411710836 8
-411710729 8
-411710585 8
-411710434 8
-411710328 8
-411710179 8
-411710024 8
-411709918 8
-411709774 8
-411709664 8
-411709624 8
-411709465 8
-411709369 8
-411709218 8
-411709113 8
-411708964 8
-411708813 8
-411708707 8
-411708560 8
-411708410 8
-411708307 8
-411708155 8
-411708006 8
-411707903 8
-411707749 8
-411707600 8
-411707497 8
-411707344 8
-411707192 8
-411707090 8
-411706939 8
-411706790 8
-411706682 8
-411706534 8
-411706383 8
-411706281 8
-411706129 8
-411705980 8
-411705883 8
-411705724 8
-411705574 8
-411705466 8
-411705362 8
-411705319 8
-411705071 8
-411704914 8
-411704765 8
-411704658 8
-411704509 8
-411704359 8
-411704254 8
-411704104 8
-411703954 8
-411703850 8
-411703699 8
-411703550 8
-411703440 8
-411703294 8
-411703144 8
-411703043 8
-411702889 8
-411702740 8
-411702635 8
-411702483 8
-411702332 8
-411702228 8
-411702079 8
-411701930 8
-411701827 8
-411701673 8
-411701525 8
-411701405 8
-411701268 8
-411701117 8
-411701015 8
-411700712 8
-411700611 8
-411700458 8
-411700308 8
-411700205 8
-411700053 8
-411699900 8
-411699793 8
-411699648 8
-411699499 8
-411699379 8
-411699276 8
-411699087 8
-411698983 8
-411698838 8
-411698688 8
-411698582 8
-411698433 8
-411698279 8
-411698170 8
-411698028 8
-411697878 8
-411697776 8
-411697622 8
-411697468 8
-411697360 8
-411697218 8
-411697067 8
-411696966 8
-411696813 8
-411696700 8
-411696659 8
-411696510 8
-411696408 8
-411696258 8
-411696158 8
-411696002 8
-411695854 8
-411695748 8
-411695598 8
-411695448 8
-411695341 8
-411695192 8
-411695040 8
-411694933 8
-411694787 8
-411694639 8
-411694539 8
-411694382 8
-411694235 8
-411694128 8
-411693977 8
-411693830 8
-411693725 8
-411693572 8
-411693419 8
-411693311 8
-411693167 8
-411693019 8
-411692917 8
-411692762 8
-411692615 8
-411692513 8
-411692405 8
-411692358 8
-411692103 8
-411691952 8
-411691800 8
-411691687 8
-411691547 8
-411691398 8
-411691292 8
-411691142 8
-411690993 8
-411690892 8
-411690737 8
-411690589 8
-411690487 8
-411690332 8
-411690182 8
-411690081 8
-411689927 8
-411689778 8
-411689672 8
-411689521 8
-411689371 8
-411689266 8
-411689117 8
-411688968 8
-411688850 8
-411688711 8
-411688563 8
-411688454 8
-411688306 8
-411688155 8
-411688047 8
-411687752 8
-411687647 8
-411687496 8
-411687346 8
-411687240 8
-411687091 8
-411686942 8
-411686839 8
-411686685 8
-411686533 8
-411686430 8
-411686281 8
-411686131 8
-411686029 8
-411685876 8
-411685727 8
-411685617 8
-411685471 8
-411685321 8
-411685214 8
-411685065 8
-411684917 8
-411684813 8
-411684661 8
-411684512 8
-411684403 8
-411684256 8
-411684105 8
-411683991 8
-411683851 8
-411683740 8
-411683703 8
-411683531 8
-411683297 8
-411683196 8
-411683041 8
-411682892 8
-411682788 8
-411682636 8
-411682487 8
-411682366 8
-411682230 8
-411682081 8
-411681972 8
-411681825 8
-411681678 8
-411681570 8
-411681421 8
-411681273 8
-411681171 8
-411681015 8
-411680868 8
-411680754 8
-411680610 8
-411680462 8
-411680353 8
-411680204 8
-411680056 8
-411679950 8
-411679800 8
-411679652 8
-411679547 8
-411679440 8
-411679396 8
-411679145 8
-411678990 8
-411678841 8
-411678737 8
-411678584 8
-411678436 8
-411678332 8
-411678180 8
-411678030 8
-411677925 8
-411677775 8
-411677625 8
-411677523 8
-411677370 8
-411677222 8
-411677119 8
-411676965 8
-411676817 8
-411676712 8
-411676560 8
-411676411 8
-411676305 8
-411676155 8
-411676007 8
-411675903 8
-411675749 8
-411675601 8
-411675492 8
-411675345 8
-411675197 8
-411675094 8
-411674792 8
-411674685 8
-411674535 8
-411674386 8
-411674286 8
-411674129 8
-411673982 8
-411673879 8
-411673723 8
-411673576 8
-411673470 8
-411673319 8
-411673172 8
-411673064 8
-411672914 8
-411672766 8
-411672661 8
-411672508 8
-411672360 8
-411672257 8
-411672104 8
-411671957 8
-411671853 8
-411671699 8
-411671552 8
-411671438 8
-411671294 8
-411671144 8
-411671043 8
-411670888 8
-411670784 8
-411670743 8
-411670580 8
-411670336 8
-411670225 8
-411670079 8
-411669932 8
-411669827 8
-411669674 8
-411669528 8
-411669419 8
-411669268 8
-411669121 8
-411669021 8
-411668863 8
-411668717 8
-411668615 8
-411668459 8
-411668312 8
-411668203 8
-411668053 8
-411667905 8
-411667803 8
-411667647 8
-411667503 8
-411667393 8
-411667243 8
-411667097 8
-411666996 8
-411666838 8
-411666692 8
-411666590 8
-411666503 8
-411666433 8
-411666279 8
-411666178 8
-411666028 8
-411665880 8
-411665778 8
-411665623 8
-411665474 8
-411665364 8
-411665218 8
-411665066 8
-411664961 8
-411664813 8
-411664661 8
-411664559 8
-411664408 8
-411664260 8
-411664154 8
-411664003 8
-411663853 8
-411663751 8
-411663598 8
-411663450 8
-411663340 8
-411663192 8
-411663044 8
-411662934 8
-411662788 8
-411662640 8
-411662539 8
-411662383 8
-411662235 8
-411662154 8
-411662130 8
-411661977 8
-411661829 8
-411661727 8
-411661572 8
-411661424 8
-411661315 8
-411661168 8
-411661019 8
-411660918 8
-411660762 8
-411660614 8
-411660513 8
-411660358 8
-411660209 8
-411660108 8
-411659951 8
-411659805 8
-411659701 8
-411659547 8
-411659399 8
-411659298 8
-411659142 8
-411658994 8
-411658893 8
-411658737 8
-411658590 8
-411658489 8
-411658331 8
-411658185 8
-411658084 8
-411657927 8
-411657846 8
-411657781 8
-411657674 8
-411657521 8
-411657373 8
-411657272 8
-411657117 8
-411656969 8
-411656868 8
-411656711 8
-411656564 8
-411656455 8
-411656306 8
-411656159 8
-411656057 8
-411655902 8
-411655754 8
-411655650 8
-411655496 8
-411655343 8
-411655242 8
-411655091 8
-411654944 8
-411654842 8
-411654686 8
-411654538 8
-411654428 8
-411654281 8
-411654133 8
-411654032 8
-411653876 8
-411653725 8
-411653623 8
-411653543 8
-411653471 8
-411653322 8
-411653220 8
-411653066 8
-411652919 8
-411652817 8
-411652661 8
-411652511 8
-411652398 8
-411652256 8
-411652104 8
-411652006 8
-411651851 8
-411651703 8
-411651601 8
-411651446 8
-411651298 8
-411651190 8
-411651041 8
-411650892 8
-411650790 8
-411650636 8
-411650483 8
-411650382 8
-411650231 8
-411650079 8
-411649969 8
-411649826 8
-411649678 8
-411649576 8
-411649420 8
-411649272 8
-411649191 8
-411649167 8
-411649015 8
-411648865 8
-411648762 8
-411648610 8
-411648463 8
-411648353 8
-411648205 8
-411648055 8
-411647947 8
-411647800 8
-411647653 8
-411647552 8
-411647393 8
-411647244 8
-411647142 8
-411646990 8
-411646843 8
-411646735 8
-411646585 8
-411646431 8
-411646314 8
-411646179 8
-411646030 8
-411645921 8
-411645773 8
-411645622 8
-411645521 8
-411645370 8
-411645223 8
-411645115 8
-411644965 8
-411644885 8
-411644814 8
-411644697 8
-411644559 8
-411644409 8
-411644304 8
-411644155 8
-411644007 8
-411643905 8
-411643750 8
-411643601 8
-411643502 8
-411643345 8
-411643196 8
-411643095 8
-411642939 8
-411642789 8
-411642687 8
-411642534 8
-411642383 8
-411642282 8
-411642129 8
-411641981 8
-411641877 8
-411641724 8
-411641576 8
-411641469 8
-411641319 8
-411641169 8
-411641069 8
-411640914 8
-411640767 8
-411640661 8
-411640581 8
-411640509 8
-411640360 8
-411640259 8
-411640104 8
-411639956 8
-411639855 8
-411639699 8
-411639547 8
-411639438 8
-411639294 8
-411639143 8
-411639043 8
-411638889 8
-411638739 8
-411638626 8
-411638484 8
-411638334 8
-411638233 8
-411638079 8
-411637928 8
-411637826 8
-411637673 8
-411637526 8
-411637417 8
-411637268 8
-411637119 8
-411637018 8
-411636863 8
-411636715 8
-411636614 8
-411636458 8
-411636307 8
-411636224 8
-411636212 8
-411636054 8
-411635905 8
-411635802 8
-411635648 8
-411635499 8
-411635381 8
-411635243 8
-411635093 8
-411634992 8
-411634835 8
-411634689 8
-411634588 8
-411634433 8
-411634284 8
-411634175 8
-411634028 8
-411633876 8
-411633762 8
-411633623 8
-411633475 8
-411633367 8
-411633217 8
-411633064 8
-411632963 8
-411632813 8
-411632665 8
-411632565 8
-411632407 8
-411632255 8
-411632146 8
-411632003 8
-411631923 8
-411631855 8
-411631746 8
-411631596 8
-411631441 8
-411631337 8
-411631192 8
-411631042 8
-411630932 8
-411630788 8
-411630635 8
-411630525 8
-411630383 8
-411630234 8
-411630132 8
-411629977 8
-411629829 8
-411629727 8
-411629572 8
-411629422 8
-411629312 8
-411629168 8
-411629015 8
-411628902 8
-411628762 8
-411628614 8
-411628513 8
-411628357 8
-411628209 8
-411628108 8
-411627952 8
-411627803 8
-411627699 8
-411627618 8
-411627548 8
-411627394 8
-411627285 8
-411627142 8
-411626995 8
-411626894 8
-411626736 8
-411626589 8
-411626489 8
-411626332 8
-411626184 8
-411626083 8
-411625926 8
-411625775 8
-411625662 8
-411625522 8
-411625371 8
-411625270 8
-411625114 8
-411624969 8
-411624867 8
-411624712 8
-411624563 8
-411624488 8
-411624414 8
-411624306 8
-411624159 8
-411624051 8
-411623902 8
-411623754 8
-411623649 8
-411623496 8
-411623347 8
-411623266 8
-411623242 8
-411623091 8
-411622943 8
-411622832 8
-411622686 8
-411622537 8
-411622426 8
-411622280 8
-411622128 8
-411622026 8
-411621875 8
-411621728 8
-411621626 8
-411621471 8
-411621322 8
-411621204 8
-411621066 8
-411620919 8
-411620817 8
-411620660 8
-411620509 8
-411620399 8
-411620256 8
-411620107 8
-411620007 8
-411619851 8
-411619703 8
-411619585 8
-411619446 8
-411619297 8
-411619196 8
-411619040 8
-411618964 8
-411618893 8
-411618790 8
-411618636 8
-411618487 8
-411618385 8
-411618230 8
-411618082 8
-411617972 8
-411617826 8
-411617678 8
-411617577 8
-411617420 8
-411617271 8
-411617169 8
-411617016 8
-411616867 8
-411616766 8
-411616611 8
-411616463 8
-411616344 8
-411616205 8
-411616056 8
-411615955 8
-411615800 8
-411615653 8
-411615552 8
-411615395 8
-411615248 8
-411615138 8
-411614990 8
-411614843 8
-411614723 8
-411614644 8
-411614585 8
-411614432 8
-411614330 8
-411614179 8
-411614026 8
-411613928 8
-411613775 8
-411613623 8
-411613523 8
-411613370 8
-411613217 8
-411613116 8
-411612965 8
-411612813 8
-411612710 8
-411612559 8
-411612408 8
-411612306 8
-411612155 8
-411612002 8
-411611902 8
-411611750 8
-411611598 8
-411611499 8
-411611344 8
-411611193 8
-411611092 8
-411610940 8
-411610788 8
-411610692 8
-411610535 8
-411610383 8
-411610302 8
-411610285 8
-411610129 8
-411609982 8
-411609882 8
-411609723 8
-411609577 8
-411609466 8
-411609319 8
-411609172 8
-411609071 8
-411608914 8
-411608765 8
-411608659 8
-411608509 8
-411608361 8
-411608260 8
-411608103 8
-411607957 8
-411607855 8
-411607699 8
-411607552 8
-411607441 8
-411607294 8
-411607145 8
-411607044 8
-411606889 8
-411606741 8
-411606637 8
-411606483 8
-411606336 8
-411606235 8
-411606079 8
-411605999 8
-411605931 8
-411605828 8
-411605674 8
-411605526 8
-411605416 8
-411605268 8
-411605120 8
-411605020 8
-411604863 8
-411604715 8
-411604614 8
-411604459 8
-411604309 8
-411604209 8
-411604054 8
-411603905 8
-411603803 8
-411603648 8
-411603500 8
-411603393 8
-411603242 8
-411603095 8
-411602994 8
-411602838 8
-411602690 8
-411602588 8
-411602433 8
-411602285 8
-411602184 8
-411602028 8
-411601881 8
-411601779 8
-411601697 8
-411601623 8
-411601474 8
-411601365 8
-411601218 8
-411601067 8
-411600969 8
-411600813 8
-411600665 8
-411600563 8
-411600408 8
-411600255 8
-411600156 8
-411600003 8
-411599855 8
-411599753 8
-411599598 8
-411599448 8
-411599338 8
-411599192 8
-411599044 8
-411598942 8
-411598788 8
-411598637 8
-411598536 8
-411598383 8
-411598235 8
-411598126 8
-411597978 8
-411597829 8
-411597727 8
-411597573 8
-411597423 8
-411597342 8
-411597318 8
-411597167 8
-411597020 8
-411596919 8
-411596763 8
-411596615 8
-411596513 8
-411596358 8
-411596209 8
-411596110 8
-411595952 8
-411595805 8
-411595702 8
-411595547 8
-411595399 8
-411595301 8
-411595142 8
-411594993 8
-411594892 8
-411594737 8
-411594590 8
-411594489 8
-411594332 8
-411594184 8
-411594083 8
-411593926 8
-411593777 8
-411593677 8
-411593522 8
-411593373 8
-411593273 8
-411593117 8
-411593037 8
-411592969 8
-411592858 8
-411592712 8
-411592563 8
-411592454 8
-411592306 8
-411592159 8
-411592058 8
-411591902 8
-411591753 8
-411591650 8
-411591497 8
-411591348 8
-411591247 8
-411591092 8
-411590943 8
-411590836 8
-411590686 8
-411590538 8
-411590429 8
-411590281 8
-411590132 8
-411590031 8
-411589875 8
-411589727 8
-411589626 8
-411589471 8
-411589319 8
-411589218 8
-411589066 8
-411588918 8
-411588818 8
-411588737 8
-411588662 8
-411588514 8
-411588404 8
-411588256 8
-411588106 8
-411588005 8
-411587851 8
-411587700 8
-411587599 8
-411587446 8
-411587298 8
-411587191 8
-411587041 8
-411586894 8
-411586786 8
-411586636 8
-411586486 8
-411586377 8
-411586230 8
-411586081 8
-411585980 8
-411585826 8
-411585678 8
-411585577 8
-411585421 8
-411585271 8
-411585170 8
-411585015 8
-411584868 8
-411584766 8
-411584610 8
-411584463 8
-411584379 8
-411584358 8
-411584205 8
-411584054 8
-411583953 8
-411583801 8
-411583652 8
-411583550 8
-411583395 8
-411583247 8
-411583145 8
-411582990 8
-411582843 8
-411582743 8
-411582585 8
-411582438 8
-411582328 8
-411582180 8
-411582032 8
-411581930 8
-411581775 8
-411581627 8
-411581526 8
-411581370 8
-411581223 8
-411581115 8
-411580965 8
-411580817 8
-411580715 8
-411580560 8
-411580407 8
-411580297 8
-411580155 8
-411580075 8
-411580007 8
-411579904 8
-411579749 8
-411579602 8
-411579501 8
-411579345 8
-411579197 8
-411579090 8
-411578940 8
-411578788 8
-411578676 8
-411578535 8
-411578386 8
-411578285 8
-411578129 8
-411577980 8
-411577879 8
-411577724 8
-411577576 8
-411577466 8
-411577319 8
-411577168 8
-411577060 8
-411576914 8
-411576763 8
-411576659 8
-411576509 8
-411576360 8
-411576259 8
-411576104 8
-411575957 8
-411575846 8
-411575766 8
-411575700 8
-411575550 8
-411575442 8
-411575294 8
-411575138 8
-411575046 8
-411574889 8
-411574739 8
-411574636 8
-411574484 8
-411574333 8
-411574232 8
-411574079 8
-411573929 8
-411573828 8
-411573674 8
-411573520 8
-411573420 8
-411573269 8
-411573118 8
-411573017 8
-411572863 8
-411572712 8
-411572611 8
-411572458 8
-411572308 8
-411572207 8
-411572053 8
-411571900 8
-411571807 8
-411571648 8
-411571499 8
-411571416 8
-411571386 8
-411571243 8
-411571095 8
-411570993 8
-411570839 8
-411570691 8
-411570580 8
-411570433 8
-411570282 8
-411570183 8
-411570028 8
-411569881 8
-411569779 8
-411569623 8
-411569470 8
-411569352 8
-411569218 8
-411569069 8
-411568968 8
-411568813 8
-411568660 8
-411568549 8
-411568408 8
-411568260 8
-411568151 8
-411568003 8
-411567852 8
-411567744 8
-411567598 8
-411567449 8
-411567344 8
-411567192 8
-411567075 8
-411567040 8
-411566881 8
-411566642 8
-411566534 8
-411566383 8
-411566235 8
-411566123 8
-411565978 8
-411565832 8
-411565729 8
-411565572 8
-411565421 8
-411565322 8
-411565167 8
-411565022 8
-411564914 8
-411564763 8
-411564616 8
-411564516 8
-411564358 8
-411564212 8
-411564104 8
-411563952 8
-411563807 8
-411563702 8
-411563547 8
-411563403 8
-411563293 8
-411563142 8
-411562996 8
-411562885 8
-411562775 8
-411562737 8
-411562488 8
-411562331 8
-411562187 8
-411562081 8
-411561926 8
-411561779 8
-411561678 8
-411561520 8
-411561374 8
-411561270 8
-411561117 8
-411560972 8
-411560865 8
-411560706 8
-411560566 8
-411560462 8
-411560307 8
-411560162 8
-411560060 8
-411559902 8
-411559756 8
-411559649 8
-411559496 8
-411559350 8
-411559243 8
-411559091 8
-411558947 8
-411558842 8
-411558686 8
-411558541 8
-411558434 8
-411558418 8
-411558134 8
-411558028 8
-411557876 8
-411557730 8
-411557625 8
-411557471 8
-411557324 8
-411557216 8
-411557066 8
-411556920 8
-411556798 8
-411556661 8
-411556515 8
-411556404 8
-411556255 8
-411556104 8
-411555998 8
-411555851 8
-411555704 8
-411555598 8
-411555446 8
-411555296 8
-411555183 8
-411555041 8
-411554891 8
-411554780 8
-411554635 8
-411554484 8
-411554384 8
-411554230 8
-411554122 8
-411554084 8
-411553930 8
-411553826 8
-411553672 8
-411553563 8
-411553421 8
-411553271 8
-411553170 8
-411553015 8
-411552866 8
-411552763 8
-411552610 8
-411552460 8
-411552353 8
-411552205 8
-411552051 8
-411551946 8
-411551800 8
-411551651 8
-411551553 8
-411551395 8
-411551245 8
-411551142 8
-411550987 8
-411550840 8
-411550737 8
-411550585 8
-411550431 8
-411550320 8
-411550180 8
-411550028 8
-411549924 8
-411549810 8
-411549775 8
-411549521 8
-411549370 8
-411549222 8
-411549121 8
-411548965 8
-411548812 8
-411548702 8
-411548560 8
-411548410 8
-411548303 8
-411548154 8
-411548005 8
-411547897 8
-411547749 8
-411547600 8
-411547498 8
-411547345 8
-411547195 8
-411547092 8
-411546940 8
-411546790 8
-411546685 8
-411546534 8
-411546385 8
-411546284 8
-411546130 8
-411545980 8
-411545879 8
-411545724 8
-411545575 8
-411545464 8
-411545456 8
-411545169 8
-411545062 8
-411544914 8
-411544765 8
-411544661 8
-411544509 8
-411544358 8
-411544249 8
-411544105 8
-411543954 8
-411543854 8
-411543698 8
-411543550 8
-411543443 8
-411543294 8
-411543144 8
-411543043 8
-411542889 8
-411542739 8
-411542628 8
-411542484 8
-411542334 8
-411542233 8
-411542077 8
-411541929 8
-411541826 8
-411541674 8
-411541523 8
-411541419 8
-411541266 8
-411541160 8
-411541118 8
-411540961 8
-411540864 8
-411540714 8
-411540611 8
-411540458 8
-411540404 8
-411540205 8
-411540054 8
-411539904 8
-411539800 8
-411539648 8
-411539499 8
-411539379 8
-411539243 8
-411539092 8
-411538983 8
-411538838 8
-411538689 8
-411538588 8
-411538434 8
-411538283 8
-411538179 8
-411538027 8
-411537878 8
-411537762 8
-411537623 8
-411537474 8
-411537367 8
-411537217 8
-411537068 8
-411536964 8
-411536857 8
-411536814 8
-411536560 8
-411536408 8
-411536258 8
-411536153 8
-411536003 8
-411535853 8
-411535752 8
-411535597 8
-411535448 8
-411535345 8
-411535192 8
-411535042 8
-411534941 8
-411534788 8
-411534639 8
-411534536 8
-411534381 8
-411534233 8
-411534131 8
-411533978 8
-411533828 8
-411533722 8
-411533573 8
-411533422 8
-411533312 8
-411533168 8
-411533018 8
-411532913 8
-411532762 8
-411532613 8
-411532510 8
-411532209 8
-411532107 8
-411531952 8
-411531803 8
-411531697 8
-411531547 8
-411531395 8
-411531293 8
-411531142 8
-411530992 8
-411530887 8
-411530737 8
-411530588 8
-411530487 8
-411530332 8
-411530182 8
-411530074 8
-411529927 8
-411529778 8
-411529672 8
-411529522 8
-411529372 8
-411529270 8
-411529117 8
-411528968 8
-411528861 8
-411528712 8
-411528563 8
-411528458 8
-411528307 8
-411528202 8
-411528158 8
-411528002 8
-411527902 8
-411527752 8
-411527648 8
-411527496 8
-411527346 8
-411527245 8
-411527092 8
-411526942 8
-411526838 8
-411526687 8
-411526538 8
-411526436 8
-411526281 8
-411526132 8
-411526030 8
-411525877 8
-411525727 8
-411525627 8
-411525471 8
-411525321 8
-411525220 8
-411525066 8
-411524916 8
-411524816 8
-411524661 8
-411524512 8
-411524405 8
-411524256 8
-411524106 8
-411524005 8
-411523902 8
-411523852 8
-411523601 8
-411523446 8
-411523292 8
-411523190 8
-411523041 8
-411522892 8
-411522787 8
-411522636 8
-411522486 8
-411522382 8
-411522230 8
-411522080 8
-411521979 8
-411521826 8
-411521671 8
-411521564 8
-411521421 8
-411521270 8
-411521168 8
-411521016 8
-411520866 8
-411520765 8
-411520611 8
-411520458 8
-411520358 8
-411520205 8
-411520054 8
-411519950 8
-411519801 8
-411519651 8
-411519548 8
-411519246 8
-411519144 8
-411518991 8
-411518841 8
-411518739 8
-411518585 8
-411518435 8
-411518329 8
-411518180 8
-411518030 8
-411517930 8
-411517775 8
-411517626 8
-411517524 8
-411517370 8
-411517221 8
-411517120 8
-411516964 8
-411516816 8
-411516709 8
-411516560 8
-411516408 8
-411516302 8
-411516155 8
-411516005 8
-411515905 8
-411515750 8
-411515600 8
-411515494 8
-411515344 8
-411515234 8
-411515196 8
-411515036 8
-411514940 8
-411514790 8
-411514684 8
-411514535 8
-411514384 8
-411514273 8
-411514130 8
-411513980 8
-411513878 8
-411513724 8
-411513576 8
-411513466 8
-411513319 8
-411513169 8
-411513062 8
-411512914 8
-411512765 8
-411512661 8
-411512509 8
-411512356 8
-411512250 8
-411512104 8
-411511956 8
-411511852 8
-411511699 8
-411511551 8
-411511447 8
-411511294 8
-411511144 8
-411511043 8
-411510937 8
-411510884 8
-411510641 8
-411510484 8
-411510333 8
-411510228 8
-411510079 8
-411509928 8
-411509827 8
-411509674 8
-411509523 8
-411509421 8
-411509269 8
-411509114 8
-411509008 8
-411508864 8
-411508714 8
-411508612 8
-411508459 8
-411508309 8
-411508206 8
-411508054 8
-411507904 8
-411507800 8
-411507649 8
-411507496 8
-411507391 8
-411507243 8
-411507092 8
-411506991 8
-411506838 8
-411506689 8
-411506587 8
-411506284 8
-411506182 8
-411506028 8
-411505875 8
-411505774 8
-411505623 8
-411505473 8
-411505373 8
-411505218 8
-411505068 8
-411504967 8
-411504813 8
-411504664 8
-411504562 8
-411504408 8
-411504254 8
-411504154 8
-411504003 8
-411503854 8
-411503752 8
-411503598 8
-411503443 8
-411503327 8
-411503193 8
-411503042 8
-411502940 8
-411502788 8
-411502635 8
-411502532 8
-411502383 8
-411502273 8
-411502235 8
-411502071 8
-411501827 8
-411501716 8
-411501573 8
-411501424 8
-411501317 8
-411501168 8
-411501020 8
-411500913 8
-411500763 8
-411500616 8
-411500509 8
-411500358 8
-411500211 8
-411500102 8
-411499953 8
-411499806 8
-411499702 8
-411499547 8
-411499400 8
-411499293 8
-411499142 8
-411498996 8
-411498889 8
-411498737 8
-411498592 8
-411498480 8
-411498332 8
-411498187 8
-411498083 8
-411497977 8
-411497927 8
-411497724 8
-411497677 8
-411497523 8
-411497374 8
-411497268 8
-411497117 8
-411496970 8
-411496862 8
-411496712 8
-411496564 8
-411496458 8
-411496307 8
-411496159 8
-411496053 8
-411495901 8
-411495754 8
-411495645 8
-411495497 8
-411495348 8
-411495250 8
-411495092 8
-411494967 8
-411494942 8
-411494771 8
-411494539 8
-411494430 8
-411494282 8
-411494132 8
-411494025 8
-411493877 8
-411493729 8
-411493625 8
-411493322 8
-411493216 8
-411493066 8
-411492920 8
-411492819 8
-411492661 8
-411492514 8
-411492397 8
-411492256 8
-411492108 8
-411491998 8
-411491852 8
-411491702 8
-411491601 8
-411491446 8
-411491299 8
-411491189 8
-411491041 8
-411490893 8
-411490777 8
-411490636 8
-411490488 8
-411490378 8
-411490230 8
-411490077 8
-411489981 8
-411489826 8
-411489679 8
-411489572 8
-411489421 8
-411489318 8
-411489269 8
-411489123 8
-411489016 8
-411488867 8
-411488757 8
-411488610 8
-411488457 8
-411488353 8
-411488205 8
-411488057 8
-411487951 8
-411487801 8
-411487648 8
-411487537 8
-411487395 8
-411487248 8
-411487148 8
-411486990 8
-411486842 8
-411486739 8
-411486585 8
-411486435 8
-411486328 8
-411486180 8
-411486026 8
-411485917 8
-411485775 8
-411485625 8
-411485521 8
-411485370 8
-411485221 8
-411485121 8
-411485017 8
-411484965 8
-411484709 8
-411484560 8
-411484406 8
-411484291 8
-411484155 8
-411484006 8
-411483900 8
-411483749 8
-411483601 8
-411483495 8
-411483345 8
-411483197 8
-411483092 8
-411482940 8
-411482787 8
-411482675 8
-411482535 8
-411482383 8
-411482272 8
-411482129 8
-411481981 8
-411481875 8
-411481724 8
-411481576 8
-411481476 8
-411481376 8
-411481172 8
-411481073 8
-411480915 8
-411480765 8
-411480659 8
-411480361 8
-411480258 8
-411480105 8
-411479957 8
-411479856 8
-411479699 8
-411479552 8
-411479445 8
-411479293 8
-411479142 8
-411479036 8
-411478889 8
-411478741 8
-411478640 8
-411478483 8
-411478335 8
-411478219 8
-411478079 8
-411477929 8
-411477828 8
-411477670 8
-411477519 8
-411477414 8
-411477269 8
-411477119 8
-411477020 8
-411476863 8
-411476715 8
-411476597 8
-411476459 8
-411476356 8
-411476310 8
-411476160 8
-411476053 8
-411475905 8
-411475805 8
-411475648 8
-411475500 8
-411475391 8
-411475243 8
-411475094 8
-411474981 8
-411474839 8
-411474689 8
-411474591 8
-411474432 8
-411474283 8
-411474177 8
-411474028 8
-411473879 8
-411473780 8
-411473623 8
-411473473 8
-411473350 8
-411473218 8
-411473068 8
-411472961 8
-411472813 8
-411472665 8
-411472562 8
-411472408 8
-411472259 8
-411472160 8
-411472059 8
-411472003 8
-411471786 8
-411471679 8
-411471447 8
-411471343 8
-411471192 8
-411471040 8
-411470933 8
-411470788 8
-411470639 8
-411470528 8
-411470383 8
-411470235 8
-411470134 8
-411469978 8
-411469830 8
-411469729 8
-411469572 8
-411469423 8
-411469317 8
-411469168 8
-411469020 8
-411468919 8
-411468763 8
-411468614 8
-411468513 8
-411468357 8
-411468210 8
-411468107 8
-411467952 8
-411467803 8
-411467711 8
-411467704 8
-411467548 8
-411467394 8
-411467284 8
-411467139 8
-411466993 8
-411466892 8
-411466736 8
-411466589 8
-411466487 8
-411466332 8
-411466184 8
-411466079 8
-411465927 8
-411465780 8
-411465768 8
-411465620 8
-411465522 8
-411465373 8
-411465271 8
-411465116 8
-411464970 8
-411464863 8
-411464712 8
-411464565 8
-411464455 8
-411464307 8
-411464160 8
-411464050 8
-411463901 8
-411463754 8
-411463646 8
-411463496 8
-411463409 8
-411463347 8
-411463241 8
-411463092 8
-411462944 8
-411462837 8
-411462687 8
-411462539 8
-411462432 8
-411462282 8
-411462132 8
-411462031 8
-411461876 8
-411461728 8
-411461618 8
-411461472 8
-411461322 8
-411461213 8
-411461066 8
-411460918 8
-411460817 8
-411460662 8
-411460514 8
-411460407 8
-411460256 8
-411460106 8
-411460005 8
-411459851 8
-411459704 8
-411459602 8
-411459446 8
-411459296 8
-411459195 8
-411459116 8
-411459041 8
-411458894 8
-411458786 8
-411458635 8
-411458487 8
-411458386 8
-411458230 8
-411458082 8
-411457973 8
-411457826 8
-411457676 8
-411457573 8
-411457418 8
-411457267 8
-411457169 8
-411457016 8
-411456867 8
-411456765 8
-411456611 8
-411456462 8
-411456353 8
-411456206 8
-411456057 8
-411455955 8
-411455801 8
-411455648 8
-411455549 8
-411455395 8
-411455248 8
-411455148 8
-411454990 8
-411454841 8
-411454761 8
-411454737 8
-411454585 8
-411454437 8
-411454331 8
-411454178 8
-411454031 8
-411453931 8
-411453776 8
-411453628 8
-411453528 8
-411453371 8
-411453223 8
-411453123 8
-411452965 8
-411452817 8
-411452715 8
-411452559 8
-411452412 8
-411452303 8
-411452155 8
-411452008 8
-411451907 8
-411451750 8
-411451601 8
-411451500 8
-411451345 8
-411451197 8
-411451096 8
-411450939 8
-411450793 8
-411450685 8
-411450535 8
-411450452 8
-411450387 8
-411450284 8
-411450130 8
-411449983 8
-411449876 8
-411449725 8
-411449577 8
-411449467 8
-411449319 8
-411449172 8
-411449071 8
-411448915 8
-411448768 8
-411448664 8
-411448509 8
-411448361 8
-411448261 8
-411448105 8
-411447957 8
-411447850 8
-411447699 8
-411447552 8
-411447442 8
-411447294 8
-411447145 8
-411447039 8
-411446889 8
-411446741 8
-411446638 8
-411446484 8
-411446331 8
-411446230 8
-411446150 8
-411446079 8
-411445932 8
-411445831 8
-411445674 8
-411445527 8
-411445416 8
-411445269 8
-411445121 8
-411445022 8
-411444864 8
-411444713 8
-411444611 8
-411444459 8
-411444311 8
-411444211 8
-411444054 8
-411443908 8
-411443800 8
-411443649 8
-411443502 8
-411443392 8
-411443244 8
-411443092 8
-411442991 8
-411442839 8
-411442691 8
-411442589 8
-411442434 8
-411442286 8
-411442185 8
-411442029 8
-411441882 8
-411441805 8
-411441780 8
-411441623 8
-411441471 8
-411441371 8
-411441218 8
-411441070 8
-411440969 8
-411440813 8
-411440666 8
-411440566 8
-411440408 8
-411440259 8
-411440157 8
-411440003 8
-411439853 8
-411439752 8
-411439598 8
-411439450 8
-411439340 8
-411439193 8
-411439044 8
-411438943 8
-411438788 8
-411438640 8
-411438539 8
-411438383 8
-411438231 8
-411438129 8
-411437978 8
-411437830 8
-411437728 8
-411437573 8
-411437493 8
-411437420 8
-411437309 8
-411437168 8
-411437019 8
-411436918 8
-411436763 8
-411436611 8
-411436511 8
-411436358 8
-411436208 8
-411436109 8
-411435953 8
-411435802 8
-411435689 8
-411435548 8
-411435399 8
-411435299 8
-411435142 8
-411434995 8
-411434892 8
-411434738 8
-411434589 8
-411434489 8
-411434333 8
-411434185 8
-411434083 8
-411433927 8
-411433778 8
-411433673 8
-411433522 8
-411433374 8
-411433274 8
-411433194 8
-411433117 8
-411432970 8
-411432863 8
-411432712 8
-411432564 8
-411432456 8
-411432307 8
-411432158 8
-411432057 8
-411431902 8
-411431753 8
-411431646 8
-411431497 8
-411431350 8
-411431249 8
-411431092 8
-411430946 8
-411430845 8
-411430687 8
-411430539 8
-411430429 8
-411430282 8
-411430133 8
-411430032 8
-411429877 8
-411429729 8
-411429627 8
-411429472 8
-411429322 8
-411429222 8
-411429067 8
-411428918 8
-411428843 8
-411428812 8
-411428661 8
-411428514 8
-411428404 8
-411428256 8
-411428107 8
-411428006 8
-411427851 8
-411427704 8
-411427599 8
-411427446 8
-411427295 8
-411427194 8
-411427041 8
-411426894 8
-411426786 8
-411426636 8
-411426485 8
-411426370 8
-411426230 8
-411426080 8
-411425979 8
-411425826 8
-411425675 8
-411425574 8
-411425558 8
-411425421 8
-411425273 8
-411425166 8
-411425016 8
-411424953 8
-411424753 8
-411424611 8
-411424528 8
-411424463 8
-411424358 8
-411424205 8
-411424052 8
-411423954 8
-411423801 8
-411423653 8
-411423552 8
-411423395 8
-411423244 8
-411423136 8
-411422991 8
-411422841 8
-411422740 8
-411422585 8
-411422432 8
-411422331 8
-411422179 8
-411422031 8
-411421930 8
-411421776 8
-411421624 8
-411421514 8
-411421371 8
-411421224 8
-411421123 8
-411420965 8
-411420818 8
-411420719 8
-411420560 8
-411420411 8
-411420302 8
-411420222 8
-411420155 8
-411420004 8
-411419897 8
-411419750 8
-411419603 8
-411419501 8
-411419345 8
-411419197 8
-411419094 8
-411418940 8
-411418793 8
-411418688 8
-411418535 8
-411418382 8
-411418276 8
-411418130 8
-411417983 8
-411417876 8
-411417724 8
-411417576 8
-411417466 8
-411417319 8
-411417172 8
-411417071 8
-411416915 8
-411416764 8
-411416651 8
-411416510 8
-411416359 8
-411416258 8
-411416104 8
-411415956 8
-411415872 8
-411415851 8
-411415699 8
-411415551 8
-411415402 8
-411415294 8
-411415146 8
-411415045 8
-411414982 8
-411414890 8
-411414741 8
-411414636 8
-411414484 8
-411414335 8
-411414235 8
-411414079 8
-411413931 8
-411413830 8
-411413674 8
-411413526 8
-411413424 8
-411413269 8
-411413116 8
-411413023 8
-411412864 8
-411412716 8
-411412614 8
-411412459 8
-411412310 8
-411412200 8
-411412054 8
-411411905 8
-411411805 8
-411411648 8
-411411567 8
-411411498 8
-411411398 8
-411411244 8
-411411095 8
-411410994 8
-411410839 8
-411410691 8
-411410571 8
-411410434 8
-411410285 8
-411410184 8
-411410028 8
-411409882 8
-411409780 8
-411409624 8
-411409474 8
-411409371 8
-411409218 8
-411409070 8
-411408960 8
-411408814 8
-411408666 8
-411408564 8
-411408408 8
-411408260 8
-411408158 8
-411408003 8
-411407856 8
-411407754 8
-411407598 8
-411407450 8
-411407333 8
-411407253 8
-411407193 8
-411407041 8
-411406939 8
-411406787 8
-411406637 8
-411406536 8
-411406383 8
-411406234 8
-411406133 8
-411405978 8
-411405827 8
-411405717 8
-411405573 8
-411405420 8
-411405320 8
-411405167 8
-411405017 8
-411404912 8
-411404763 8
-411404612 8
-411404511 8
-411404358 8
-411404207 8
-411404108 8
-411403953 8
-411403801 8
-411403705 8
-411403547 8
-411403395 8
-411403294 8
-411403142 8
-411402993 8
-411402912 8
-411402888 8
-411402738 8
-411402589 8
-411402488 8
-411402331 8
-411402184 8
-411402083 8
-411401927 8
-411401778 8
-411401673 8
-411401522 8
-411401373 8
-411401272 8
-411401117 8
-411400968 8
-411400864 8
-411400711 8
-411400564 8
-411400453 8
-411400307 8
-411400158 8
-411400057 8
-411399902 8
-411399753 8
-411399649 8
-411399497 8
-411399348 8
-411399247 8
-411399091 8
-411398942 8
-411398842 8
-411398687 8
-411398606 8
-411398537 8
-411398422 8
-411398281 8
-411398132 8
-411398030 8
-411397877 8
-411397729 8
-411397626 8
-411397471 8
-411397323 8
-411397224 8
-411397066 8
-411396919 8
-411396818 8
-411396661 8
-411396632 8
-411396406 8
-411396256 8
-411396107 8
-411396006 8
-411395851 8
-411395704 8
-411395603 8
-411395446 8
-411395298 8
-411395197 8
-411395041 8
-411394894 8
-411394792 8
-411394635 8
-411394488 8
-411394387 8
-411394306 8
-411394230 8
-411394081 8
-411393980 8
-411393823 8
-411393678 8
-411393570 8
-411393421 8
-411393272 8
-411393166 8
-411393016 8
-411392868 8
-411392763 8
-411392610 8
-411392463 8
-411392360 8
-411392205 8
-411392057 8
-411391956 8
-411391801 8
-411391653 8
-411391551 8
-411391382 8
-411391247 8
-411391145 8
-411390991 8
-411390842 8
-411390741 8
-411390585 8
-411390436 8
-411390325 8
-411390180 8
-411390031 8
-411389948 8
-411389933 8
-411389775 8
-411389626 8
-411389523 8
-411389371 8
-411389222 8
-411389121 8
-411388966 8
-411388817 8
-411388715 8
-411388560 8
-411388410 8
-411388301 8
-411388154 8
-411388007 8
-411387906 8
-411387750 8
-411387602 8
-411387501 8
-411387345 8
-411387195 8
-411387085 8
-411386940 8
-411386791 8
-411386687 8
-411386534 8
-411386385 8
-411386284 8
-411386130 8
-411385982 8
-411385882 8
-411385724 8
-411385642 8
-411385578 8
-411385470 8
-411385320 8
-411385172 8
-411385071 8
-411384914 8
-411384767 8
-411384663 8
-411384509 8
-411384361 8
-411384261 8
-411384104 8
-411383957 8
-411383856 8
-411383699 8
-411383552 8
-411383442 8
-411383289 8
-411383145 8
-411383044 8
-411382889 8
-411382741 8
-411382636 8
-411382484 8
-411382336 8
-411382232 8
-411382079 8
-411381932 8
-411381830 8
-411381673 8
-411381526 8
-411381417 8
-411381336 8
-411381269 8
-411381121 8
-411381019 8
-411380864 8
-411380716 8
-411380613 8
-411380459 8
-411380305 8
-411380204 8
-411380053 8
-411379905 8
-411379804 8
-411379649 8
-411379500 8
-411379388 8
-411379244 8
-411379095 8
-411378994 8
-411378839 8
-411378688 8
-411378586 8
-411378434 8
-411378285 8
-411378184 8
-411378029 8
-411377881 8
-411377771 8
-411377624 8
-411377474 8
-411377363 8
-411377217 8
-411377069 8
-411376985 8
-411376969 8
-411376813 8
-411376666 8
-411376564 8
-411376409 8
-411376260 8
-411376159 8
-411376003 8
-411375855 8
-411375756 8
-411375598 8
-411375450 8
-411375348 8
-411375193 8
-411375045 8
-411374944 8
-411374788 8
-411374641 8
-411374540 8
-411374383 8
-411374236 8
-411374135 8
-411373977 8
-411373829 8
-411373727 8
-411373571 8
-411373423 8
-411373322 8
-411373168 8
-411373019 8
-411372918 8
-411372763 8
-411372677 8
-411372615 8
-411372516 8
-411372358 8
-411372210 8
-411372108 8
-411371952 8
-411371805 8
-411371698 8
-411371548 8
-411371394 8
-411371284 8
-411371142 8
-411370995 8
-411370890 8
-411370736 8
-411370589 8
-411370490 8
-411370332 8
-411370185 8
-411370085 8
-411369927 8
-411369780 8
-411369679 8
-411369523 8
-411369370 8
-411369269 8
-411369117 8
-411368970 8
-411368867 8
-411368712 8
-411368565 8
-411368458 8
-411368339 8
-411368307 8
-411368055 8
-411367902 8
-411367751 8
-411367640 8
-411367497 8
-411367349 8
-411367249 8
-411367091 8
-411366945 8
-411366837 8
-411366687 8
-411366539 8
-411366435 8
-411366282 8
-411366129 8
-411366026 8
-411365877 8
-411365729 8
-411365627 8
-411365472 8
-411365325 8
-411365218 8
-411365067 8
-411364919 8
-411364820 8
-411364662 8
-411364511 8
-411364412 8
-411364256 8
-411364107 8
-411363996 8
-411363704 8
-411363603 8
-411363447 8
-411363298 8
-411363194 8
-411363041 8
-411362891 8
-411362784 8
-411362636 8
-411362488 8
-411362382 8
-411362231 8
-411362083 8
-411361982 8
-411361826 8
-411361679 8
-411361576 8
-411361421 8
-411361269 8
-411361169 8
-411361016 8
-411360869 8
-411360763 8
-411360611 8
-411360459 8
-411360341 8
-411360206 8
-411360057 8
-411359949 8
-411359801 8
-411359688 8
-411359651 8
-411359490 8
-411359250 8
-411359142 8
-411358991 8
-411358841 8
-411358728 8
-411358586 8
-411358438 8
-411358333 8
-411358180 8
-411358029 8
-411357932 8
-411357775 8
-411357628 8
-411357522 8
-411357371 8
-411357223 8
-411357117 8
-411356965 8
-411356818 8
-411356714 8
-411356560 8
-411356412 8
-411356300 8
-411356155 8
-411356010 8
-411355903 8
-411355750 8
-411355605 8
-411355502 8
-411355398 8
-411355346 8
-411355091 8
-411354940 8
-411354794 8
-411354684 8
-411354535 8
-411354389 8
-411354289 8
-411354130 8
-411353984 8
-411353874 8
-411353724 8
-411353579 8
-411353472 8
-411353320 8
-411353173 8
-411353072 8
-411352915 8
-411352768 8
-411352666 8
-411352510 8
-411352362 8
-411352263 8
-411352105 8
-411351959 8
-411351849 8
-411351699 8
-411351554 8
-411351441 8
-411351294 8
-411351147 8
-411351045 8
-411350742 8
-411350634 8
-411350485 8
-411350338 8
-411350236 8
-411350079 8
-411349933 8
-411349827 8
-411349674 8
-411349528 8
-411349411 8
-411349269 8
-411349120 8
-411349017 8
-411348864 8
-411348716 8
-411348609 8
-411348459 8
-411348312 8
-411348207 8
-411348054 8
-411347905 8
-411347787 8
-411347649 8
-411347503 8
-411347392 8
-411347243 8
-411347092 8
-411346994 8
-411346839 8
-411346733 8
-411346693 8
-411346537 8
-411346434 8
-411346280 8
-411346169 8
-411346029 8
-411345881 8
-411345781 8
-411345623 8
-411345471 8
-411345372 8
-411345219 8
-411345070 8
-411344972 8
-411344814 8
-411344661 8
-411344553 8
-411344408 8
-411344260 8
-411344160 8
-411344003 8
-411343855 8
-411343753 8
-411343598 8
-411343449 8
-411343347 8
-411343193 8
-411343040 8
-411342936 8
-411342788 8
-411342640 8
-411342541 8
-411342432 8
-411342381 8
-411342133 8
-411341978 8
-411341829 8
-411341725 8
-411341573 8
-411341421 8
-411341305 8
-411341168 8
-411341020 8
-411340913 8
-411340762 8
-411340616 8
-411340510 8
-411340358 8
-411340210 8
-411340106 8
-411339953 8
-411339803 8
-411339693 8
-411339548 8
-411339399 8
-411339297 8
-411339142 8
-411338995 8
-411338892 8
-411338738 8
-411338591 8
-411338490 8
-411338333 8
-411338183 8
-411338076 8
-411337780 8
-411337677 8
-411337522 8
-411337374 8
-411337269 8
-411337117 8
-411336969 8
-411336869 8
-411336712 8
-411336564 8
-411336458 8
-411336307 8
-411336160 8
-411336060 8
-411335902 8
-411335754 8
-411335646 8
-411335497 8
-411335350 8
-411335230 8
-411335092 8
-411334945 8
-411334844 8
-411334686 8
-411334535 8
-411334433 8
-411334282 8
-411334133 8
-411334036 8
-411333877 8
-411333767 8
-411333730 8
-411333565 8
-411333325 8
-411333224 8
-411333066 8
-411332920 8
-411332813 8
-411332662 8
-411332515 8
-411332409 8
-411332256 8
-411332109 8
-411331997 8
-411331852 8
-411331705 8
-411331604 8
-411331446 8
-411331300 8
-411331199 8
-411331041 8
-411330895 8
-411330786 8
-411330636 8
-411330488 8
-411330367 8
-411330231 8
-411330084 8
-411329976 8
-411329825 8
-411329679 8
-411329571 8
-411329462 8
-411329421 8
-411329173 8
-411329016 8
-411328870 8
-411328755 8
-411328611 8
-411328464 8
-411328354 8
-411328204 8
-411328058 8
-411327956 8
-411327801 8
-411327654 8
-411327548 8
-411327395 8
-411327251 8
-411327147 8
-411326990 8
-411326845 8
-411326739 8
-411326585 8
-411326438 8
-411326330 8
-411326181 8
-411326033 8
-411325926 8
-411325776 8
-411325629 8
-411325526 8
-411325370 8
-411325226 8
-411325120 8
-411324819 8
-411324717 8
-411324560 8
-411324413 8
-411324303 8
-411324155 8
-411324010 8
-411323902 8
-411323750 8
-411323605 8
-411323497 8
-411323346 8
-411323200 8
-411323090 8
-411322940 8
-411322795 8
-411322690 8
-411322535 8
-411322389 8
-411322288 8
-411322129 8
-411321984 8
-411321879 8
-411321725 8
-411321579 8
-411321469 8
-411321320 8
-411321174 8
-411321072 8
-411320915 8
-411320811 8
-411320770 8
-411320614 8
-411320509 8
-411320360 8
-411320259 8
-411320105 8
-411319956 8
-411319849 8
-411319700 8
-411319551 8
-411319447 8
-411319294 8
-411319145 8
-411319045 8
-411318889 8
-411318740 8
-411318633 8
-411318484 8
-411318334 8
-411318233 8
-411318080 8
-411317930 8
-411317823 8
-411317674 8
-411317526 8
-411317424 8
-411317268 8
-411317119 8
-411317012 8
-411316864 8
-411316715 8
-411316608 8
-411316504 8
-411316459 8
-411316209 8
-411316054 8
-411315905 8
-411315802 8
-411315648 8
-411315500 8
-411315372 8
-411315244 8
-411315094 8
-411314986 8
-411314839 8
-411314688 8
-411314579 8
-411314434 8
-411314279 8
-411314177 8
-411314029 8
-411313879 8
-411313778 8
-411313624 8
-411313473 8
-411313371 8
-411313218 8
-411313067 8
-411312967 8
-411312814 8
-411312660 8
-411312559 8
-411312409 8
-411312258 8
-411312154 8
-411311855 8
-411311747 8
-411311599 8
-411311448 8
-411311345 8
-411311192 8
-411311042 8
-411310941 8
-411310787 8
-411310639 8
-411310538 8
-411310383 8
-411310233 8
-411310131 8
-411309975 8
-411309827 8
-411309720 8
-411309572 8
-411309423 8
-411309323 8
-411309168 8
-411309018 8
-411308914 8
-411308763 8
-411308614 8
-411308510 8
-411308358 8
-411308208 8
-411308105 8
-411307952 8
-411307848 8
-411307804 8
-411307641 8
-411307548 8
-411307400 8
-411307302 8
-411307143 8
-411306995 8
-411306896 8
-411306737 8
-411306590 8
-411306488 8
-411306331 8
-411306185 8
-411306085 8
-411305928 8
-411305779 8
-411305675 8
-411305522 8
-411305374 8
-411305267 8
-411305117 8
-411304971 8
-411304862 8
-411304712 8
-411304565 8
-411304458 8
-411304307 8
-411304160 8
-411304059 8
-411303902 8
-411303754 8
-411303654 8
-411303547 8
-411303497 8
-411303239 8
-411303092 8
-411302943 8
-411302835 8
-411302687 8
-411302539 8
-411302435 8
-411302282 8
-411302133 8
-411302032 8
-411301877 8
-411301726 8
-411301625 8
-411301472 8
-411301324 8
-411301217 8
-411301067 8
-411300919 8
-411300812 8
-411300661 8
-411300514 8
-411300406 8
-411300256 8
-411300103 8
-411300003 8
-411299852 8
-411299704 8
-411299602 8
-411299442 8
-411299294 8
-411299193 8
-411298893 8
-411298786 8
-411298636 8
-411298484 8
-411298375 8
-411298230 8
-411298082 8
-411297984 8
-411297826 8
-411297678 8
-411297577 8
-411297421 8
-411297273 8
-411297175 8
-411297016 8
-411296865 8
-411296765 8
-411296611 8
-411296464 8
-411296354 8
-411296205 8
-411296056 8
-411295952 8
-411295801 8
-411295652 8
-411295547 8
-411295395 8
-411295245 8
-411295147 8
-411294991 8
-411294883 8
-411294843 8
-411294675 8
-411294573 8
-411294311 8
-411294181 8
-411294033 8
-411293943 8
-411293835 8
-411293621 8
-411293511 8
-411293371 8
-411293223 8
-411293117 8
-411292966 8
-411292815 8
-411292704 8
-411292561 8
-411292412 8
-411292301 8
-411292155 8
-411292008 8
-411291898 8
-411291750 8
-411291603 8
-411291495 8
-411291346 8
-411291197 8
-411291097 8
-411290940 8
-411290792 8
-411290691 8
-411290581 8
-411290535 8
-411290285 8
-411290130 8
-411289983 8
-411289875 8
-411289722 8
-411289576 8
-411289466 8
-411289320 8
-411289170 8
-411289067 8
-411288915 8
-411288767 8
-411288661 8
-411288510 8
-411288362 8
-411288255 8
-411288105 8
-411287968 8
-411287857 8
-411287699 8
-411287560 8
-411287450 8
-411287294 8
-411287189 8
-411287089 8
-411286985 8
-411286887 8
-411286867 8
-411286750 8
-411286641 8
-411286484 8
-411286463 8
-411286356 8
-411286343 8
-411286080 8
-411286060 8
-411285940 8
-411285837 8
-411285674 8
-411285653 8
-411285538 8
-411285436 8
-411285262 8
-411285247 8
-411285074 8
-411284974 8
-411284884 8
-411284875 8
-411284863 8
-411284842 8
-411284737 8
-411284630 8
-411284523 8
-411284453 8
-411284327 8
-411284226 8
-411284120 8
-411284012 8
-411283885 8
-411283780 8
-411283672 8
-411283565 8
-411283460 8
-411283357 8
-411283260 8
-411283155 8
-411283055 8
-411282954 8
-411282855 8
-411282843 8
-411282640 8
-411282534 8
-411282296 8
-411282197 8
-411282091 8
-411281985 8
-411281884 8
-411281778 8
-411281674 8
-411281542 8
-411281436 8
-411281337 8
-411281239 8
-411281135 8
-411281023 8
-411280922 8
-411280815 8
-411280685 8
-411280583 8
-411280477 8
-411280282 8
-411280183 8
-411280082 8
-411279982 8
-411279878 8
-411279778 8
-411279674 8
-411279574 8
-411279470 8
-411279367 8
-411279266 8
-411279166 8
-411279060 8
-411278860 8
-411278762 8
-411278656 8
-411278554 8
-411278453 8
-411278314 8
-411278216 8
-411278119 8
-411278014 8
-411277909 8
-411277808 8
-411277701 8
-411277595 8
-411277495 8
-411277397 8
-411277289 8
-411277191 8
-411277094 8
-411276992 8
-411276886 8
-411276784 8
-411276678 8
-411276579 8
-411276477 8
-411276373 8
-411276273 8
-411276176 8
-411276074 8
-411275974 8
-411275876 8
-411275774 8
-411275577 8
-411275477 8
-411275376 8
-411275279 8
-411275179 8
-411275081 8
-411274974 8
-411274876 8
-411274775 8
-411274661 8
-411274562 8
-411274467 8
-411274366 8
-411274264 8
-411274167 8
-411274064 8
-411273962 8
-411273857 8
-411273754 8
-411273649 8
-411273552 8
-411273453 8
-411273347 8
-411273242 8
-411273142 8
-411273037 8
-411272931 8
-411272832 8
-411272731 8
-411272631 8
-411272520 8
-411272335 8
-411272238 8
-411272132 8
-411272028 8
-411271928 8
-411271829 8
-411271731 8
-411271621 8
-411271521 8
-411271418 8
-411271315 8
-411271218 8
-411271116 8
-411271018 8
-411270915 8
-411270814 8
-411270714 8
-411270614 8
-411270513 8
-411270413 8
-411270314 8
-411270209 8
-411270106 8
-411270003 8
-411269902 8
-411269801 8
-411269696 8
-411269594 8
-411269493 8
-411269394 8
-411269290 8
-411269098 8
-411268996 8
-411268896 8
-411268795 8
-411268685 8
-411268576 8
-411268484 8
-411268407 8
-411268331 8
-411268251 8
-411268177 8
-411268101 8
-411268025 8
-411267948 8
-411267873 8
-411267782 8
-411267702 8
-411267622 8
-411267526 8
-411267409 8
-411267311 8
-411267238 8
-411267160 8
-411267081 8
-411266912 8
-411266838 8
-411266763 8
-411266680 8
-411266603 8
-411266499 8
-411266410 8
-411266285 8
-411266273 8
-411266261 8
-411266249 8
-411266235 8
-411266204 8
-411266165 8
-411266031 8
-411265955 8
-411265880 8
-411265866 8
-411265843 8
-411265829 8
-411265807 8
-411265795 8
-411265690 8
-411265615 8
-411265536 8
-411265498 8
-411265483 8
-411265466 8
-411265447 8
-411265434 8
-411265422 8
-411265401 8
-411265389 8
-411265316 8
-411265225 8
-411265148 8
-411265132 8
-411265113 8
-411265095 8
-411265085 8
-411265071 8
-411265055 8
-411265037 8
-411265028 8
-411265014 8
-411264992 8
-411264883 8
-411264805 8
-411264727 8
-411264680 8
-411264665 8
-411264649 8
-411264628 8
-411264616 8
-411264601 8
-411264523 8
-411264411 8
-411264335 8
-411264285 8
-411264272 8
-411264257 8
-411264240 8
-411264218 8
-411264066 8
-411263978 8
-411263884 8
-411263818 8
-411263664 8
-411263575 8
-411263477 8
-411263314 8
-411263240 8
-411263158 8
-411263009 8
-411262854 8
-411262769 8
-411262670 8
-411262504 8
-411262429 8
-411262357 8
-411262260 8
-411262098 8
-411262022 8
-411261950 8
-411261861 8
-411261694 8
-411261621 8
-411261546 8
-411261452 8
-411261289 8
-411261215 8
-411261142 8
-411261045 8
-411260884 8
-411260809 8
-411260728 8
-411260639 8
-411260478 8
-411260402 8
-411260329 8
-411260237 8
-411260162 8
-411260018 8
-411259937 8
-411259929 8
-411259765 8
-411259614 8
-411259525 8
-411259431 8
-411259263 8
-411259190 8
-411259116 8
-411259023 8
-411258859 8
-411258783 8
-411258705 8
-411258615 8
-411258541 8
-411258395 8
-411258307 8
-411258214 8
-411258047 8
-411257973 8
-411257896 8
-411257804 8
-411257643 8
-411257568 8
-411257490 8
-411257402 8
-411257287 8
-411257212 8
-411257138 8
-411257067 8
-411256923 8
-411256833 8
-411256755 8
-411256514 8
-411256428 8
-411256354 8
-411256279 8
-411256107 8
-411256022 8
-411255947 8
-411255876 8
-411255700 8
-411255618 8
-411255543 8
-411255469 8
-411255302 8
-411255213 8
-411255137 8
-411255061 8
-411254893 8
-411254807 8
-411254732 8
-411254657 8
-411254488 8
-411254402 8
-411254328 8
-411254253 8
-411254083 8
-411253997 8
-411253922 8
-411253846 8
-411253685 8
-411253593 8
-411253514 8
-411253273 8
-411253185 8
-411253114 8
-411253034 8
-411252868 8
-411252782 8
-411252704 8
-411252630 8
-411252463 8
-411252376 8
-411252310 8
-411252234 8
-411252064 8
-411251973 8
-411251897 8
-411251823 8
-411251724 8
-411251570 8
-411251496 8
-411251422 8
-411251251 8
-411251163 8
-411251087 8
-411251012 8
-411250847 8
-411250761 8
-411250683 8
-411250610 8
-411250448 8
-411250300 8
-411250213 8
-411250135 8
-411250111 8
-411249896 8
-411249807 8
-411249704 8
-411249545 8
-411249469 8
-411249394 8
-411249302 8
-411249138 8
-411249064 8
-411248989 8
-411248892 8
-411248734 8
-411248659 8
-411248581 8
-411248490 8
-411248383 8
-411248264 8
-411248188 8
-411248089 8
-411247925 8
-411247856 8
-411247782 8
-411247678 8
-411247519 8
-411247445 8
-411247370 8
-411247276 8
-411247112 8
-411247038 8
-411246963 8
-411246882 8
-411246870 8
-411246646 8
-411246569 8
-411246467 8
-411246304 8
-411246230 8
-411246154 8
-411246061 8
-411245899 8
-411245827 8
-411245754 8
-411245651 8
-411245493 8
-411245418 8
-411245344 8
-411245250 8
-411245089 8
-411245018 8
-411244946 8
-411244845 8
-411244684 8
-411244611 8
-411244530 8
-411244441 8
-411244279 8
-411244204 8
-411244127 8
-411244034 8
-411243873 8
-411243798 8
-411243720 8
-411243638 8
-411243629 8
-411243469 8
-411243395 8
-411243323 8
-411243151 8
-411243063 8
-411242992 8
-411242917 8
-411242746 8
-411242658 8
-411242583 8
-411242508 8
-411242341 8
-411242254 8
-411242179 8
-411242106 8
-411241936 8
-411241849 8
-411241776 8
-411241695 8
-411241531 8
-411241444 8
-411241369 8
-411241297 8
-411241126 8
-411241039 8
-411240965 8
-411240889 8
-411240715 8
-411240634 8
-411240562 8
-411240480 8
-411240248 8
-411240172 8
-411240097 8
-411239963 8
-411239843 8
-411239771 8
-411239695 8
-411239557 8
-411239437 8
-411239362 8
-411239290 8
-411239153 8
-411239033 8
-411238962 8
-411238883 8
-411238748 8
-411238627 8
-411238552 8
-411238477 8
-411238342 8
-411238222 8
-411238148 8
-411238073 8
-411237937 8
-411237817 8
-411237744 8
-411237661 8
-411237532 8
-411237412 8
-411237336 8
-411237257 8
-411237007 8
-411236933 8
-411236854 8
-411236679 8
-411236543 8
-411236470 8
-411236337 8
-411236197 8
-411236123 8
-411236052 8
-411235934 8
-411235831 8
-411235731 8
-411235656 8
-411235529 8
-411235385 8
-411235311 8
-411235237 8
-411235121 8
-411234981 8
-411234914 8
-411234840 8
-411234716 8
-411234576 8
-411234505 8
-411234429 8
-411234312 8
-411234171 8
-411234096 8
-411234020 8
-411233943 8
-411233910 8
-411233707 8
-411233633 8
-411233503 8
-411233360 8
-411233286 8
-411233209 8
-411233098 8
-411232955 8
-411232880 8
-411232806 8
-411232692 8
-411232551 8
-411232477 8
-411232400 8
-411232290 8
-411232143 8
-411232067 8
-411231992 8
-411231881 8
-411231741 8
-411231667 8
-411231593 8
-411231474 8
-411231335 8
-411231265 8
-411231192 8
-411231070 8
-411230931 8
-411230856 8
-411230780 8
-411230697 8
-411230667 8
-411230465 8
-411230394 8
-411230260 8
-411230119 8
-411230048 8
-411229973 8
-411229855 8
-411229783 8
-411229705 8
-411229632 8
-411229565 8
-411229431 8
-411229311 8
-411229237 8
-411229166 8
-411229026 8
-411228906 8
-411228833 8
-411228755 8
-411228616 8
-411228501 8
-411228428 8
-411228353 8
-411228216 8
-411228096 8
-411228021 8
-411227949 8
-411227811 8
-411227690 8
-411227614 8
-411227534 8
-411227286 8
-411227211 8
-411227132 8
-411227001 8
-411226879 8
-411226803 8
-411226726 8
-411226596 8
-411226476 8
-411226401 8
-411226329 8
-411226190 8
-411226068 8
-411225996 8
-411225919 8
-411225786 8
-411225665 8
-411225593 8
-411225517 8
-411225380 8
-411225260 8
-411225184 8
-411225116 8
-411224975 8
-411224855 8
-411224784 8
-411224703 8
-411224571 8
-411224450 8
-411224375 8
-411224295 8
-411224045 8
-411223972 8
-411223893 8
-411223760 8
-411223640 8
-411223568 8
-411223498 8
-411223355 8
-411223235 8
-411223160 8
-411222970 8
-411222830 8
-411222751 8
-411222669 8
-411222568 8
-411222425 8
-411222349 8
-411222276 8
-411222158 8
-411222019 8
-411221944 8
-411221869 8
-411221758 8
-411221615 8
-411221539 8
-411221466 8
-411221353 8
-411221209 8
-411221134 8
-411221063 8
-411220982 8
-411220946 8
-411220746 8
-411220666 8
-411220538 8
-411220398 8
-411220323 8
-411220249 8
-411220136 8
-411219994 8
-411219919 8
-411219845 8
-411219729 8
-411219587 8
-411219512 8
-411219437 8
-411219323 8
-411219184 8
-411219112 8
-411219038 8
-411218920 8
-411218779 8
-411218701 8
-411218630 8
-411218515 8
-411218372 8
-411218304 8
-411218234 8
-411218108 8
-411217969 8
-411217894 8
-411217818 8
-411217741 8
-411217725 8
-411217506 8
-411217430 8
-411217297 8
-411217159 8
-411217083 8
-411217008 8
-411216893 8
-411216754 8
-411216678 8
-411216605 8
-411216490 8
-411216347 8
-411216272 8
-411216196 8
-411216121 8
-411216049 8
-411215943 8
-411215867 8
-411215793 8
-411215655 8
-411215534 8
-411215459 8
-411215390 8
-411215253 8
-411215126 8
-411215055 8
-411214982 8
-411214848 8
-411214728 8
-411214659 8
-411214579 8
-411214322 8
-411214248 8
-411214170 8
-411214038 8
-411213919 8
-411213844 8
-411213769 8
-411213629 8
-411213508 8
-411213434 8
-411213357 8
-411213229 8
-411213109 8
-411213035 8
-411212962 8
-411212823 8
-411212701 8
-411212626 8
-411212550 8
-411212419 8
-411212297 8
-411212218 8
-411212150 8
-411212014 8
-411211893 8
-411211818 8
-411211744 8
-411211609 8
-411211486 8
-411211415 8
-411211333 8
-411211082 8
-411211008 8
-411210934 8
-411210799 8
-411210678 8
-411210603 8
-411210529 8
-411210393 8
-411210273 8
-411210196 8
-411210125 8
-411209988 8
-411209866 8
-411209794 8
-411209712 8
-411209583 8
-411209462 8
-411209385 8
-411209310 8
-411209178 8
-411209058 8
-411208982 8
-411208905 8
-411208773 8
-411208653 8
-411208578 8
-411208504 8
-411208368 8
-411208248 8
-411208173 8
-411208092 8
-411207842 8
-411207767 8
-411207687 8
-411207557 8
-411207438 8
-411207362 8
-411207286 8
-411207153 8
-411207033 8
-411206958 8
-411206883 8
-411206747 8
-411206626 8
-411206550 8
-411206476 8
-411206340 8
-411206222 8
-411206146 8
-411206073 8
-411205936 8
-411205814 8
-411205738 8
-411205657 8
-411205523 8
-411205411 8
-411205340 8
-411205267 8
-411205141 8
-411205007 8
-411204931 8
-411204855 8
-411204602 8
-411204531 8
-411204457 8
-411204317 8
-411204196 8
-411204119 8
-411204048 8
-411203911 8
-411203792 8
-411203711 8
-411203633 8
-411203515 8
-411203385 8
-411203311 8
-411203234 8
-411203102 8
-411202981 8
-411202906 8
-411202831 8
-411202686 8
-411202570 8
-411202498 8
-411202427 8
-411202291 8
-411202172 8
-411202097 8
-411202021 8
-411201895 8
-411201767 8
-411201687 8
-411201610 8
-411201360 8
-411201284 8
-411201210 8
-411201077 8
-411200956 8
-411200881 8
-411200807 8
-411200667 8
-411200552 8
-411200481 8
-411200409 8
-411200276 8
-411200144 8
-411200073 8
-411199998 8
-411199861 8
-411199741 8
-411199667 8
-411199588 8
-411199456 8
-411199336 8
-411199261 8
-411199193 8
-411199051 8
-411198931 8
-411198857 8
-411198788 8
-411198658 8
-411198526 8
-411198452 8
-411198375 8
-411198119 8
-411198048 8
-411197978 8
-411197836 8
-411197716 8
-411197644 8
-411197572 8
-411197430 8
-411197311 8
-411197235 8
-411197161 8
-411197040 8
-411196906 8
-411196832 8
-411196759 8
-411196619 8
-411196501 8
-411196425 8
-411196354 8
-411196215 8
-411196095 8
-411196025 8
-411195952 8
-411195811 8
-411195691 8
-411195616 8
-411195543 8
-411195405 8
-411195285 8
-411195213 8
-411195133 8
-411194881 8
-411194806 8
-411194725 8
-411194597 8
-411194476 8
-411194400 8
-411194328 8
-411194191 8
-411194071 8
-411193997 8
-411193928 8
-411193786 8
-411193665 8
-411193589 8
-411193515 8
-411193380 8
-411193259 8
-411193186 8
-411193115 8
-411192975 8
-411192855 8
-411192787 8
-411192709 8
-411192571 8
-411192451 8
-411192375 8
-411192300 8
-411192166 8
-411192045 8
-411191970 8
-411191891 8
-411191639 8
-411191563 8
-411191490 8
-411191355 8
-411191235 8
-411191163 8
-411191089 8
-411190950 8
-411190829 8
-411190756 8
-411190677 8
-411190545 8
-411190425 8
-411190351 8
-411190277 8
-411190140 8
-411190020 8
-411189953 8
-411189879 8
-411189731 8
-411189615 8
-411189540 8
-411189465 8
-411189330 8
-411189209 8
-411189136 8
-411189062 8
-411188925 8
-411188805 8
-411188731 8
-411188652 8
-411188397 8
-411188325 8
-411188251 8
-411188115 8
-411187995 8
-411187920 8
-411187844 8
-411187725 8
-411187590 8
-411187516 8
-411187438 8
-411187304 8
-411187184 8
-411187110 8
-411187032 8
-411186899 8
-411186780 8
-411186701 8
-411186627 8
-411186490 8
-411186372 8
-411186298 8
-411186225 8
-411186086 8
-411185969 8
-411185902 8
-411185828 8
-411185678 8
-411185564 8
-411185491 8
-411185414 8
-411185159 8
-411185088 8
-411185016 8
-411184874 8
-411184751 8
-411184673 8
-411184597 8
-411184469 8
-411184347 8
-411184271 8
-411184197 8
-411184064 8
-411183944 8
-411183873 8
-411183798 8
-411183654 8
-411183539 8
-411183468 8
-411183398 8
-411183254 8
-411183131 8
-411183056 8
-411182983 8
-411182848 8
-411182728 8
-411182655 8
-411182585 8
-411182444 8
-411182324 8
-411182248 8
-411182170 8
-411181917 8
-411181842 8
-411181769 8
-411181630 8
-411181514 8
-411181439 8
-411181366 8
-411181228 8
-411181108 8
-411181033 8
-411180959 8
-411180824 8
-411180704 8
-411180631 8
-411180554 8
-411180419 8
-411180298 8
-411180224 8
-411180149 8
-411180013 8
-411179893 8
-411179822 8
-411179749 8
-411179609 8
-411179488 8
-411179416 8
-411179340 8
-411179203 8
-411179080 8
-411179004 8
-411178923 8
-411178678 8
-411178603 8
-411178525 8
-411178394 8
-411178273 8
-411178198 8
-411178122 8
-411177988 8
-411177868 8
-411177793 8
-411177715 8
-411177583 8
-411177463 8
-411177389 8
-411177310 8
-411177178 8
-411177058 8
-411176982 8
-411176907 8
-411176773 8
-411176653 8
-411176577 8
-411176506 8
-411176368 8
-411176247 8
-411176173 8
-411176098 8
-411175963 8
-411175843 8
-411175768 8
-411175684 8
-411175438 8
-411175367 8
-411175292 8
-411175152 8
-411175032 8
-411174956 8
-411174887 8
-411174747 8
-411174627 8
-411174551 8
-411174475 8
-411174342 8
-411174219 8
-411174145 8
-411174069 8
-411173937 8
-411173818 8
-411173742 8
-411173668 8
-411173532 8
-411173411 8
-411173336 8
-411173261 8
-411173127 8
-411173007 8
-411172933 8
-411172858 8
-411172718 8
-411172602 8
-411172529 8
-411172447 8
-411172197 8
-411172122 8
-411172049 8
-411171909 8
-411171790 8
-411171712 8
-411171637 8
-411171507 8
-411171379 8
-411171304 8
-411171233 8
-411171101 8
-411170981 8
-411170911 8
-411170837 8
-411170689 8
-411170577 8
-411170502 8
-411170429 8
-411170291 8
-411170171 8
-411170096 8
-411170024 8
-411169887 8
-411169761 8
-411169687 8
-411169611 8
-411169482 8
-411169360 8
-411169284 8
-411169205 8
-411168956 8
-411168881 8
-411168807 8
-411168668 8
-411168551 8
-411168476 8
-411168353 8
-411168247 8
-411168144 8
-411168041 8
-411167937 8
-411167837 8
-411167739 8
-411167633 8
-411167534 8
-411167434 8
-411167332 8
-411167225 8
-411167121 8
-411167017 8
-411166917 8
-411166818 8
-411166714 8
-411166614 8
-411166514 8
-411166409 8
-411166311 8
-411166213 8
-411166114 8
-411166013 8
-411165899 8
-411165704 8
-411165606 8
-411165507 8
-411165402 8
-411165293 8
-411165190 8
-411165084 8
-411164980 8
-411164881 8
-411164780 8
-411164677 8
-411164567 8
-411164465 8
-411164366 8
-411164259 8
-411164157 8
-411164052 8
-411163953 8
-411163853 8
-411163746 8
-411163642 8
-411163541 8
-411163435 8
-411163335 8
-411163229 8
-411163128 8
-411163028 8
-411162922 8
-411162817 8
-411162714 8
-411162604 8
-411162395 8
-411162293 8
-411162193 8
-411162093 8
-411161994 8
-411161892 8
-411161780 8
-411161673 8
-411161576 8
-411161475 8
-411161367 8
-411161263 8
-411161164 8
-411161063 8
-411160962 8
-411160855 8
-411160752 8
-411160641 8
-411160541 8
-411160442 8
-411160344 8
-411160237 8
-411160130 8
-411160028 8
-411159930 8
-411159830 8
-411159727 8
-411159623 8
-411159522 8
-411159421 8
-411159315 8
-411159117 8
-411159017 8
-411158918 8
-411158814 8
-411158704 8
-411158605 8
-411158503 8
-411158399 8
-411158296 8
-411158192 8
-411158091 8
-411157992 8
-411157887 8
-411157783 8
-411157678 8
-411157578 8
-411157481 8
-411157379 8
-411157279 8
-411157176 8
-411157076 8
-411156978 8
-411156879 8
-411156781 8
-411156676 8
-411156576 8
-411156477 8
-411156378 8
-411156279 8
-411156172 8
-411156065 8
-411155871 8
-411155772 8
-411155668 8
-411155570 8
-411155471 8
-411155370 8
-411155272 8
-411155166 8
-411155067 8
-411154968 8
-411154862 8
-411154761 8
-411154651 8
-411154544 8
-411154439 8
-411154336 8
-411154233 8
-411154135 8
-411154033 8
-411153933 8
-411153827 8
-411153718 8
-411153616 8
-411153511 8
-411153404 8
-411153305 8
-411153206 8
-411153107 8
-411153007 8
-411152899 8
-411152795 8
-411152598 8
-411152493 8
-411152387 8
-411152281 8
-411152178 8
-411152072 8
-411151974 8
-411151871 8
-411151772 8
-411151663 8
-411151564 8
-411151462 8
-411151360 8
-411151263 8
-411151163 8
-411151064 8
-411150966 8
-411150868 8
-411150767 8
-411150656 8
-411150551 8
-411150445 8
-411150345 8
-411150247 8
-411150148 8
-411150048 8
-411149944 8
-411149843 8
-411149733 8
-411149627 8
-411149523 8
-411149324 8
-411149217 8
-411149118 8
-411149020 8
-411148924 8
-411148824 8
-411148718 8
-411148620 8
-411148518 8
-411148420 8
-411148321 8
-411148221 8
-411148118 8
-411148020 8
-411147921 8
-411147819 8
-411147713 8
-411147612 8
-411147511 8
-411147413 8
-411147314 8
-411147211 8
-411147111 8
-411147011 8
-411146905 8
-411146806 8
-411146704 8
-411146605 8
-411146505 8
-411146407 8
-411146304 8
-411146101 8
-411145998 8
-411145891 8
-411145791 8
-411145681 8
-411145582 8
-411145481 8
-411145382 8
-411145280 8
-411145180 8
-411145082 8
-411144982 8
-411144884 8
-411144777 8
-411144672 8
-411144571 8
-411144468 8
-411144369 8
-411144262 8
-411144164 8
-411144058 8
-411143951 8
-411143849 8
-411143750 8
-411143639 8
-411143536 8
-411143436 8
-411143337 8
-411143240 8
-411143137 8
-411143034 8
-411142834 8
-411142726 8
-411142625 8
-411142524 8
-411142424 8
-411142325 8
-411142217 8
-411142115 8
-411142017 8
-411141910 8
-411141810 8
-411141706 8
-411141605 8
-411141503 8
-411141402 8
-411141300 8
-411141196 8
-411141092 8
-411140986 8
-411140890 8
-411140789 8
-411140683 8
-411140583 8
-411140474 8
-411140373 8
-411140275 8
-411140175 8
-411140078 8
-411139979 8
-411139879 8
-411139771 8
-411139574 8
-411139470 8
-411139368 8
-411139269 8
-411139171 8
-411139072 8
-411138973 8
-411138874 8
-411138767 8
-411138649 8
-411138547 8
-411138449 8
-411138346 8
-411138241 8
-411138135 8
-411138036 8
-411137937 8
-411137836 8
-411137737 8
-411137634 8
-411137526 8
-411137424 8
-411137317 8
-411137212 8
-411137107 8
-411137010 8
-411136903 8
-411136802 8
-411136696 8
-411136593 8
-411136485 8
-411136289 8
-411136188 8
-411136087 8
-411135987 8
-411135888 8
-411135788 8
-411135676 8
-411135575 8
-411135477 8
-411135374 8
-411135269 8
-411135171 8
-411135071 8
-411134969 8
-411134866 8
-411134757 8
-411134651 8
-411134549 8
-411134450 8
-411134351 8
-411134247 8
-411134139 8
-411134040 8
-411133939 8
-411133840 8
-411133742 8
-411133637 8
-411133532 8
-411133432 8
-411133332 8
-411133221 8
-411133028 8
-411132929 8
-411132828 8
-411132727 8
-411132622 8
-411132523 8
-411132422 8
-411132322 8
-411132221 8
-411132123 8
-411132024 8
-411131925 8
-411131826 8
-411131719 8
-411131617 8
-411131510 8
-411131408 8
-411131301 8
-411131202 8
-411131105 8
-411131007 8
-411130900 8
-411130801 8
-411130691 8
-411130585 8
-411130480 8
-411130380 8
-411130282 8
-411130180 8
-411130080 8
-411129977 8
-411129777 8
-411129673 8
-411129565 8
-411129465 8
-411129367 8
-411129267 8
-411129163 8
-411129061 8
-411128958 8
-411128857 8
-411128755 8
-411128651 8
-411128553 8
-411128454 8
-411128351 8
-411128249 8
-411128144 8
-411128045 8
-411127943 8
-411127842 8
-411127741 8
-411127639 8
-411127538 8
-411127435 8
-411127330 8
-411127232 8
-411127134 8
-411127029 8
-411126922 8
-411126815 8
-411126707 8
-411126511 8
-411126410 8
-411126311 8
-411126206 8
-411126101 8
-411125994 8
-411125895 8
-411125798 8
-411125697 8
-411125599 8
-411125491 8
-411125389 8
-411125291 8
-411125192 8
-411125092 8
-411124987 8
-411124888 8
-411124789 8
-411124682 8
-411124582 8
-411124479 8
-411124378 8
-411124276 8
-411124176 8
-411124079 8
-411123977 8
-411123870 8
-411123768 8
-411123663 8
-411123560 8
-411123449 8
-411123259 8
-411123154 8
-411123049 8
-411122951 8
-411122850 8
-411122749 8
-411122640 8
-411122539 8
-411122438 8
-411122337 8
-411122232 8
-411122132 8
-411122025 8
-411121922 8
-411121810 8
-411121707 8
-411121606 8
-411121508 8
-411121406 8
-411121302 8
-411121200 8
-411121097 8
-411120997 8
-411120897 8
-411120796 8
-411120690 8
-411120587 8
-411120489 8
-411120384 8
-411120273 8
-411120163 8
-411119959 8
-411119853 8
-411119748 8
-411119634 8
-411119532 8
-411119427 8
-411119323 8
-411119218 8
-411119115 8
-411119011 8
-411118905 8
-411118799 8
-411118687 8
-411118582 8
-411118480 8
-411118380 8
-411118278 8
-411118172 8
-411118069 8
-411117969 8
-411117863 8
-411117764 8
-411117655 8
-411117554 8
-411117454 8
-411117356 8
-411117249 8
-411117149 8
-411117049 8
-411116941 8
-411116839 8
-411116641 8
-411116539 8
-411116438 8
-411116333 8
-411116234 8
-411116133 8
-411116036 8
-411115929 8
-411115830 8
-411115725 8
-411115623 8
-411115520 8
-411115420 8
-411115320 8
-411115221 8
-411115121 8
-411115019 8
-411114923 8
-411114816 8
-411114713 8
-411114613 8
-411114506 8
-411114407 8
-411114297 8
-411114197 8
-411114098 8
-411114002 8
-411113903 8
-411113806 8
-411113697 8
-411113591 8
-411113393 8
-411113295 8
-411113193 8
-411113092 8
-411112991 8
-411112893 8
-411112787 8
-411112685 8
-411112588 8
-411112480 8
-411112383 8
-411112282 8
-411112183 8
-411112082 8
-411111982 8
-411111883 8
-411111781 8
-411111677 8
-411111573 8
-411111472 8
-411111372 8
-411111270 8
-411111164 8
-411111061 8
-411110962 8
-411110860 8
-411110754 8
-411110644 8
-411110545 8
-411110446 8
-411110338 8
-411110136 8
-411110036 8
-411109936 8
-411109838 8
-411109737 8
-411109634 8
-411109530 8
-411109430 8
-411109323 8
-411109223 8
-411109119 8
-411109019 8
-411108918 8
-411108814 8
-411108710 8
-411108607 8
-411108505 8
-411108406 8
-411108307 8
-411108201 8
-411108100 8
-411108000 8
-411107896 8
-411107795 8
-411107688 8
-411107586 8
-411107484 8
-411107379 8
-411107275 8
-411107171 8
-411107065 8
-411106867 8
-411106765 8
-411106660 8
-411106552 8
-411106447 8
-411106346 8
-411106240 8
-411106139 8
-411106041 8
-411105939 8
-411105836 8
-411105730 8
-411105630 8
-411105526 8
-411105422 8
-411105319 8
-411105217 8
-411105119 8
-411105017 8
-411104917 8
-411104818 8
-411104711 8
-411104610 8
-411104512 8
-411104411 8
-411104306 8
-411104201 8
-411104096 8
-411103991 8
-411103891 8
-411103787 8
-411103582 8
-411103478 8
-411103376 8
-411103269 8
-411103167 8
-411103066 8
-411102967 8
-411102867 8
-411102762 8
-411102651 8
-411102553 8
-411102453 8
-411102351 8
-411102248 8
-411102150 8
-411102044 8
-411101944 8
-411101839 8
-411101739 8
-411101633 8
-411101533 8
-411101433 8
-411101326 8
-411101225 8
-411101125 8
-411101020 8
-411100916 8
-411100816 8
-411100711 8
-411100610 8
-411100498 8
-411100297 8
-411100189 8
-411100088 8
-411099983 8
-411099879 8
-411099775 8
-411099671 8
-411099569 8
-411099469 8
-411099368 8
-411099268 8
-411099168 8
-411099063 8
-411098959 8
-411098859 8
-411098760 8
-411098650 8
-411098545 8
-411098443 8
-411098336 8
-411098237 8
-411098137 8
-411098038 8
-411097940 8
-411097835 8
-411097736 8
-411097629 8
-411097523 8
-411097423 8
-411097322 8
-411097214 8
-411097015 8
-411096916 8
-411096817 8
-411096710 8
-411096609 8
-411096511 8
-411096409 8
-411096309 8
-411096203 8
-411096104 8
-411096003 8
-411095897 8
-411095791 8
-411095686 8
-411095580 8
-411095481 8
-411095374 8
-411095275 8
-411095176 8
-411095073 8
-411094967 8
-411094865 8
-411094763 8
-411094654 8
-411094556 8
-411094452 8
-411094347 8
-411094245 8
-411094144 8
-411094045 8
-411093940 8
-411093747 8
-411093642 8
-411093536 8
-411093432 8
-411093332 8
-411093230 8
-411093127 8
-411093027 8
-411092920 8
-411092816 8
-411092711 8
-411092608 8
-411092502 8
-411092395 8
-411092293 8
-411092193 8
-411092088 8
-411091983 8
-411091884 8
-411091785 8
-411091683 8
-411091583 8
-411091476 8
-411091370 8
-411091268 8
-411091168 8
-411091066 8
-411090961 8
-411090855 8
-411090755 8
-411090646 8
-411090449 8
-411090344 8
-411090236 8
-411090137 8
-411090039 8
-411089940 8
-411089841 8
-411089741 8
-411089634 8
-411089535 8
-411089435 8
-411089336 8
-411089235 8
-411089135 8
-411089035 8
-411088932 8
-411088830 8
-411088730 8
-411088630 8
-411088529 8
-411088427 8
-411088323 8
-411088221 8
-411088122 8
-411088024 8
-411087924 8
-411087817 8
-411087708 8
-411087604 8
-411087502 8
-411087397 8
-411087199 8
-411087097 8
-411086997 8
-411086894 8
-411086795 8
-411086693 8
-411086594 8
-411086489 8
-411086387 8
-411086280 8
-411086176 8
-411086075 8
-411085974 8
-411085875 8
-411085769 8
-411085668 8
-411085567 8
-411085466 8
-411085365 8
-411085266 8
-411085159 8
-411085056 8
-411084953 8
-411084846 8
-411084746 8
-411084643 8
-411084534 8
-411084427 8
-411084323 8
-411084224 8
-411084118 8
-411083921 8
-411083816 8
-411083713 8
-411083608 8
-411083499 8
-411083399 8
-411083301 8
-411083203 8
-411083104 8
-411083004 8
-411082901 8
-411082802 8
-411082700 8
-411082600 8
-411082496 8
-411082396 8
-411082297 8
-411082193 8
-411082095 8
-411081995 8
-411081893 8
-411081793 8
-411081691 8
-411081592 8
-411081492 8
-411081384 8
-411081278 8
-411081171 8
-411081073 8
-411080966 8
-411080861 8
-411080658 8
-411080561 8
-411080461 8
-411080361 8
-411080261 8
-411080158 8
-411080061 8
-411079961 8
-411079853 8
-411079755 8
-411079650 8
-411079549 8
-411079449 8
-411079340 8
-411079240 8
-411079137 8
-411079037 8
-411078937 8
-411078830 8
-411078727 8
-411078623 8
-411078524 8
-411078420 8
-411078315 8
-411078209 8
-411078110 8
-411078010 8
-411077912 8
-411077811 8
-411077705 8
-411077597 8
-411077405 8
-411077305 8
-411077206 8
-411077100 8
-411076993 8
-411076897 8
-411076789 8
-411076685 8
-411076580 8
-411076473 8
-411076367 8
-411076260 8
-411076162 8
-411076062 8
-411075959 8
-411075859 8
-411075759 8
-411075647 8
-411075547 8
-411075444 8
-411075340 8
-411075235 8
-411075136 8
-411075038 8
-411074932 8
-411074826 8
-411074719 8
-411074616 8
-411074512 8
-411074411 8
-411074304 8
-411074111 8
-411074007 8
-411073905 8
-411073799 8
-411073692 8
-411073588 8
-411073483 8
-411073383 8
-411073284 8
-411073182 8
-411073081 8
-411072982 8
-411072881 8
-411072780 8
-411072680 8
-411072581 8
-411072481 8
-411072373 8
-411072268 8
-411072169 8
-411072068 8
-411071961 8
-411071855 8
-411071749 8
-411071644 8
-411071538 8
-411071440 8
-411071342 8
-411071242 8
-411071142 8
-411071038 8
-411070849 8
-411070749 8
-411070638 8
-411070538 8
-411070434 8
-411070331 8
-411070225 8
-411070128 8
-411070027 8
-411069923 8
-411069824 8
-411069720 8
-411069616 8
-411069514 8
-411069412 8
-411069309 8
-411069208 8
-411069109 8
-411069005 8
-411068906 8
-411068806 8
-411068703 8
-411068606 8
-411068505 8
-411068406 8
-411068306 8
-411068209 8
-411068133 8
-411068057 8
-411067982 8
-411067894 8
-411067755 8
-411067675 8
-411067602 8
-411067529 8
-411067452 8
-411067380 8
-411067308 8
-411067233 8
-411067158 8
-411067085 8
-411067006 8
-411066933 8
-411066863 8
-411066790 8
-411066714 8
-411066638 8
-411066562 8
-411066485 8
-411066411 8
-411066335 8
-411066258 8
-411066183 8
-411066108 8
-411066033 8
-411065957 8
-411065887 8
-411065814 8
-411065738 8
-411065662 8
-411065590 8
-411065504 8
-411065260 8
-411065183 8
-411065108 8
-411064975 8
-411064855 8
-411064780 8
-411064705 8
-411064570 8
-411064451 8
-411064376 8
-411064302 8
-411064166 8
-411064045 8
-411063970 8
-411063895 8
-411063760 8
-411063639 8
-411063563 8
-411063486 8
-411063355 8
-411063235 8
-411063161 8
-411063084 8
-411062951 8
-411062828 8
-411062753 8
-411062675 8
-411062545 8
-411062425 8
-411062352 8
-411062271 8
-411062023 8
-411061950 8
-411061875 8
-411061742 8
-411061618 8
-411061544 8
-411061466 8
-411061337 8
-411061212 8
-411061138 8
-411061060 8
-411060932 8
-411060808 8
-411060731 8
-411060658 8
-411060530 8
-411060403 8
-411060329 8
-411060254 8
-411060121 8
-411059998 8
-411059926 8
-411059851 8
-411059725 8
-411059587 8
-411059512 8
-411059437 8
-411059312 8
-411059185 8
-411059114 8
-411059036 8
-411058783 8
-411058705 8
-411058628 8
-411058503 8
-411058373 8
-411058300 8
-411058226 8
-411058099 8
-411057971 8
-411057897 8
-411057823 8
-411057691 8
-411057567 8
-411057491 8
-411057412 8
-411057293 8
-411057162 8
-411057090 8
-411057013 8
-411056883 8
-411056758 8
-411056679 8
-411056602 8
-411056478 8
-411056351 8
-411056276 8
-411056200 8
-411056074 8
-411055947 8
-411055873 8
-411055789 8
-411055542 8
-411055469 8
-411055393 8
-411055263 8
-411055135 8
-411055064 8
-411054989 8
-411054858 8
-411054732 8
-411054655 8
-411054576 8
-411054452 8
-411054327 8
-411054253 8
-411054180 8
-411054053 8
-411053922 8
-411053850 8
-411053774 8
-411053641 8
-411053517 8
-411053442 8
-411053367 8
-411053238 8
-411053112 8
-411053038 8
-411052966 8
-411052834 8
-411052706 8
-411052635 8
-411052555 8
-411052302 8
-411052228 8
-411052156 8
-411052023 8
-411051896 8
-411051820 8
-411051745 8
-411051618 8
-411051491 8
-411051419 8
-411051336 8
-411051213 8
-411051087 8
-411051013 8
-411050941 8
-411050807 8
-411050681 8
-411050613 8
-411050542 8
-411050401 8
-411050276 8
-411050204 8
-411050126 8
-411049998 8
-411049871 8
-411049800 8
-411049722 8
-411049585 8
-411049466 8
-411049393 8
-411049316 8
-411049061 8
-411048991 8
-411048914 8
-411048783 8
-411048656 8
-411048583 8
-411048504 8
-411048378 8
-411048250 8
-411048176 8
-411048102 8
-411047973 8
-411047844 8
-411047773 8
-411047692 8
-411047568 8
-411047441 8
-411047366 8
-411047292 8
-411047162 8
-411047035 8
-411046961 8
-411046885 8
-411046756 8
-411046630 8
-411046554 8
-411046478 8
-411046349 8
-411046226 8
-411046154 8
-411046075 8
-411045821 8
-411045745 8
-411045666 8
-411045541 8
-411045415 8
-411045341 8
-411045268 8
-411045137 8
-411045010 8
-411044938 8
-411044860 8
-411044729 8
-411044605 8
-411044530 8
-411044457 8
-411044327 8
-411044200 8
-411044127 8
-411044052 8
-411043921 8
-411043795 8
-411043718 8
-411043643 8
-411043516 8
-411043389 8
-411043318 8
-411043240 8
-411043112 8
-411042984 8
-411042912 8
-411042840 8
-411042580 8
-411042508 8
-411042434 8
-411042302 8
-411042175 8
-411042100 8
-411042026 8
-411041897 8
-411041770 8
-411041688 8
-411041609 8
-411041491 8
-411041364 8
-411041292 8
-411041214 8
-411041086 8
-411040960 8
-411040889 8
-411040817 8
-411040677 8
-411040555 8
-411040484 8
-411040406 8
-411040277 8
-411040148 8
-411040075 8
-411040004 8
-411039870 8
-411039745 8
-411039668 8
-411039586 8
-411039334 8
-411039260 8
-411039186 8
-411039060 8
-411038934 8
-411038862 8
-411038784 8
-411038650 8
-411038530 8
-411038455 8
-411038379 8
-411038250 8
-411038121 8
-411038047 8
-411037972 8
-411037842 8
-411037719 8
-411037650 8
-411037578 8
-411037438 8
-411037314 8
-411037240 8
-411037164 8
-411037035 8
-411036909 8
-411036834 8
-411036762 8
-411036630 8
-411036504 8
-411036427 8
-411036344 8
-411036098 8
-411036024 8
-411035948 8
-411035821 8
-411035694 8
-411035621 8
-411035547 8
-411035415 8
-411035289 8
-411035215 8
-411035140 8
-411035008 8
-411034883 8
-411034810 8
-411034730 8
-411034606 8
-411034478 8
-411034406 8
-411034331 8
-411034200 8
-411034074 8
-411034001 8
-411033928 8
-411033795 8
-411033669 8
-411033593 8
-411033519 8
-411033389 8
-411033263 8
-411033189 8
-411033110 8
-411032859 8
-411032783 8
-411032706 8
-411032580 8
-411032454 8
-411032382 8
-411032307 8
-411032175 8
-411032049 8
-411031975 8
-411031898 8
-411031770 8
-411031644 8
-411031572 8
-411031493 8
-411031365 8
-411031238 8
-411031164 8
-411031090 8
-411030960 8
-411030833 8
-411030761 8
-411030682 8
-411030554 8
-411030429 8
-411030357 8
-411030280 8
-411030149 8
-411030023 8
-411029949 8
-411029870 8
-411029618 8
-411029542 8
-411029465 8
-411029340 8
-411029213 8
-411029139 8
-411029066 8
-411028934 8
-411028808 8
-411028736 8
-411028662 8
-411028528 8
-411028403 8
-411028328 8
-411028253 8
-411028124 8
-411027998 8
-411027923 8
-411027847 8
-411027716 8
-411027593 8
-411027518 8
-411027444 8
-411027314 8
-411027188 8
-411027115 8
-411027039 8
-411026909 8
-411026777 8
-411026701 8
-411026627 8
-411026376 8
-411026302 8
-411026227 8
-411026099 8
-411025972 8
-411025898 8
-411025823 8
-411025691 8
-411025568 8
-411025493 8
-411025421 8
-411025289 8
-411025162 8
-411025089 8
-411025015 8
-411024883 8
-411024758 8
-411024685 8
-411024610 8
-411024479 8
-411024352 8
-411024279 8
-411024204 8
-411024073 8
-411023947 8
-411023874 8
-411023798 8
-411023665 8
-411023542 8
-411023469 8
-411023394 8
-411023135 8
-411023060 8
-411022986 8
-411022859 8
-411022732 8
-411022655 8
-411022582 8
-411022453 8
-411022327 8
-411022254 8
-411022180 8
-411022049 8
-411021922 8
-411021850 8
-411021773 8
-411021640 8
-411021516 8
-411021445 8
-411021373 8
-411021238 8
-411021112 8
-411021044 8
-411020969 8
-411020832 8
-411020706 8
-411020631 8
-411020555 8
-411020428 8
-411020302 8
-411020228 8
-411020149 8
-411019897 8
-411019822 8
-411019748 8
-411019618 8
-411019492 8
-411019417 8
-411019340 8
-411019213 8
-411019086 8
-411019012 8
-411018938 8
-411018805 8
-411018681 8
-411018607 8
-411018531 8
-411018402 8
-411018276 8
-411018202 8
-411018129 8
-411017994 8
-411017871 8
-411017796 8
-411017720 8
-411017593 8
-411017466 8
-411017392 8
-411017320 8
-411017187 8
-411017060 8
-411016987 8
-411016905 8
-411016656 8
-411016582 8
-411016502 8
-411016377 8
-411016251 8
-411016176 8
-411016103 8
-411015972 8
-411015846 8
-411015771 8
-411015701 8
-411015567 8
-411015441 8
-411015366 8
-411015292 8
-411015163 8
-411015036 8
-411014963 8
-411014888 8
-411014758 8
-411014631 8
-411014556 8
-411014484 8
-411014351 8
-411014225 8
-411014152 8
-411014075 8
-411013947 8
-411013820 8
-411013746 8
-411013665 8
-411013416 8
-411013341 8
-411013267 8
-411013137 8
-411013011 8
-411012936 8
-411012860 8
-411012729 8
-411012606 8
-411012530 8
-411012456 8
-411012326 8
-411012200 8
-411012126 8
-411012051 8
-411011922 8
-411011795 8
-411011720 8
-411011645 8
-411011516 8
-411011388 8
-411011315 8
-411011240 8
-411011112 8
-411010985 8
-411010910 8
-411010836 8
-411010704 8
-411010580 8
-411010508 8
-411010427 8
-411010175 8
-411010107 8
-411010032 8
-411009897 8
-411009771 8
-411009693 8
-411009618 8
-411009491 8
-411009364 8
-411009290 8
-411009215 8
-411009087 8
-411008960 8
-411008886 8
-411008810 8
-411008723 8
-411008555 8
-411008481 8
-411008403 8
-411008277 8
-411008147 8
-411008073 8
-411007998 8
-411007871 8
-411007744 8
-411007669 8
-411007592 8
-411007465 8
-411007340 8
-411007266 8
-411007188 8
-411006934 8
-411006862 8
-411006786 8
-411006652 8
-411006466 8
-411006391 8
-411006264 8
-411006118 8
-411006045 8
-411005966 8
-411005861 8
-411005719 8
-411005644 8
-411005569 8
-411005450 8
-411005315 8
-411005242 8
-411005166 8
-411005047 8
-411004909 8
-411004835 8
-411004760 8
-411004644 8
-411004504 8
-411004430 8
-411004358 8
-411004236 8
-411004099 8
-411004025 8
-411003950 8
-411003867 8
-411003830 8
-411003636 8
-411003562 8
-411003425 8
-411003290 8
-411003222 8
-411003148 8
-411003024 8
-411002884 8
-411002810 8
-411002738 8
-411002618 8
-411002478 8
-411002404 8
-411002332 8
-411002210 8
-411002074 8
-411002000 8
-411001926 8
-411001808 8
-411001668 8
-411001600 8
-411001525 8
-411001402 8
-411001263 8
-411001192 8
-411001114 8
-411000995 8
-411000859 8
-411000785 8
-411000707 8
-411000627 8
-411000593 8
-411000395 8
-411000322 8
-411000186 8
-411000049 8
-410999978 8
-410999901 8
-410999782 8
-410999665 8
-410999590 8
-410999515 8
-410999445 8
-410999363 8
-410999238 8
-410999164 8
-410999087 8
-410998959 8
-410998834 8
-410998759 8
-410998683 8
-410998555 8
-410998428 8
-410998354 8
-410998276 8
-410998150 8
-410998023 8
-410997952 8
-410997878 8
-410997745 8
-410997618 8
-410997548 8
-410997472 8
-410997213 8
-410997139 8
-410997065 8
-410996934 8
-410996806 8
-410996732 8
-410996654 8
-410996529 8
-410996403 8
-410996329 8
-410996251 8
-410996127 8
-410995998 8
-410995924 8
-410995849 8
-410995725 8
-410995593 8
-410995518 8
-410995444 8
-410995314 8
-410995188 8
-410995116 8
-410995041 8
-410994909 8
-410994783 8
-410994705 8
-410994629 8
-410994511 8
-410994377 8
-410994302 8
-410994221 8
-410993973 8
-410993900 8
-410993825 8
-410993691 8
-410993562 8
-410993487 8
-410993416 8
-410993289 8
-410993162 8
-410993087 8
-410993016 8
-410992893 8
-410992698 8
-410992623 8
-410992488 8
-410992351 8
-410992277 8
-410992203 8
-410992086 8
-410991947 8
-410991873 8
-410991799 8
-410991680 8
-410991542 8
-410991470 8
-410991393 8
-410991276 8
-410991136 8
-410991062 8
-410990988 8
-410990903 8
-410990873 8
-410990674 8
-410990600 8
-410990467 8
-410990328 8
-410990254 8
-410990180 8
-410990061 8
-410989922 8
-410989848 8
-410989774 8
-410989650 8
-410989517 8
-410989445 8
-410989368 8
-410989251 8
-410989112 8
-410989036 8
-410988964 8
-410988847 8
-410988706 8
-410988631 8
-410988557 8
-410988439 8
-410988302 8
-410988228 8
-410988153 8
-410988037 8
-410987897 8
-410987823 8
-410987749 8
-410987666 8
-410987630 8
-410987435 8
-410987363 8
-410987225 8
-410987086 8
-410987012 8
-410986938 8
-410986820 8
-410986682 8
-410986606 8
-410986533 8
-410986413 8
-410986277 8
-410986204 8
-410986128 8
-410986014 8
-410985939 8
-410985866 8
-410985792 8
-410985712 8
-410985593 8
-410985466 8
-410985392 8
-410985314 8
-410985188 8
-410985061 8
-410984987 8
-410984912 8
-410984782 8
-410984656 8
-410984584 8
-410984505 8
-410984251 8
-410984179 8
-410984100 8
-410983973 8
-410983846 8
-410983772 8
-410983693 8
-410983567 8
-410983441 8
-410983367 8
-410983294 8
-410983162 8
-410983036 8
-410982961 8
-410982887 8
-410982757 8
-410982626 8
-410982551 8
-410982475 8
-410982351 8
-410982226 8
-410982155 8
-410982078 8
-410981947 8
-410981820 8
-410981746 8
-410981664 8
-410981542 8
-410981416 8
-410981340 8
-410981262 8
-410981010 8
-410980935 8
-410980861 8
-410980728 8
-410980605 8
-410980530 8
-410980457 8
-410980327 8
-410980200 8
-410980127 8
-410980049 8
-410979922 8
-410979795 8
-410979720 8
-410979642 8
-410979517 8
-410979389 8
-410979316 8
-410979238 8
-410979127 8
-410978926 8
-410978854 8
-410978733 8
-410978647 8
-410978523 8
-410978450 8
-410978313 8
-410978175 8
-410978101 8
-410978027 8
-410977942 8
-410977912 8
-410977712 8
-410977637 8
-410977503 8
-410977364 8
-410977290 8
-410977217 8
-410977096 8
-410977021 8
-410976903 8
-410976828 8
-410976693 8
-410976555 8
-410976481 8
-410976406 8
-410976288 8
-410976148 8
-410976076 8
-410976008 8
-410975883 8
-410975745 8
-410975667 8
-410975589 8
-410975478 8
-410975340 8
-410975268 8
-410975193 8
-410975073 8
-410974934 8
-410974863 8
-410974786 8
-410974702 8
-410974669 8
-410974467 8
-410974396 8
-410974265 8
-410974123 8
-410974049 8
-410973973 8
-410973855 8
-410973719 8
-410973644 8
-410973561 8
-410973450 8
-410973314 8
-410973238 8
-410973165 8
-410973047 8
-410972910 8
-410972836 8
-410972764 8
-410972643 8
-410972504 8
-410972429 8
-410972350 8
-410972238 8
-410972164 8
-410972087 8
-410972013 8
-410971938 8
-410971821 8
-410971694 8
-410971619 8
-410971541 8
-410971289 8
-410971214 8
-410971136 8
-410971010 8
-410970884 8
-410970807 8
-410970729 8
-410970605 8
-410970479 8
-410970404 8
-410970330 8
-410970200 8
-410970074 8
-410970000 8
-410969928 8
-410969796 8
-410969669 8
-410969596 8
-410969521 8
-410969390 8
-410969264 8
-410969192 8
-410969118 8
-410968985 8
-410968858 8
-410968784 8
-410968704 8
-410968580 8
-410968454 8
-410968380 8
-410968301 8
-410968048 8
-410967933 8
-410967829 8
-410967720 8
-410967618 8
-410967520 8
-410967419 8
-410967320 8
-410967221 8
-410967122 8
-410967018 8
-410966913 8
-410966809 8
-410966699 8
-410966599 8
-410966500 8
-410966394 8
-410966293 8
-410966190 8
-410966084 8
-410965981 8
-410965875 8
-410965777 8
-410965669 8
-410965569 8
-410965463 8
-410965357 8
-410965213 8
-410965112 8
-410965005 8
-410964894 8
-410964694 8
-410964594 8
-410964485 8
-410964385 8
-410964278 8
-410964174 8
-410964074 8
-410963973 8
-410963871 8
-410963765 8
-410963660 8
-410963557 8
-410963453 8
-410963351 8
-410963246 8
-410963145 8
-410963046 8
-410962947 8
-410962846 8
-410962743 8
-410962638 8
-410962534 8
-410962433 8
-410962325 8
-410962222 8
-410962121 8
-410962020 8
-410961912 8
-410961808 8
-410961705 8
-410961601 8
-410961402 8
-410961304 8
-410961205 8
-410961106 8
-410961006 8
-410960909 8
-410960811 8
-410960702 8
-410960601 8
-410960498 8
-410960395 8
-410960297 8
-410960199 8
-410960091 8
-410959981 8
-410959881 8
-410959774 8
-410959670 8
-410959570 8
-410959469 8
-410959365 8
-410959267 8
-410959171 8
-410959070 8
-410958970 8
-410958871 8
-410958770 8
-410958666 8
-410958566 8
-410958465 8
-410958356 8
-410958165 8
-410958064 8
-410957962 8
-410957861 8
-410957761 8
-410957655 8
-410957554 8
-410957454 8
-410957356 8
-410957256 8
-410957150 8
-410957049 8
-410956948 8
-410956845 8
-410956745 8
-410956645 8
-410956543 8
-410956435 8
-410956334 8
-410956230 8
-410956124 8
-410956020 8
-410955921 8
-410955822 8
-410955718 8
-410955611 8
-410955512 8
-410955408 8
-410955304 8
-410955204 8
-410955097 8
-410954894 8
-410954794 8
-410954688 8
-410954582 8
-410954479 8
-410954376 8
-410954277 8
-410954175 8
-410954075 8
-410953968 8
-410953866 8
-410953759 8
-410953656 8
-410953550 8
-410953447 8
-410953342 8
-410953239 8
-410953130 8
-410953022 8
-410952916 8
-410952810 8
-410952708 8
-410952605 8
-410952501 8
-410952398 8
-410952296 8
-410952183 8
-410952081 8
-410951979 8
-410951876 8
-410951771 8
-410951567 8
-410951466 8
-410951365 8
-410951257 8
-410951157 8
-410951050 8
-410950949 8
-410950845 8
-410950747 8
-410950642 8
-410950536 8
-410950430 8
-410950330 8
-410950224 8
-410950125 8
-410950023 8
-410949922 8
-410949824 8
-410949719 8
-410949618 8
-410949517 8
-410949418 8
-410949311 8
-410949210 8
-410949102 8
-410948998 8
-410948897 8
-410948799 8
-410948695 8
-410948596 8
-410948488 8
-410948295 8
-410948193 8
-410948091 8
-410947993 8
-410947893 8
-410947795 8
-410947687 8
-410947584 8
-410947476 8
-410947372 8
-410947265 8
-410947167 8
-410947061 8
-410946956 8
-410946852 8
-410946753 8
-410946650 8
-410946549 8
-410946450 8
-410946349 8
-410946246 8
-410946147 8
-410946048 8
-410945948 8
-410945841 8
-410945741 8
-410945634 8
-410945532 8
-410945432 8
-410945333 8
-410945228 8
-410945032 8
-410944926 8
-410944821 8
-410944719 8
-410944620 8
-410944513 8
-410944408 8
-410944305 8
-410944204 8
-410944105 8
-410943999 8
-410943896 8
-410943793 8
-410943693 8
-410943588 8
-410943481 8
-410943377 8
-410943275 8
-410943174 8
-410943073 8
-410942973 8
-410942867 8
-410942765 8
-410942664 8
-410942564 8
-410942464 8
-410942365 8
-410942259 8
-410942158 8
-410942051 8
-410941947 8
-410941752 8
-410941648 8
-410941545 8
-410941445 8
-410941338 8
-410941239 8
-410941132 8
-410941027 8
-410940925 8
-410940823 8
-410940723 8
-410940624 8
-410940520 8
-410940419 8
-410940318 8
-410940220 8
-410940119 8
-410940019 8
-410939915 8
-410939814 8
-410939712 8
-410939605 8
-410939500 8
-410939394 8
-410939288 8
-410939186 8
-410939082 8
-410938983 8
-410938882 8
-410938782 8
-410938675 8
-410938482 8
-410938384 8
-410938282 8
-410938176 8
-410938076 8
-410937974 8
-410937872 8
-410937774 8
-410937662 8
-410937561 8
-410937462 8
-410937360 8
-410937260 8
-410937160 8
-410937062 8
-410936960 8
-410936856 8
-410936754 8
-410936651 8
-410936551 8
-410936446 8
-410936345 8
-410936243 8
-410936141 8
-410936034 8
-410935931 8
-410935826 8
-410935725 8
-410935627 8
-410935519 8
-410935413 8
-410935220 8
-410935118 8
-410935017 8
-410934917 8
-410934817 8
-410934716 8
-410934616 8
-410934512 8
-410934413 8
-410934315 8
-410934215 8
-410934115 8
-410934016 8
-410933909 8
-410933810 8
-410933706 8
-410933600 8
-410933495 8
-410933389 8
-410933289 8
-410933189 8
-410933089 8
-410932991 8
-410932887 8
-410932786 8
-410932683 8
-410932574 8
-410932475 8
-410932371 8
-410932268 8
-410932167 8
-410931975 8
-410931877 8
-410931771 8
-410931666 8
-410931566 8
-410931463 8
-410931366 8
-410931259 8
-410931154 8
-410931055 8
-410930955 8
-410930848 8
-410930744 8
-410930639 8
-410930541 8
-410930436 8
-410930329 8
-410930230 8
-410930128 8
-410930025 8
-410929919 8
-410929821 8
-410929719 8
-410929622 8
-410929520 8
-410929422 8
-410929315 8
-410929217 8
-410929118 8
-410929012 8
-410928907 8
-410928703 8
-410928599 8
-410928495 8
-410928392 8
-410928283 8
-410928177 8
-410928076 8
-410927979 8
-410927879 8
-410927781 8
-410927678 8
-410927573 8
-410927466 8
-410927363 8
-410927265 8
-410927164 8
-410927059 8
-410926961 8
-410926862 8
-410926762 8
-410926657 8
-410926551 8
-410926452 8
-410926353 8
-410926254 8
-410926154 8
-410926052 8
-410925951 8
-410925844 8
-410925743 8
-410925633 8
-410925438 8
-410925336 8
-410925231 8
-410925125 8
-410925020 8
-410924916 8
-410924808 8
-410924704 8
-410924603 8
-410924498 8
-410924397 8
-410924297 8
-410924191 8
-410924087 8
-410923988 8
-410923881 8
-410923783 8
-410923678 8
-410923571 8
-410923467 8
-410923368 8
-410923268 8
-410923166 8
-410923066 8
-410922961 8
-410922856 8
-410922759 8
-410922656 8
-410922551 8
-410922450 8
-410922343 8
-410922151 8
-410922052 8
-410921945 8
-410921846 8
-410921746 8
-410921642 8
-410921535 8
-410921434 8
-410921329 8
-410921231 8
-410921133 8
-410921026 8
-410920926 8
-410920826 8
-410920721 8
-410920616 8
-410920517 8
-410920413 8
-410920311 8
-410920214 8
-410920110 8
-410920004 8
-410919907 8
-410919806 8
-410919695 8
-410919594 8
-410919495 8
-410919388 8
-410919283 8
-410919186 8
-410919082 8
-410918886 8
-410918779 8
-410918669 8
-410918570 8
-410918471 8
-410918371 8
-410918271 8
-410918170 8
-410918064 8
-410917965 8
-410917864 8
-410917761 8
-410917651 8
-410917549 8
-410917445 8
-410917342 8
-410917238 8
-410917129 8
-410917025 8
-410916926 8
-410916828 8
-410916726 8
-410916624 8
-410916518 8
-410916413 8
-410916307 8
-410916207 8
-410916107 8
-410916008 8
-410915904 8
-410915798 8
-410915602 8
-410915501 8
-410915402 8
-410915302 8
-410915202 8
-410915100 8
-410914997 8
-410914896 8
-410914796 8
-410914692 8
-410914593 8
-410914493 8
-410914388 8
-410914290 8
-410914192 8
-410914090 8
-410913986 8
-410913888 8
-410913780 8
-410913676 8
-410913570 8
-410913469 8
-410913368 8
-410913270 8
-410913170 8
-410913067 8
-410912960 8
-410912858 8
-410912758 8
-410912647 8
-410912540 8
-410912345 8
-410912241 8
-410912135 8
-410912037 8
-410911939 8
-410911840 8
-410911742 8
-410911637 8
-410911533 8
-410911425 8
-410911321 8
-410911213 8
-410911110 8
-410911008 8
-410910908 8
-410910810 8
-410910709 8
-410910611 8
-410910510 8
-410910411 8
-410910313 8
-410910214 8
-410910114 8
-410910010 8
-410909910 8
-410909812 8
-410909708 8
-410909609 8
-410909509 8
-410909404 8
-410909301 8
-410909102 8
-410909003 8
-410908907 8
-410908807 8
-410908702 8
-410908601 8
-410908501 8
-410908394 8
-410908287 8
-410908187 8
-410908088 8
-410907984 8
-410907888 8
-410907790 8
-410907680 8
-410907578 8
-410907469 8
-410907364 8
-410907264 8
-410907165 8
-410907063 8
-410906966 8
-410906866 8
-410906769 8
-410906664 8
-410906558 8
-410906457 8
-410906357 8
-410906258 8
-410906152 8
-410906047 8
-410905845 8
-410905744 8
-410905643 8
-410905542 8
-410905442 8
-410905338 8
-410905237 8
-410905133 8
-410905031 8
-410904925 8
-410904818 8
-410904715 8
-410904613 8
-410904507 8
-410904403 8
-410904303 8
-410904200 8
-410904094 8
-410903990 8
-410903884 8
-410903783 8
-410903677 8
-410903564 8
-410903458 8
-410903351 8
-410903245 8
-410903146 8
-410903041 8
-410902935 8
-410902829 8
-410902721 8
-410902522 8
-410902421 8
-410902318 8
-410902220 8
-410902121 8
-410902016 8
-410901908 8
-410901808 8
-410901703 8
-410901603 8
-410901501 8
-410901403 8
-410901307 8
-410901207 8
-410901107 8
-410901002 8
-410900901 8
-410900796 8
-410900693 8
-410900595 8
-410900493 8
-410900391 8
-410900288 8
-410900187 8
-410900087 8
-410899988 8
-410899886 8
-410899786 8
-410899684 8
-410899577 8
-410899471 8
-410899277 8
-410899171 8
-410899065 8
-410898964 8
-410898865 8
-410898759 8
-410898647 8
-410898542 8
-410898442 8
-410898342 8
-410898242 8
-410898145 8
-410898046 8
-410897946 8
-410897847 8
-410897743 8
-410897637 8
-410897528 8
-410897420 8
-410897316 8
-410897216 8
-410897117 8
-410897011 8
-410896910 8
-410896810 8
-410896707 8
-410896602 8
-410896496 8
-410896393 8
-410896292 8
-410896186 8
-410895993 8
-410895892 8
-410895793 8
-410895687 8
-410895588 8
-410895484 8
-410895384 8
-410895278 8
-410895174 8
-410895072 8
-410894967 8
-410894868 8
-410894761 8
-410894650 8
-410894546 8
-410894443 8
-410894341 8
-410894240 8
-410894140 8
-410894031 8
-410893926 8
-410893826 8
-410893721 8
-410893613 8
-410893510 8
-410893409 8
-410893311 8
-410893204 8
-410893099 8
-410892996 8
-410892889 8
-410892676 8
-410892574 8
-410892467 8
-410892361 8
-410892261 8
-410892160 8
-410892055 8
-410891957 8
-410891857 8
-410891758 8
-410891654 8
-410891554 8
-410891450 8
-410891345 8
-410891246 8
-410891147 8
-410891046 8
-410890941 8
-410890834 8
-410890727 8
-410890627 8
-410890527 8
-410890420 8
-410890316 8
-410890219 8
-410890119 8
-410890021 8
-410889922 8
-410889824 8
-410889720 8
-410889613 8
-410889406 8
-410889297 8
-410889191 8
-410889089 8
-410888988 8
-410888880 8
-410888777 8
-410888674 8
-410888570 8
-410888469 8
-410888369 8
-410888268 8
-410888163 8
-410888057 8
-410887959 8
-410887859 8
-410887752 8
-410887639 8
-410887538 8
-410887431 8
-410887329 8
-410887227 8
-410887124 8
-410887014 8
-410886915 8
-410886815 8
-410886705 8
-410886603 8
-410886496 8
-410886397 8
-410886293 8
-410886102 8
-410886002 8
-410885898 8
-410885800 8
-410885694 8
-410885597 8
-410885495 8
-410885394 8
-410885294 8
-410885188 8
-410885088 8
-410884989 8
-410884889 8
-410884789 8
-410884682 8
-410884577 8
-410884474 8
-410884375 8
-410884269 8
-410884171 8
-410884068 8
-410883964 8
-410883859 8
-410883760 8
-410883649 8
-410883548 8
-410883446 8
-410883345 8
-410883244 8
-410883144 8
-410883036 8
-410882833 8
-410882732 8
-410882631 8
-410882523 8
-410882418 8
-410882317 8
-410882218 8
-410882111 8
-410882011 8
-410881911 8
-410881807 8
-410881699 8
-410881602 8
-410881499 8
-410881398 8
-410881297 8
-410881193 8
-410881089 8
-410880988 8
-410880884 8
-410880776 8
-410880673 8
-410880567 8
-410880463 8
-410880354 8
-410880255 8
-410880154 8
-410880049 8
-410879948 8
-410879849 8
-410879745 8
-410879542 8
-410879442 8
-410879341 8
-410879242 8
-410879144 8
-410879041 8
-410878941 8
-410878831 8
-410878729 8
-410878631 8
-410878530 8
-410878426 8
-410878323 8
-410878224 8
-410878126 8
-410878020 8
-410877923 8
-410877819 8
-410877716 8
-410877614 8
-410877514 8
-410877409 8
-410877309 8
-410877213 8
-410877112 8
-410877005 8
-410876902 8
-410876800 8
-410876695 8
-410876593 8
-410876480 8
-410876287 8
-410876186 8
-410876085 8
-410875977 8
-410875873 8
-410875767 8
-410875664 8
-410875558 8
-410875453 8
-410875353 8
-410875250 8
-410875152 8
-410875054 8
-410874953 8
-410874853 8
-410874753 8
-410874646 8
-410874548 8
-410874449 8
-410874350 8
-410874248 8
-410874151 8
-410874050 8
-410873949 8
-410873848 8
-410873747 8
-410873645 8
-410873545 8
-410873440 8
-410873339 8
-410873229 8
-410873030 8
-410872933 8
-410872835 8
-410872725 8
-410872618 8
-410872512 8
-410872411 8
-410872314 8
-410872214 8
-410872117 8
-410872016 8
-410871917 8
-410871815 8
-410871707 8
-410871602 8
-410871501 8
-410871399 8
-410871295 8
-410871193 8
-410871092 8
-410870988 8
-410870889 8
-410870789 8
-410870687 8
-410870588 8
-410870487 8
-410870380 8
-410870274 8
-410870172 8
-410870071 8
-410869966 8
-410869761 8
-410869652 8
-410869547 8
-410869438 8
-410869337 8
-410869236 8
-410869131 8
-410869025 8
-410868920 8
-410868819 8
-410868713 8
-410868612 8
-410868510 8
-410868405 8
-410868297 8
-410868200 8
-410868093 8
-410867991 8
-410867893 8
-410867817 8
-410867745 8
-410867666 8
-410867595 8
-410867515 8
-410867440 8
-410867366 8
-410867288 8
-410867216 8
-410867140 8
-410867063 8
-410866972 8
-410866969 8
-410866825 8
-410866750 8
-410866671 8
-410866594 8
-410866517 8
-410866445 8
-410866366 8
-410866291 8
-410866216 8
-410866142 8
-410866064 8
-410865992 8
-410865913 8
-410865837 8
-410865765 8
-410865681 8
-410865610 8
-410865534 8
-410865459 8
-410865382 8
-410865304 8
-410865227 8
-410865149 8
-410865074 8
-410864999 8
-410864921 8
-410864849 8
-410864758 8
-410864680 8
-410864604 8
-410864518 8
-410864493 8
-410864294 8
-410864220 8
-410864086 8
-410863948 8
-410863874 8
-410863799 8
-410863721 8
-410863644 8
-410863567 8
-410863471 8
-410863396 8
-410863320 8
-410863243 8
-410863210 8
-410863198 8
-410863182 8
-410863167 8
-410863145 8
-410863132 8
-410863054 8
-410862969 8
-410862899 8
-410862887 8
-410862871 8
-410862857 8
-410862842 8
-410862829 8
-410862812 8
-410862803 8
-410862791 8
-410862768 8
-410862745 8
-410862663 8
-410862588 8
-410862531 8
-410862515 8
-410862496 8
-410862476 8
-410862460 8
-410862446 8
-410862430 8
-410862411 8
-410862399 8
-410862386 8
-410862363 8
-410862338 8
-410862245 8
-410862170 8
-410862098 8
-410862086 8
-410862063 8
-410862048 8
-410862031 8
-410862012 8
-410861993 8
-410861979 8
-410861957 8
-410861839 8
-410861763 8
-410861685 8
-410861606 8
-410861532 8
-410861438 8
-410861362 8
-410861357 8
-410861251 8
-410861236 8
-410861221 8
-410861206 8
-410861194 8
-410861184 8
-410861170 8
-410861147 8
-410861115 8
-410860859 8
-410860779 8
-410860655 8
-410860582 8
-410860453 8
-410860377 8
-410860250 8
-410860177 8
-410860049 8
-410859969 8
-410859844 8
-410859769 8
-410859644 8
-410859564 8
-410859439 8
-410859364 8
-410859239 8
-410859160 8
-410859035 8
-410858960 8
-410858833 8
-410858754 8
-410858630 8
-410858554 8
-410858428 8
-410858352 8
-410858224 8
-410858150 8
-410858069 8
-410858024 8
-410857820 8
-410857748 8
-410857619 8
-410857539 8
-410857415 8
-410857340 8
-410857214 8
-410857134 8
-410857009 8
-410856938 8
-410856808 8
-410856725 8
-410856604 8
-410856531 8
-410856403 8
-410856323 8
-410856199 8
-410856129 8
-410855998 8
-410855918 8
-410855795 8
-410855721 8
-410855593 8
-410855514 8
-410855387 8
-410855312 8
-410855187 8
-410855113 8
-410854984 8
-410854910 8
-410854830 8
-410854784 8
-410854579 8
-410854503 8
-410854378 8
-410854298 8
-410854174 8
-410854099 8
-410853974 8
-410853893 8
-410853768 8
-410853690 8
-410853567 8
-410853488 8
-410853362 8
-410853287 8
-410853162 8
-410853082 8
-410852957 8
-410852882 8
-410852758 8
-410852678 8
-410852554 8
-410852483 8
-410852352 8
-410852278 8
-410852143 8
-410852069 8
-410851947 8
-410851868 8
-410851744 8
-410851670 8
-410851587 8
-410851542 8
-410851336 8
-410851261 8
-410851136 8
-410851057 8
-410850932 8
-410850857 8
-410850720 8
-410850582 8
-410850506 8
-410850434 8
-410850311 8
-410850183 8
-410850112 8
-410850039 8
-410849921 8
-410849847 8
-410849717 8
-410849642 8
-410849517 8
-410849434 8
-410849311 8
-410849236 8
-410849113 8
-410849033 8
-410848907 8
-410848833 8
-410848697 8
-410848563 8
-410848488 8
-410848414 8
-410848332 8
-410848302 8
-410848096 8
-410848021 8
-410847897 8
-410847818 8
-410847692 8
-410847617 8
-410847490 8
-410847411 8
-410847288 8
-410847218 8
-410847086 8
-410847012 8
-410846882 8
-410846807 8
-410846669 8
-410846537 8
-410846461 8
-410846386 8
-410846276 8
-410846197 8
-410846068 8
-410845993 8
-410845872 8
-410845789 8
-410845666 8
-410845595 8
-410845467 8
-410845387 8
-410845262 8
-410845189 8
-410845113 8
-410845061 8
-410844857 8
-410844787 8
-410844657 8
-410844575 8
-410844450 8
-410844375 8
-410844251 8
-410844176 8
-410844047 8
-410843976 8
-410843847 8
-410843767 8
-410843643 8
-410843570 8
-410843441 8
-410843360 8
-410843237 8
-410843169 8
-410843036 8
-410842959 8
-410842832 8
-410842757 8
-410842631 8
-410842552 8
-410842427 8
-410842356 8
-410842226 8
-410842151 8
-410842023 8
-410841948 8
-410841871 8
-410841821 8
-410841617 8
-410841542 8
-410841415 8
-410841336 8
-410841212 8
-410841138 8
-410841010 8
-410840937 8
-410840806 8
-410840729 8
-410840605 8
-410840531 8
-410840400 8
-410840325 8
-410840201 8
-410840121 8
-410839997 8
-410839921 8
-410839796 8
-410839716 8
-410839592 8
-410839517 8
-410839389 8
-410839310 8
-410839187 8
-410839112 8
-410838985 8
-410838910 8
-410838780 8
-410838705 8
-410838628 8
-410838580 8
-410838374 8
-410838299 8
-410838176 8
-410838093 8
-410837971 8
-410837898 8
-410837769 8
-410837627 8
-410837553 8
-410837478 8
-410837364 8
-410837288 8
-410837161 8
-410837089 8
-410836959 8
-410836880 8
-410836756 8
-410836679 8
-410836556 8
-410836475 8
-410836350 8
-410836274 8
-410836150 8
-410836071 8
-410835945 8
-410835870 8
-410835746 8
-410835663 8
-410835542 8
-410835466 8
-410835388 8
-410835341 8
-410835134 8
-410835067 8
-410834934 8
-410834859 8
-410834730 8
-410834655 8
-410834530 8
-410834451 8
-410834324 8
-410834253 8
-410834124 8
-410834047 8
-410833920 8
-410833845 8
-410833709 8
-410833575 8
-410833500 8
-410833427 8
-410833315 8
-410833235 8
-410833109 8
-410833035 8
-410832909 8
-410832834 8
-410832705 8
-410832637 8
-410832503 8
-410832424 8
-410832298 8
-410832225 8
-410832143 8
-410832099 8
-410831896 8
-410831826 8
-410831682 8
-410831550 8
-410831479 8
-410831407 8
-410831289 8
-410831210 8
-410831083 8
-410831008 8
-410830885 8
-410830805 8
-410830680 8
-410830606 8
-410830479 8
-410830397 8
-410830275 8
-410830206 8
-410830075 8
-410829995 8
-410829869 8
-410829801 8
-410829664 8
-410829591 8
-410829464 8
-410829388 8
-410829263 8
-410829184 8
-410829058 8
-410828985 8
-410828898 8
-410828859 8
-410828655 8
-410828579 8
-410828454 8
-410828371 8
-410828250 8
-410828179 8
-410828050 8
-410827970 8
-410827845 8
-410827770 8
-410827644 8
-410827564 8
-410827440 8
-410827367 8
-410827239 8
-410827155 8
-410827034 8
-410826960 8
-410826833 8
-410826757 8
-410826629 8
-410826559 8
-410826428 8
-410826349 8
-410826223 8
-410826149 8
-410826024 8
-410825941 8
-410825820 8
-410825748 8
-410825664 8
-410825619 8
-410825414 8
-410825340 8
-410825213 8
-410825134 8
-410825008 8
-410824933 8
-410824809 8
-410824729 8
-410824605 8
-410824529 8
-410824404 8
-410824324 8
-410824199 8
-410824125 8
-410823999 8
-410823921 8
-410823794 8
-410823716 8
-410823593 8
-410823509 8
-410823388 8
-410823313 8
-410823189 8
-410823109 8
-410822984 8
-410822916 8
-410822784 8
-410822704 8
-410822580 8
-410822504 8
-410822421 8
-410822378 8
-410822174 8
-410822107 8
-410821973 8
-410821893 8
-410821769 8
-410821695 8
-410821566 8
-410821424 8
-410821349 8
-410821274 8
-410821162 8
-410821087 8
-410820959 8
-410820884 8
-410820757 8
-410820680 8
-410820554 8
-410820479 8
-410820352 8
-410820276 8
-410820147 8
-410820080 8
-410819947 8
-410819867 8
-410819744 8
-410819671 8
-410819541 8
-410819466 8
-410819334 8
-410819262 8
-410819185 8
-410819137 8
-410818933 8
-410818858 8
-410818722 8
-410818588 8
-410818513 8
-410818443 8
-410818328 8
-410818247 8
-410818121 8
-410818050 8
-410817923 8
-410817843 8
-410817714 8
-410817646 8
-410817517 8
-410817437 8
-410817312 8
-410817237 8
-410817111 8
-410817036 8
-410816909 8
-410816834 8
-410816692 8
-410816563 8
-410816487 8
-410816412 8
-410816301 8
-410816224 8
-410816096 8
-410816022 8
-410815943 8
-410815897 8
-410815693 8
-410815621 8
-410815491 8
-410815412 8
-410815287 8
-410815213 8
-410815087 8
-410815008 8
-410814882 8
-410814808 8
-410814669 8
-410814537 8
-410814462 8
-410814385 8
-410814276 8
-410814200 8
-410814071 8
-410814004 8
-410813871 8
-410813795 8
-410813665 8
-410813596 8
-410813466 8
-410813386 8
-410813262 8
-410813189 8
-410813061 8
-410812985 8
-410812857 8
-410812784 8
-410812703 8
-410812656 8
-410812450 8
-410812374 8
-410812250 8
-410812174 8
-410812046 8
-410811974 8
-410811847 8
-410811767 8
-410811643 8
-410811567 8
-410811440 8
-410811363 8
-410811235 8
-410811164 8
-410811036 8
-410810960 8
-410810831 8
-410810756 8
-410810631 8
-410810549 8
-410810426 8
-410810351 8
-410810225 8
-410810146 8
-410810023 8
-410809947 8
-410809821 8
-410809745 8
-410809616 8
-410809545 8
-410809460 8
-410809416 8
-410809212 8
-410809140 8
-410809011 8
-410808931 8
-410808806 8
-410808732 8
-410808605 8
-410808527 8
-410808400 8
-410808330 8
-410808201 8
-410808121 8
-410807996 8
-410807922 8
-410807795 8
-410807651 8
-410807583 8
-410807509 8
-410807391 8
-410807311 8
-410807187 8
-410807114 8
-410806984 8
-410806905 8
-410806780 8
-410806706 8
-410806581 8
-410806501 8
-410806375 8
-410806300 8
-410806218 8
-410806176 8
-410805971 8
-410805896 8
-410805770 8
-410805626 8
-410805550 8
-410805474 8
-410805365 8
-410805287 8
-410805157 8
-410805084 8
-410804960 8
-410804880 8
-410804756 8
-410804681 8
-410804554 8
-410804479 8
-410804350 8
-410804278 8
-410804150 8
-410804070 8
-410803945 8
-410803872 8
-410803746 8
-410803665 8
-410803536 8
-410803462 8
-410803339 8
-410803262 8
-410803134 8
-410803058 8
-410802980 8
-410802935 8
-410802730 8
-410802662 8
-410802527 8
-410802452 8
-410802323 8
-410802253 8
-410802126 8
-410802046 8
-410801916 8
-410801841 8
-410801705 8
-410801576 8
-410801499 8
-410801425 8
-410801315 8
-410801235 8
-410801108 8
-410801036 8
-410800909 8
-410800829 8
-410800705 8
-410800632 8
-410800505 8
-410800425 8
-410800296 8
-410800222 8
-410800098 8
-410800020 8
-410799893 8
-410799821 8
-410799740 8
-410799723 8
-410799485 8
-410799411 8
-410799288 8
-410799209 8
-410799083 8
-410799012 8
-410798884 8
-410798809 8
-410798676 8
-410798609 8
-410798477 8
-410798399 8
-410798275 8
-410798200 8
-410798126 8
-410797992 8
-410797866 8
-410797792 8
-410797665 8
-410797586 8
-410797463 8
-410797389 8
-410797264 8
-410797185 8
-410797058 8
-410796985 8
-410796858 8
-410796779 8
-410796654 8
-410796583 8
-410796500 8
-410796454 8
-410796247 8
-410796179 8
-410796048 8
-410795969 8
-410795843 8
-410795769 8
-410795644 8
-410795570 8
-410795441 8
-410795370 8
-410795236 8
-410795156 8
-410795034 8
-410794961 8
-410794834 8
-410794751 8
-410794630 8
-410794558 8
-410794429 8
-410794349 8
-410794225 8
-410794150 8
-410794023 8
-410793949 8
-410793820 8
-410793744 8
-410793618 8
-410793539 8
-410793413 8
-410793341 8
-410793259 8
-410793214 8
-410793008 8
-410792935 8
-410792808 8
-410792726 8
-410792603 8
-410792526 8
-410792402 8
-410792258 8
-410792183 8
-410792106 8
-410791999 8
-410791919 8
-410791794 8
-410791721 8
-410791593 8
-410791513 8
-410791387 8
-410791316 8
-410791188 8
-410791110 8
-410790983 8
-410790912 8
-410790783 8
-410790708 8
-410790578 8
-410790502 8
-410790378 8
-410790298 8
-410790173 8
-410790101 8
-410790018 8
-410789974 8
-410789769 8
-410789695 8
-410789567 8
-410789491 8
-410789362 8
-410789288 8
-410789164 8
-410789086 8
-410788958 8
-410788887 8
-410788758 8
-410788679 8
-410788554 8
-410788479 8
-410788352 8
-410788276 8
-410788146 8
-410788073 8
-410787947 8
-410787871 8
-410787743 8
-410787672 8
-410787541 8
-410787467 8
-410787337 8
-410787265 8
-410787138 8
-410787060 8
-410786933 8
-410786862 8
-410786779 8
-410786721 8
-410786526 8
-410786454 8
-410786312 8
-410786182 8
-410786109 8
-410786039 8
-410785918 8
-410785843 8
-410785717 8
-410785642 8
-410785516 8
-410785371 8
-410785297 8
-410785219 8
-410785113 8
-410785033 8
-410784908 8
-410784835 8
-410784693 8
-410784556 8
-410784478 8
-410784403 8
-410784301 8
-410784222 8
-410784097 8
-410784021 8
-410783896 8
-410783821 8
-410783693 8
-410783618 8
-410783534 8
-410783491 8
-410783287 8
-410783217 8
-410783086 8
-410783010 8
-410782883 8
-410782812 8
-410782669 8
-410782538 8
-410782461 8
-410782385 8
-410782276 8
-410782131 8
-410782056 8
-410781985 8
-410781871 8
-410781791 8
-410781667 8
-410781593 8
-410781465 8
-410781388 8
-410781262 8
-410781193 8
-410781061 8
-410780984 8
-410780858 8
-410780791 8
-410780656 8
-410780580 8
-410780451 8
-410780376 8
-410780296 8
-410780251 8
-410780047 8
-410779976 8
-410779846 8
-410779767 8
-410779641 8
-410779569 8
-410779441 8
-410779362 8
-410779237 8
-410779164 8
-410779037 8
-410778957 8
-410778832 8
-410778756 8
-410778632 8
-410778548 8
-410778427 8
-410778355 8
-410778225 8
-410778151 8
-410778021 8
-410777949 8
-410777821 8
-410777744 8
-410777617 8
-410777546 8
-410777416 8
-410777336 8
-410777212 8
-410777141 8
-410777059 8
-410777010 8
-410776807 8
-410776729 8
-410776606 8
-410776526 8
-410776401 8
-410776328 8
-410776200 8
-410776114 8
-410775996 8
-410775922 8
-410775796 8
-410775717 8
-410775592 8
-410775524 8
-410775389 8
-410775310 8
-410775186 8
-410775115 8
-410774985 8
-410774911 8
-410774781 8
-410774704 8
-410774580 8
-410774499 8
-410774375 8
-410774301 8
-410774176 8
-410774096 8
-410773972 8
-410773898 8
-410773816 8
-410773770 8
-410773562 8
-410773486 8
-410773366 8
-410773286 8
-410773161 8
-410773090 8
-410772960 8
-410772880 8
-410772756 8
-410772680 8
-410772556 8
-410772476 8
-410772351 8
-410772280 8
-410772150 8
-410772074 8
-410771945 8
-410771872 8
-410771746 8
-410771665 8
-410771541 8
-410771469 8
-410771339 8
-410771255 8
-410771132 8
-410771064 8
-410770934 8
-410770855 8
-410770731 8
-410770660 8
-410770584 8
-410770529 8
-410770324 8
-410770254 8
-410770125 8
-410770046 8
-410769920 8
-410769848 8
-410769705 8
-410769633 8
-410769515 8
-410769443 8
-410769314 8
-410769236 8
-410769109 8
-410769038 8
-410768909 8
-410768835 8
-410768705 8
-410768631 8
-410768504 8
-410768425 8
-410768299 8
-410768224 8
-410768099 8
-410768019 8
-410767896 8
-410767784 8
-410767669 8
-410767550 8
-410767452 8
-410767356 8
-410767241 8
-410767050 8
-410766949 8
-410766849 8
-410766740 8
-410766637 8
-410766532 8
-410766430 8
-410766332 8
-410766234 8
-410766134 8
-410766030 8
-410765930 8
-410765832 8
-410765731 8
-410765627 8
-410765524 8
-410765426 8
-410765324 8
-410765221 8
-410765120 8
-410765022 8
-410764922 8
-410764815 8
-410764707 8
-410764609 8
-410764508 8
-410764403 8
-410764301 8
-410764199 8
-410764102 8
-410763987 8
-410763793 8
-410763692 8
-410763592 8
-410763484 8
-410763380 8
-410763280 8
-410763181 8
-410763079 8
-410762977 8
-410762876 8
-410762777 8
-410762673 8
-410762573 8
-410762476 8
-410762369 8
-410762266 8
-410762167 8
-410762067 8
-410761965 8
-410761864 8
-410761758 8
-410761654 8
-410761554 8
-410761455 8
-410761349 8
-410761248 8
-410761144 8
-410761043 8
-410760937 8
-410760837 8
-410760730 8
-410760526 8
-410760427 8
-410760320 8
-410760218 8
-410760117 8
-410760017 8
-410759919 8
-410759816 8
-410759711 8
-410759602 8
-410759500 8
-410759402 8
-410759303 8
-410759196 8
-410759095 8
-410758995 8
-410758895 8
-410758793 8
-410758692 8
-410758593 8
-410758494 8
-410758396 8
-410758295 8
-410758196 8
-410758091 8
-410757991 8
-410757886 8
-410757781 8
-410757668 8
-410757569 8
-410757461 8
-410757267 8
-410757172 8
-410757071 8
-410756972 8
-410756872 8
-410756775 8
-410756671 8
-410756572 8
-410756464 8
-410756365 8
-410756265 8
-410756167 8
-410756066 8
-410755968 8
-410755869 8
-410755769 8
-410755660 8
-410755558 8
-410755452 8
-410755346 8
-410755245 8
-410755143 8
-410755041 8
-410754937 8
-410754838 8
-410754730 8
-410754626 8
-410754520 8
-410754411 8
-410754308 8
-410754199 8
-410753998 8
-410753890 8
-410753783 8
-410753676 8
-410753576 8
-410753476 8
-410753377 8
-410753270 8
-410753169 8
-410753062 8
-410752958 8
-410752858 8
-410752761 8
-410752651 8
-410752548 8
-410752448 8
-410752349 8
-410752246 8
-410752141 8
-410752035 8
-410751933 8
-410751832 8
-410751729 8
-410751626 8
-410751524 8
-410751425 8
-410751326 8
-410751220 8
-410751115 8
-410751013 8
-410750908 8
-410750711 8
-410750612 8
-410750506 8
-410750401 8
-410750296 8
-410750197 8
-410750098 8
-410749998 8
-410749897 8
-410749797 8
-410749688 8
-410749588 8
-410749489 8
-410749390 8
-410749291 8
-410749184 8
-410749085 8
-410748983 8
-410748879 8
-410748777 8
-410748666 8
-410748564 8
-410748462 8
-410748353 8
-410748254 8
-410748144 8
-410748036 8
-410747937 8
-410747835 8
-410747729 8
-410747625 8
-410747422 8
-410747320 8
-410747219 8
-410747119 8
-410747014 8
-410746912 8
-410746815 8
-410746703 8
-410746604 8
-410746501 8
-410746402 8
-410746299 8
-410746194 8
-410746095 8
-410745994 8
-410745895 8
-410745790 8
-410745686 8
-410745578 8
-410745471 8
-410745367 8
-410745267 8
-410745166 8
-410745067 8
-410744968 8
-410744858 8
-410744757 8
-410744655 8
-410744554 8
-410744455 8
-410744352 8
-410744147 8
-410744046 8
-410743947 8
-410743844 8
-410743737 8
-410743631 8
-410743531 8
-410743432 8
-410743326 8
-410743222 8
-410743120 8
-410743015 8
-410742912 8
-410742811 8
-410742710 8
-410742608 8
-410742500 8
-410742394 8
-410742285 8
-410742184 8
-410742084 8
-410741981 8
-410741882 8
-410741786 8
-410741681 8
-410741581 8
-410741473 8
-410741372 8
-410741269 8
-410741159 8
-410741059 8
-410740861 8
-410740755 8
-410740645 8
-410740544 8
-410740446 8
-410740345 8
-410740244 8
-410740144 8
-410740038 8
-410739939 8
-410739841 8
-410739742 8
-410739639 8
-410739538 8
-410739430 8
-410739325 8
-410739226 8
-410739126 8
-410739028 8
-410738923 8
-410738825 8
-410738722 8
-410738623 8
-410738521 8
-410738419 8
-410738315 8
-410738213 8
-410738113 8
-410738008 8
-410737909 8
-410737805 8
-410737603 8
-410737498 8
-410737397 8
-410737292 8
-410737186 8
-410737080 8
-410736979 8
-410736877 8
-410736773 8
-410736662 8
-410736560 8
-410736459 8
-410736360 8
-410736260 8
-410736153 8
-410736047 8
-410735940 8
-410735842 8
-410735737 8
-410735630 8
-410735530 8
-410735428 8
-410735317 8
-410735218 8
-410735118 8
-410735020 8
-410734921 8
-410734820 8
-410734710 8
-410734606 8
-410734502 8
-410734309 8
-410734209 8
-410734100 8
-410733996 8
-410733897 8
-410733799 8
-410733695 8
-410733596 8
-410733488 8
-410733390 8
-410733283 8
-410733181 8
-410733081 8
-410732974 8
-410732873 8
-410732770 8
-410732667 8
-410732567 8
-410732466 8
-410732366 8
-410732261 8
-410732156 8
-410732052 8
-410731948 8
-410731851 8
-410731750 8
-410731641 8
-410731535 8
-410731435 8
-410731337 8
-410731232 8
-410731033 8
-410730927 8
-410730822 8
-410730719 8
-410730620 8
-410730521 8
-410730421 8
-410730319 8
-410730221 8
-410730120 8
-410730018 8
-410729916 8
-410729810 8
-410729704 8
-410729606 8
-410729501 8
-410729399 8
-410729294 8
-410729192 8
-410729083 8
-410728982 8
-410728881 8
-410728775 8
-410728671 8
-410728570 8
-410728468 8
-410728365 8
-410728252 8
-410728148 8
-410728039 8
-410727931 8
-410727721 8
-410727617 8
-410727515 8
-410727413 8
-410727311 8
-410727213 8
-410727107 8
-410727004 8
-410726905 8
-410726810 8
-410726706 8
-410726607 8
-410726501 8
-410726396 8
-410726300 8
-410726194 8
-410726084 8
-410725984 8
-410725884 8
-410725783 8
-410725678 8
-410725572 8
-410725471 8
-410725367 8
-410725267 8
-410725161 8
-410725058 8
-410724958 8
-410724856 8
-410724750 8
-410724642 8
-410724447 8
-410724346 8
-410724244 8
-410724139 8
-410724040 8
-410723939 8
-410723838 8
-410723737 8
-410723635 8
-410723535 8
-410723428 8
-410723331 8
-410723231 8
-410723124 8
-410723021 8
-410722919 8
-410722820 8
-410722713 8
-410722611 8
-410722512 8
-410722406 8
-410722304 8
-410722204 8
-410722103 8
-410722003 8
-410721906 8
-410721807 8
-410721700 8
-410721602 8
-410721502 8
-410721395 8
-410721199 8
-410721100 8
-410721000 8
-410720900 8
-410720798 8
-410720695 8
-410720596 8
-410720496 8
-410720396 8
-410720289 8
-410720182 8
-410720081 8
-410719984 8
-410719880 8
-410719777 8
-410719671 8
-410719573 8
-410719474 8
-410719368 8
-410719263 8
-410719160 8
-410719059 8
-410718959 8
-410718852 8
-410718753 8
-410718649 8
-410718548 8
-410718448 8
-410718341 8
-410718241 8
-410718135 8
-410717940 8
-410717833 8
-410717729 8
-410717625 8
-410717521 8
-410717419 8
-410717318 8
-410717210 8
-410717110 8
-410717012 8
-410716906 8
-410716798 8
-410716692 8
-410716583 8
-410716481 8
-410716380 8
-410716281 8
-410716181 8
-410716081 8
-410715983 8
-410715876 8
-410715777 8
-410715676 8
-410715579 8
-410715476 8
-410715374 8
-410715274 8
-410715167 8
-410715064 8
-410714954 8
-410714846 8
-410714641 8
-410714535 8
-410714434 8
-410714336 8
-410714238 8
-410714138 8
-410714037 8
-410713937 8
-410713831 8
-410713722 8
-410713619 8
-410713521 8
-410713422 8
-410713315 8
-410713210 8
-410713109 8
-410713005 8
-410712904 8
-410712805 8
-410712701 8
-410712599 8
-410712493 8
-410712394 8
-410712295 8
-410712190 8
-410712093 8
-410711990 8
-410711887 8
-410711779 8
-410711677 8
-410711574 8
-410711372 8
-410711263 8
-410711163 8
-410711058 8
-410710957 8
-410710855 8
-410710748 8
-410710635 8
-410710537 8
-410710431 8
-410710333 8
-410710226 8
-410710128 8
-410710027 8
-410709926 8
-410709829 8
-410709726 8
-410709626 8
-410709528 8
-410709425 8
-410709327 8
-410709229 8
-410709130 8
-410709029 8
-410708924 8
-410708825 8
-410708714 8
-410708617 8
-410708519 8
-410708417 8
-410708314 8
-410708110 8
-410708011 8
-410707905 8
-410707805 8
-410707702 8
-410707605 8
-410707505 8
-410707406 8
-410707298 8
-410707196 8
-410707097 8
-410706997 8
-410706893 8
-410706789 8
-410706685 8
-410706579 8
-410706475 8
-410706376 8
-410706273 8
-410706173 8
-410706067 8
-410705964 8
-410705866 8
-410705768 8
-410705655 8
-410705551 8
-410705451 8
-410705352 8
-410705253 8
-410705147 8
-410705042 8
-410704845 8
-410704739 8
-410704637 8
-410704537 8
-410704430 8
-410704324 8
-410704217 8
-410704116 8
-410704018 8
-410703918 8
-410703820 8
-410703717 8
-410703613 8
-410703507 8
-410703406 8
-410703307 8
-410703208 8
-410703107 8
-410703001 8
-410702901 8
-410702801 8
-410702697 8
-410702596 8
-410702495 8
-410702395 8
-410702295 8
-410702195 8
-410702089 8
-410701989 8
-410701890 8
-410701782 8
-410701578 8
-410701473 8
-410701374 8
-410701276 8
-410701175 8
-410701077 8
-410700976 8
-410700873 8
-410700772 8
-410700663 8
-410700565 8
-410700458 8
-410700358 8
-410700256 8
-410700156 8
-410700055 8
-410699955 8
-410699848 8
-410699741 8
-410699624 8
-410699524 8
-410699422 8
-410699322 8
-410699216 8
-410699115 8
-410699016 8
-410698916 8
-410698814 8
-410698707 8
-410698603 8
-410698500 8
-410698302 8
-410698204 8
-410698103 8
-410697997 8
-410697895 8
-410697795 8
-410697691 8
-410697593 8
-410697489 8
-410697384 8
-410697279 8
-410697177 8
-410697077 8
-410696979 8
-410696873 8
-410696770 8
-410696665 8
-410696558 8
-410696453 8
-410696347 8
-410696244 8
-410696137 8
-410696036 8
-410695932 8
-410695832 8
-410695731 8
-410695633 8
-410695534 8
-410695429 8
-410695321 8
-410695214 8
-410695020 8
-410694922 8
-410694821 8
-410694718 8
-410694618 8
-410694515 8
-410694413 8
-410694312 8
-410694212 8
-410694115 8
-410694014 8
-410693908 8
-410693800 8
-410693692 8
-410693594 8
-410693494 8
-410693396 8
-410693297 8
-410693195 8
-410693092 8
-410692990 8
-410692887 8
-410692786 8
-410692681 8
-410692580 8
-410692481 8
-410692375 8
-410692274 8
-410692173 8
-410692076 8
-410691973 8
-410691778 8
-410691673 8
-410691576 8
-410691476 8
-410691374 8
-410691277 8
-410691176 8
-410691071 8
-410690965 8
-410690865 8
-410690761 8
-410690656 8
-410690546 8
-410690446 8
-410690344 8
-410690247 8
-410690146 8
-410690047 8
-410689942 8
-410689838 8
-410689739 8
-410689633 8
-410689529 8
-410689427 8
-410689328 8
-410689228 8
-410689128 8
-410689030 8
-410688931 8
-410688830 8
-410688721 8
-410688524 8
-410688419 8
-410688316 8
-410688215 8
-410688117 8
-410688012 8
-410687902 8
-410687803 8
-410687693 8
-410687592 8
-410687491 8
-410687391 8
-410687290 8
-410687186 8
-410687077 8
-410686977 8
-410686876 8
-410686771 8
-410686666 8
-410686566 8
-410686463 8
-410686363 8
-410686264 8
-410686165 8
-410686065 8
-410685967 8
-410685866 8
-410685766 8
-410685662 8
-410685556 8
-410685452 8
-410685260 8
-410685163 8
-410685058 8
-410684959 8
-410684854 8
-410684754 8
-410684652 8
-410684553 8
-410684447 8
-410684347 8
-410684240 8
-410684135 8
-410684028 8
-410683928 8
-410683820 8
-410683716 8
-410683617 8
-410683511 8
-410683409 8
-410683304 8
-410683206 8
-410683100 8
-410682999 8
-410682900 8
-410682800 8
-410682697 8
-410682594 8
-410682492 8
-410682394 8
-410682290 8
-410682181 8
-410681985 8
-410681879 8
-410681780 8
-410681678 8
-410681576 8
-410681471 8
-410681367 8
-410681268 8
-410681170 8
-410681072 8
-410680966 8
-410680864 8
-410680759 8
-410680656 8
-410680556 8
-410680451 8
-410680352 8
-410680249 8
-410680150 8
-410680048 8
-410679947 8
-410679845 8
-410679745 8
-410679639 8
-410679538 8
-410679430 8
-410679331 8
-410679224 8
-410679127 8
-410679019 8
-410678916 8
-410678717 8
-410678616 8
-410678517 8
-410678410 8
-410678309 8
-410678209 8
-410678107 8
-410677996 8
-410677890 8
-410677788 8
-410677682 8
-410677577 8
-410677470 8
-410677366 8
-410677260 8
-410677160 8
-410677060 8
-410676959 8
-410676855 8
-410676758 8
-410676656 8
-410676553 8
-410676451 8
-410676351 8
-410676251 8
-410676150 8
-410676047 8
-410675946 8
-410675845 8
-410675744 8
-410675639 8
-410675441 8
-410675340 8
-410675233 8
-410675126 8
-410675020 8
-410674915 8
-410674810 8
-410674699 8
-410674594 8
-410674492 8
-410674392 8
-410674290 8
-410674179 8
-410674077 8
-410673972 8
-410673873 8
-410673773 8
-410673670 8
-410673561 8
-410673456 8
-410673352 8
-410673252 8
-410673151 8
-410673051 8
-410672952 8
-410672846 8
-410672747 8
-410672638 8
-410672537 8
-410672437 8
-410672330 8
-410672119 8
-410672013 8
-410671906 8
-410671805 8
-410671702 8
-410671600 8
-410671503 8
-410671404 8
-410671299 8
-410671200 8
-410671095 8
-410670996 8
-410670899 8
-410670802 8
-410670699 8
-410670601 8
-410670495 8
-410670388 8
-410670284 8
-410670187 8
-410670079 8
-410669979 8
-410669874 8
-410669778 8
-410669671 8
-410669564 8
-410669464 8
-410669362 8
-410669260 8
-410669161 8
-410669054 8
-410668861 8
-410668759 8
-410668654 8
-410668548 8
-410668447 8
-410668348 8
-410668248 8
-410668147 8
-410668047 8
-410667948 8
-410667849 8
-410667743 8
-410667640 8
-410667566 8
-410667491 8
-410667417 8
-410667343 8
-410667265 8
-410667186 8
-410667115 8
-410667040 8
-410666967 8
-410666889 8
-410666815 8
-410666744 8
-410666666 8
-410666593 8
-410666519 8
-410666444 8
-410666369 8
-410666279 8
-410666139 8
-410666062 8
-410665990 8
-410665913 8
-410665835 8
-410665763 8
-410665683 8
-410665607 8
-410665536 8
-410665462 8
-410665387 8
-410665314 8
-410665239 8
-410665164 8
-410665093 8
-410665021 8
-410664946 8
-410664869 8
-410664796 8
-410664664 8
-410664593 8
-410664518 8
-410664404 8
-410664325 8
-410664200 8
-410664126 8
-410663998 8
-410663919 8
-410663790 8
-410663708 8
-410663620 8
-410663595 8
-410663388 8
-410663312 8
-410663189 8
-410663109 8
-410662984 8
-410662912 8
-410662784 8
-410662703 8
-410662578 8
-410662504 8
-410662379 8
-410662299 8
-410662170 8
-410662095 8
-410661974 8
-410661894 8
-410661770 8
-410661692 8
-410661568 8
-410661487 8
-410661362 8
-410661287 8
-410661163 8
-410661083 8
-410660959 8
-410660888 8
-410660759 8
-410660678 8
-410660550 8
-410660479 8
-410660395 8
-410660353 8
-410660147 8
-410660074 8
-410659948 8
-410659871 8
-410659744 8
-410659666 8
-410659543 8
-410659464 8
-410659337 8
-410659262 8
-410659139 8
-410659059 8
-410658929 8
-410658855 8
-410658732 8
-410658654 8
-410658527 8
-410658451 8
-410658327 8
-410658253 8
-410658121 8
-410658046 8
-410657922 8
-410657842 8
-410657718 8
-410657643 8
-410657518 8
-410657438 8
-410657308 8
-410657234 8
-410657154 8
-410657113 8
-410656909 8
-410656838 8
-410656721 8
-410656629 8
-410656502 8
-410656426 8
-410656303 8
-410656223 8
-410656096 8
-410656025 8
-410655898 8
-410655818 8
-410655689 8
-410655617 8
-410655491 8
-410655415 8
-410655287 8
-410655215 8
-410655142 8
-410655008 8
-410654878 8
-410654802 8
-410654672 8
-410654538 8
-410654462 8
-410654385 8
-410654276 8
-410654201 8
-410654067 8
-410653996 8
-410653914 8
-410653872 8
-410653666 8
-410653591 8
-410653467 8
-410653387 8
-410653262 8
-410653187 8
-410653062 8
-410652982 8
-410652856 8
-410652783 8
-410652656 8
-410652580 8
-410652452 8
-410652381 8
-410652251 8
-410652174 8
-410652048 8
-410651972 8
-410651847 8
-410651767 8
-410651643 8
-410651569 8
-410651442 8
-410651362 8
-410651237 8
-410651166 8
-410651036 8
-410650957 8
-410650832 8
-410650759 8
-410650673 8
-410650633 8
-410650428 8
-410650354 8
-410650227 8
-410650147 8
-410650023 8
-410649950 8
-410649822 8
-410649741 8
-410649618 8
-410649546 8
-410649415 8
-410649337 8
-410649212 8
-410649141 8
-410649010 8
-410648934 8
-410648807 8
-410648729 8
-410648606 8
-410648526 8
-410648401 8
-410648324 8
-410648200 8
-410648125 8
-410647996 8
-410647922 8
-410647795 8
-410647651 8
-410647582 8
-410647510 8
-410647427 8
-410647390 8
-410647187 8
-410647114 8
-410646986 8
-410646906 8
-410646782 8
-410646704 8
-410646579 8
-410646503 8
-410646375 8
-410646300 8
-410646175 8
-410646099 8
-410645971 8
-410645887 8
-410645770 8
-410645626 8
-410645559 8
-410645484 8
-410645365 8
-410645289 8
-410645161 8
-410645090 8
-410644960 8
-410644886 8
-410644757 8
-410644683 8
-410644555 8
-410644479 8
-410644350 8
-410644276 8
-410644198 8
-410644151 8
-410643945 8
-410643870 8
-410643745 8
-410643601 8
-410643528 8
-410643453 8
-410643339 8
-410643264 8
-410643130 8
-410643056 8
-410642935 8
-410642861 8
-410642730 8
-410642657 8
-410642530 8
-410642455 8
-410642325 8
-410642253 8
-410642125 8
-410642048 8
-410641921 8
-410641847 8
-410641708 8
-410641570 8
-410641494 8
-410641424 8
-410641316 8
-410641235 8
-410641109 8
-410641036 8
-410640955 8
-410640910 8
-410640706 8
-410640632 8
-410640504 8
-410640425 8
-410640299 8
-410640227 8
-410640101 8
-410640020 8
-410639896 8
-410639824 8
-410639681 8
-410639551 8
-410639475 8
-410639398 8
-410639288 8
-410639212 8
-410639083 8
-410639007 8
-410638885 8
-410638802 8
-410638678 8
-410638604 8
-410638479 8
-410638400 8
-410638276 8
-410638202 8
-410638073 8
-410637998 8
-410637870 8
-410637793 8
-410637710 8
-410637666 8
-410637463 8
-410637389 8
-410637263 8
-410637187 8
-410637060 8
-410636985 8
-410636859 8
-410636780 8
-410636656 8
-410636582 8
-410636454 8
-410636380 8
-410636251 8
-410636177 8
-410636050 8
-410635969 8
-410635845 8
-410635773 8
-410635644 8
-410635563 8
-410635438 8
-410635355 8
-410635239 8
-410635159 8
-410635034 8
-410634960 8
-410634833 8
-410634759 8
-410634628 8
-410634554 8
-410634470 8
-410634428 8
-410634224 8
-410634150 8
-410634024 8
-410633948 8
-410633820 8
-410633745 8
-410633619 8
-410633540 8
-410633415 8
-410633340 8
-410633213 8
-410633137 8
-410633010 8
-410632935 8
-410632808 8
-410632727 8
-410632605 8
-410632530 8
-410632404 8
-410632322 8
-410632196 8
-410632122 8
-410631998 8
-410631919 8
-410631794 8
-410631717 8
-410631592 8
-410631511 8
-410631387 8
-410631316 8
-410631234 8
-410631189 8
-410630984 8
-410630912 8
-410630782 8
-410630633 8
-410630559 8
-410630489 8
-410630368 8
-410630300 8
-410630174 8
-410630107 8
-410629970 8
-410629895 8
-410629769 8
-410629694 8
-410629567 8
-410629488 8
-410629363 8
-410629288 8
-410629163 8
-410629086 8
-410628958 8
-410628883 8
-410628757 8
-410628614 8
-410628539 8
-410628461 8
-410628354 8
-410628273 8
-410628146 8
-410628072 8
-410627988 8
-410627949 8
-410627743 8
-410627661 8
-410627540 8
-410627465 8
-410627336 8
-410627263 8
-410627137 8
-410627061 8
-410626933 8
-410626861 8
-410626733 8
-410626654 8
-410626529 8
-410626454 8
-410626327 8
-410626253 8
-410626122 8
-410626051 8
-410625923 8
-410625843 8
-410625716 8
-410625645 8
-410625517 8
-410625438 8
-410625311 8
-410625240 8
-410625112 8
-410625030 8
-410624908 8
-410624834 8
-410624752 8
-410624694 8
-410624516 8
-410624440 8
-410624367 8
-410624295 8
-410624167 8
-410624094 8
-410624026 8
-410623959 8
-410623888 8
-410623758 8
-410623680 8
-410623602 8
-410623528 8
-410623450 8
-410623357 8
-410623284 8
-410623206 8
-410623135 8
-410623056 8
-410622953 8
-410622879 8
-410622810 8
-410622738 8
-410622661 8
-410622547 8
-410622472 8
-410622396 8
-410622322 8
-410622245 8
-410622137 8
-410622061 8
-410621924 8
-410621847 8
-410621738 8
-410621661 8
-410621590 8
-410621517 8
-410621443 8
-410621333 8
-410621261 8
-410621186 8
-410621115 8
-410621041 8
-410620928 8
-410620854 8
-410620769 8
-410620689 8
-410620611 8
-410620535 8
-410620422 8
-410620350 8
-410620276 8
-410620201 8
-410620063 8
-410619976 8
-410619904 8
-410619831 8
-410619758 8
-410619658 8
-410619573 8
-410619500 8
-410619417 8
-410619219 8
-410619148 8
-410619072 8
-410618997 8
-410618925 8
-410618841 8
-410618754 8
-410618679 8
-410618606 8
-410618528 8
-410618405 8
-410618329 8
-410618254 8
-410618181 8
-410618107 8
-410618000 8
-410617927 8
-410617847 8
-410617772 8
-410617677 8
-410617597 8
-410617523 8
-410617443 8
-410617372 8
-410617302 8
-410617192 8
-410617118 8
-410617040 8
-410616960 8
-410616864 8
-410616785 8
-410616782 8
-410616644 8
-410616575 8
-410616500 8
-410616379 8
-410616309 8
-410616237 8
-410616159 8
-410616017 8
-410615944 8
-410615870 8
-410615795 8
-410615724 8
-410615639 8
-410615566 8
-410615494 8
-410615418 8
-410615346 8
-410615265 8
-410615193 8
-410615119 8
-410615043 8
-410614971 8
-410614893 8
-410614819 8
-410614744 8
-410614672 8
-410614600 8
-410614527 8
-410614446 8
-410614374 8
-410614300 8
-410614160 8
-410614041 8
-410613967 8
-410613892 8
-410613821 8
-410613746 8
-410613636 8
-410613562 8
-410613489 8
-410613413 8
-410613344 8
-410613231 8
-410613156 8
-410613081 8
-410613004 8
-410612936 8
-410612826 8
-410612752 8
-410612676 8
-410612601 8
-410612527 8
-410612421 8
-410612349 8
-410612275 8
-410612201 8
-410612125 8
-410612016 8
-410611943 8
-410611870 8
-410611796 8
-410611714 8
-410611562 8
-410611486 8
-410611411 8
-410611340 8
-410611261 8
-410611156 8
-410611083 8
-410611008 8
-410610936 8
-410610855 8
-410610752 8
-410610674 8
-410610599 8
-410610524 8
-410610452 8
-410610343 8
-410610269 8
-410610192 8
-410610121 8
-410610049 8
-410609942 8
-410609868 8
-410609789 8
-410609714 8
-410609640 8
-410609560 8
-410609460 8
-410609384 8
-410609310 8
-410609234 8
-410609156 8
-410609088 8
-410609005 8
-410608927 8
-410608854 8
-410608678 8
-410608597 8
-410608519 8
-410608445 8
-410608275 8
-410608203 8
-410608129 8
-410608061 8
-410607986 8
-410607868 8
-410607802 8
-410607724 8
-410607647 8
-410607511 8
-410607436 8
-410607364 8
-410607291 8
-410607216 8
-410607130 8
-410607057 8
-410606983 8
-410606909 8
-410606834 8
-410606763 8
-410606680 8
-410606605 8
-410606532 8
-410606446 8
-410606255 8
-410606181 8
-410606103 8
-410606030 8
-410605955 8
-410605851 8
-410605776 8
-410605698 8
-410605630 8
-410605555 8
-410605444 8
-410605370 8
-410605293 8
-410605221 8
-410605082 8
-410605010 8
-410604933 8
-410604860 8
-410604782 8
-410604676 8
-410604608 8
-410604535 8
-410604457 8
-410604376 8
-410604272 8
-410604199 8
-410604122 8
-410604050 8
-410603973 8
-410603899 8
-410603822 8
-410603680 8
-410603601 8
-410603527 8
-410603452 8
-410603381 8
-410603306 8
-410603234 8
-410603161 8
-410603090 8
-410603016 8
-410602944 8
-410602872 8
-410602798 8
-410602700 8
-410602628 8
-410602554 8
-410602480 8
-410602406 8
-410602295 8
-410602220 8
-410602145 8
-410602072 8
-410601992 8
-410601889 8
-410601821 8
-410601747 8
-410601671 8
-410601596 8
-410601484 8
-410601409 8
-410601331 8
-410601184 8
-410601079 8
-410601005 8
-410600930 8
-410600855 8
-410600783 8
-410600674 8
-410600599 8
-410600521 8
-410600447 8
-410600372 8
-410600269 8
-410600195 8
-410600121 8
-410600046 8
-410599974 8
-410599864 8
-410599788 8
-410599711 8
-410599633 8
-410599560 8
-410599459 8
-410599390 8
-410599320 8
-410599241 8
-410599170 8
-410599054 8
-410598979 8
-410598905 8
-410598831 8
-410598750 8
-410598550 8
-410598480 8
-410598403 8
-410598328 8
-410598190 8
-410598102 8
-410598031 8
-410597956 8
-410597880 8
-410597784 8
-410597693 8
-410597620 8
-410597545 8
-410597472 8
-410597343 8
-410597270 8
-410597195 8
-410597120 8
-410597033 8
-410596942 8
-410596875 8
-410596799 8
-410596725 8
-410596649 8
-410596537 8
-410596461 8
-410596382 8
-410596307 8
-410596203 8
-410596129 8
-410596048 8
-410595896 8
-410595765 8
-410595693 8
-410595618 8
-410595548 8
-410595474 8
-410595361 8
-410595287 8
-410595214 8
-410595139 8
-410595059 8
-410594986 8
-410594915 8
-410594840 8
-410594769 8
-410594688 8
-410594583 8
-410594509 8
-410594430 8
-410594354 8
-410594280 8
-410594203 8
-410594110 8
-410594038 8
-410593963 8
-410593889 8
-410593813 8
-410593701 8
-410593631 8
-410593557 8
-410593477 8
-410593296 8
-410593224 8
-410593143 8
-410593067 8
-410592994 8
-410592919 8
-410592842 8
-410592768 8
-410592687 8
-410592610 8
-410592536 8
-410592462 8
-410592387 8
-410592314 8
-410592242 8
-410592168 8
-410592094 8
-410592016 8
-410591938 8
-410591865 8
-410591763 8
-410591685 8
-410591613 8
-410591539 8
-410591470 8
-410591358 8
-410591286 8
-410591215 8
-410591141 8
-410591067 8
-410590988 8
-410590953 8
-410590851 8
-410590777 8
-410590669 8
-410590547 8
-410590475 8
-410590396 8
-410590325 8
-410590252 8
-410590142 8
-410590066 8
-410589991 8
-410589917 8
-410589843 8
-410589737 8
-410589665 8
-410589589 8
-410589521 8
-410589450 8
-410589333 8
-410589261 8
-410589187 8
-410589113 8
-410589040 8
-410588928 8
-410588857 8
-410588783 8
-410588704 8
-410588627 8
-410588522 8
-410588454 8
-410588375 8
-410588233 8
-410588117 8
-410588044 8
-410587972 8
-410587900 8
-410587828 8
-410587665 8
-410587571 8
-410587496 8
-410587423 8
-410587340 8
-410587220 8
-410587149 8
-410587070 8
-410586990 8
-410586855 8
-410586783 8
-410586706 8
-410586631 8
-410586557 8
-410586480 8
-410586404 8
-410586330 8
-410586255 8
-410586182 8
-410586082 8
-410586007 8
-410585936 8
-410585862 8
-410585789 8
-410585705 8
-410585560 8
-410585492 8
-410585416 8
-410585342 8
-410585228 8
-410585151 8
-410585077 8
-410585000 8
-410584927 8
-410584791 8
-410584717 8
-410584640 8
-410584563 8
-410584487 8
-410584385 8
-410584314 8
-410584239 8
-410584171 8
-410584094 8
-410584010 8
-410583933 8
-410583862 8
-410583794 8
-410583717 8
-410583598 8
-410583518 8
-410583444 8
-410583364 8
-410583288 8
-410583171 8
-410583094 8
-410582947 8
-410582872 8
-410582787 8
-410582709 8
-410582633 8
-410582553 8
-410582474 8
-410582360 8
-410582288 8
-410582212 8
-410582136 8
-410582058 8
-410581981 8
-410581905 8
-410581830 8
-410581756 8
-410581679 8
-410581609 8
-410581536 8
-410581461 8
-410581387 8
-410581315 8
-410581231 8
-410581160 8
-410581086 8
-410581015 8
-410580940 8
-410580826 8
-410580751 8
-410580673 8
-410580592 8
-410580421 8
-410580349 8
-410580275 8
-410580201 8
-410580124 8
-410580016 8
-410579946 8
-410579873 8
-410579799 8
-410579728 8
-410579612 8
-410579537 8
-410579459 8
-410579388 8
-410579314 8
-410579206 8
-410579132 8
-410579064 8
-410578991 8
-410578920 8
-410578801 8
-410578727 8
-410578652 8
-410578577 8
-410578500 8
-410578395 8
-410578319 8
-410578246 8
-410578176 8
-410578105 8
-410578026 8
-410577991 8
-410577889 8
-410577815 8
-410577707 8
-410577584 8
-410577513 8
-410577433 8
-410577359 8
-410577285 8
-410577175 8
-410577102 8
-410577024 8
-410576952 8
-410576877 8
-410576775 8
-410576634 8
-410576557 8
-410576483 8
-410576403 8
-410576284 8
-410576209 8
-410576136 8
-410576063 8
-410575991 8
-410575880 8
-410575812 8
-410575743 8
-410575669 8
-410575593 8
-410575470 8
-410575394 8
-410575316 8
-410575170 8
-410575068 8
-410574993 8
-410574918 8
-410574839 8
-410574763 8
-410574687 8
-410574610 8
-410574532 8
-410574455 8
-410574379 8
-410574259 8
-410574185 8
-410574113 8
-410574038 8
-410573960 8
-410573873 8
-410573797 8
-410573719 8
-410573642 8
-410573560 8
-410573448 8
-410573374 8
-410573296 8
-410573221 8
-410573147 8
-410573044 8
-410572978 8
-410572905 8
-410572835 8
-410572753 8
-410572584 8
-410572506 8
-410572434 8
-410572361 8
-410572234 8
-410572159 8
-410572088 8
-410572013 8
-410571940 8
-410571856 8
-410571775 8
-410571697 8
-410571623 8
-410571551 8
-410571424 8
-410571353 8
-410571278 8
-410571201 8
-410571126 8
-410571052 8
-410570975 8
-410570899 8
-410570824 8
-410570751 8
-410570675 8
-410570600 8
-410570528 8
-410570455 8
-410570381 8
-410570295 8
-410570218 8
-410570215 8
-410570078 8
-410570003 8
-410569890 8
-410569817 8
-410569743 8
-410569665 8
-410569595 8
-410569485 8
-410569409 8
-410569335 8
-410569258 8
-410569189 8
-410569079 8
-410569011 8
-410568939 8
-410568865 8
-410568790 8
-410568674 8
-410568600 8
-410568522 8
-410568446 8
-410568371 8
-410568270 8
-410568195 8
-410568121 8
-410568049 8
-410567975 8
-410567864 8
-410567790 8
-410567709 8
-410567629 8
-410567421 8
-410567322 8
-410567225 8
-410567120 8
-410567014 8
-410566908 8
-410566806 8
-410566696 8
-410566598 8
-410566491 8
-410566389 8
-410566291 8
-410566195 8
-410566094 8
-410565994 8
-410565893 8
-410565787 8
-410565680 8
-410565574 8
-410565471 8
-410565369 8
-410565262 8
-410565156 8
-410565051 8
-410564949 8
-410564847 8
-410564740 8
-410564637 8
-410564537 8
-410564430 8
-410564319 8
-410564120 8
-410564021 8
-410563914 8
-410563810 8
-410563709 8
-410563608 8
-410563510 8
-410563405 8
-410563305 8
-410563207 8
-410563105 8
-410563001 8
-410562893 8
-410562794 8
-410562682 8
-410562581 8
-410562475 8
-410562371 8
-410562270 8
-410562163 8
-410562062 8
-410561957 8
-410561858 8
-410561759 8
-410561653 8
-410561554 8
-410561454 8
-410561351 8
-410561243 8
-410561142 8
-410561031 8
-410560823 8
-410560711 8
-410560609 8
-410560506 8
-410560401 8
-410560299 8
-410560199 8
-410560091 8
-410559989 8
-410559886 8
-410559782 8
-410559680 8
-410559575 8
-410559474 8
-410559369 8
-410559262 8
-410559158 8
-410559057 8
-410558957 8
-410558851 8
-410558753 8
-410558643 8
-410558543 8
-410558442 8
-410558344 8
-410558237 8
-410558133 8
-410558031 8
-410557923 8
-410557818 8
-410557707 8
-410557509 8
-410557406 8
-410557305 8
-410557198 8
-410557086 8
-410556982 8
-410556875 8
-410556772 8
-410556660 8
-410556554 8
-410556445 8
-410556339 8
-410556237 8
-410556130 8
-410556024 8
-410555921 8
-410555817 8
-410555710 8
-410555603 8
-410555501 8
-410555401 8
-410555296 8
-410555190 8
-410555086 8
-410554984 8
-410554877 8
-410554771 8
-410554666 8
-410554561 8
-410554461 8
-410554358 8
-410554160 8
-410554061 8
-410553956 8
-410553851 8
-410553751 8
-410553648 8
-410553544 8
-410553443 8
-410553344 8
-410553239 8
-410553135 8
-410553031 8
-410552930 8
-410552830 8
-410552729 8
-410552629 8
-410552525 8
-410552420 8
-410552312 8
-410552211 8
-410552105 8
-410551997 8
-410551892 8
-410551791 8
-410551688 8
-410551582 8
-410551475 8
-410551370 8
-410551266 8
-410551160 8
-410551051 8
-410550857 8
-410550757 8
-410550653 8
-410550548 8
-410550449 8
-410550347 8
-410550248 8
-410550142 8
-410550040 8
-410549940 8
-410549840 8
-410549741 8
-410549636 8
-410549533 8
-410549429 8
-410549324 8
-410549223 8
-410549125 8
-410549020 8
-410548921 8
-410548816 8
-410548707 8
-410548604 8
-410548503 8
-410548406 8
-410548305 8
-410548199 8
-410548092 8
-410547984 8
-410547874 8
-410547769 8
-410547562 8
-410547456 8
-410547353 8
-410547251 8
-410547146 8
-410547043 8
-410546936 8
-410546830 8
-410546715 8
-410546614 8
-410546505 8
-410546403 8
-410546297 8
-410546196 8
-410546097 8
-410545995 8
-410545897 8
-410545798 8
-410545696 8
-410545598 8
-410545496 8
-410545394 8
-410545295 8
-410545188 8
-410545082 8
-410544981 8
-410544871 8
-410544773 8
-410544669 8
-410544569 8
-410544463 8
-410544261 8
-410544156 8
-410544050 8
-410543951 8
-410543845 8
-410543745 8
-410543642 8
-410543541 8
-410543441 8
-410543338 8
-410543236 8
-410543135 8
-410543037 8
-410542935 8
-410542835 8
-410542730 8
-410542627 8
-410542525 8
-410542423 8
-410542325 8
-410542225 8
-410542125 8
-410542020 8
-410541921 8
-410541824 8
-410541715 8
-410541611 8
-410541513 8
-410541415 8
-410541316 8
-410541210 8
-410541009 8
-410540905 8
-410540799 8
-410540688 8
-410540586 8
-410540487 8
-410540384 8
-410540275 8
-410540167 8
-410540065 8
-410539960 8
-410539855 8
-410539750 8
-410539638 8
-410539532 8
-410539432 8
-410539324 8
-410539220 8
-410539115 8
-410539012 8
-410538913 8
-410538806 8
-410538702 8
-410538603 8
-410538496 8
-410538397 8
-410538295 8
-410538198 8
-410538098 8
-410537998 8
-410537891 8
-410537695 8
-410537598 8
-410537492 8
-410537391 8
-410537283 8
-410537182 8
-410537083 8
-410536984 8
-410536885 8
-410536784 8
-410536677 8
-410536572 8
-410536476 8
-410536370 8
-410536270 8
-410536164 8
-410536063 8
-410535958 8
-410535851 8
-410535748 8
-410535640 8
-410535541 8
-410535441 8
-410535340 8
-410535241 8
-410535135 8
-410535035 8
-410534936 8
-410534835 8
-410534733 8
-410534631 8
-410534436 8
-410534333 8
-410534236 8
-410534136 8
-410534040 8
-410533935 8
-410533832 8
-410533730 8
-410533628 8
-410533526 8
-410533422 8
-410533323 8
-410533222 8
-410533123 8
-410533024 8
-410532926 8
-410532820 8
-410532715 8
-410532614 8
-410532512 8
-410532405 8
-410532301 8
-410532201 8
-410532095 8
-410531989 8
-410531886 8
-410531785 8
-410531679 8
-410531579 8
-410531473 8
-410531364 8
-410531154 8
-410531049 8
-410530946 8
-410530844 8
-410530742 8
-410530632 8
-410530534 8
-410530433 8
-410530329 8
-410530227 8
-410530117 8
-410530013 8
-410529907 8
-410529802 8
-410529694 8
-410529594 8
-410529492 8
-410529386 8
-410529281 8
-410529184 8
-410529078 8
-410528972 8
-410528873 8
-410528775 8
-410528673 8
-410528577 8
-410528480 8
-410528380 8
-410528282 8
-410528184 8
-410528080 8
-410527886 8
-410527789 8
-410527685 8
-410527579 8
-410527478 8
-410527380 8
-410527274 8
-410527176 8
-410527078 8
-410526979 8
-410526876 8
-410526779 8
-410526676 8
-410526579 8
-410526478 8
-410526371 8
-410526268 8
-410526164 8
-410526062 8
-410525958 8
-410525858 8
-410525759 8
-410525657 8
-410525556 8
-410525457 8
-410525360 8
-410525258 8
-410525157 8
-410525057 8
-410524955 8
-410524849 8
-410524645 8
-410524546 8
-410524447 8
-410524349 8
-410524246 8
-410524144 8
-410524046 8
-410523939 8
-410523839 8
-410523739 8
-410523630 8
-410523527 8
-410523427 8
-410523325 8
-410523226 8
-410523120 8
-410523014 8
-410522909 8
-410522805 8
-410522697 8
-410522597 8
-410522497 8
-410522396 8
-410522297 8
-410522196 8
-410522090 8
-410521989 8
-410521884 8
-410521780 8
-410521674 8
-410521569 8
-410521371 8
-410521264 8
-410521162 8
-410521063 8
-410520957 8
-410520853 8
-410520748 8
-410520640 8
-410520535 8
-410520437 8
-410520338 8
-410520239 8
-410520139 8
-410520035 8
-410519935 8
-410519836 8
-410519726 8
-410519619 8
-410519512 8
-410519412 8
-410519312 8
-410519213 8
-410519115 8
-410519013 8
-410518910 8
-410518813 8
-410518711 8
-410518611 8
-410518506 8
-410518408 8
-410518303 8
-410518104 8
-410518006 8
-410517906 8
-410517801 8
-410517693 8
-410517584 8
-410517478 8
-410517373 8
-410517276 8
-410517175 8
-410517069 8
-410516972 8
-410516865 8
-410516762 8
-410516658 8
-410516563 8
-410516463 8
-410516364 8
-410516264 8
-410516159 8
-410516054 8
-410515950 8
-410515851 8
-410515752 8
-410515649 8
-410515550 8
-410515450 8
-410515345 8
-410515246 8
-410515149 8
-410515044 8
-410514853 8
-410514755 8
-410514653 8
-410514548 8
-410514446 8
-410514346 8
-410514249 8
-410514150 8
-410514047 8
-410513941 8
-410513841 8
-410513741 8
-410513628 8
-410513522 8
-410513423 8
-410513323 8
-410513221 8
-410513123 8
-410513025 8
-410512926 8
-410512827 8
-410512724 8
-410512626 8
-410512526 8
-410512428 8
-410512330 8
-410512227 8
-410512127 8
-410512020 8
-410511921 8
-410511819 8
-410511620 8
-410511520 8
-410511422 8
-410511315 8
-410511209 8
-410511111 8
-410511005 8
-410510901 8
-410510804 8
-410510701 8
-410510596 8
-410510497 8
-410510397 8
-410510289 8
-410510191 8
-410510091 8
-410509990 8
-410509890 8
-410509789 8
-410509684 8
-410509586 8
-410509486 8
-410509381 8
-410509280 8
-410509173 8
-410509071 8
-410508972 8
-410508871 8
-410508768 8
-410508652 8
-410508545 8
-410508347 8
-410508245 8
-410508149 8
-410508048 8
-410507940 8
-410507833 8
-410507731 8
-410507626 8
-410507528 8
-410507432 8
-410507332 8
-410507231 8
-410507128 8
-410507024 8
-410506921 8
-410506817 8
-410506714 8
-410506607 8
-410506502 8
-410506399 8
-410506301 8
-410506199 8
-410506097 8
-410505996 8
-410505897 8
-410505796 8
-410505692 8
-410505593 8
-410505491 8
-410505380 8
-410505276 8
-410505081 8
-410504982 8
-410504878 8
-410504779 8
-410504673 8
-410504564 8
-410504466 8
-410504364 8
-410504261 8
-410504154 8
-410504056 8
-410503951 8
-410503845 8
-410503741 8
-410503627 8
-410503525 8
-410503428 8
-410503323 8
-410503225 8
-410503119 8
-410503020 8
-410502916 8
-410502818 8
-410502710 8
-410502609 8
-410502507 8
-410502407 8
-410502308 8
-410502206 8
-410502100 8
-410501993 8
-410501800 8
-410501696 8
-410501600 8
-410501499 8
-410501400 8
-410501303 8
-410501202 8
-410501102 8
-410500994 8
-410500898 8
-410500800 8
-410500699 8
-410500601 8
-410500500 8
-410500398 8
-410500295 8
-410500196 8
-410500099 8
-410499991 8
-410499890 8
-410499791 8
-410499686 8
-410499588 8
-410499483 8
-410499386 8
-410499287 8
-410499186 8
-410499087 8
-410498988 8
-410498891 8
-410498786 8
-410498583 8
-410498478 8
-410498373 8
-410498275 8
-410498174 8
-410498070 8
-410497964 8
-410497864 8
-410497758 8
-410497651 8
-410497548 8
-410497443 8
-410497341 8
-410497241 8
-410497132 8
-410497032 8
-410496928 8
-410496828 8
-410496721 8
-410496616 8
-410496510 8
-410496406 8
-410496304 8
-410496200 8
-410496092 8
-410495992 8
-410495890 8
-410495785 8
-410495674 8
-410495573 8
-410495468 8
-410495275 8
-410495174 8
-410495069 8
-410494971 8
-410494868 8
-410494763 8
-410494658 8
-410494558 8
-410494455 8
-410494354 8
-410494254 8
-410494155 8
-410494056 8
-410493956 8
-410493857 8
-410493751 8
-410493639 8
-410493542 8
-410493445 8
-410493339 8
-410493237 8
-410493131 8
-410493026 8
-410492922 8
-410492823 8
-410492719 8
-410492618 8
-410492515 8
-410492411 8
-410492304 8
-410492198 8
-410492006 8
-410491906 8
-410491808 8
-410491699 8
-410491596 8
-410491496 8
-410491397 8
-410491290 8
-410491190 8
-410491084 8
-410490983 8
-410490884 8
-410490785 8
-410490680 8
-410490576 8
-410490465 8
-410490361 8
-410490261 8
-410490159 8
-410490053 8
-410489953 8
-410489848 8
-410489748 8
-410489644 8
-410489538 8
-410489439 8
-410489341 8
-410489235 8
-410489136 8
-410489030 8
-410488925 8
-410488725 8
-410488622 8
-410488521 8
-410488420 8
-410488312 8
-410488213 8
-410488113 8
-410488012 8
-410487912 8
-410487811 8
-410487707 8
-410487606 8
-410487507 8
-410487403 8
-410487303 8
-410487197 8
-410487099 8
-410486993 8
-410486890 8
-410486789 8
-410486686 8
-410486587 8
-410486481 8
-410486376 8
-410486276 8
-410486178 8
-410486079 8
-410485978 8
-410485876 8
-410485768 8
-410485654 8
-410485463 8
-410485364 8
-410485265 8
-410485165 8
-410485060 8
-410484961 8
-410484861 8
-410484757 8
-410484655 8
-410484555 8
-410484454 8
-410484352 8
-410484247 8
-410484141 8
-410484037 8
-410483931 8
-410483828 8
-410483724 8
-410483624 8
-410483524 8
-410483419 8
-410483315 8
-410483216 8
-410483115 8
-410483009 8
-410482906 8
-410482797 8
-410482696 8
-410482597 8
-410482495 8
-410482389 8
-410482195 8
-410482097 8
-410481997 8
-410481896 8
-410481797 8
-410481692 8
-410481590 8
-410481489 8
-410481382 8
-410481279 8
-410481178 8
-410481077 8
-410480978 8
-410480877 8
-410480773 8
-410480667 8
-410480565 8
-410480458 8
-410480358 8
-410480251 8
-410480145 8
-410480046 8
-410479939 8
-410479841 8
-410479731 8
-410479631 8
-410479530 8
-410479427 8
-410479320 8
-410479216 8
-410479111 8
-410478921 8
-410478814 8
-410478710 8
-410478608 8
-410478509 8
-410478409 8
-410478306 8
-410478199 8
-410478094 8
-410477995 8
-410477888 8
-410477781 8
-410477678 8
-410477577 8
-410477479 8
-410477378 8
-410477278 8
-410477174 8
-410477073 8
-410476974 8
-410476876 8
-410476776 8
-410476665 8
-410476560 8
-410476460 8
-410476357 8
-410476250 8
-410476145 8
-410476037 8
-410475938 8
-410475832 8
-410475629 8
-410475524 8
-410475423 8
-410475316 8
-410475211 8
-410475105 8
-410475000 8
-410474900 8
-410474799 8
-410474697 8
-410474596 8
-410474491 8
-410474388 8
-410474283 8
-410474178 8
-410474073 8
-410473972 8
-410473873 8
-410473773 8
-410473669 8
-410473568 8
-410473467 8
-410473361 8
-410473261 8
-410473153 8
-410473047 8
-410472949 8
-410472848 8
-410472742 8
-410472639 8
-410472531 8
-410472323 8
-410472224 8
-410472123 8
-410472024 8
-410471920 8
-410471819 8
-410471715 8
-410471611 8
-410471510 8
-410471404 8
-410471304 8
-410471205 8
-410471105 8
-410471002 8
-410470903 8
-410470804 8
-410470701 8
-410470605 8
-410470505 8
-410470406 8
-410470303 8
-410470203 8
-410470103 8
-410470001 8
-410469893 8
-410469794 8
-410469681 8
-410469575 8
-410469474 8
-410469373 8
-410469268 8
-410469071 8
-410468973 8
-410468869 8
-410468769 8
-410468661 8
-410468560 8
-410468456 8
-410468348 8
-410468249 8
-410468150 8
-410468052 8
-410467951 8
-410467845 8
-410467744 8
-410467633 8
-410467526 8
-410467428 8
-410467352 8
-410467274 8
-410467197 8
-410467123 8
-410467046 8
-410466968 8
-410466889 8
-410466814 8
-410466742 8
-410466661 8
-410466589 8
-410466515 8
-410466441 8
-410466350 8
-410466206 8
-410466132 8
-410466054 8
-410465979 8
-410465904 8
-410465827 8
-410465756 8
-410465678 8
-410465608 8
-410465530 8
-410465451 8
-410465377 8
-410465303 8
-410465229 8
-410465154 8
-410465076 8
-410464998 8
-410464924 8
-410464846 8
-410464775 8
-410464698 8
-410464622 8
-410464548 8
-410464474 8
-410464403 8
-410464327 8
-410464252 8
-410464181 8
-410464107 8
-410464032 8
-410463944 8
-410463801 8
-410463728 8
-410463652 8
-410463575 8
-410463501 8
-410463427 8
-410463349 8
-410463273 8
-410463203 8
-410463129 8
-410463054 8
-410462984 8
-410462908 8
-410462837 8
-410462759 8
-410462678 8
-410462600 8
-410462525 8
-410462451 8
-410462380 8
-410462305 8
-410462231 8
-410462154 8
-410462078 8
-410462003 8
-410461929 8
-410461854 8
-410461780 8
-410461704 8
-410461633 8
-410461557 8
-410461425 8
-410461351 8
-410461279 8
-410461207 8
-410461132 8
-410461061 8
-410460988 8
-410460916 8
-410460843 8
-410460768 8
-410460686 8
-410460614 8
-410460537 8
-410460461 8
-410460387 8
-410460311 8
-410460235 8
-410460163 8
-410460089 8
-410460018 8
-410459940 8
-410459866 8
-410459790 8
-410459712 8
-410459633 8
-410459560 8
-410459483 8
-410459404 8
-410459330 8
-410459259 8
-410459182 8
-410459048 8
-410458974 8
-410458895 8
-410458821 8
-410458743 8
-410458664 8
-410458592 8
-410458517 8
-410458444 8
-410458365 8
-410458287 8
-410458210 8
-410458136 8
-410458058 8
-410457987 8
-410457913 8
-410457840 8
-410457766 8
-410457689 8
-410457616 8
-410457541 8
-410457467 8
-410457395 8
-410457316 8
-410457238 8
-410457164 8
-410457086 8
-410457008 8
-410456935 8
-410456863 8
-410456787 8
-410456634 8
-410456560 8
-410456483 8
-410456415 8
-410456340 8
-410456269 8
-410456197 8
-410456122 8
-410456048 8
-410455976 8
-410455901 8
-410455827 8
-410455753 8
-410455676 8
-410455601 8
-410455526 8
-410455458 8
-410455384 8
-410455315 8
-410455241 8
-410455169 8
-410455095 8
-410455021 8
-410454944 8
-410454867 8
-410454797 8
-410454722 8
-410454646 8
-410454573 8
-410454496 8
-410454417 8
-410454276 8
-410454198 8
-410454125 8
-410454049 8
-410453974 8
-410453896 8
-410453819 8
-410453747 8
-410453671 8
-410453597 8
-410453523 8
-410453450 8
-410453375 8
-410453301 8
-410453226 8
-410453151 8
-410453074 8
-410453002 8
-410452928 8
-410452854 8
-410452779 8
-410452705 8
-410452631 8
-410452558 8
-410452482 8
-410452406 8
-410452331 8
-410452254 8
-410452183 8
-410452105 8
-410452024 8
-410451883 8
-410451807 8
-410451733 8
-410451657 8
-410451586 8
-410451508 8
-410451432 8
-410451358 8
-410451282 8
-410451209 8
-410451134 8
-410451059 8
-410450984 8
-410450911 8
-410450840 8
-410450765 8
-410450684 8
-410450610 8
-410450536 8
-410450461 8
-410450394 8
-410450318 8
-410450245 8
-410450171 8
-410450096 8
-410450023 8
-410449945 8
-410449870 8
-410449800 8
-410449723 8
-410449645 8
-410449499 8
-410449421 8
-410449347 8
-410449274 8
-410449192 8
-410449120 8
-410449044 8
-410448970 8
-410448898 8
-410448818 8
-410448732 8
-410448657 8
-410448586 8
-410448512 8
-410448438 8
-410448361 8
-410448291 8
-410448218 8
-410448145 8
-410448070 8
-410447993 8
-410447919 8
-410447842 8
-410447769 8
-410447690 8
-410447612 8
-410447538 8
-410447461 8
-410447386 8
-410447315 8
-410447234 8
-410447090 8
-410447020 8
-410446948 8
-410446877 8
-410446800 8
-410446720 8
-410446642 8
-410446568 8
-410446495 8
-410446418 8
-410446343 8
-410446269 8
-410446194 8
-410446120 8
-410446043 8
-410445966 8
-410445896 8
-410445822 8
-410445752 8
-410445675 8
-410445600 8
-410445525 8
-410445451 8
-410445377 8
-410445299 8
-410445228 8
-410445154 8
-410445080 8
-410445009 8
-410444935 8
-410444861 8
-410444715 8
-410444641 8
-410444567 8
-410444493 8
-410444418 8
-410444344 8
-410444277 8
-410444210 8
-410444137 8
-410444064 8
-410443990 8
-410443922 8
-410443857 8
-410443780 8
-410443697 8
-410443622 8
-410443547 8
-410443477 8
-410443399 8
-410443327 8
-410443256 8
-410443178 8
-410443101 8
-410443026 8
-410442952 8
-410442879 8
-410442805 8
-410442726 8
-410442652 8
-410442577 8
-410442497 8
-410442368 8
-410442293 8
-410442219 8
-410442146 8
-410442076 8
-410442004 8
-410441927 8
-410441850 8
-410441773 8
-410441695 8
-410441618 8
-410441549 8
-410441479 8
-410441404 8
-410441330 8
-410441256 8
-410441182 8
-410441106 8
-410441031 8
-410440958 8
-410440883 8
-410440808 8
-410440729 8
-410440653 8
-410440579 8
-410440507 8
-410440438 8
-410440366 8
-410440295 8
-410440222 8
-410440144 8
-410440002 8
-410439930 8
-410439858 8
-410439791 8
-410439714 8
-410439638 8
-410439564 8
-410439489 8
-410439414 8
-410439339 8
-410439267 8
-410439186 8
-410439109 8
-410439036 8
-410438967 8
-410438894 8
-410438820 8
-410438748 8
-410438668 8
-410438589 8
-410438517 8
-410438445 8
-410438372 8
-410438298 8
-410438224 8
-410438151 8
-410438074 8
-410438004 8
-410437927 8
-410437857 8
-410437782 8
-410437639 8
-410437566 8
-410437496 8
-410437422 8
-410437347 8
-410437276 8
-410437201 8
-410437127 8
-410437052 8
-410436975 8
-410436901 8
-410436827 8
-410436760 8
-410436687 8
-410436613 8
-410436538 8
-410436460 8
-410436387 8
-410436309 8
-410436236 8
-410436165 8
-410436091 8
-410436019 8
-410435947 8
-410435873 8
-410435800 8
-410435723 8
-410435647 8
-410435572 8
-410435499 8
-410435420 8
-410435273 8
-410435200 8
-410435125 8
-410435051 8
-410434977 8
-410434906 8
-410434834 8
-410434756 8
-410434684 8
-410434610 8
-410434538 8
-410434460 8
-410434381 8
-410434309 8
-410434235 8
-410434163 8
-410434088 8
-410434017 8
-410433939 8
-410433865 8
-410433790 8
-410433710 8
-410433636 8
-410433564 8
-410433497 8
-410433424 8
-410433343 8
-410433265 8
-410433194 8
-410433119 8
-410433042 8
-410432905 8
-410432832 8
-410432757 8
-410432684 8
-410432611 8
-410432538 8
-410432463 8
-410432387 8
-410432312 8
-410432239 8
-410432169 8
-410432102 8
-410432028 8
-410431951 8
-410431881 8
-410431806 8
-410431729 8
-410431653 8
-410431581 8
-410431506 8
-410431429 8
-410431363 8
-410431285 8
-410431214 8
-410431140 8
-410431073 8
-410430999 8
-410430926 8
-410430852 8
-410430782 8
-410430704 8
-410430560 8
-410430483 8
-410430409 8
-410430334 8
-410430261 8
-410430183 8
-410430110 8
-410430020 8
-410429949 8
-410429878 8
-410429808 8
-410429737 8
-410429661 8
-410429587 8
-410429510 8
-410429443 8
-410429368 8
-410429296 8
-410429218 8
-410429141 8
-410429069 8
-410428995 8
-410428921 8
-410428847 8
-410428770 8
-410428693 8
-410428620 8
-410428553 8
-410428478 8
-410428404 8
-410428326 8
-410428185 8
-410428114 8
-410428043 8
-410427971 8
-410427901 8
-410427827 8
-410427755 8
-410427679 8
-410427605 8
-410427531 8
-410427457 8
-410427384 8
-410427309 8
-410427240 8
-410427168 8
-410427093 8
-410427015 8
-410426940 8
-410426866 8
-410426793 8
-410426713 8
-410426639 8
-410426561 8
-410426488 8
-410426415 8
-410426345 8
-410426273 8
-410426202 8
-410426125 8
-410426052 8
-410425976 8
-410425834 8
-410425760 8
-410425683 8
-410425611 8
-410425539 8
-410425468 8
-410425395 8
-410425320 8
-410425245 8
-410425169 8
-410425094 8
-410425019 8
-410424946 8
-410424876 8
-410424802 8
-410424725 8
-410424650 8
-410424572 8
-410424500 8
-410424426 8
-410424348 8
-410424275 8
-410424203 8
-410424125 8
-410424052 8
-410423980 8
-410423907 8
-410423832 8
-410423758 8
-410423678 8
-410423597 8
-410423457 8
-410423386 8
-410423311 8
-410423239 8
-410423167 8
-410423092 8
-410423024 8
-410422951 8
-410422882 8
-410422813 8
-410422743 8
-410422669 8
-410422595 8
-410422522 8
-410422451 8
-410422379 8
-410422301 8
-410422228 8
-410422150 8
-410422076 8
-410421999 8
-410421927 8
-410421857 8
-410421787 8
-410421711 8
-410421638 8
-410421565 8
-410421490 8
-410421417 8
-410421345 8
-410421266 8
-410421119 8
-410421042 8
-410420967 8
-410420896 8
-410420823 8
-410420748 8
-410420674 8
-410420600 8
-410420527 8
-410420450 8
-410420380 8
-410420305 8
-410420230 8
-410420157 8
-410420083 8
-410420009 8
-410419937 8
-410419864 8
-410419789 8
-410419715 8
-410419639 8
-410419571 8
-410419497 8
-410419423 8
-410419348 8
-410419277 8
-410419204 8
-410419131 8
-410419056 8
-410418985 8
-410418911 8
-410418765 8
-410418694 8
-410418622 8
-410418542 8
-410418468 8
-410418393 8
-410418318 8
-410418244 8
-410418170 8
-410418099 8
-410418024 8
-410417952 8
-410417881 8
-410417807 8
-410417731 8
-410417660 8
-410417586 8
-410417512 8
-410417437 8
-410417366 8
-410417291 8
-410417218 8
-410417143 8
-410417065 8
-410416991 8
-410416919 8
-410416846 8
-410416778 8
-410416701 8
-410416632 8
-410416555 8
-410416412 8
-410416338 8
-410416262 8
-410416188 8
-410416113 8
-410416040 8
-410415968 8
-410415896 8
-410415829 8
-410415762 8
-410415685 8
-410415607 8
-410415535 8
-410415456 8
-410415381 8
-410415311 8
-410415238 8
-410415166 8
-410415094 8
-410415023 8
-410414949 8
-410414875 8
-410414803 8
-410414729 8
-410414656 8
-410414589 8
-410414515 8
-410414440 8
-410414365 8
-410414294 8
-410414218 8
-410414075 8
-410414007 8
-410413932 8
-410413862 8
-410413792 8
-410413715 8
-410413639 8
-410413564 8
-410413486 8
-410413414 8
-410413346 8
-410413269 8
-410413196 8
-410413121 8
-410413048 8
-410412975 8
-410412901 8
-410412827 8
-410412753 8
-410412676 8
-410412601 8
-410412527 8
-410412453 8
-410412379 8
-410412304 8
-410412230 8
-410412152 8
-410412077 8
-410412004 8
-410411927 8
-410411848 8
-410411697 8
-410411621 8
-410411544 8
-410411472 8
-410411394 8
-410411320 8
-410411244 8
-410411169 8
-410411095 8
-410411018 8
-410410946 8
-410410868 8
-410410795 8
-410410725 8
-410410654 8
-410410580 8
-410410506 8
-410410428 8
-410410356 8
-410410282 8
-410410212 8
-410410134 8
-410410063 8
-410409990 8
-410409918 8
-410409842 8
-410409770 8
-410409696 8
-410409624 8
-410409554 8
-410409477 8
-410409340 8
-410409272 8
-410409197 8
-410409123 8
-410409054 8
-410408980 8
-410408906 8
-410408837 8
-410408763 8
-410408685 8
-410408617 8
-410408543 8
-410408471 8
-410408399 8
-410408325 8
-410408251 8
-410408176 8
-410408101 8
-410408023 8
-410407946 8
-410407871 8
-410407797 8
-410407725 8
-410407654 8
-410407585 8
-410407510 8
-410407439 8
-410407365 8
-410407291 8
-410407220 8
-410407141 8
-410407000 8
-410406925 8
-410406851 8
-410406781 8
-410406703 8
-410406631 8
-410406556 8
-410406484 8
-410406411 8
-410406335 8
-410406258 8
-410406187 8
-410406114 8
-410406041 8
-410405967 8
-410405893 8
-410405819 8
-410405744 8
-410405670 8
-410405596 8
-410405521 8
-410405447 8
-410405380 8
-410405305 8
-410405230 8
-410405157 8
-410405086 8
-410405011 8
-410404941 8
-410404865 8
-410404789 8
-410404635 8
-410404564 8
-410404492 8
-410404417 8
-410404344 8
-410404267 8
-410404193 8
-410404121 8
-410404047 8
-410403975 8
-410403902 8
-410403827 8
-410403753 8
-410403680 8
-410403606 8
-410403536 8
-410403462 8
-410403390 8
-410403316 8
-410403244 8
-410403170 8
-410403097 8
-410403025 8
-410402949 8
-410402875 8
-410402802 8
-410402724 8
-410402650 8
-410402576 8
-410402503 8
-410402427 8
-410402287 8
-410402211 8
-410402139 8
-410402065 8
-410401991 8
-410401914 8
-410401842 8
-410401767 8
-410401690 8
-410401618 8
-410401546 8
-410401474 8
-410401403 8
-410401328 8
-410401252 8
-410401181 8
-410401111 8
-410401042 8
-410400969 8
-410400898 8
-410400824 8
-410400756 8
-410400678 8
-410400604 8
-410400529 8
-410400452 8
-410400378 8
-410400302 8
-410400227 8
-410400156 8
-410400074 8
-410399936 8
-410399861 8
-410399787 8
-410399709 8
-410399636 8
-410399562 8
-410399488 8
-410399418 8
-410399345 8
-410399273 8
-410399203 8
-410399131 8
-410399058 8
-410398985 8
-410398910 8
-410398837 8
-410398766 8
-410398689 8
-410398615 8
-410398540 8
-410398465 8
-410398389 8
-410398314 8
-410398243 8
-410398168 8
-410398097 8
-410398023 8
-410397948 8
-410397877 8
-410397802 8
-410397722 8
-410397579 8
-410397507 8
-410397435 8
-410397360 8
-410397285 8
-410397211 8
-410397137 8
-410397063 8
-410396989 8
-410396917 8
-410396847 8
-410396768 8
-410396689 8
-410396616 8
-410396545 8
-410396474 8
-410396396 8
-410396318 8
-410396244 8
-410396171 8
-410396096 8
-410396023 8
-410395948 8
-410395874 8
-410395803 8
-410395724 8
-410395655 8
-410395581 8
-410395506 8
-410395435 8
-410395361 8
-410395215 8
-410395142 8
-410395068 8
-410394997 8
-410394930 8
-410394857 8
-410394784 8
-410394710 8
-410394635 8
-410394561 8
-410394487 8
-410394412 8
-410394333 8
-410394258 8
-410394183 8
-410394109 8
-410394030 8
-410393959 8
-410393886 8
-410393815 8
-410393737 8
-410393660 8
-410393586 8
-410393511 8
-410393438 8
-410393363 8
-410393288 8
-410393210 8
-410393137 8
-410393067 8
-410392988 8
-410392845 8
-410392770 8
-410392695 8
-410392623 8
-410392549 8
-410392478 8
-410392404 8
-410392333 8
-410392258 8
-410392184 8
-410392109 8
-410392037 8
-410391963 8
-410391889 8
-410391812 8
-410391738 8
-410391656 8
-410391581 8
-410391506 8
-410391432 8
-410391359 8
-410391284 8
-410391207 8
-410391138 8
-410391064 8
-410390992 8
-410390917 8
-410390841 8
-410390766 8
-410390688 8
-410390607 8
-410390465 8
-410390390 8
-410390315 8
-410390241 8
-410390165 8
-410390091 8
-410390014 8
-410389937 8
-410389863 8
-410389787 8
-410389709 8
-410389634 8
-410389556 8
-410389488 8
-410389413 8
-410389337 8
-410389262 8
-410389188 8
-410389116 8
-410389039 8
-410388967 8
-410388889 8
-410388812 8
-410388739 8
-410388663 8
-410388591 8
-410388517 8
-410388442 8
-410388364 8
-410388289 8
-410388208 8
-410388064 8
-410387990 8
-410387916 8
-410387844 8
-410387771 8
-410387694 8
-410387624 8
-410387549 8
-410387477 8
-410387403 8
-410387328 8
-410387255 8
-410387179 8
-410387108 8
-410387034 8
-410386962 8
-410386887 8
-410386816 8
-410386741 8
-410386664 8
-410386589 8
-410386513 8
-410386442 8
-410386368 8
-410386289 8
-410386212 8
-410386136 8
-410386060 8
-410385989 8
-410385913 8
-410385838 8
-410385689 8
-410385613 8
-410385541 8
-410385468 8
-410385396 8
-410385317 8
-410385241 8
-410385162 8
-410385091 8
-410385018 8
-410384946 8
-410384870 8
-410384800 8
-410384722 8
-410384649 8
-410384568 8
-410384490 8
-410384418 8
-410384342 8
-410384267 8
-410384197 8
-410384124 8
-410384049 8
-410383971 8
-410383899 8
-410383822 8
-410383748 8
-410383663 8
-410383592 8
-410383515 8
-410383437 8
-410383290 8
-410383213 8
-410383139 8
-410383067 8
-410382995 8
-410382920 8
-410382847 8
-410382773 8
-410382697 8
-410382622 8
-410382551 8
-410382478 8
-410382404 8
-410382328 8
-410382253 8
-410382179 8
-410382106 8
-410382032 8
-410381959 8
-410381885 8
-410381813 8
-410381738 8
-410381662 8
-410381588 8
-410381514 8
-410381439 8
-410381363 8
-410381287 8
-410381213 8
-410381142 8
-410381065 8
-410380924 8
-410380849 8
-410380773 8
-410380696 8
-410380622 8
-410380549 8
-410380471 8
-410380400 8
-410380325 8
-410380253 8
-410380175 8
-410380097 8
-410380021 8
-410379950 8
-410379871 8
-410379796 8
-410379713 8
-410379641 8
-410379570 8
-410379490 8
-410379411 8
-410379339 8
-410379264 8
-410379190 8
-410379115 8
-410379038 8
-410378962 8
-410378891 8
-410378817 8
-410378746 8
-410378666 8
-410378519 8
-410378441 8
-410378370 8
-410378295 8
-410378220 8
-410378145 8
-410378074 8
-410378001 8
-410377926 8
-410377855 8
-410377781 8
-410377703 8
-410377629 8
-410377558 8
-410377484 8
-410377409 8
-410377333 8
-410377262 8
-410377190 8
-410377117 8
-410377045 8
-410376974 8
-410376901 8
-410376828 8
-410376751 8
-410376673 8
-410376598 8
-410376522 8
-410376447 8
-410376373 8
-410376293 8
-410376149 8
-410376074 8
-410375999 8
-410375926 8
-410375851 8
-410375772 8
-410375698 8
-410375623 8
-410375545 8
-410375472 8
-410375397 8
-410375325 8
-410375251 8
-410375176 8
-410375102 8
-410375028 8
-410374953 8
-410374880 8
-410374806 8
-410374725 8
-410374651 8
-410374577 8
-410374502 8
-410374428 8
-410374352 8
-410374276 8
-410374203 8
-410374130 8
-410374058 8
-410373984 8
-410373908 8
-410373760 8
-410373682 8
-410373607 8
-410373531 8
-410373452 8
-410373376 8
-410373298 8
-410373222 8
-410373144 8
-410373075 8
-410373005 8
-410372930 8
-410372854 8
-410372780 8
-410372703 8
-410372629 8
-410372555 8
-410372476 8
-410372405 8
-410372330 8
-410372258 8
-410372184 8
-410372110 8
-410372033 8
-410371961 8
-410371888 8
-410371817 8
-410371744 8
-410371670 8
-410371595 8
-410371519 8
-410371380 8
-410371305 8
-410371229 8
-410371152 8
-410371078 8
-410371003 8
-410370931 8
-410370857 8
-410370786 8
-410370710 8
-410370635 8
-410370560 8
-410370483 8
-410370408 8
-410370332 8
-410370258 8
-410370184 8
-410370113 8
-410370039 8
-410369965 8
-410369890 8
-410369815 8
-410369736 8
-410369662 8
-410369591 8
-410369512 8
-410369438 8
-410369364 8
-410369292 8
-410369218 8
-410369140 8
-410368999 8
-410368925 8
-410368850 8
-410368777 8
-410368701 8
-410368631 8
-410368556 8
-410368483 8
-410368405 8
-410368329 8
-410368258 8
-410368184 8
-410368110 8
-410368031 8
-410367956 8
-410367881 8
-410367806 8
-410367729 8
-410367655 8
-410367577 8
-410367500 8
-410367428 8
-410367304 8
-410367191 8
-410367086 8
-410366982 8
-410366884 8
-410366782 8
-410366676 8
-410366578 8
-410366463 8
-410366271 8
-410366172 8
-410366073 8
-410365972 8
-410365866 8
-410365762 8
-410365654 8
-410365554 8
-410365457 8
-410365356 8
-410365253 8
-410365151 8
-410365048 8
-410364950 8
-410364852 8
-410364749 8
-410364644 8
-410364544 8
-410364442 8
-410364336 8
-410364228 8
-410364121 8
-410364016 8
-410363916 8
-410363811 8
-410363702 8
-410363600 8
-410363494 8
-410363396 8
-410363296 8
-410363189 8
-410362990 8
-410362883 8
-410362783 8
-410362680 8
-410362580 8
-410362482 8
-410362375 8
-410362274 8
-410362165 8
-410362061 8
-410361961 8
-410361858 8
-410361753 8
-410361649 8
-410361551 8
-410361451 8
-410361352 8
-410361251 8
-410361146 8
-410361047 8
-410360949 8
-410360849 8
-410360750 8
-410360648 8
-410360542 8
-410360439 8
-410360339 8
-410360242 8
-410360142 8
-410360038 8
-410359933 8
-410359732 8
-410359631 8
-410359530 8
-410359429 8
-410359328 8
-410359227 8
-410359127 8
-410359023 8
-410358921 8
-410358816 8
-410358709 8
-410358606 8
-410358505 8
-410358398 8
-410358296 8
-410358192 8
-410358087 8
-410357981 8
-410357880 8
-410357778 8
-410357674 8
-410357569 8
-410357468 8
-410357368 8
-410357264 8
-410357163 8
-410357059 8
-410356956 8
-410356859 8
-410356761 8
-410356653 8
-410356456 8
-410356351 8
-410356243 8
-410356136 8
-410356036 8
-410355927 8
-410355828 8
-410355726 8
-410355622 8
-410355513 8
-410355408 8
-410355301 8
-410355203 8
-410355105 8
-410354999 8
-410354895 8
-410354793 8
-410354687 8
-410354580 8
-410354481 8
-410354380 8
-410354275 8
-410354176 8
-410354068 8
-410353970 8
-410353864 8
-410353765 8
-410353656 8
-410353554 8
-410353455 8
-410353353 8
-410353155 8
-410353055 8
-410352949 8
-410352850 8
-410352752 8
-410352646 8
-410352548 8
-410352450 8
-410352347 8
-410352241 8
-410352141 8
-410352034 8
-410351931 8
-410351832 8
-410351733 8
-410351630 8
-410351530 8
-410351430 8
-410351329 8
-410351216 8
-410351116 8
-410351014 8
-410350914 8
-410350815 8
-410350704 8
-410350602 8
-410350496 8
-410350391 8
-410350288 8
-410350188 8
-410350085 8
-410349891 8
-410349791 8
-410349689 8
-410349591 8
-410349489 8
-410349385 8
-410349280 8
-410349179 8
-410349078 8
-410348980 8
-410348881 8
-410348774 8
-410348670 8
-410348566 8
-410348461 8
-410348363 8
-410348262 8
-410348156 8
-410348054 8
-410347957 8
-410347851 8
-410347747 8
-410347642 8
-410347541 8
-410347438 8
-410347339 8
-410347240 8
-410347140 8
-410347037 8
-410346937 8
-410346830 8
-410346626 8
-410346522 8
-410346422 8
-410346321 8
-410346222 8
-410346122 8
-410346021 8
-410345923 8
-410345825 8
-410345723 8
-410345624 8
-410345517 8
-410345414 8
-410345308 8
-410345203 8
-410345103 8
-410345006 8
-410344906 8
-410344802 8
-410344702 8
-410344605 8
-410344497 8
-410344391 8
-410344288 8
-410344182 8
-410344081 8
-410343974 8
-410343869 8
-410343765 8
-410343663 8
-410343560 8
-410343360 8
-410343254 8
-410343151 8
-410343047 8
-410342942 8
-410342838 8
-410342732 8
-410342628 8
-410342528 8
-410342419 8
-410342318 8
-410342210 8
-410342110 8
-410342003 8
-410341905 8
-410341805 8
-410341701 8
-410341601 8
-410341496 8
-410341389 8
-410341290 8
-410341185 8
-410341086 8
-410340983 8
-410340878 8
-410340779 8
-410340676 8
-410340572 8
-410340474 8
-410340375 8
-410340272 8
-410340074 8
-410339976 8
-410339870 8
-410339767 8
-410339660 8
-410339549 8
-410339448 8
-410339342 8
-410339242 8
-410339141 8
-410339042 8
-410338946 8
-410338845 8
-410338747 8
-410338639 8
-410338536 8
-410338437 8
-410338338 8
-410338234 8
-410338134 8
-410338028 8
-410337928 8
-410337831 8
-410337724 8
-410337624 8
-410337519 8
-410337421 8
-410337321 8
-410337222 8
-410337121 8
-410337013 8
-410336808 8
-410336705 8
-410336604 8
-410336503 8
-410336402 8
-410336301 8
-410336201 8
-410336100 8
-410335994 8
-410335891 8
-410335792 8
-410335689 8
-410335588 8
-410335480 8
-410335380 8
-410335274 8
-410335173 8
-410335073 8
-410334973 8
-410334868 8
-410334766 8
-410334659 8
-410334552 8
-410334447 8
-410334343 8
-410334236 8
-410334132 8
-410334033 8
-410333928 8
-410333827 8
-410333714 8
-410333513 8
-410333405 8
-410333299 8
-410333198 8
-410333094 8
-410332988 8
-410332884 8
-410332786 8
-410332684 8
-410332583 8
-410332480 8
-410332381 8
-410332283 8
-410332176 8
-410332077 8
-410331976 8
-410331872 8
-410331771 8
-410331667 8
-410331566 8
-410331461 8
-410331357 8
-410331258 8
-410331150 8
-410331048 8
-410330942 8
-410330842 8
-410330737 8
-410330634 8
-410330532 8
-410330427 8
-410330223 8
-410330120 8
-410330015 8
-410329912 8
-410329811 8
-410329700 8
-410329602 8
-410329496 8
-410329396 8
-410329290 8
-410329183 8
-410329080 8
-410328980 8
-410328874 8
-410328769 8
-410328658 8
-410328557 8
-410328450 8
-410328346 8
-410328244 8
-410328137 8
-410328033 8
-410327934 8
-410327831 8
-410327724 8
-410327628 8
-410327527 8
-410327429 8
-410327327 8
-410327224 8
-410327121 8
-410326924 8
-410326817 8
-410326710 8
-410326608 8
-410326506 8
-410326404 8
-410326304 8
-410326200 8
-410326098 8
-410325992 8
-410325888 8
-410325792 8
-410325689 8
-410325584 8
-410325481 8
-410325375 8
-410325274 8
-410325168 8
-410325065 8
-410324966 8
-410324860 8
-410324760 8
-410324648 8
-410324550 8
-410324444 8
-410324345 8
-410324240 8
-410324136 8
-410324031 8
-410323931 8
-410323827 8
-410323623 8
-410323522 8
-410323413 8
-410323308 8
-410323207 8
-410323108 8
-410323002 8
-410322902 8
-410322799 8
-410322690 8
-410322593 8
-410322489 8
-410322386 8
-410322280 8
-410322175 8
-410322075 8
-410321971 8
-410321866 8
-410321764 8
-410321660 8
-410321560 8
-410321451 8
-410321353 8
-410321247 8
-410321148 8
-410321042 8
-410320938 8
-410320834 8
-410320728 8
-410320622 8
-410320511 8
-410320319 8
-410320216 8
-410320110 8
-410320011 8
-410319912 8
-410319807 8
-410319703 8
-410319602 8
-410319505 8
-410319397 8
-410319293 8
-410319187 8
-410319085 8
-410318983 8
-410318882 8
-410318779 8
-410318675 8
-410318577 8
-410318476 8
-410318367 8
-410318265 8
-410318158 8
-410318055 8
-410317956 8
-410317858 8
-410317752 8
-410317649 8
-410317551 8
-410317452 8
-410317353 8
-410317245 8
-410317052 8
-410316948 8
-410316846 8
-410316738 8
-410316631 8
-410316533 8
-410316433 8
-410316333 8
-410316234 8
-410316133 8
-410316031 8
-410315933 8
-410315836 8
-410315733 8
-410315628 8
-410315524 8
-410315424 8
-410315318 8
-410315212 8
-410315111 8
-410315002 8
-410314899 8
-410314797 8
-410314685 8
-410314580 8
-410314478 8
-410314371 8
-410314261 8
-410314151 8
-410314045 8
-410313936 8
-410313725 8
-410313624 8
-410313516 8
-410313412 8
-410313314 8
-410313213 8
-410313115 8
-410313014 8
-410312910 8
-410312812 8
-410312707 8
-410312609 8
-410312510 8
-410312403 8
-410312302 8
-410312199 8
-410312099 8
-410311993 8
-410311887 8
-410311783 8
-410311677 8
-410311571 8
-410311465 8
-410311358 8
-410311255 8
-410311152 8
-410311046 8
-410310941 8
-410310832 8
-410310721 8
-410310612 8
-410310395 8
-410310284 8
-410310182 8
-410310077 8
-410309972 8
-410309864 8
-410309764 8
-410309659 8
-410309558 8
-410309457 8
-410309352 8
-410309253 8
-410309146 8
-410309043 8
-410308943 8
-410308842 8
-410308736 8
-410308631 8
-410308528 8
-410308421 8
-410308316 8
-410308214 8
-410308112 8
-410308006 8
-410307905 8
-410307799 8
-410307695 8
-410307596 8
-410307493 8
-410307388 8
-410307275 8
-410307072 8
-410306967 8
-410306864 8
-410306766 8
-410306656 8
-410306557 8
-410306452 8
-410306347 8
-410306248 8
-410306147 8
-410306040 8
-410305941 8
-410305841 8
-410305741 8
-410305636 8
-410305537 8
-410305433 8
-410305329 8
-410305228 8
-410305126 8
-410305030 8
-410304930 8
-410304826 8
-410304721 8
-410304619 8
-410304519 8
-410304419 8
-410304312 8
-410304213 8
-410304115 8
-410304009 8
-410303808 8
-410303707 8
-410303603 8
-410303502 8
-410303395 8
-410303294 8
-410303193 8
-410303092 8
-410302994 8
-410302889 8
-410302787 8
-410302685 8
-410302584 8
-410302482 8
-410302382 8
-410302281 8
-410302180 8
-410302074 8
-410301972 8
-410301866 8
-410301760 8
-410301656 8
-410301549 8
-410301445 8
-410301347 8
-410301245 8
-410301144 8
-410301042 8
-410300938 8
-410300834 8
-410300723 8
-410300526 8
-410300430 8
-410300331 8
-410300231 8
-410300134 8
-410300033 8
-410299928 8
-410299819 8
-410299713 8
-410299610 8
-410299509 8
-410299411 8
-410299305 8
-410299202 8
-410299102 8
-410299004 8
-410298901 8
-410298800 8
-410298690 8
-410298591 8
-410298489 8
-410298380 8
-410298280 8
-410298182 8
-410298077 8
-410297972 8
-410297873 8
-410297772 8
-410297670 8
-410297565 8
-410297454 8
-410297255 8
-410297155 8
-410297052 8
-410296954 8
-410296849 8
-410296750 8
-410296645 8
-410296539 8
-410296442 8
-410296342 8
-410296245 8
-410296144 8
-410296040 8
-410295936 8
-410295829 8
-410295722 8
-410295619 8
-410295517 8
-410295410 8
-410295308 8
-410295205 8
-410295100 8
-410294996 8
-410294894 8
-410294794 8
-410294678 8
-410294573 8
-410294475 8
-410294378 8
-410294276 8
-410294168 8
-410293972 8
-410293871 8
-410293767 8
-410293660 8
-410293557 8
-410293450 8
-410293343 8
-410293240 8
-410293144 8
-410293045 8
-410292945 8
-410292838 8
-410292739 8
-410292628 8
-410292527 8
-410292427 8
-410292327 8
-410292223 8
-410292120 8
-410292021 8
-410291922 8
-410291812 8
-410291699 8
-410291600 8
-410291494 8
-410291394 8
-410291290 8
-410291190 8
-410291090 8
-410290989 8
-410290885 8
-410290688 8
-410290585 8
-410290485 8
-410290386 8
-410290287 8
-410290182 8
-410290084 8
-410289980 8
-410289873 8
-410289774 8
-410289671 8
-410289574 8
-410289470 8
-410289364 8
-410289259 8
-410289161 8
-410289057 8
-410288955 8
-410288857 8
-410288753 8
-410288650 8
-410288553 8
-410288454 8
-410288357 8
-410288256 8
-410288156 8
-410288057 8
-410287952 8
-410287852 8
-410287753 8
-410287643 8
-410287456 8
-410287359 8
-410287261 8
-410287164 8
-410287062 8
-410286963 8
-410286865 8
-410286768 8
-410286668 8
-410286567 8
-410286466 8
-410286369 8
-410286267 8
-410286168 8
-410286064 8
-410285959 8
-410285863 8
-410285763 8
-410285659 8
-410285563 8
-410285465 8
-410285366 8
-410285266 8
-410285167 8
-410285069 8
-410284968 8
-410284866 8
-410284760 8
-410284650 8
-410284553 8
-410284448 8
-410284263 8
-410284164 8
-410284063 8
-410283960 8
-410283853 8
-410283749 8
-410283645 8
-410283547 8
-410283448 8
-410283350 8
-410283243 8
-410283144 8
-410283044 8
-410282946 8
-410282845 8
-410282742 8
-410282641 8
-410282537 8
-410282439 8
-410282334 8
-410282234 8
-410282132 8
-410282033 8
-410281933 8
-410281834 8
-410281737 8
-410281630 8
-410281532 8
-410281434 8
-410281333 8
-410281230 8
-410281036 8
-410280931 8
-410280830 8
-410280722 8
-410280622 8
-410280520 8
-410280425 8
-410280325 8
-410280223 8
-410280126 8
-410280020 8
-410279917 8
-410279815 8
-410279707 8
-410279610 8
-410279507 8
-410279411 8
-410279313 8
-410279213 8
-410279112 8
-410279013 8
-410278914 8
-410278814 8
-410278704 8
-410278605 8
-410278507 8
-410278404 8
-410278306 8
-410278208 8
-410278109 8
-410278007 8
-410277810 8
-410277702 8
-410277601 8
-410277504 8
-410277399 8
-410277301 8
-410277200 8
-410277095 8
-410276988 8
-410276888 8
-410276787 8
-410276683 8
-410276585 8
-410276486 8
-410276387 8
-410276281 8
-410276179 8
-410276084 8
-410275989 8
-410275890 8
-410275792 8
-410275681 8
-410275581 8
-410275484 8
-410275386 8
-410275281 8
-410275184 8
-410275081 8
-410274982 8
-410274875 8
-410274770 8
-410274562 8
-410274456 8
-410274351 8
-410274251 8
-410274150 8
-410274046 8
-410273938 8
-410273838 8
-410273737 8
-410273629 8
-410273524 8
-410273424 8
-410273318 8
-410273212 8
-410273116 8
-410273018 8
-410272915 8
-410272814 8
-410272715 8
-410272620 8
-410272514 8
-410272412 8
-410272313 8
-410272217 8
-410272117 8
-410272015 8
-410271915 8
-410271809 8
-410271705 8
-410271601 8
-410271497 8
-410271311 8
-410271210 8
-410271110 8
-410271010 8
-410270904 8
-410270800 8
-410270695 8
-410270597 8
-410270497 8
-410270401 8
-410270300 8
-410270200 8
-410270094 8
-410269989 8
-410269892 8
-410269792 8
-410269692 8
-410269590 8
-410269488 8
-410269382 8
-410269281 8
-410269172 8
-410269068 8
-410268965 8
-410268867 8
-410268765 8
-410268660 8
-410268566 8
-410268466 8
-410268368 8
-410268264 8
-410268056 8
-410267953 8
-410267848 8
-410267745 8
-410267640 8
-410267539 8
-410267441 8
-410267341 8
-410267248 8
-410267169 8
-410267095 8
-410267023 8
-410266953 8
-410266879 8
-410266803 8
-410266720 8
-410266642 8
-410266564 8
-410266490 8
-410266415 8
-410266344 8
-410266271 8
-410266195 8
-410266121 8
-410266043 8
-410265968 8
-410265889 8
-410265814 8
-410265739 8
-410265659 8
-410265568 8
-410265426 8
-410265354 8
-410265278 8
-410265206 8
-410265132 8
-410265058 8
-410264983 8
-410264914 8
-410264847 8
-410264777 8
-410264702 8
-410264629 8
-410264555 8
-410264484 8
-410264409 8
-410264334 8
-410264265 8
-410264193 8
-410264122 8
-410264047 8
-410263973 8
-410263899 8
-410263827 8
-410263755 8
-410263677 8
-410263603 8
-410263532 8
-410263460 8
-410263388 8
-410263314 8
-410263235 8
-410263093 8
-410263018 8
-410262943 8
-410262868 8
-410262801 8
-410262724 8
-410262650 8
-410262578 8
-410262498 8
-410262424 8
-410262350 8
-410262278 8
-410262204 8
-410262130 8
-410262059 8
-410261986 8
-410261912 8
-410261838 8
-410261763 8
-410261684 8
-410261606 8
-410261533 8
-410261459 8
-410261380 8
-410261304 8
-410261225 8
-410261156 8
-410261089 8
-410261016 8
-410260944 8
-410260868 8
-410260723 8
-410260655 8
-410260580 8
-410260506 8
-410260431 8
-410260357 8
-410260284 8
-410260209 8
-410260136 8
-410260062 8
-410259987 8
-410259912 8
-410259837 8
-410259763 8
-410259689 8
-410259622 8
-410259550 8
-410259478 8
-410259411 8
-410259336 8
-410259265 8
-410259191 8
-410259117 8
-410259038 8
-410258964 8
-410258892 8
-410258817 8
-410258742 8
-410258667 8
-410258593 8
-410258514 8
-410258372 8
-410258296 8
-410258220 8
-410258148 8
-410258073 8
-410257997 8
-410257928 8
-410257853 8
-410257778 8
-410257701 8
-410257627 8
-410257553 8
-410257482 8
-410257414 8
-410257340 8
-410257268 8
-410257192 8
-410257118 8
-410257039 8
-410256968 8
-410256893 8
-410256819 8
-410256747 8
-410256669 8
-410256595 8
-410256516 8
-410256442 8
-410256370 8
-410256295 8
-410256225 8
-410256147 8
-410256006 8
-410255929 8
-410255857 8
-410255782 8
-410255709 8
-410255636 8
-410255561 8
-410255483 8
-410255409 8
-410255337 8
-410255255 8
-410255177 8
-410255105 8
-410255031 8
-410254955 8
-410254887 8
-410254813 8
-410254738 8
-410254658 8
-410254584 8
-410254509 8
-410254435 8
-410254363 8
-410254290 8
-410254222 8
-410254151 8
-410254074 8
-410254000 8
-410253925 8
-410253847 8
-410253767 8
-410253623 8
-410253552 8
-410253473 8
-410253395 8
-410253318 8
-410253240 8
-410253164 8
-410253089 8
-410253020 8
-410252949 8
-410252873 8
-410252796 8
-410252722 8
-410252648 8
-410252580 8
-410252506 8
-410252428 8
-410252358 8
-410252290 8
-410252215 8
-410252143 8
-410252075 8
-410252000 8
-410251928 8
-410251856 8
-410251786 8
-410251713 8
-410251642 8
-410251568 8
-410251492 8
-410251416 8
-410251270 8
-410251198 8
-410251125 8
-410251053 8
-410250978 8
-410250904 8
-410250829 8
-410250754 8
-410250675 8
-410250605 8
-410250531 8
-410250456 8
-410250377 8
-410250303 8
-410250224 8
-410250147 8
-410250070 8
-410249995 8
-410249920 8
-410249845 8
-410249769 8
-410249692 8
-410249621 8
-410249546 8
-410249472 8
-410249400 8
-410249330 8
-410249252 8
-410249175 8
-410249100 8
-410249023 8
-410248887 8
-410248814 8
-410248741 8
-410248664 8
-410248593 8
-410248518 8
-410248444 8
-410248371 8
-410248293 8
-410248219 8
-410248148 8
-410248074 8
-410247995 8
-410247921 8
-410247846 8
-410247777 8
-410247698 8
-410247624 8
-410247551 8
-410247478 8
-410247403 8
-410247329 8
-410247253 8
-410247179 8
-410247110 8
-410247041 8
-410246969 8
-410246896 8
-410246820 8
-410246744 8
-410246663 8
-410246526 8
-410246450 8
-410246376 8
-410246304 8
-410246229 8
-410246154 8
-410246086 8
-410246015 8
-410245937 8
-410245860 8
-410245788 8
-410245713 8
-410245641 8
-410245572 8
-410245497 8
-410245424 8
-410245351 8
-410245279 8
-410245206 8
-410245140 8
-410245065 8
-410244994 8
-410244921 8
-410244850 8
-410244778 8
-410244699 8
-410244626 8
-410244552 8
-410244477 8
-410244401 8
-410244322 8
-410244180 8
-410244106 8
-410244029 8
-410243959 8
-410243886 8
-410243814 8
-410243736 8
-410243660 8
-410243583 8
-410243510 8
-410243439 8
-410243365 8
-410243293 8
-410243218 8
-410243144 8
-410243070 8
-410242996 8
-410242922 8
-410242850 8
-410242775 8
-410242701 8
-410242628 8
-410242553 8
-410242482 8
-410242404 8
-410242327 8
-410242249 8
-410242173 8
-410242099 8
-410242024 8
-410241944 8
-410241803 8
-410241724 8
-410241653 8
-410241583 8
-410241511 8
-410241438 8
-410241366 8
-410241294 8
-410241224 8
-410241149 8
-410241078 8
-410241006 8
-410240935 8
-410240863 8
-410240788 8
-410240710 8
-410240632 8
-410240561 8
-410240482 8
-410240402 8
-410240324 8
-410240250 8
-410240171 8
-410240099 8
-410240026 8
-410239951 8
-410239874 8
-410239799 8
-410239722 8
-410239648 8
-410239576 8
-410239438 8
-410239369 8
-410239295 8
-410239218 8
-410239143 8
-410239073 8
-410238997 8
-410238923 8
-410238844 8
-410238772 8
-410238694 8
-410238620 8
-410238545 8
-410238472 8
-410238396 8
-410238322 8
-410238248 8
-410238175 8
-410238102 8
-410238026 8
-410237953 8
-410237878 8
-410237809 8
-410237741 8
-410237664 8
-410237596 8
-410237523 8
-410237445 8
-410237368 8
-410237292 8
-410237215 8
-410237067 8
-410236998 8
-410236931 8
-410236857 8
-410236782 8
-410236707 8
-410236633 8
-410236555 8
-410236484 8
-410236412 8
-410236340 8
-410236266 8
-410236191 8
-410236114 8
-410236039 8
-410235969 8
-410235895 8
-410235819 8
-410235745 8
-410235668 8
-410235600 8
-410235525 8
-410235452 8
-410235373 8
-410235297 8
-410235225 8
-410235153 8
-410235082 8
-410235004 8
-410234931 8
-410234855 8
-410234703 8
-410234629 8
-410234555 8
-410234483 8
-410234413 8
-410234341 8
-410234267 8
-410234195 8
-410234121 8
-410234050 8
-410233980 8
-410233904 8
-410233829 8
-410233753 8
-410233678 8
-410233600 8
-410233528 8
-410233456 8
-410233386 8
-410233314 8
-410233240 8
-410233165 8
-410233090 8
-410233015 8
-410232945 8
-410232870 8
-410232795 8
-410232717 8
-410232642 8
-410232567 8
-410232486 8
-410232347 8
-410232269 8
-410232193 8
-410232118 8
-410232041 8
-410231968 8
-410231894 8
-410231820 8
-410231747 8
-410231670 8
-410231596 8
-410231525 8
-410231450 8
-410231376 8
-410231306 8
-410231227 8
-410231148 8
-410231076 8
-410230999 8
-410230921 8
-410230846 8
-410230772 8
-410230694 8
-410230617 8
-410230546 8
-410230471 8
-410230397 8
-410230323 8
-410230248 8
-410230173 8
-410230097 8
-410229952 8
-410229878 8
-410229807 8
-410229731 8
-410229664 8
-410229590 8
-410229516 8
-410229443 8
-410229370 8
-410229296 8
-410229220 8
-410229147 8
-410229074 8
-410229000 8
-410228929 8
-410228852 8
-410228778 8
-410228701 8
-410228622 8
-410228551 8
-410228471 8
-410228396 8
-410228324 8
-410228249 8
-410228174 8
-410228101 8
-410228027 8
-410227950 8
-410227881 8
-410227809 8
-410227726 8
-410227583 8
-410227509 8
-410227432 8
-410227356 8
-410227283 8
-410227213 8
-410227142 8
-410227069 8
-410226998 8
-410226920 8
-410226846 8
-410226773 8
-410226693 8
-410226616 8
-410226545 8
-410226462 8
-410226387 8
-410226314 8
-410226236 8
-410226160 8
-410226082 8
-410226008 8
-410225938 8
-410225867 8
-410225790 8
-410225712 8
-410225639 8
-410225562 8
-410225488 8
-410225417 8
-410225340 8
-410225193 8
-410225124 8
-410225052 8
-410224978 8
-410224904 8
-410224833 8
-410224758 8
-410224682 8
-410224607 8
-410224531 8
-410224458 8
-410224383 8
-410224311 8
-410224235 8
-410224163 8
-410224091 8
-410224020 8
-410223946 8
-410223874 8
-410223800 8
-410223722 8
-410223647 8
-410223575 8
-410223502 8
-410223428 8
-410223358 8
-410223284 8
-410223212 8
-410223140 8
-410223065 8
-410222987 8
-410222845 8
-410222772 8
-410222697 8
-410222624 8
-410222549 8
-410222475 8
-410222398 8
-410222324 8
-410222248 8
-410222176 8
-410222097 8
-410222024 8
-410221950 8
-410221874 8
-410221800 8
-410221719 8
-410221644 8
-410221566 8
-410221496 8
-410221429 8
-410221363 8
-410221295 8
-410221223 8
-410221149 8
-410221074 8
-410221004 8
-410220928 8
-410220853 8
-410220775 8
-410220694 8
-410220615 8
-410220472 8
-410220398 8
-410220319 8
-410220245 8
-410220169 8
-410220095 8
-410220020 8
-410219944 8
-410219871 8
-410219800 8
-410219722 8
-410219646 8
-410219571 8
-410219500 8
-410219426 8
-410219352 8
-410219281 8
-410219212 8
-410219140 8
-410219063 8
-410218989 8
-410218912 8
-410218838 8
-410218766 8
-410218686 8
-410218607 8
-410218529 8
-410218451 8
-410218375 8
-410218304 8
-410218227 8
-410218086 8
-410218012 8
-410217932 8
-410217860 8
-410217784 8
-410217703 8
-410217623 8
-410217548 8
-410217472 8
-410217403 8
-410217326 8
-410217247 8
-410217170 8
-410217094 8
-410217026 8
-410216952 8
-410216875 8
-410216803 8
-410216727 8
-410216649 8
-410216577 8
-410216504 8
-410216438 8
-410216362 8
-410216288 8
-410216215 8
-410216144 8
-410216068 8
-410215992 8
-410215905 8
-410215828 8
-410215682 8
-410215608 8
-410215536 8
-410215466 8
-410215392 8
-410215319 8
-410215244 8
-410215169 8
-410215098 8
-410215024 8
-410214953 8
-410214878 8
-410214802 8
-410214724 8
-410214644 8
-410214570 8
-410214494 8
-410214422 8
-410214348 8
-410214268 8
-410214189 8
-410214114 8
-410214040 8
-410213961 8
-410213885 8
-410213813 8
-410213741 8
-410213664 8
-410213585 8
-410213514 8
-410213434 8
-410213292 8
-410213216 8
-410213144 8
-410213075 8
-410212999 8
-410212927 8
-410212853 8
-410212779 8
-410212697 8
-410212621 8
-410212542 8
-410212466 8
-410212391 8
-410212318 8
-410212240 8
-410212164 8
-410212091 8
-410212019 8
-410211945 8
-410211871 8
-410211800 8
-410211722 8
-410211646 8
-410211577 8
-410211501 8
-410211423 8
-410211355 8
-410211284 8
-410211209 8
-410211135 8
-410211054 8
-410210906 8
-410210828 8
-410210751 8
-410210677 8
-410210604 8
-410210528 8
-410210460 8
-410210385 8
-410210314 8
-410210238 8
-410210162 8
-410210086 8
-410210015 8
-410209946 8
-410209876 8
-410209797 8
-410209715 8
-410209640 8
-410209567 8
-410209488 8
-410209412 8
-410209337 8
-410209262 8
-410209187 8
-410209113 8
-410209034 8
-410208961 8
-410208887 8
-410208813 8
-410208739 8
-410208658 8
-410208516 8
-410208442 8
-410208362 8
-410208285 8
-410208205 8
-410208126 8
-410208051 8
-410207975 8
-410207898 8
-410207822 8
-410207747 8
-410207663 8
-410207590 8
-410207516 8
-410207438 8
-410207360 8
-410207285 8
-410207208 8
-410207135 8
-410207056 8
-410206978 8
-410206904 8
-410206828 8
-410206754 8
-410206675 8
-410206597 8
-410206520 8
-410206450 8
-410206378 8
-410206306 8
-410206226 8
-410206088 8
-410206012 8
-410205937 8
-410205861 8
-410205787 8
-410205706 8
-410205631 8
-410205554 8
-410205478 8
-410205402 8
-410205327 8
-410205251 8
-410205180 8
-410205104 8
-410205029 8
-410204953 8
-410204878 8
-410204804 8
-410204726 8
-410204650 8
-410204576 8
-410204501 8
-410204425 8
-410204353 8
-410204279 8
-410204205 8
-410204133 8
-410204062 8
-410203988 8
-410203913 8
-410203833 8
-410203683 8
-410203606 8
-410203531 8
-410203456 8
-410203381 8
-410203306 8
-410203234 8
-410203161 8
-410203086 8
-410203011 8
-410202935 8
-410202860 8
-410202788 8
-410202710 8
-410202636 8
-410202563 8
-410202492 8
-410202416 8
-410202341 8
-410202266 8
-410202187 8
-410202114 8
-410202038 8
-410201959 8
-410201882 8
-410201808 8
-410201729 8
-410201654 8
-410201579 8
-410201508 8
-410201430 8
-410201291 8
-410201217 8
-410201142 8
-410201069 8
-410200995 8
-410200920 8
-410200843 8
-410200772 8
-410200695 8
-410200620 8
-410200544 8
-410200468 8
-410200396 8
-410200323 8
-410200247 8
-410200172 8
-410200095 8
-410200021 8
-410199942 8
-410199866 8
-410199790 8
-410199712 8
-410199637 8
-410199559 8
-410199480 8
-410199403 8
-410199326 8
-410199249 8
-410199177 8
-410199104 8
-410199024 8
-410198882 8
-410198809 8
-410198737 8
-410198661 8
-410198580 8
-410198506 8
-410198427 8
-410198353 8
-410198279 8
-410198206 8
-410198134 8
-410198063 8
-410197989 8
-410197914 8
-410197840 8
-410197764 8
-410197683 8
-410197603 8
-410197525 8
-410197450 8
-410197373 8
-410197294 8
-410197222 8
-410197151 8
-410197076 8
-410197001 8
-410196921 8
-410196844 8
-410196764 8
-410196683 8
-410196601 8
-410196456 8
-410196380 8
-410196306 8
-410196231 8
-410196159 8
-410196086 8
-410196015 8
-410195941 8
-410195867 8
-410195794 8
-410195719 8
-410195644 8
-410195570 8
-410195491 8
-410195417 8
-410195345 8
-410195273 8
-410195198 8
-410195126 8
-410195051 8
-410194976 8
-410194901 8
-410194829 8
-410194756 8
-410194677 8
-410194601 8
-410194526 8
-410194454 8
-410194379 8
-410194307 8
-410194226 8
-410194083 8
-410194012 8
-410193938 8
-410193867 8
-410193788 8
-410193704 8
-410193626 8
-410193553 8
-410193474 8
-410193402 8
-410193328 8
-410193253 8
-410193178 8
-410193105 8
-410193029 8
-410192957 8
-410192883 8
-410192807 8
-410192729 8
-410192654 8
-410192579 8
-410192503 8
-410192427 8
-410192351 8
-410192276 8
-410192199 8
-410192122 8
-410192045 8
-410191971 8
-410191896 8
-410191814 8
-410191668 8
-410191590 8
-410191515 8
-410191439 8
-410191365 8
-410191286 8
-410191209 8
-410191135 8
-410191055 8
-410190979 8
-410190905 8
-410190829 8
-410190755 8
-410190671 8
-410190590 8
-410190514 8
-410190441 8
-410190366 8
-410190291 8
-410190212 8
-410190139 8
-410190064 8
-410189990 8
-410189915 8
-410189839 8
-410189764 8
-410189686 8
-410189611 8
-410189536 8
-410189461 8
-410189385 8
-410189240 8
-410189168 8
-410189094 8
-410189023 8
-410188946 8
-410188870 8
-410188795 8
-410188721 8
-410188646 8
-410188565 8
-410188489 8
-410188415 8
-410188343 8
-410188267 8
-410188191 8
-410188116 8
-410188039 8
-410187968 8
-410187895 8
-410187819 8
-410187745 8
-410187666 8
-410187588 8
-410187509 8
-410187438 8
-410187364 8
-410187289 8
-410187216 8
-410187143 8
-410187070 8
-410186989 8
-410186847 8
-410186775 8
-410186696 8
-410186617 8
-410186543 8
-410186468 8
-410186393 8
-410186321 8
-410186248 8
-410186173 8
-410186101 8
-410186027 8
-410185952 8
-410185875 8
-410185802 8
-410185725 8
-410185649 8
-410185579 8
-410185500 8
-410185421 8
-410185345 8
-410185270 8
-410185191 8
-410185118 8
-410185043 8
-410184968 8
-410184890 8
-410184815 8
-410184739 8
-410184663 8
-410184584 8
-410184441 8
-410184365 8
-410184291 8
-410184216 8
-410184140 8
-410184068 8
-410183994 8
-410183922 8
-410183848 8
-410183776 8
-410183698 8
-410183624 8
-410183549 8
-410183474 8
-410183401 8
-410183326 8
-410183254 8
-410183176 8
-410183103 8
-410183031 8
-410182960 8
-410182888 8
-410182815 8
-410182743 8
-410182667 8
-410182596 8
-410182519 8
-410182443 8
-410182369 8
-410182298 8
-410182216 8
-410182072 8
-410182001 8
-410181921 8
-410181846 8
-410181770 8
-410181691 8
-410181619 8
-410181547 8
-410181473 8
-410181399 8
-410181327 8
-410181247 8
-410181173 8
-410181093 8
-410181021 8
-410180947 8
-410180876 8
-410180804 8
-410180729 8
-410180654 8
-410180579 8
-410180504 8
-410180429 8
-410180354 8
-410180279 8
-410180203 8
-410180128 8
-410180054 8
-410179982 8
-410179911 8
-410179831 8
-410179687 8
-410179612 8
-410179538 8
-410179462 8
-410179390 8
-410179315 8
-410179240 8
-410179164 8
-410179087 8
-410179011 8
-410178935 8
-410178861 8
-410178789 8
-410178711 8
-410178637 8
-410178563 8
-410178491 8
-410178417 8
-410178344 8
-410178270 8
-410178194 8
-410178118 8
-410178043 8
-410177971 8
-410177897 8
-410177825 8
-410177753 8
-410177677 8
-410177604 8
-410177529 8
-410177450 8
-410177304 8
-410177228 8
-410177157 8
-410177081 8
-410177006 8
-410176931 8
-410176857 8
-410176785 8
-410176708 8
-410176635 8
-410176562 8
-410176490 8
-410176417 8
-410176343 8
-410176264 8
-410176187 8
-410176115 8
-410176043 8
-410175971 8
-410175899 8
-410175824 8
-410175749 8
-410175671 8
-410175598 8
-410175522 8
-410175447 8
-410175372 8
-410175298 8
-410175222 8
-410175151 8
-410175073 8
-410174931 8
-410174857 8
-410174780 8
-410174697 8
-410174621 8
-410174547 8
-410174472 8
-410174399 8
-410174325 8
-410174255 8
-410174180 8
-410174107 8
-410174032 8
-410173956 8
-410173881 8
-410173807 8
-410173725 8
-410173650 8
-410173577 8
-410173503 8
-410173429 8
-410173354 8
-410173275 8
-410173199 8
-410173124 8
-410173050 8
-410172975 8
-410172901 8
-410172826 8
-410172752 8
-410172669 8
-410172524 8
-410172449 8
-410172374 8
-410172300 8
-410172227 8
-410172151 8
-410172074 8
-410172002 8
-410171924 8
-410171851 8
-410171777 8
-410171698 8
-410171623 8
-410171550 8
-410171471 8
-410171395 8
-410171320 8
-410171240 8
-410171168 8
-410171094 8
-410171019 8
-410170944 8
-410170868 8
-410170795 8
-410170720 8
-410170644 8
-410170571 8
-410170497 8
-410170425 8
-410170353 8
-410170274 8
-410170132 8
-410170060 8
-410169985 8
-410169913 8
-410169839 8
-410169764 8
-410169684 8
-410169609 8
-410169535 8
-410169463 8
-410169383 8
-410169308 8
-410169233 8
-410169161 8
-410169086 8
-410169011 8
-410168937 8
-410168866 8
-410168795 8
-410168720 8
-410168649 8
-410168575 8
-410168501 8
-410168426 8
-410168352 8
-410168280 8
-410168208 8
-410168136 8
-410168064 8
-410167992 8
-410167911 8
-410167764 8
-410167685 8
-410167607 8
-410167531 8
-410167456 8
-410167381 8
-410167306 8
-410167232 8
-410167132 8
-410167028 8
-410166930 8
-410166829 8
-410166723 8
-410166622 8
-410166517 8
-410166414 8
-410166316 8
-410166217 8
-410166112 8
-410166009 8
-410165908 8
-410165808 8
-410165707 8
-410165604 8
-410165504 8
-410165404 8
-410165305 8
-410165199 8
-410165101 8
-410165003 8
-410164888 8
-410164688 8
-410164587 8
-410164488 8
-410164383 8
-410164275 8
-410164175 8
-410164068 8
-410163970 8
-410163872 8
-410163773 8
-410163667 8
-410163570 8
-410163469 8
-410163366 8
-410163259 8
-410163154 8
-410163055 8
-410162956 8
-410162846 8
-410162742 8
-410162636 8
-410162539 8
-410162440 8
-410162334 8
-410162236 8
-410162133 8
-410162027 8
-410161929 8
-410161832 8
-410161729 8
-410161618 8
-410161416 8
-410161318 8
-410161213 8
-410161113 8
-410161009 8
-410160910 8
-410160812 8
-410160710 8
-410160609 8
-410160511 8
-410160406 8
-410160305 8
-410160199 8
-410160101 8
-410160003 8
-410159905 8
-410159800 8
-410159696 8
-410159597 8
-410159492 8
-410159395 8
-410159289 8
-410159189 8
-410159084 8
-410158985 8
-410158886 8
-410158780 8
-410158676 8
-410158577 8
-410158472 8
-410158372 8
-410158175 8
-410158070 8
-410157969 8
-410157864 8
-410157761 8
-410157657 8
-410157553 8
-410157455 8
-410157357 8
-410157256 8
-410157157 8
-410157058 8
-410156955 8
-410156852 8
-410156750 8
-410156648 8
-410156546 8
-410156445 8
-410156338 8
-410156234 8
-410156132 8
-410156032 8
-410155932 8
-410155831 8
-410155726 8
-410155626 8
-410155528 8
-410155422 8
-410155325 8
-410155229 8
-410155120 8
-410154920 8
-410154822 8
-410154718 8
-410154613 8
-410154514 8
-410154414 8
-410154315 8
-410154210 8
-410154112 8
-410154010 8
-410153912 8
-410153815 8
-410153710 8
-410153604 8
-410153504 8
-410153402 8
-410153302 8
-410153203 8
-410153105 8
-410152999 8
-410152902 8
-410152804 8
-410152701 8
-410152601 8
-410152497 8
-410152397 8
-410152293 8
-410152190 8
-410152092 8
-410151986 8
-410151883 8
-410151678 8
-410151581 8
-410151482 8
-410151380 8
-410151282 8
-410151181 8
-410151084 8
-410150983 8
-410150883 8
-410150785 8
-410150682 8
-410150584 8
-410150483 8
-410150384 8
-410150283 8
-410150186 8
-410150084 8
-410149987 8
-410149878 8
-410149775 8
-410149672 8
-410149577 8
-410149479 8
-410149380 8
-410149281 8
-410149181 8
-410149075 8
-410148972 8
-410148874 8
-410148774 8
-410148661 8
-410148464 8
-410148357 8
-410148253 8
-410148155 8
-410148049 8
-410147943 8
-410147843 8
-410147740 8
-410147633 8
-410147533 8
-410147431 8
-410147333 8
-410147235 8
-410147129 8
-410147028 8
-410146928 8
-410146832 8
-410146730 8
-410146630 8
-410146525 8
-410146421 8
-410146320 8
-410146215 8
-410146117 8
-410146019 8
-410145915 8
-410145810 8
-410145708 8
-410145612 8
-410145513 8
-410145412 8
-410145216 8
-410145117 8
-410145012 8
-410144913 8
-410144809 8
-410144698 8
-410144600 8
-410144493 8
-410144391 8
-410144289 8
-410144189 8
-410144088 8
-410143991 8
-410143892 8
-410143792 8
-410143687 8
-410143585 8
-410143484 8
-410143384 8
-410143278 8
-410143173 8
-410143074 8
-410142972 8
-410142868 8
-410142768 8
-410142664 8
-410142555 8
-410142457 8
-410142357 8
-410142258 8
-410142142 8
-410141954 8
-410141853 8
-410141750 8
-410141648 8
-410141547 8
-410141449 8
-410141349 8
-410141249 8
-410141146 8
-410141046 8
-410140940 8
-410140833 8
-410140723 8
-410140625 8
-410140519 8
-410140418 8
-410140318 8
-410140219 8
-410140120 8
-410140023 8
-410139924 8
-410139822 8
-410139718 8
-410139619 8
-410139521 8
-410139416 8
-410139314 8
-410139211 8
-410139107 8
-410139008 8
-410138900 8
-410138702 8
-410138596 8
-410138493 8
-410138387 8
-410138282 8
-410138182 8
-410138082 8
-410137982 8
-410137876 8
-410137776 8
-410137674 8
-410137572 8
-410137469 8
-410137362 8
-410137261 8
-410137156 8
-410137050 8
-410136947 8
-410136846 8
-410136739 8
-410136640 8
-410136541 8
-410136441 8
-410136342 8
-410136242 8
-410136137 8
-410136038 8
-410135937 8
-410135838 8
-410135738 8
-410135626 8
-410135431 8
-410135331 8
-410135225 8
-410135127 8
-410135026 8
-410134924 8
-410134826 8
-410134720 8
-410134617 8
-410134514 8
-410134403 8
-410134303 8
-410134204 8
-410134102 8
-410134004 8
-410133900 8
-410133801 8
-410133696 8
-410133589 8
-410133489 8
-410133393 8
-410133295 8
-410133189 8
-410133088 8
-410132990 8
-410132886 8
-410132787 8
-410132677 8
-410132570 8
-410132465 8
-410132358 8
-410132160 8
-410132056 8
-410131956 8
-410131851 8
-410131744 8
-410131640 8
-410131539 8
-410131440 8
-410131334 8
-410131236 8
-410131138 8
-410131037 8
-410130934 8
-410130832 8
-410130729 8
-410130625 8
-410130519 8
-410130412 8
-410130309 8
-410130207 8
-410130101 8
-410129999 8
-410129897 8
-410129795 8
-410129689 8
-410129584 8
-410129485 8
-410129384 8
-410129284 8
-410129179 8
-410129071 8
-410128867 8
-410128766 8
-410128655 8
-410128553 8
-410128446 8
-410128345 8
-410128243 8
-410128143 8
-410128038 8
-410127936 8
-410127831 8
-410127725 8
-410127614 8
-410127511 8
-410127408 8
-410127310 8
-410127211 8
-410127110 8
-410127009 8
-410126905 8
-410126807 8
-410126705 8
-410126609 8
-410126508 8
-410126401 8
-410126301 8
-410126201 8
-410126095 8
-410125990 8
-410125882 8
-410125775 8
-410125579 8
-410125479 8
-410125374 8
-410125277 8
-410125179 8
-410125081 8
-410124977 8
-410124877 8
-410124775 8
-410124672 8
-410124572 8
-410124470 8
-410124372 8
-410124272 8
-410124172 8
-410124068 8
-410123963 8
-410123859 8
-410123760 8
-410123655 8
-410123555 8
-410123448 8
-410123345 8
-410123236 8
-410123136 8
-410123036 8
-410122938 8
-410122838 8
-410122730 8
-410122632 8
-410122528 8
-410122334 8
-410122230 8
-410122130 8
-410122023 8
-410121919 8
-410121820 8
-410121718 8
-410121620 8
-410121512 8
-410121409 8
-410121310 8
-410121207 8
-410121106 8
-410121004 8
-410120901 8
-410120804 8
-410120703 8
-410120602 8
-410120496 8
-410120389 8
-410120285 8
-410120181 8
-410120084 8
-410119977 8
-410119874 8
-410119776 8
-410119673 8
-410119570 8
-410119459 8
-410119352 8
-410119246 8
-410119049 8
-410118948 8
-410118843 8
-410118742 8
-410118638 8
-410118540 8
-410118443 8
-410118346 8
-410118248 8
-410118150 8
-410118053 8
-410117951 8
-410117852 8
-410117754 8
-410117651 8
-410117553 8
-410117453 8
-410117355 8
-410117255 8
-410117156 8
-410117057 8
-410116960 8
-410116863 8
-410116764 8
-410116658 8
-410116557 8
-410116452 8
-410116349 8
-410116240 8
-410116139 8
-410116032 8
-410115843 8
-410115746 8
-410115639 8
-410115534 8
-410115434 8
-410115328 8
-410115231 8
-410115127 8
-410115021 8
-410114923 8
-410114826 8
-410114718 8
-410114619 8
-410114514 8
-410114413 8
-410114315 8
-410114216 8
-410114111 8
-410114009 8
-410113911 8
-410113808 8
-410113699 8
-410113599 8
-410113497 8
-410113393 8
-410113291 8
-410113193 8
-410113093 8
-410112986 8
-410112889 8
-410112786 8
-410112571 8
-410112473 8
-410112366 8
-410112264 8
-410112166 8
-410112058 8
-410111960 8
-410111864 8
-410111768 8
-410111665 8
-410111567 8
-410111468 8
-410111368 8
-410111266 8
-410111164 8
-410111058 8
-410110953 8
-410110848 8
-410110750 8
-410110650 8
-410110549 8
-410110444 8
-410110345 8
-410110247 8
-410110139 8
-410110033 8
-410109935 8
-410109831 8
-410109723 8
-410109620 8
-410109515 8
-410109326 8
-410109222 8
-410109119 8
-410109017 8
-410108911 8
-410108814 8
-410108708 8
-410108603 8
-410108506 8
-410108405 8
-410108305 8
-410108203 8
-410108092 8
-410107988 8
-410107875 8
-410107765 8
-410107665 8
-410107568 8
-410107471 8
-410107374 8
-410107273 8
-410107169 8
-410107070 8
-410106968 8
-410106859 8
-410106761 8
-410106660 8
-410106561 8
-410106463 8
-410106365 8
-410106261 8
-410106061 8
-410105961 8
-410105861 8
-410105759 8
-410105653 8
-410105550 8
-410105449 8
-410105340 8
-410105237 8
-410105135 8
-410105035 8
-410104939 8
-410104839 8
-410104738 8
-410104633 8
-410104530 8
-410104429 8
-410104332 8
-410104232 8
-410104132 8
-410104034 8
-410103929 8
-410103827 8
-410103719 8
-410103612 8
-410103507 8
-410103408 8
-410103311 8
-410103205 8
-410103099 8
-410102995 8
-410102796 8
-410102688 8
-410102587 8
-410102488 8
-410102383 8
-410102286 8
-410102188 8
-410102090 8
-410101990 8
-410101886 8
-410101784 8
-410101678 8
-410101580 8
-410101478 8
-410101382 8
-410101279 8
-410101179 8
-410101079 8
-410100984 8
-410100885 8
-410100787 8
-410100683 8
-410100584 8
-410100487 8
-410100387 8
-410100282 8
-410100176 8
-410100071 8
-410099966 8
-410099862 8
-410099759 8
-410099560 8
-410099459 8
-410099353 8
-410099253 8
-410099153 8
-410099048 8
-410098949 8
-410098849 8
-410098739 8
-410098637 8
-410098540 8
-410098442 8
-410098343 8
-410098244 8
-410098143 8
-410098038 8
-410097932 8
-410097828 8
-410097726 8
-410097626 8
-410097516 8
-410097413 8
-410097313 8
-410097209 8
-410097112 8
-410097009 8
-410096909 8
-410096809 8
-410096701 8
-410096601 8
-410096498 8
-410096297 8
-410096196 8
-410096088 8
-410095984 8
-410095885 8
-410095786 8
-410095682 8
-410095577 8
-410095481 8
-410095383 8
-410095282 8
-410095183 8
-410095084 8
-410094982 8
-410094884 8
-410094785 8
-410094676 8
-410094576 8
-410094478 8
-410094369 8
-410094270 8
-410094164 8
-410094066 8
-410093963 8
-410093865 8
-410093758 8
-410093655 8
-410093555 8
-410093451 8
-410093345 8
-410093242 8
-410093041 8
-410092943 8
-410092836 8
-410092730 8
-410092626 8
-410092527 8
-410092428 8
-410092329 8
-410092225 8
-410092125 8
-410092027 8
-410091929 8
-410091823 8
-410091719 8
-410091622 8
-410091522 8
-410091426 8
-410091326 8
-410091225 8
-410091121 8
-410091023 8
-410090917 8
-410090818 8
-410090718 8
-410090621 8
-410090522 8
-410090417 8
-410090316 8
-410090210 8
-410090110 8
-410090007 8
-410089814 8
-410089711 8
-410089605 8
-410089507 8
-410089412 8
-410089313 8
-410089208 8
-410089107 8
-410089002 8
-410088903 8
-410088804 8
-410088704 8
-410088605 8
-410088498 8
-410088399 8
-410088298 8
-410088200 8
-410088098 8
-410088001 8
-410087905 8
-410087800 8
-410087696 8
-410087591 8
-410087490 8
-410087385 8
-410087282 8
-410087184 8
-410087083 8
-410086982 8
-410086881 8
-410086774 8
-410086569 8
-410086469 8
-410086372 8
-410086265 8
-410086158 8
-410086061 8
-410085961 8
-410085858 8
-410085756 8
-410085646 8
-410085548 8
-410085448 8
-410085347 8
-410085246 8
-410085143 8
-410085042 8
-410084941 8
-410084841 8
-410084733 8
-410084631 8
-410084537 8
-410084436 8
-410084334 8
-410084235 8
-410084134 8
-410084034 8
-410083931 8
-410083829 8
-410083727 8
-410083628 8
-410083518 8
-410083322 8
-410083222 8
-410083122 8
-410083023 8
-410082922 8
-410082817 8
-410082714 8
-410082614 8
-410082501 8
-410082395 8
-410082290 8
-410082195 8
-410082089 8
-410081986 8
-410081886 8
-410081785 8
-410081677 8
-410081571 8
-410081471 8
-410081373 8
-410081278 8
-410081172 8
-410081077 8
-410080976 8
-410080875 8
-410080777 8
-410080675 8
-410080575 8
-410080475 8
-410080371 8
-410080264 8
-410080063 8
-410079960 8
-410079864 8
-410079758 8
-410079649 8
-410079546 8
-410079443 8
-410079344 8
-410079246 8
-410079139 8
-410079036 8
-410078937 8
-410078837 8
-410078742 8
-410078633 8
-410078534 8
-410078434 8
-410078333 8
-410078227 8
-410078130 8
-410078029 8
-410077922 8
-410077824 8
-410077709 8
-410077614 8
-410077508 8
-410077405 8
-410077299 8
-410077196 8
-410077090 8
-410076982 8
-410076788 8
-410076678 8
-410076576 8
-410076470 8
-410076364 8
-410076265 8
-410076166 8
-410076066 8
-410075968 8
-410075870 8
-410075765 8
-410075663 8
-410075564 8
-410075458 8
-410075360 8
-410075259 8
-410075156 8
-410075053 8
-410074949 8
-410074855 8
-410074755 8
-410074656 8
-410074554 8
-410074449 8
-410074348 8
-410074246 8
-410074140 8
-410074043 8
-410073946 8
-410073841 8
-410073728 8
-410073538 8
-410073441 8
-410073344 8
-410073244 8
-410073144 8
-410073042 8
-410072943 8
-410072838 8
-410072742 8
-410072631 8
-410072532 8
-410072428 8
-410072326 8
-410072229 8
-410072126 8
-410072022 8
-410071915 8
-410071811 8
-410071711 8
-410071613 8
-410071515 8
-410071416 8
-410071315 8
-410071211 8
-410071106 8
-410071001 8
-410070898 8
-410070802 8
-410070691 8
-410070586 8
-410070479 8
-410070293 8
-410070196 8
-410070100 8
-410070000 8
-410069899 8
-410069792 8
-410069685 8
-410069584 8
-410069484 8
-410069381 8
-410069284 8
-410069179 8
-410069082 8
-410068985 8
-410068886 8
-410068788 8
-410068686 8
-410068585 8
-410068484 8
-410068384 8
-410068280 8
-410068181 8
-410068080 8
-410067976 8
-410067876 8
-410067769 8
-410067668 8
-410067570 8
-410067469 8
-410067371 8
-410067263 8
-410067068 8
-410066972 8
-410066900 8
-410066826 8
-410066752 8
-410066668 8
-410066597 8
-410066522 8
-410066447 8
-410066373 8
-410066301 8
-410066226 8
-410066146 8
-410066073 8
-410065998 8
-410065923 8
-410065845 8
-410065771 8
-410065699 8
-410065630 8
-410065558 8
-410065485 8
-410065417 8
-410065342 8
-410065271 8
-410065192 8
-410065117 8
-410065039 8
-410064963 8
-410064888 8
-410064799 8
-410064650 8
-410064573 8
-410064498 8
-410064428 8
-410064352 8
-410064273 8
-410064205 8
-410064133 8
-410064062 8
-410063993 8
-410063920 8
-410063842 8
-410063766 8
-410063690 8
-410063617 8
-410063539 8
-410063471 8
-410063401 8
-410063333 8
-410063261 8
-410063189 8
-410063118 8
-410063043 8
-410062969 8
-410062894 8
-410062820 8
-410062751 8
-410062672 8
-410062594 8
-410062522 8
-410062444 8
-410062301 8
-410062229 8
-410062151 8
-410062072 8
-410061998 8
-410061924 8
-410061849 8
-410061776 8
-410061699 8
-410061625 8
-410061555 8
-410061482 8
-410061408 8
-410061332 8
-410061254 8
-410061181 8
-410061109 8
-410061035 8
-410060964 8
-410060892 8
-410060817 8
-410060744 8
-410060668 8
-410060594 8
-410060527 8
-410060455 8
-410060379 8
-410060312 8
-410060237 8
-410060160 8
-410060082 8
-410059933 8
-410059864 8
-410059789 8
-410059713 8
-410059636 8
-410059563 8
-410059486 8
-410059413 8
-410059341 8
-410059270 8
-410059190 8
-410059114 8
-410059036 8
-410058969 8
-410058897 8
-410058821 8
-410058747 8
-410058664 8
-410058593 8
-410058519 8
-410058445 8
-410058371 8
-410058302 8
-410058229 8
-410058154 8
-410058078 8
-410058005 8
-410057934 8
-410057857 8
-410057787 8
-410057707 8
-410057563 8
-410057491 8
-410057423 8
-410057346 8
-410057268 8
-410057195 8
-410057120 8
-410057045 8
-410056977 8
-410056910 8
-410056836 8
-410056759 8
-410056680 8
-410056606 8
-410056536 8
-410056462 8
-410056390 8
-410056316 8
-410056237 8
-410056164 8
-410056092 8
-410056019 8
-410055950 8
-410055875 8
-410055801 8
-410055725 8
-410055651 8
-410055579 8
-410055499 8
-410055421 8
-410055345 8
-410055197 8
-410055122 8
-410055045 8
-410054970 8
-410054901 8
-410054829 8
-410054754 8
-410054674 8
-410054596 8
-410054523 8
-410054449 8
-410054376 8
-410054306 8
-410054231 8
-410054157 8
-410054086 8
-410054016 8
-410053939 8
-410053867 8
-410053794 8
-410053719 8
-410053642 8
-410053568 8
-410053493 8
-410053422 8
-410053347 8
-410053273 8
-410053202 8
-410053129 8
-410053053 8
-410052975 8
-410052835 8
-410052763 8
-410052680 8
-410052601 8
-410052523 8
-410052449 8
-410052378 8
-410052304 8
-410052228 8
-410052155 8
-410052078 8
-410052005 8
-410051932 8
-410051860 8
-410051786 8
-410051709 8
-410051634 8
-410051563 8
-410051488 8
-410051415 8
-410051344 8
-410051268 8
-410051196 8
-410051119 8
-410051045 8
-410050971 8
-410050892 8
-410050818 8
-410050741 8
-410050659 8
-410050579 8
-410050437 8
-410050366 8
-410050295 8
-410050219 8
-410050141 8
-410050063 8
-410049986 8
-410049913 8
-410049836 8
-410049758 8
-410049677 8
-410049603 8
-410049527 8
-410049453 8
-410049374 8
-410049299 8
-410049226 8
-410049154 8
-410049079 8
-410049003 8
-410048931 8
-410048859 8
-410048784 8
-410048704 8
-410048626 8
-410048551 8
-410048474 8
-410048398 8
-410048327 8
-410048252 8
-410048168 8
-410048030 8
-410047957 8
-410047888 8
-410047813 8
-410047743 8
-410047674 8
-410047601 8
-410047527 8
-410047451 8
-410047377 8
-410047304 8
-410047232 8
-410047157 8
-410047085 8
-410047011 8
-410046936 8
-410046861 8
-410046782 8
-410046700 8
-410046621 8
-410046549 8
-410046477 8
-410046403 8
-410046331 8
-410046257 8
-410046186 8
-410046112 8
-410046043 8
-410045971 8
-410045900 8
-410045824 8
-410045680 8
-410045610 8
-410045542 8
-410045469 8
-410045397 8
-410045323 8
-410045251 8
-410045172 8
-410045093 8
-410045017 8
-410044948 8
-410044871 8
-410044793 8
-410044712 8
-410044635 8
-410044561 8
-410044491 8
-410044417 8
-410044340 8
-410044263 8
-410044188 8
-410044116 8
-410044048 8
-410043974 8
-410043901 8
-410043832 8
-410043761 8
-410043681 8
-410043610 8
-410043537 8
-410043459 8
-410043314 8
-410043239 8
-410043172 8
-410043097 8
-410043023 8
-410042951 8
-410042878 8
-410042803 8
-410042725 8
-410042652 8
-410042578 8
-410042506 8
-410042432 8
-410042358 8
-410042281 8
-410042210 8
-410042135 8
-410042061 8
-410041984 8
-410041909 8
-410041831 8
-410041763 8
-410041687 8
-410041610 8
-410041536 8
-410041462 8
-410041385 8
-410041311 8
-410041234 8
-410041162 8
-410041083 8
-410040946 8
-410040871 8
-410040797 8
-410040720 8
-410040644 8
-410040571 8
-410040500 8
-410040427 8
-410040353 8
-410040281 8
-410040202 8
-410040125 8
-410040050 8
-410039975 8
-410039901 8
-410039825 8
-410039756 8
-410039677 8
-410039604 8
-410039528 8
-410039454 8
-410039386 8
-410039316 8
-410039242 8
-410039167 8
-410039090 8
-410039021 8
-410038947 8
-410038873 8
-410038795 8
-410038711 8
-410038571 8
-410038500 8
-410038427 8
-410038356 8
-410038282 8
-410038208 8
-410038136 8
-410038061 8
-410037987 8
-410037916 8
-410037840 8
-410037761 8
-410037682 8
-410037608 8
-410037536 8
-410037459 8
-410037381 8
-410037306 8
-410037233 8
-410037158 8
-410037086 8
-410037008 8
-410036935 8
-410036857 8
-410036783 8
-410036708 8
-410036635 8
-410036564 8
-410036486 8
-410036409 8
-410036338 8
-410036204 8
-410036132 8
-410036058 8
-410035985 8
-410035908 8
-410035834 8
-410035762 8
-410035688 8
-410035614 8
-410035539 8
-410035466 8
-410035393 8
-410035319 8
-410035244 8
-410035173 8
-410035102 8
-410035029 8
-410034955 8
-410034882 8
-410034809 8
-410034732 8
-410034659 8
-410034590 8
-410034516 8
-410034439 8
-410034366 8
-410034290 8
-410034221 8
-410034149 8
-410034075 8
-410034000 8
-410033861 8
-410033794 8
-410033718 8
-410033647 8
-410033573 8
-410033499 8
-410033427 8
-410033353 8
-410033279 8
-410033205 8
-410033130 8
-410033057 8
-410032983 8
-410032909 8
-410032834 8
-410032757 8
-410032682 8
-410032607 8
-410032532 8
-410032458 8
-410032384 8
-410032309 8
-410032235 8
-410032160 8
-410032084 8
-410032007 8
-410031934 8
-410031858 8
-410031788 8
-410031711 8
-410031633 8
-410031492 8
-410031421 8
-410031349 8
-410031275 8
-410031198 8
-410031120 8
-410031048 8
-410030973 8
-410030899 8
-410030827 8
-410030753 8
-410030674 8
-410030599 8
-410030526 8
-410030451 8
-410030377 8
-410030306 8
-410030232 8
-410030158 8
-410030086 8
-410030012 8
-410029938 8
-410029861 8
-410029779 8
-410029695 8
-410029618 8
-410029540 8
-410029466 8
-410029392 8
-410029318 8
-410029238 8
-410029098 8
-410029027 8
-410028954 8
-410028879 8
-410028808 8
-410028732 8
-410028657 8
-410028584 8
-410028510 8
-410028431 8
-410028356 8
-410028281 8
-410028202 8
-410028125 8
-410028049 8
-410027974 8
-410027902 8
-410027822 8
-410027743 8
-410027663 8
-410027589 8
-410027515 8
-410027443 8
-410027368 8
-410027293 8
-410027219 8
-410027147 8
-410027074 8
-410027001 8
-410026926 8
-410026847 8
-410026702 8
-410026631 8
-410026558 8
-410026486 8
-410026412 8
-410026336 8
-410026261 8
-410026187 8
-410026109 8
-410026035 8
-410025960 8
-410025885 8
-410025813 8
-410025732 8
-410025653 8
-410025577 8
-410025504 8
-410025428 8
-410025356 8
-410025282 8
-410025210 8
-410025135 8
-410025064 8
-410024991 8
-410024916 8
-410024841 8
-410024765 8
-410024688 8
-410024610 8
-410024535 8
-410024457 8
-410024317 8
-410024242 8
-410024169 8
-410024094 8
-410024017 8
-410023946 8
-410023874 8
-410023800 8
-410023724 8
-410023650 8
-410023578 8
-410023500 8
-410023425 8
-410023354 8
-410023280 8
-410023206 8
-410023135 8
-410023059 8
-410022987 8
-410022915 8
-410022838 8
-410022763 8
-410022684 8
-410022612 8
-410022537 8
-410022463 8
-410022385 8
-410022312 8
-410022239 8
-410022165 8
-410022088 8
-410021946 8
-410021871 8
-410021800 8
-410021725 8
-410021650 8
-410021575 8
-410021501 8
-410021430 8
-410021355 8
-410021280 8
-410021204 8
-410021129 8
-410021057 8
-410020983 8
-410020910 8
-410020833 8
-410020755 8
-410020674 8
-410020600 8
-410020525 8
-410020452 8
-410020376 8
-410020304 8
-410020231 8
-410020156 8
-410020084 8
-410020004 8
-410019933 8
-410019861 8
-410019786 8
-410019704 8
-410019561 8
-410019484 8
-410019405 8
-410019333 8
-410019259 8
-410019185 8
-410019111 8
-410019037 8
-410018966 8
-410018893 8
-410018819 8
-410018746 8
-410018668 8
-410018594 8
-410018520 8
-410018449 8
-410018375 8
-410018303 8
-410018232 8
-410018159 8
-410018081 8
-410018004 8
-410017927 8
-410017853 8
-410017777 8
-410017700 8
-410017628 8
-410017554 8
-410017479 8
-410017401 8
-410017323 8
-410017175 8
-410017104 8
-410017025 8
-410016948 8
-410016877 8
-410016799 8
-410016719 8
-410016640 8
-410016566 8
-410016493 8
-410016419 8
-410016345 8
-410016273 8
-410016199 8
-410016124 8
-410016054 8
-410015981 8
-410015907 8
-410015833 8
-410015759 8
-410015680 8
-410015605 8
-410015528 8
-410015457 8
-410015383 8
-410015309 8
-410015238 8
-410015159 8
-410015083 8
-410015012 8
-410014936 8
-410014790 8
-410014708 8
-410014631 8
-410014557 8
-410014480 8
-410014406 8
-410014334 8
-410014258 8
-410014184 8
-410014110 8
-410014035 8
-410013956 8
-410013883 8
-410013806 8
-410013728 8
-410013654 8
-410013578 8
-410013503 8
-410013431 8
-410013358 8
-410013286 8
-410013207 8
-410013131 8
-410013058 8
-410012985 8
-410012909 8
-410012835 8
-410012762 8
-410012687 8
-410012613 8
-410012530 8
-410012387 8
-410012312 8
-410012241 8
-410012168 8
-410012093 8
-410012017 8
-410011944 8
-410011870 8
-410011794 8
-410011720 8
-410011645 8
-410011571 8
-410011499 8
-410011425 8
-410011349 8
-410011274 8
-410011199 8
-410011123 8
-410011048 8
-410010976 8
-410010900 8
-410010826 8
-410010751 8
-410010675 8
-410010598 8
-410010522 8
-410010451 8
-410010377 8
-410010303 8
-410010230 8
-410010150 8
-410010005 8
-410009932 8
-410009857 8
-410009784 8
-410009706 8
-410009635 8
-410009559 8
-410009481 8
-410009409 8
-410009336 8
-410009264 8
-410009190 8
-410009115 8
-410009044 8
-410008969 8
-410008893 8
-410008818 8
-410008743 8
-410008664 8
-410008588 8
-410008513 8
-410008438 8
-410008365 8
-410008293 8
-410008220 8
-410008143 8
-410008068 8
-410007996 8
-410007921 8
-410007850 8
-410007768 8
-410007623 8
-410007549 8
-410007474 8
-410007400 8
-410007324 8
-410007250 8
-410007171 8
-410007097 8
-410007021 8
-410006942 8
-410006867 8
-410006789 8
-410006711 8
-410006637 8
-410006559 8
-410006483 8
-410006411 8
-410006333 8
-410006259 8
-410006181 8
-410006107 8
-410006032 8
-410005957 8
-410005882 8
-410005807 8
-410005730 8
-410005659 8
-410005585 8
-410005509 8
-410005435 8
-410005357 8
-410005216 8
-410005139 8
-410005064 8
-410004988 8
-410004913 8
-410004841 8
-410004764 8
-410004686 8
-410004613 8
-410004538 8
-410004463 8
-410004386 8
-410004308 8
-410004231 8
-410004155 8
-410004083 8
-410004008 8
-410003936 8
-410003861 8
-410003786 8
-410003706 8
-410003628 8
-410003552 8
-410003480 8
-410003402 8
-410003330 8
-410003255 8
-410003181 8
-410003106 8
-410003037 8
-410002958 8
-410002817 8
-410002742 8
-410002666 8
-410002591 8
-410002516 8
-410002440 8
-410002365 8
-410002289 8
-410002213 8
-410002138 8
-410002066 8
-410001991 8
-410001916 8
-410001844 8
-410001769 8
-410001692 8
-410001617 8
-410001542 8
-410001467 8
-410001389 8
-410001316 8
-410001244 8
-410001172 8
-410001097 8
-410001024 8
-410000951 8
-410000874 8
-410000799 8
-410000724 8
-410000650 8
-410000572 8
-410000425 8
-410000351 8
-410000275 8
-410000200 8
-410000122 8
-410000045 8
-409999969 8
-409999894 8
-409999818 8
-409999743 8
-409999668 8
-409999594 8
-409999521 8
-409999442 8
-409999366 8
-409999290 8
-409999215 8
-409999141 8
-409999062 8
-409998984 8
-409998913 8
-409998833 8
-409998758 8
-409998679 8
-409998606 8
-409998531 8
-409998456 8
-409998381 8
-409998306 8
-409998233 8
-409998155 8
-409998015 8
-409997942 8
-409997868 8
-409997797 8
-409997720 8
-409997650 8
-409997571 8
-409997496 8
-409997421 8
-409997349 8
-409997274 8
-409997203 8
-409997124 8
-409997050 8
-409996976 8
-409996903 8
-409996827 8
-409996752 8
-409996674 8
-409996601 8
-409996526 8
-409996451 8
-409996379 8
-409996306 8
-409996232 8
-409996159 8
-409996088 8
-409996013 8
-409995942 8
-409995867 8
-409995791 8
-409995643 8
-409995571 8
-409995493 8
-409995419 8
-409995344 8
-409995269 8
-409995196 8
-409995119 8
-409995043 8
-409994966 8
-409994888 8
-409994812 8
-409994737 8
-409994660 8
-409994581 8
-409994506 8
-409994434 8
-409994363 8
-409994292 8
-409994220 8
-409994147 8
-409994074 8
-409993998 8
-409993923 8
-409993847 8
-409993772 8
-409993694 8
-409993619 8
-409993543 8
-409993471 8
-409993387 8
-409993248 8
-409993173 8
-409993094 8
-409993024 8
-409992949 8
-409992873 8
-409992798 8
-409992722 8
-409992648 8
-409992574 8
-409992498 8
-409992424 8
-409992349 8
-409992275 8
-409992203 8
-409992129 8
-409992054 8
-409991979 8
-409991904 8
-409991831 8
-409991757 8
-409991684 8
-409991608 8
-409991532 8
-409991461 8
-409991382 8
-409991309 8
-409991230 8
-409991155 8
-409991083 8
-409991005 8
-409990862 8
-409990787 8
-409990708 8
-409990631 8
-409990555 8
-409990481 8
-409990409 8
-409990333 8
-409990261 8
-409990186 8
-409990110 8
-409990034 8
-409989961 8
-409989886 8
-409989810 8
-409989737 8
-409989663 8
-409989588 8
-409989513 8
-409989438 8
-409989362 8
-409989288 8
-409989213 8
-409989135 8
-409989058 8
-409988983 8
-409988910 8
-409988834 8
-409988756 8
-409988676 8
-409988598 8
-409988456 8
-409988385 8
-409988314 8
-409988239 8
-409988159 8
-409988084 8
-409988010 8
-409987931 8
-409987857 8
-409987778 8
-409987703 8
-409987634 8
-409987558 8
-409987484 8
-409987411 8
-409987333 8
-409987255 8
-409987179 8
-409987104 8
-409987029 8
-409986954 8
-409986880 8
-409986801 8
-409986724 8
-409986649 8
-409986574 8
-409986499 8
-409986426 8
-409986351 8
-409986276 8
-409986199 8
-409986050 8
-409985976 8
-409985903 8
-409985827 8
-409985751 8
-409985677 8
-409985605 8
-409985530 8
-409985455 8
-409985383 8
-409985305 8
-409985231 8
-409985158 8
-409985086 8
-409985017 8
-409984938 8
-409984863 8
-409984790 8
-409984711 8
-409984641 8
-409984568 8
-409984493 8
-409984417 8
-409984346 8
-409984271 8
-409984196 8
-409984120 8
-409984044 8
-409983972 8
-409983893 8
-409983812 8
-409983661 8
-409983586 8
-409983512 8
-409983437 8
-409983360 8
-409983288 8
-409983213 8
-409983142 8
-409983066 8
-409982991 8
-409982916 8
-409982841 8
-409982765 8
-409982689 8
-409982612 8
-409982540 8
-409982467 8
-409982391 8
-409982319 8
-409982241 8
-409982161 8
-409982085 8
-409982010 8
-409981935 8
-409981860 8
-409981784 8
-409981706 8
-409981632 8
-409981556 8
-409981484 8
-409981403 8
-409981264 8
-409981188 8
-409981114 8
-409981037 8
-409980964 8
-409980892 8
-409980815 8
-409980744 8
-409980666 8
-409980595 8
-409980516 8
-409980441 8
-409980367 8
-409980295 8
-409980222 8
-409980150 8
-409980075 8
-409980002 8
-409979926 8
-409979854 8
-409979781 8
-409979706 8
-409979632 8
-409979561 8
-409979483 8
-409979404 8
-409979330 8
-409979255 8
-409979177 8
-409979103 8
-409979027 8
-409978882 8
-409978808 8
-409978730 8
-409978657 8
-409978581 8
-409978507 8
-409978431 8
-409978356 8
-409978282 8
-409978210 8
-409978134 8
-409978058 8
-409977980 8
-409977909 8
-409977837 8
-409977761 8
-409977682 8
-409977607 8
-409977530 8
-409977454 8
-409977379 8
-409977303 8
-409977231 8
-409977151 8
-409977078 8
-409977003 8
-409976928 8
-409976852 8
-409976778 8
-409976699 8
-409976617 8
-409976475 8
-409976398 8
-409976320 8
-409976245 8
-409976169 8
-409976097 8
-409976024 8
-409975949 8
-409975875 8
-409975801 8
-409975723 8
-409975652 8
-409975580 8
-409975508 8
-409975436 8
-409975364 8
-409975290 8
-409975215 8
-409975138 8
-409975062 8
-409974984 8
-409974906 8
-409974827 8
-409974754 8
-409974676 8
-409974602 8
-409974526 8
-409974450 8
-409974375 8
-409974300 8
-409974221 8
-409974083 8
-409974007 8
-409973931 8
-409973856 8
-409973781 8
-409973704 8
-409973630 8
-409973554 8
-409973479 8
-409973407 8
-409973329 8
-409973257 8
-409973183 8
-409973107 8
-409973031 8
-409972958 8
-409972885 8
-409972807 8
-409972731 8
-409972657 8
-409972581 8
-409972509 8
-409972435 8
-409972360 8
-409972285 8
-409972212 8
-409972133 8
-409972057 8
-409971983 8
-409971911 8
-409971831 8
-409971687 8
-409971612 8
-409971537 8
-409971464 8
-409971392 8
-409971320 8
-409971242 8
-409971167 8
-409971095 8
-409971022 8
-409970947 8
-409970873 8
-409970800 8
-409970724 8
-409970651 8
-409970576 8
-409970501 8
-409970429 8
-409970356 8
-409970284 8
-409970212 8
-409970136 8
-409970060 8
-409969984 8
-409969908 8
-409969837 8
-409969762 8
-409969688 8
-409969615 8
-409969542 8
-409969467 8
-409969318 8
-409969241 8
-409969167 8
-409969091 8
-409969017 8
-409968941 8
-409968865 8
-409968790 8
-409968711 8
-409968638 8
-409968559 8
-409968487 8
-409968409 8
-409968330 8
-409968255 8
-409968181 8
-409968102 8
-409968026 8
-409967952 8
-409967875 8
-409967802 8
-409967724 8
-409967650 8
-409967573 8
-409967494 8
-409967418 8
-409967346 8
-409967272 8
-409967198 8
-409967126 8
-409967051 8
-409966904 8
-409966779 8
-409966659 8
-409966553 8
-409966445 8
-409966337 8
-409966236 8
-409966135 8
-409966034 8
-409965925 8
-409965825 8
-409965720 8
-409965613 8
-409965512 8
-409965415 8
-409965314 8
-409965211 8
-409965107 8
-409965001 8
-409964897 8
-409964797 8
-409964696 8
-409964594 8
-409964492 8
-409964385 8
-409964277 8
-409964176 8
-409964076 8
-409963971 8
-409963864 8
-409963745 8
-409963535 8
-409963429 8
-409963323 8
-409963224 8
-409963119 8
-409963014 8
-409962912 8
-409962810 8
-409962707 8
-409962607 8
-409962505 8
-409962407 8
-409962300 8
-409962197 8
-409962097 8
-409962000 8
-409961893 8
-409961788 8
-409961686 8
-409961583 8
-409961479 8
-409961374 8
-409961269 8
-409961165 8
-409961065 8
-409960962 8
-409960863 8
-409960763 8
-409960659 8
-409960552 8
-409960443 8
-409960246 8
-409960145 8
-409960036 8
-409959939 8
-409959833 8
-409959727 8
-409959624 8
-409959524 8
-409959425 8
-409959323 8
-409959222 8
-409959116 8
-409959011 8
-409958907 8
-409958799 8
-409958689 8
-409958587 8
-409958481 8
-409958382 8
-409958276 8
-409958171 8
-409958071 8
-409957966 8
-409957862 8
-409957761 8
-409957661 8
-409957561 8
-409957461 8
-409957358 8
-409957254 8
-409957144 8
-409956944 8
-409956846 8
-409956739 8
-409956638 8
-409956540 8
-409956434 8
-409956334 8
-409956224 8
-409956119 8
-409956013 8
-409955915 8
-409955807 8
-409955696 8
-409955593 8
-409955491 8
-409955391 8
-409955284 8
-409955189 8
-409955090 8
-409954984 8
-409954885 8
-409954779 8
-409954676 8
-409954574 8
-409954472 8
-409954373 8
-409954266 8
-409954161 8
-409954057 8
-409953949 8
-409953844 8
-409953639 8
-409953535 8
-409953428 8
-409953323 8
-409953219 8
-409953115 8
-409953011 8
-409952905 8
-409952799 8
-409952697 8
-409952597 8
-409952486 8
-409952379 8
-409952275 8
-409952175 8
-409952071 8
-409951966 8
-409951868 8
-409951767 8
-409951657 8
-409951557 8
-409951459 8
-409951353 8
-409951254 8
-409951157 8
-409951053 8
-409950954 8
-409950848 8
-409950744 8
-409950642 8
-409950540 8
-409950339 8
-409950239 8
-409950137 8
-409950036 8
-409949938 8
-409949830 8
-409949723 8
-409949621 8
-409949520 8
-409949413 8
-409949312 8
-409949208 8
-409949107 8
-409949007 8
-409948901 8
-409948800 8
-409948695 8
-409948592 8
-409948492 8
-409948386 8
-409948280 8
-409948181 8
-409948083 8
-409947978 8
-409947877 8
-409947770 8
-409947666 8
-409947567 8
-409947468 8
-409947366 8
-409947256 8
-409947066 8
-409946969 8
-409946870 8
-409946770 8
-409946670 8
-409946570 8
-409946474 8
-409946365 8
-409946259 8
-409946162 8
-409946060 8
-409945962 8
-409945862 8
-409945755 8
-409945637 8
-409945535 8
-409945431 8
-409945330 8
-409945229 8
-409945118 8
-409945016 8
-409944918 8
-409944821 8
-409944721 8
-409944623 8
-409944526 8
-409944424 8
-409944325 8
-409944219 8
-409944119 8
-409944013 8
-409943818 8
-409943713 8
-409943615 8
-409943516 8
-409943411 8
-409943309 8
-409943211 8
-409943108 8
-409943004 8
-409942901 8
-409942803 8
-409942699 8
-409942603 8
-409942504 8
-409942405 8
-409942307 8
-409942209 8
-409942109 8
-409942007 8
-409941909 8
-409941808 8
-409941705 8
-409941606 8
-409941500 8
-409941395 8
-409941293 8
-409941195 8
-409941089 8
-409940991 8
-409940894 8
-409940787 8
-409940586 8
-409940491 8
-409940389 8
-409940291 8
-409940185 8
-409940079 8
-409939981 8
-409939886 8
-409939782 8
-409939680 8
-409939575 8
-409939474 8
-409939368 8
-409939270 8
-409939164 8
-409939062 8
-409938960 8
-409938860 8
-409938755 8
-409938644 8
-409938546 8
-409938444 8
-409938343 8
-409938241 8
-409938136 8
-409938031 8
-409937929 8
-409937831 8
-409937722 8
-409937617 8
-409937506 8
-409937315 8
-409937217 8
-409937117 8
-409937021 8
-409936917 8
-409936817 8
-409936716 8
-409936616 8
-409936516 8
-409936417 8
-409936315 8
-409936213 8
-409936114 8
-409936008 8
-409935905 8
-409935805 8
-409935702 8
-409935604 8
-409935505 8
-409935405 8
-409935306 8
-409935206 8
-409935109 8
-409935011 8
-409934910 8
-409934811 8
-409934705 8
-409934602 8
-409934506 8
-409934405 8
-409934304 8
-409934108 8
-409934004 8
-409933905 8
-409933798 8
-409933694 8
-409933588 8
-409933483 8
-409933386 8
-409933286 8
-409933186 8
-409933081 8
-409932984 8
-409932884 8
-409932777 8
-409932674 8
-409932573 8
-409932470 8
-409932363 8
-409932263 8
-409932162 8
-409932065 8
-409931963 8
-409931856 8
-409931752 8
-409931644 8
-409931545 8
-409931448 8
-409931345 8
-409931245 8
-409931140 8
-409931035 8
-409930837 8
-409930736 8
-409930638 8
-409930540 8
-409930438 8
-409930337 8
-409930230 8
-409930127 8
-409930027 8
-409929927 8
-409929820 8
-409929709 8
-409929610 8
-409929507 8
-409929408 8
-409929303 8
-409929198 8
-409929098 8
-409929000 8
-409928901 8
-409928795 8
-409928688 8
-409928589 8
-409928486 8
-409928384 8
-409928274 8
-409928168 8
-409928059 8
-409927951 8
-409927848 8
-409927736 8
-409927533 8
-409927427 8
-409927322 8
-409927221 8
-409927115 8
-409927011 8
-409926911 8
-409926806 8
-409926701 8
-409926604 8
-409926507 8
-409926407 8
-409926304 8
-409926206 8
-409926107 8
-409926002 8
-409925899 8
-409925799 8
-409925690 8
-409925591 8
-409925489 8
-409925388 8
-409925284 8
-409925190 8
-409925090 8
-409924983 8
-409924880 8
-409924779 8
-409924670 8
-409924570 8
-409924464 8
-409924271 8
-409924172 8
-409924067 8
-409923967 8
-409923868 8
-409923767 8
-409923659 8
-409923562 8
-409923457 8
-409923351 8
-409923252 8
-409923151 8
-409923043 8
-409922941 8
-409922834 8
-409922722 8
-409922624 8
-409922517 8
-409922412 8
-409922304 8
-409922197 8
-409922097 8
-409921997 8
-409921889 8
-409921788 8
-409921682 8
-409921579 8
-409921474 8
-409921373 8
-409921270 8
-409921167 8
-409920974 8
-409920864 8
-409920759 8
-409920651 8
-409920550 8
-409920453 8
-409920354 8
-409920255 8
-409920150 8
-409920048 8
-409919942 8
-409919845 8
-409919743 8
-409919636 8
-409919536 8
-409919436 8
-409919335 8
-409919234 8
-409919129 8
-409919024 8
-409918919 8
-409918821 8
-409918718 8
-409918616 8
-409918513 8
-409918414 8
-409918318 8
-409918220 8
-409918119 8
-409918014 8
-409917910 8
-409917714 8
-409917616 8
-409917515 8
-409917415 8
-409917317 8
-409917217 8
-409917110 8
-409917004 8
-409916898 8
-409916801 8
-409916693 8
-409916593 8
-409916491 8
-409916393 8
-409916285 8
-409916179 8
-409916073 8
-409915975 8
-409915875 8
-409915771 8
-409915665 8
-409915563 8
-409915463 8
-409915363 8
-409915259 8
-409915155 8
-409915055 8
-409914957 8
-409914857 8
-409914759 8
-409914651 8
-409914458 8
-409914359 8
-409914260 8
-409914155 8
-409914056 8
-409913960 8
-409913859 8
-409913761 8
-409913659 8
-409913560 8
-409913463 8
-409913360 8
-409913260 8
-409913163 8
-409913064 8
-409912966 8
-409912869 8
-409912769 8
-409912668 8
-409912568 8
-409912468 8
-409912368 8
-409912270 8
-409912171 8
-409912069 8
-409911966 8
-409911861 8
-409911767 8
-409911659 8
-409911560 8
-409911456 8
-409911262 8
-409911162 8
-409911056 8
-409910953 8
-409910851 8
-409910745 8
-409910639 8
-409910538 8
-409910440 8
-409910336 8
-409910229 8
-409910129 8
-409910028 8
-409909921 8
-409909814 8
-409909714 8
-409909609 8
-409909507 8
-409909410 8
-409909312 8
-409909213 8
-409909115 8
-409909016 8
-409908917 8
-409908818 8
-409908708 8
-409908607 8
-409908505 8
-409908406 8
-409908298 8
-409908194 8
-409908001 8
-409907898 8
-409907801 8
-409907696 8
-409907603 8
-409907502 8
-409907396 8
-409907293 8
-409907193 8
-409907092 8
-409906992 8
-409906891 8
-409906793 8
-409906695 8
-409906590 8
-409906491 8
-409906387 8
-409906287 8
-409906187 8
-409906087 8
-409905985 8
-409905883 8
-409905783 8
-409905672 8
-409905571 8
-409905470 8
-409905364 8
-409905261 8
-409905161 8
-409905055 8
-409904949 8
-409904749 8
-409904639 8
-409904533 8
-409904428 8
-409904329 8
-409904233 8
-409904133 8
-409904038 8
-409903941 8
-409903842 8
-409903733 8
-409903630 8
-409903524 8
-409903418 8
-409903320 8
-409903222 8
-409903116 8
-409903011 8
-409902906 8
-409902812 8
-409902700 8
-409902596 8
-409902496 8
-409902390 8
-409902286 8
-409902189 8
-409902085 8
-409901984 8
-409901879 8
-409901778 8
-409901666 8
-409901462 8
-409901364 8
-409901266 8
-409901169 8
-409901063 8
-409900962 8
-409900863 8
-409900764 8
-409900662 8
-409900563 8
-409900463 8
-409900363 8
-409900264 8
-409900158 8
-409900053 8
-409899948 8
-409899849 8
-409899751 8
-409899649 8
-409899554 8
-409899449 8
-409899348 8
-409899250 8
-409899145 8
-409899047 8
-409898940 8
-409898839 8
-409898729 8
-409898624 8
-409898522 8
-409898419 8
-409898227 8
-409898122 8
-409898014 8
-409897908 8
-409897813 8
-409897708 8
-409897611 8
-409897510 8
-409897408 8
-409897302 8
-409897199 8
-409897096 8
-409896995 8
-409896888 8
-409896783 8
-409896678 8
-409896573 8
-409896469 8
-409896370 8
-409896266 8
-409896165 8
-409896064 8
-409895967 8
-409895860 8
-409895757 8
-409895654 8
-409895552 8
-409895447 8
-409895349 8
-409895251 8
-409895150 8
-409894957 8
-409894857 8
-409894756 8
-409894649 8
-409894546 8
-409894442 8
-409894338 8
-409894239 8
-409894138 8
-409894039 8
-409893943 8
-409893846 8
-409893746 8
-409893642 8
-409893541 8
-409893442 8
-409893344 8
-409893243 8
-409893145 8
-409893046 8
-409892943 8
-409892838 8
-409892739 8
-409892626 8
-409892525 8
-409892421 8
-409892322 8
-409892225 8
-409892125 8
-409892026 8
-409891921 8
-409891726 8
-409891629 8
-409891531 8
-409891429 8
-409891327 8
-409891222 8
-409891123 8
-409891024 8
-409890916 8
-409890818 8
-409890716 8
-409890610 8
-409890506 8
-409890400 8
-409890299 8
-409890190 8
-409890085 8
-409889983 8
-409889883 8
-409889780 8
-409889678 8
-409889571 8
-409889466 8
-409889368 8
-409889268 8
-409889171 8
-409889072 8
-409888971 8
-409888877 8
-409888779 8
-409888669 8
-409888467 8
-409888359 8
-409888261 8
-409888155 8
-409888053 8
-409887956 8
-409887856 8
-409887744 8
-409887642 8
-409887542 8
-409887446 8
-409887341 8
-409887237 8
-409887132 8
-409887029 8
-409886925 8
-409886825 8
-409886724 8
-409886626 8
-409886519 8
-409886415 8
-409886310 8
-409886212 8
-409886111 8
-409886014 8
-409885914 8
-409885815 8
-409885715 8
-409885617 8
-409885511 8
-409885409 8
-409885222 8
-409885126 8
-409885020 8
-409884915 8
-409884817 8
-409884715 8
-409884617 8
-409884518 8
-409884418 8
-409884318 8
-409884215 8
-409884115 8
-409884015 8
-409883915 8
-409883811 8
-409883703 8
-409883600 8
-409883496 8
-409883399 8
-409883299 8
-409883192 8
-409883089 8
-409882988 8
-409882883 8
-409882778 8
-409882669 8
-409882569 8
-409882465 8
-409882358 8
-409882255 8
-409882148 8
-409881953 8
-409881855 8
-409881757 8
-409881655 8
-409881556 8
-409881456 8
-409881351 8
-409881252 8
-409881155 8
-409881058 8
-409880958 8
-409880853 8
-409880748 8
-409880639 8
-409880528 8
-409880428 8
-409880325 8
-409880229 8
-409880121 8
-409880020 8
-409879921 8
-409879815 8
-409879711 8
-409879605 8
-409879500 8
-409879397 8
-409879299 8
-409879201 8
-409879095 8
-409878995 8
-409878889 8
-409878695 8
-409878598 8
-409878492 8
-409878387 8
-409878290 8
-409878186 8
-409878076 8
-409877982 8
-409877876 8
-409877770 8
-409877667 8
-409877569 8
-409877469 8
-409877370 8
-409877265 8
-409877161 8
-409877063 8
-409876957 8
-409876858 8
-409876757 8
-409876656 8
-409876555 8
-409876458 8
-409876358 8
-409876263 8
-409876159 8
-409876058 8
-409875953 8
-409875854 8
-409875748 8
-409875639 8
-409875444 8
-409875341 8
-409875238 8
-409875136 8
-409875028 8
-409874923 8
-409874819 8
-409874712 8
-409874613 8
-409874515 8
-409874418 8
-409874313 8
-409874215 8
-409874119 8
-409874013 8
-409873911 8
-409873811 8
-409873707 8
-409873608 8
-409873507 8
-409873404 8
-409873307 8
-409873208 8
-409873102 8
-409872999 8
-409872898 8
-409872801 8
-409872699 8
-409872600 8
-409872501 8
-409872391 8
-409872190 8
-409872089 8
-409871987 8
-409871887 8
-409871786 8
-409871679 8
-409871579 8
-409871476 8
-409871376 8
-409871278 8
-409871172 8
-409871071 8
-409870969 8
-409870870 8
-409870764 8
-409870661 8
-409870563 8
-409870460 8
-409870361 8
-409870257 8
-409870158 8
-409870055 8
-409869956 8
-409869853 8
-409869753 8
-409869647 8
-409869546 8
-409869437 8
-409869338 8
-409869233 8
-409869130 8
-409868942 8
-409868842 8
-409868741 8
-409868636 8
-409868541 8
-409868444 8
-409868341 8
-409868241 8
-409868145 8
-409868040 8
-409867933 8
-409867831 8
-409867723 8
-409867615 8
-409867515 8
-409867415 8
-409867316 8
-409867220 8
-409867121 8
-409867019 8
-409866919 8
-409866821 8
-409866721 8
-409866624 8
-409866546 8
-409866470 8
-409866401 8
-409866329 8
-409866256 8
-409866188 8
-409866102 8
-409865960 8
-409865890 8
-409865818 8
-409865745 8
-409865665 8
-409865589 8
-409865509 8
-409865431 8
-409865362 8
-409865290 8
-409865216 8
-409865141 8
-409865069 8
-409864995 8
-409864920 8
-409864847 8
-409864772 8
-409864697 8
-409864621 8
-409864550 8
-409864478 8
-409864403 8
-409864334 8
-409864266 8
-409864193 8
-409864124 8
-409864052 8
-409863975 8
-409863899 8
-409863826 8
-409863748 8
-409863600 8
-409863522 8
-409863447 8
-409863371 8
-409863296 8
-409863223 8
-409863145 8
-409863066 8
-409862990 8
-409862920 8
-409862845 8
-409862766 8
-409862690 8
-409862615 8
-409862543 8
-409862470 8
-409862398 8
-409862326 8
-409862251 8
-409862175 8
-409862104 8
-409862029 8
-409861952 8
-409861878 8
-409861804 8
-409861723 8
-409861644 8
-409861566 8
-409861492 8
-409861417 8
-409861338 8
-409861194 8
-409861119 8
-409861039 8
-409860962 8
-409860884 8
-409860808 8
-409860740 8
-409860668 8
-409860599 8
-409860521 8
-409860447 8
-409860372 8
-409860296 8
-409860225 8
-409860157 8
-409860081 8
-409860013 8
-409859938 8
-409859865 8
-409859795 8
-409859720 8
-409859645 8
-409859575 8
-409859496 8
-409859423 8
-409859350 8
-409859273 8
-409859199 8
-409859127 8
-409859055 8
-409858980 8
-409858838 8
-409858766 8
-409858691 8
-409858621 8
-409858546 8
-409858472 8
-409858395 8
-409858323 8
-409858243 8
-409858169 8
-409858090 8
-409858015 8
-409857938 8
-409857864 8
-409857792 8
-409857715 8
-409857641 8
-409857565 8
-409857493 8
-409857420 8
-409857348 8
-409857273 8
-409857206 8
-409857131 8
-409857057 8
-409856977 8
-409856906 8
-409856833 8
-409856760 8
-409856682 8
-409856606 8
-409856458 8
-409856384 8
-409856308 8
-409856235 8
-409856161 8
-409856089 8
-409856016 8
-409855942 8
-409855866 8
-409855795 8
-409855717 8
-409855642 8
-409855569 8
-409855493 8
-409855413 8
-409855338 8
-409855262 8
-409855193 8
-409855121 8
-409855049 8
-409854974 8
-409854896 8
-409854822 8
-409854747 8
-409854672 8
-409854598 8
-409854525 8
-409854452 8
-409854382 8
-409854309 8
-409854229 8
-409854086 8
-409854014 8
-409853943 8
-409853869 8
-409853794 8
-409853717 8
-409853646 8
-409853573 8
-409853501 8
-409853427 8
-409853354 8
-409853282 8
-409853208 8
-409853132 8
-409853053 8
-409852978 8
-409852900 8
-409852829 8
-409852753 8
-409852675 8
-409852601 8
-409852526 8
-409852451 8
-409852377 8
-409852301 8
-409852227 8
-409852154 8
-409852078 8
-409852010 8
-409851942 8
-409851863 8
-409851720 8
-409851645 8
-409851573 8
-409851499 8
-409851425 8
-409851348 8
-409851274 8
-409851196 8
-409851121 8
-409851045 8
-409850969 8
-409850895 8
-409850818 8
-409850746 8
-409850668 8
-409850595 8
-409850519 8
-409850444 8
-409850371 8
-409850297 8
-409850222 8
-409850146 8
-409850074 8
-409849998 8
-409849923 8
-409849848 8
-409849776 8
-409849700 8
-409849622 8
-409849546 8
-409849470 8
-409849327 8
-409849255 8
-409849179 8
-409849107 8
-409849031 8
-409848958 8
-409848884 8
-409848806 8
-409848732 8
-409848655 8
-409848580 8
-409848504 8
-409848429 8
-409848354 8
-409848278 8
-409848202 8
-409848130 8
-409848053 8
-409847979 8
-409847906 8
-409847832 8
-409847756 8
-409847679 8
-409847601 8
-409847527 8
-409847452 8
-409847377 8
-409847303 8
-409847229 8
-409847154 8
-409847074 8
-409846928 8
-409846854 8
-409846776 8
-409846698 8
-409846623 8
-409846548 8
-409846476 8
-409846403 8
-409846327 8
-409846253 8
-409846180 8
-409846100 8
-409846028 8
-409845958 8
-409845886 8
-409845811 8
-409845733 8
-409845656 8
-409845584 8
-409845510 8
-409845436 8
-409845358 8
-409845286 8
-409845213 8
-409845137 8
-409845061 8
-409844986 8
-409844910 8
-409844838 8
-409844768 8
-409844689 8
-409844542 8
-409844468 8
-409844391 8
-409844316 8
-409844244 8
-409844170 8
-409844098 8
-409844018 8
-409843943 8
-409843869 8
-409843796 8
-409843717 8
-409843637 8
-409843564 8
-409843490 8
-409843417 8
-409843344 8
-409843272 8
-409843193 8
-409843119 8
-409843046 8
-409842973 8
-409842901 8
-409842828 8
-409842752 8
-409842674 8
-409842597 8
-409842522 8
-409842448 8
-409842376 8
-409842296 8
-409842151 8
-409842075 8
-409842003 8
-409841929 8
-409841857 8
-409841783 8
-409841706 8
-409841631 8
-409841556 8
-409841481 8
-409841408 8
-409841335 8
-409841262 8
-409841191 8
-409841111 8
-409841035 8
-409840961 8
-409840889 8
-409840816 8
-409840741 8
-409840661 8
-409840587 8
-409840515 8
-409840440 8
-409840361 8
-409840287 8
-409840213 8
-409840142 8
-409840071 8
-409840000 8
-409839918 8
-409839778 8
-409839700 8
-409839628 8
-409839555 8
-409839480 8
-409839406 8
-409839331 8
-409839252 8
-409839178 8
-409839103 8
-409839031 8
-409838959 8
-409838883 8
-409838809 8
-409838730 8
-409838653 8
-409838579 8
-409838507 8
-409838433 8
-409838358 8
-409838286 8
-409838215 8
-409838140 8
-409838065 8
-409837991 8
-409837919 8
-409837843 8
-409837771 8
-409837695 8
-409837624 8
-409837546 8
-409837404 8
-409837328 8
-409837253 8
-409837178 8
-409837103 8
-409837027 8
-409836955 8
-409836879 8
-409836806 8
-409836729 8
-409836655 8
-409836579 8
-409836507 8
-409836429 8
-409836353 8
-409836280 8
-409836207 8
-409836135 8
-409836063 8
-409835989 8
-409835914 8
-409835839 8
-409835765 8
-409835689 8
-409835615 8
-409835539 8
-409835463 8
-409835388 8
-409835312 8
-409835235 8
-409835158 8
-409835016 8
-409834943 8
-409834869 8
-409834795 8
-409834712 8
-409834636 8
-409834563 8
-409834487 8
-409834412 8
-409834341 8
-409834270 8
-409834194 8
-409834120 8
-409834047 8
-409833973 8
-409833897 8
-409833824 8
-409833752 8
-409833675 8
-409833601 8
-409833524 8
-409833449 8
-409833377 8
-409833303 8
-409833229 8
-409833154 8
-409833075 8
-409832995 8
-409832920 8
-409832850 8
-409832771 8
-409832620 8
-409832542 8
-409832468 8
-409832392 8
-409832316 8
-409832243 8
-409832169 8
-409832097 8
-409832022 8
-409831949 8
-409831875 8
-409831800 8
-409831724 8
-409831649 8
-409831572 8
-409831495 8
-409831420 8
-409831347 8
-409831269 8
-409831194 8
-409831123 8
-409831045 8
-409830968 8
-409830895 8
-409830817 8
-409830742 8
-409830660 8
-409830583 8
-409830510 8
-409830432 8
-409830354 8
-409830207 8
-409830133 8
-409830055 8
-409829980 8
-409829906 8
-409829829 8
-409829751 8
-409829677 8
-409829606 8
-409829528 8
-409829450 8
-409829377 8
-409829299 8
-409829228 8
-409829156 8
-409829083 8
-409829009 8
-409828934 8
-409828864 8
-409828792 8
-409828715 8
-409828640 8
-409828563 8
-409828489 8
-409828415 8
-409828337 8
-409828265 8
-409828187 8
-409828113 8
-409828036 8
-409827956 8
-409827809 8
-409827733 8
-409827657 8
-409827582 8
-409827507 8
-409827430 8
-409827355 8
-409827281 8
-409827208 8
-409827138 8
-409827064 8
-409826992 8
-409826918 8
-409826844 8
-409826770 8
-409826694 8
-409826623 8
-409826548 8
-409826477 8
-409826404 8
-409826330 8
-409826255 8
-409826177 8
-409826106 8
-409826031 8
-409825959 8
-409825882 8
-409825807 8
-409825736 8
-409825663 8
-409825581 8
-409825435 8
-409825363 8
-409825291 8
-409825215 8
-409825143 8
-409825062 8
-409824987 8
-409824911 8
-409824836 8
-409824766 8
-409824683 8
-409824612 8
-409824539 8
-409824464 8
-409824389 8
-409824308 8
-409824229 8
-409824154 8
-409824081 8
-409824006 8
-409823933 8
-409823858 8
-409823783 8
-409823704 8
-409823626 8
-409823554 8
-409823482 8
-409823408 8
-409823336 8
-409823262 8
-409823182 8
-409823045 8
-409822970 8
-409822895 8
-409822818 8
-409822745 8
-409822668 8
-409822592 8
-409822521 8
-409822446 8
-409822375 8
-409822302 8
-409822228 8
-409822152 8
-409822076 8
-409822003 8
-409821933 8
-409821857 8
-409821785 8
-409821708 8
-409821637 8
-409821563 8
-409821489 8
-409821417 8
-409821343 8
-409821272 8
-409821197 8
-409821125 8
-409821048 8
-409820971 8
-409820897 8
-409820818 8
-409820674 8
-409820597 8
-409820522 8
-409820446 8
-409820371 8
-409820295 8
-409820217 8
-409820143 8
-409820066 8
-409819990 8
-409819911 8
-409819836 8
-409819761 8
-409819686 8
-409819610 8
-409819536 8
-409819462 8
-409819387 8
-409819316 8
-409819244 8
-409819168 8
-409819093 8
-409819017 8
-409818947 8
-409818874 8
-409818802 8
-409818721 8
-409818645 8
-409818570 8
-409818494 8
-409818414 8
-409818276 8
-409818205 8
-409818132 8
-409818057 8
-409817983 8
-409817907 8
-409817829 8
-409817752 8
-409817675 8
-409817601 8
-409817523 8
-409817452 8
-409817379 8
-409817305 8
-409817227 8
-409817157 8
-409817081 8
-409817006 8
-409816933 8
-409816859 8
-409816786 8
-409816709 8
-409816634 8
-409816562 8
-409816491 8
-409816415 8
-409816341 8
-409816269 8
-409816191 8
-409816116 8
-409816034 8
-409815888 8
-409815814 8
-409815742 8
-409815666 8
-409815589 8
-409815514 8
-409815442 8
-409815363 8
-409815289 8
-409815214 8
-409815142 8
-409815064 8
-409814990 8
-409814915 8
-409814839 8
-409814761 8
-409814679 8
-409814603 8
-409814527 8
-409814453 8
-409814377 8
-409814301 8
-409814227 8
-409814153 8
-409814076 8
-409814000 8
-409813926 8
-409813851 8
-409813776 8
-409813697 8
-409813619 8
-409813477 8
-409813402 8
-409813326 8
-409813252 8
-409813177 8
-409813102 8
-409813030 8
-409812957 8
-409812883 8
-409812808 8
-409812733 8
-409812657 8
-409812581 8
-409812505 8
-409812427 8
-409812352 8
-409812274 8
-409812196 8
-409812123 8
-409812048 8
-409811977 8
-409811899 8
-409811824 8
-409811750 8
-409811671 8
-409811595 8
-409811520 8
-409811442 8
-409811368 8
-409811290 8
-409811214 8
-409811072 8
-409810997 8
-409810926 8
-409810852 8
-409810781 8
-409810705 8
-409810629 8
-409810554 8
-409810481 8
-409810407 8
-409810330 8
-409810259 8
-409810185 8
-409810114 8
-409810039 8
-409809965 8
-409809887 8
-409809812 8
-409809738 8
-409809661 8
-409809581 8
-409809503 8
-409809430 8
-409809356 8
-409809282 8
-409809212 8
-409809142 8
-409809065 8
-409808989 8
-409808918 8
-409808841 8
-409808694 8
-409808614 8
-409808536 8
-409808464 8
-409808389 8
-409808315 8
-409808240 8
-409808165 8
-409808094 8
-409808015 8
-409807942 8
-409807867 8
-409807794 8
-409807716 8
-409807637 8
-409807559 8
-409807485 8
-409807411 8
-409807334 8
-409807262 8
-409807187 8
-409807112 8
-409807031 8
-409806953 8
-409806879 8
-409806805 8
-409806723 8
-409806650 8
-409806578 8
-409806503 8
-409806426 8
-409806282 8
-409806209 8
-409806131 8
-409806057 8
-409805982 8
-409805906 8
-409805831 8
-409805755 8
-409805676 8
-409805604 8
-409805525 8
-409805453 8
-409805380 8
-409805305 8
-409805234 8
-409805158 8
-409805082 8
-409805011 8
-409804937 8
-409804865 8
-409804792 8
-409804715 8
-409804644 8
-409804567 8
-409804490 8
-409804413 8
-409804340 8
-409804267 8
-409804193 8
-409804119 8
-409804036 8
-409803886 8
-409803814 8
-409803740 8
-409803665 8
-409803593 8
-409803521 8
-409803448 8
-409803376 8
-409803301 8
-409803230 8
-409803156 8
-409803084 8
-409803011 8
-409802937 8
-409802861 8
-409802787 8
-409802713 8
-409802638 8
-409802564 8
-409802489 8
-409802408 8
-409802336 8
-409802259 8
-409802182 8
-409802106 8
-409802033 8
-409801959 8
-409801888 8
-409801814 8
-409801733 8
-409801652 8
-409801515 8
-409801440 8
-409801365 8
-409801290 8
-409801218 8
-409801144 8
-409801067 8
-409800991 8
-409800914 8
-409800836 8
-409800765 8
-409800685 8
-409800607 8
-409800531 8
-409800460 8
-409800386 8
-409800314 8
-409800242 8
-409800168 8
-409800090 8
-409800016 8
-409799943 8
-409799869 8
-409799796 8
-409799722 8
-409799644 8
-409799571 8
-409799495 8
-409799421 8
-409799351 8
-409799271 8
-409799127 8
-409799050 8
-409798975 8
-409798902 8
-409798823 8
-409798748 8
-409798669 8
-409798595 8
-409798521 8
-409798445 8
-409798371 8
-409798296 8
-409798223 8
-409798151 8
-409798074 8
-409797999 8
-409797925 8
-409797851 8
-409797779 8
-409797703 8
-409797631 8
-409797557 8
-409797483 8
-409797403 8
-409797328 8
-409797257 8
-409797179 8
-409797107 8
-409797032 8
-409796958 8
-409796880 8
-409796736 8
-409796656 8
-409796582 8
-409796498 8
-409796423 8
-409796349 8
-409796274 8
-409796203 8
-409796128 8
-409796053 8
-409795976 8
-409795901 8
-409795827 8
-409795749 8
-409795671 8
-409795596 8
-409795521 8
-409795445 8
-409795371 8
-409795299 8
-409795226 8
-409795154 8
-409795074 8
-409794998 8
-409794924 8
-409794849 8
-409794773 8
-409794695 8
-409794621 8
-409794549 8
-409794466 8
-409794322 8
-409794248 8
-409794171 8
-409794098 8
-409794025 8
-409793950 8
-409793879 8
-409793805 8
-409793731 8
-409793657 8
-409793581 8
-409793509 8
-409793430 8
-409793355 8
-409793283 8
-409793209 8
-409793135 8
-409793063 8
-409792988 8
-409792917 8
-409792844 8
-409792769 8
-409792691 8
-409792617 8
-409792541 8
-409792465 8
-409792392 8
-409792315 8
-409792237 8
-409792160 8
-409792083 8
-409791943 8
-409791868 8
-409791795 8
-409791718 8
-409791643 8
-409791568 8
-409791493 8
-409791421 8
-409791352 8
-409791278 8
-409791204 8
-409791131 8
-409791059 8
-409790986 8
-409790913 8
-409790839 8
-409790767 8
-409790684 8
-409790606 8
-409790531 8
-409790459 8
-409790387 8
-409790316 8
-409790237 8
-409790161 8
-409790085 8
-409790009 8
-409789935 8
-409789862 8
-409789787 8
-409789704 8
-409789557 8
-409789482 8
-409789408 8
-409789333 8
-409789262 8
-409789186 8
-409789110 8
-409789034 8
-409788957 8
-409788885 8
-409788809 8
-409788738 8
-409788658 8
-409788580 8
-409788506 8
-409788430 8
-409788353 8
-409788278 8
-409788204 8
-409788131 8
-409788056 8
-409787979 8
-409787906 8
-409787831 8
-409787757 8
-409787679 8
-409787601 8
-409787527 8
-409787451 8
-409787375 8
-409787297 8
-409787147 8
-409787068 8
-409786990 8
-409786919 8
-409786844 8
-409786769 8
-409786692 8
-409786613 8
-409786538 8
-409786462 8
-409786387 8
-409786315 8
-409786233 8
-409786155 8
-409786083 8
-409786004 8
-409785927 8
-409785851 8
-409785779 8
-409785702 8
-409785627 8
-409785551 8
-409785478 8
-409785405 8
-409785330 8
-409785258 8
-409785185 8
-409785110 8
-409785034 8
-409784960 8
-409784881 8
-409784731 8
-409784659 8
-409784584 8
-409784510 8
-409784433 8
-409784358 8
-409784286 8
-409784211 8
-409784139 8
-409784060 8
-409783981 8
-409783904 8
-409783829 8
-409783754 8
-409783671 8
-409783594 8
-409783522 8
-409783446 8
-409783374 8
-409783294 8
-409783216 8
-409783141 8
-409783069 8
-409782994 8
-409782920 8
-409782845 8
-409782772 8
-409782690 8
-409782612 8
-409782540 8
-409782460 8
-409782317 8
-409782243 8
-409782169 8
-409782096 8
-409782017 8
-409781940 8
-409781865 8
-409781793 8
-409781715 8
-409781638 8
-409781563 8
-409781491 8
-409781414 8
-409781340 8
-409781266 8
-409781194 8
-409781119 8
-409781043 8
-409780968 8
-409780894 8
-409780819 8
-409780747 8
-409780665 8
-409780591 8
-409780515 8
-409780439 8
-409780365 8
-409780290 8
-409780215 8
-409780141 8
-409780062 8
-409779919 8
-409779845 8
-409779770 8
-409779694 8
-409779621 8
-409779548 8
-409779476 8
-409779402 8
-409779326 8
-409779252 8
-409779178 8
-409779106 8
-409779026 8
-409778949 8
-409778876 8
-409778803 8
-409778724 8
-409778650 8
-409778577 8
-409778503 8
-409778425 8
-409778349 8
-409778276 8
-409778198 8
-409778121 8
-409778041 8
-409777967 8
-409777893 8
-409777818 8
-409777746 8
-409777663 8
-409777519 8
-409777444 8
-409777369 8
-409777292 8
-409777214 8
-409777137 8
-409777059 8
-409776986 8
-409776911 8
-409776836 8
-409776765 8
-409776689 8
-409776615 8
-409776540 8
-409776468 8
-409776394 8
-409776322 8
-409776249 8
-409776177 8
-409776099 8
-409776025 8
-409775951 8
-409775880 8
-409775804 8
-409775725 8
-409775654 8
-409775581 8
-409775504 8
-409775428 8
-409775354 8
-409775278 8
-409775136 8
-409775061 8
-409774987 8
-409774909 8
-409774834 8
-409774757 8
-409774681 8
-409774604 8
-409774530 8
-409774453 8
-409774378 8
-409774303 8
-409774228 8
-409774150 8
-409774069 8
-409773991 8
-409773916 8
-409773845 8
-409773773 8
-409773695 8
-409773621 8
-409773549 8
-409773478 8
-409773406 8
-409773327 8
-409773252 8
-409773178 8
-409773102 8
-409773030 8
-409772955 8
-409772876 8
-409772731 8
-409772651 8
-409772576 8
-409772500 8
-409772425 8
-409772353 8
-409772281 8
-409772209 8
-409772134 8
-409772057 8
-409771982 8
-409771911 8
-409771835 8
-409771759 8
-409771681 8
-409771608 8
-409771535 8
-409771457 8
-409771385 8
-409771307 8
-409771233 8
-409771161 8
-409771087 8
-409771011 8
-409770935 8
-409770861 8
-409770791 8
-409770712 8
-409770635 8
-409770563 8
-409770486 8
-409770344 8
-409770268 8
-409770193 8
-409770120 8
-409770044 8
-409769965 8
-409769890 8
-409769815 8
-409769740 8
-409769662 8
-409769585 8
-409769513 8
-409769439 8
-409769367 8
-409769295 8
-409769217 8
-409769138 8
-409769063 8
-409768987 8
-409768919 8
-409768844 8
-409768768 8
-409768693 8
-409768621 8
-409768550 8
-409768478 8
-409768405 8
-409768330 8
-409768262 8
-409768189 8
-409768110 8
-409767962 8
-409767890 8
-409767812 8
-409767733 8
-409767658 8
-409767582 8
-409767507 8
-409767435 8
-409767358 8
-409767287 8
-409767211 8
-409767136 8
-409767064 8
-409766984 8
-409766909 8
-409766837 8
-409766758 8
-409766679 8
-409766605 8
-409766485 8
-409766385 8
-409766283 8
-409766180 8
-409766078 8
-409765973 8
-409765872 8
-409765773 8
-409765667 8
-409765568 8
-409765467 8
-409765351 8
-409765162 8
-409765064 8
-409764960 8
-409764860 8
-409764756 8
-409764653 8
-409764557 8
-409764456 8
-409764356 8
-409764250 8
-409764151 8
-409764050 8
-409763945 8
-409763839 8
-409763742 8
-409763632 8
-409763526 8
-409763420 8
-409763318 8
-409763218 8
-409763118 8
-409763018 8
-409762911 8
-409762814 8
-409762710 8
-409762607 8
-409762508 8
-409762409 8
-409762314 8
-409762209 8
-409762100 8
-409761907 8
-409761801 8
-409761697 8
-409761597 8
-409761498 8
-409761396 8
-409761297 8
-409761193 8
-409761085 8
-409760981 8
-409760876 8
-409760778 8
-409760673 8
-409760567 8
-409760461 8
-409760355 8
-409760252 8
-409760148 8
-409760051 8
-409759950 8
-409759847 8
-409759742 8
-409759629 8
-409759525 8
-409759423 8
-409759322 8
-409759221 8
-409759123 8
-409759019 8
-409758915 8
-409758803 8
-409758607 8
-409758505 8
-409758402 8
-409758303 8
-409758205 8
-409758104 8
-409758000 8
-409757903 8
-409757806 8
-409757695 8
-409757595 8
-409757484 8
-409757384 8
-409757276 8
-409757179 8
-409757079 8
-409756975 8
-409756872 8
-409756770 8
-409756668 8
-409756569 8
-409756469 8
-409756371 8
-409756277 8
-409756177 8
-409756078 8
-409755976 8
-409755875 8
-409755776 8
-409755668 8
-409755561 8
-409755363 8
-409755256 8
-409755155 8
-409755056 8
-409754953 8
-409754849 8
-409754746 8
-409754640 8
-409754540 8
-409754443 8
-409754343 8
-409754242 8
-409754139 8
-409754035 8
-409753933 8
-409753833 8
-409753731 8
-409753623 8
-409753518 8
-409753420 8
-409753315 8
-409753211 8
-409753113 8
-409753016 8
-409752915 8
-409752811 8
-409752698 8
-409752592 8
-409752489 8
-409752386 8
-409752278 8
-409752082 8
-409751980 8
-409751883 8
-409751783 8
-409751680 8
-409751575 8
-409751474 8
-409751374 8
-409751268 8
-409751167 8
-409751061 8
-409750956 8
-409750857 8
-409750754 8
-409750652 8
-409750554 8
-409750457 8
-409750352 8
-409750253 8
-409750147 8
-409750051 8
-409749946 8
-409749845 8
-409749749 8
-409749644 8
-409749545 8
-409749441 8
-409749343 8
-409749245 8
-409749142 8
-409749033 8
-409748835 8
-409748733 8
-409748631 8
-409748532 8
-409748436 8
-409748338 8
-409748242 8
-409748144 8
-409748045 8
-409747940 8
-409747839 8
-409747744 8
-409747642 8
-409747547 8
-409747445 8
-409747339 8
-409747234 8
-409747135 8
-409747031 8
-409746926 8
-409746821 8
-409746717 8
-409746612 8
-409746511 8
-409746407 8
-409746308 8
-409746207 8
-409746110 8
-409746008 8
-409745905 8
-409745802 8
-409745614 8
-409745516 8
-409745417 8
-409745319 8
-409745221 8
-409745115 8
-409745010 8
-409744907 8
-409744802 8
-409744701 8
-409744602 8
-409744502 8
-409744404 8
-409744304 8
-409744202 8
-409744097 8
-409743999 8
-409743900 8
-409743802 8
-409743702 8
-409743596 8
-409743493 8
-409743395 8
-409743296 8
-409743191 8
-409743087 8
-409742978 8
-409742873 8
-409742773 8
-409742671 8
-409742569 8
-409742376 8
-409742279 8
-409742182 8
-409742083 8
-409741985 8
-409741887 8
-409741788 8
-409741684 8
-409741586 8
-409741485 8
-409741384 8
-409741282 8
-409741180 8
-409741083 8
-409740986 8
-409740881 8
-409740783 8
-409740677 8
-409740572 8
-409740473 8
-409740368 8
-409740262 8
-409740159 8
-409740060 8
-409739959 8
-409739853 8
-409739749 8
-409739646 8
-409739540 8
-409739435 8
-409739329 8
-409739130 8
-409739031 8
-409738929 8
-409738824 8
-409738721 8
-409738613 8
-409738510 8
-409738404 8
-409738302 8
-409738203 8
-409738104 8
-409738005 8
-409737903 8
-409737804 8
-409737702 8
-409737605 8
-409737505 8
-409737405 8
-409737302 8
-409737203 8
-409737099 8
-409737000 8
-409736902 8
-409736802 8
-409736701 8
-409736596 8
-409736497 8
-409736400 8
-409736295 8
-409736194 8
-409736087 8
-409735889 8
-409735790 8
-409735679 8
-409735574 8
-409735477 8
-409735378 8
-409735275 8
-409735170 8
-409735074 8
-409734975 8
-409734875 8
-409734776 8
-409734673 8
-409734568 8
-409734464 8
-409734359 8
-409734261 8
-409734163 8
-409734063 8
-409733969 8
-409733869 8
-409733769 8
-409733666 8
-409733569 8
-409733471 8
-409733374 8
-409733272 8
-409733176 8
-409733078 8
-409732979 8
-409732873 8
-409732669 8
-409732572 8
-409732471 8
-409732370 8
-409732272 8
-409732165 8
-409732067 8
-409731967 8
-409731868 8
-409731769 8
-409731666 8
-409731571 8
-409731471 8
-409731371 8
-409731274 8
-409731176 8
-409731076 8
-409730972 8
-409730876 8
-409730780 8
-409730675 8
-409730582 8
-409730482 8
-409730382 8
-409730281 8
-409730182 8
-409730078 8
-409729977 8
-409729871 8
-409729768 8
-409729661 8
-409729467 8
-409729368 8
-409729271 8
-409729176 8
-409729077 8
-409728970 8
-409728869 8
-409728770 8
-409728667 8
-409728562 8
-409728462 8
-409728362 8
-409728258 8
-409728160 8
-409728061 8
-409727963 8
-409727859 8
-409727757 8
-409727651 8
-409727555 8
-409727452 8
-409727356 8
-409727246 8
-409727142 8
-409727043 8
-409726944 8
-409726839 8
-409726736 8
-409726635 8
-409726539 8
-409726435 8
-409726241 8
-409726136 8
-409726039 8
-409725939 8
-409725840 8
-409725732 8
-409725626 8
-409725525 8
-409725418 8
-409725313 8
-409725209 8
-409725108 8
-409725007 8
-409724904 8
-409724804 8
-409724703 8
-409724606 8
-409724511 8
-409724410 8
-409724308 8
-409724202 8
-409724101 8
-409723999 8
-409723893 8
-409723787 8
-409723679 8
-409723581 8
-409723481 8
-409723380 8
-409723281 8
-409723177 8
-409722976 8
-409722877 8
-409722779 8
-409722679 8
-409722580 8
-409722480 8
-409722383 8
-409722278 8
-409722175 8
-409722079 8
-409721974 8
-409721876 8
-409721779 8
-409721673 8
-409721574 8
-409721476 8
-409721377 8
-409721277 8
-409721174 8
-409721076 8
-409720972 8
-409720872 8
-409720774 8
-409720672 8
-409720570 8
-409720463 8
-409720360 8
-409720254 8
-409720154 8
-409720048 8
-409719939 8
-409719739 8
-409719637 8
-409719532 8
-409719432 8
-409719332 8
-409719226 8
-409719128 8
-409719029 8
-409718929 8
-409718832 8
-409718729 8
-409718623 8
-409718519 8
-409718421 8
-409718317 8
-409718214 8
-409718111 8
-409718007 8
-409717908 8
-409717810 8
-409717706 8
-409717608 8
-409717501 8
-409717402 8
-409717301 8
-409717201 8
-409717096 8
-409716997 8
-409716899 8
-409716801 8
-409716695 8
-409716499 8
-409716400 8
-409716294 8
-409716187 8
-409716087 8
-409715988 8
-409715887 8
-409715783 8
-409715679 8
-409715574 8
-409715473 8
-409715370 8
-409715269 8
-409715166 8
-409715058 8
-409714950 8
-409714850 8
-409714748 8
-409714644 8
-409714537 8
-409714435 8
-409714338 8
-409714238 8
-409714138 8
-409714034 8
-409713928 8
-409713823 8
-409713719 8
-409713617 8
-409713513 8
-409713411 8
-409713213 8
-409713113 8
-409713007 8
-409712907 8
-409712802 8
-409712696 8
-409712573 8
-409712469 8
-409712370 8
-409712261 8
-409712161 8
-409712055 8
-409711955 8
-409711857 8
-409711752 8
-409711642 8
-409711542 8
-409711442 8
-409711340 8
-409711240 8
-409711140 8
-409711038 8
-409710940 8
-409710844 8
-409710744 8
-409710634 8
-409710533 8
-409710433 8
-409710333 8
-409710226 8
-409710117 8
-409709916 8
-409709822 8
-409709718 8
-409709618 8
-409709517 8
-409709420 8
-409709318 8
-409709220 8
-409709120 8
-409709016 8
-409708918 8
-409708814 8
-409708705 8
-409708602 8
-409708499 8
-409708402 8
-409708305 8
-409708205 8
-409708099 8
-409707994 8
-409707896 8
-409707798 8
-409707694 8
-409707593 8
-409707491 8
-409707390 8
-409707287 8
-409707191 8
-409707091 8
-409706989 8
-409706885 8
-409706693 8
-409706587 8
-409706482 8
-409706374 8
-409706276 8
-409706172 8
-409706074 8
-409705967 8
-409705866 8
-409705760 8
-409705649 8
-409705545 8
-409705441 8
-409705333 8
-409705231 8
-409705128 8
-409705029 8
-409704927 8
-409704820 8
-409704714 8
-409704611 8
-409704510 8
-409704404 8
-409704307 8
-409704205 8
-409704107 8
-409704000 8
-409703901 8
-409703805 8
-409703700 8
-409703597 8
-409703406 8
-409703308 8
-409703209 8
-409703103 8
-409703003 8
-409702905 8
-409702799 8
-409702695 8
-409702587 8
-409702482 8
-409702385 8
-409702281 8
-409702182 8
-409702075 8
-409701970 8
-409701869 8
-409701769 8
-409701658 8
-409701562 8
-409701463 8
-409701358 8
-409701257 8
-409701154 8
-409701055 8
-409700948 8
-409700844 8
-409700736 8
-409700633 8
-409700536 8
-409700434 8
-409700329 8
-409700137 8
-409700040 8
-409699938 8
-409699837 8
-409699738 8
-409699627 8
-409699520 8
-409699413 8
-409699313 8
-409699207 8
-409699105 8
-409699003 8
-409698905 8
-409698806 8
-409698699 8
-409698596 8
-409698497 8
-409698398 8
-409698289 8
-409698187 8
-409698087 8
-409697991 8
-409697890 8
-409697786 8
-409697679 8
-409697579 8
-409697474 8
-409697375 8
-409697274 8
-409697170 8
-409697068 8
-409696875 8
-409696771 8
-409696668 8
-409696563 8
-409696464 8
-409696366 8
-409696267 8
-409696168 8
-409696073 8
-409695974 8
-409695874 8
-409695768 8
-409695660 8
-409695561 8
-409695465 8
-409695359 8
-409695261 8
-409695160 8
-409695057 8
-409694956 8
-409694856 8
-409694751 8
-409694650 8
-409694547 8
-409694448 8
-409694348 8
-409694252 8
-409694149 8
-409694050 8
-409693949 8
-409693841 8
-409693636 8
-409693538 8
-409693438 8
-409693337 8
-409693238 8
-409693139 8
-409693044 8
-409692938 8
-409692834 8
-409692723 8
-409692618 8
-409692513 8
-409692409 8
-409692312 8
-409692208 8
-409692104 8
-409692004 8
-409691907 8
-409691807 8
-409691700 8
-409691597 8
-409691501 8
-409691404 8
-409691302 8
-409691200 8
-409691100 8
-409690994 8
-409690891 8
-409690791 8
-409690692 8
-409690587 8
-409690395 8
-409690298 8
-409690197 8
-409690097 8
-409689998 8
-409689898 8
-409689795 8
-409689683 8
-409689584 8
-409689486 8
-409689381 8
-409689280 8
-409689180 8
-409689075 8
-409688973 8
-409688873 8
-409688770 8
-409688668 8
-409688566 8
-409688458 8
-409688354 8
-409688249 8
-409688155 8
-409688056 8
-409687954 8
-409687849 8
-409687747 8
-409687634 8
-409687533 8
-409687431 8
-409687330 8
-409687131 8
-409687032 8
-409686934 8
-409686829 8
-409686728 8
-409686626 8
-409686524 8
-409686420 8
-409686322 8
-409686224 8
-409686126 8
-409686019 8
-409685917 8
-409685813 8
-409685707 8
-409685607 8
-409685503 8
-409685404 8
-409685305 8
-409685199 8
-409685100 8
-409685001 8
-409684901 8
-409684801 8
-409684700 8
-409684602 8
-409684497 8
-409684392 8
-409684288 8
-409684188 8
-409684081 8
-409683883 8
-409683783 8
-409683681 8
-409683576 8
-409683470 8
-409683367 8
-409683265 8
-409683163 8
-409683058 8
-409682959 8
-409682854 8
-409682752 8
-409682649 8
-409682542 8
-409682444 8
-409682347 8
-409682248 8
-409682144 8
-409682046 8
-409681941 8
-409681836 8
-409681738 8
-409681638 8
-409681539 8
-409681435 8
-409681339 8
-409681241 8
-409681135 8
-409681031 8
-409680924 8
-409680818 8
-409680608 8
-409680508 8
-409680409 8
-409680307 8
-409680207 8
-409680109 8
-409680011 8
-409679904 8
-409679803 8
-409679701 8
-409679608 8
-409679507 8
-409679407 8
-409679302 8
-409679199 8
-409679094 8
-409678995 8
-409678881 8
-409678781 8
-409678678 8
-409678579 8
-409678481 8
-409678381 8
-409678276 8
-409678177 8
-409678073 8
-409677976 8
-409677878 8
-409677776 8
-409677670 8
-409677561 8
-409677372 8
-409677264 8
-409677160 8
-409677064 8
-409676962 8
-409676859 8
-409676758 8
-409676657 8
-409676555 8
-409676459 8
-409676352 8
-409676257 8
-409676159 8
-409676058 8
-409675952 8
-409675853 8
-409675755 8
-409675650 8
-409675549 8
-409675446 8
-409675347 8
-409675249 8
-409675143 8
-409675041 8
-409674937 8
-409674839 8
-409674731 8
-409674626 8
-409674527 8
-409674428 8
-409674325 8
-409674130 8
-409674028 8
-409673925 8
-409673827 8
-409673720 8
-409673612 8
-409673511 8
-409673404 8
-409673299 8
-409673196 8
-409673091 8
-409672993 8
-409672895 8
-409672797 8
-409672692 8
-409672586 8
-409672482 8
-409672379 8
-409672279 8
-409672178 8
-409672079 8
-409671974 8
-409671866 8
-409671767 8
-409671663 8
-409671557 8
-409671453 8
-409671355 8
-409671258 8
-409671151 8
-409671045 8
-409670843 8
-409670742 8
-409670632 8
-409670532 8
-409670431 8
-409670332 8
-409670233 8
-409670132 8
-409670026 8
-409669920 8
-409669819 8
-409669719 8
-409669621 8
-409669522 8
-409669414 8
-409669308 8
-409669209 8
-409669111 8
-409669008 8
-409668910 8
-409668813 8
-409668712 8
-409668616 8
-409668511 8
-409668406 8
-409668300 8
-409668202 8
-409668103 8
-409668002 8
-409667900 8
-409667793 8
-409667595 8
-409667495 8
-409667395 8
-409667289 8
-409667183 8
-409667085 8
-409666986 8
-409666884 8
-409666784 8
-409666681 8
-409666582 8
-409666479 8
-409666386 8
-409666308 8
-409666230 8
-409666155 8
-409666080 8
-409666004 8
-409665928 8
-409665857 8
-409665776 8
-409665696 8
-409665624 8
-409665550 8
-409665474 8
-409665394 8
-409665313 8
-409665236 8
-409665159 8
-409665083 8
-409664993 8
-409664848 8
-409664774 8
-409664696 8
-409664617 8
-409664545 8
-409664471 8
-409664400 8
-409664326 8
-409664253 8
-409664179 8
-409664104 8
-409664028 8
-409663951 8
-409663871 8
-409663797 8
-409663719 8
-409663645 8
-409663570 8
-409663494 8
-409663417 8
-409663343 8
-409663264 8
-409663189 8
-409663116 8
-409663041 8
-409662964 8
-409662888 8
-409662813 8
-409662731 8
-409662657 8
-409662576 8
-409662427 8
-409662351 8
-409662277 8
-409662204 8
-409662131 8
-409662052 8
-409661976 8
-409661900 8
-409661825 8
-409661749 8
-409661670 8
-409661597 8
-409661521 8
-409661446 8
-409661370 8
-409661297 8
-409661222 8
-409661146 8
-409661070 8
-409660993 8
-409660919 8
-409660843 8
-409660765 8
-409660690 8
-409660613 8
-409660539 8
-409660464 8
-409660385 8
-409660309 8
-409660234 8
-409660154 8
-409660008 8
-409659928 8
-409659856 8
-409659779 8
-409659702 8
-409659627 8
-409659552 8
-409659481 8
-409659406 8
-409659333 8
-409659252 8
-409659173 8
-409659099 8
-409659025 8
-409658947 8
-409658870 8
-409658798 8
-409658721 8
-409658645 8
-409658571 8
-409658493 8
-409658421 8
-409658348 8
-409658273 8
-409658199 8
-409658127 8
-409658049 8
-409657969 8
-409657892 8
-409657820 8
-409657738 8
-409657591 8
-409657515 8
-409657439 8
-409657365 8
-409657295 8
-409657224 8
-409657145 8
-409657068 8
-409656992 8
-409656916 8
-409656840 8
-409656764 8
-409656689 8
-409656612 8
-409656536 8
-409656461 8
-409656386 8
-409656312 8
-409656236 8
-409656160 8
-409656084 8
-409656011 8
-409655932 8
-409655855 8
-409655779 8
-409655698 8
-409655622 8
-409655547 8
-409655472 8
-409655396 8
-409655318 8
-409655174 8
-409655099 8
-409655023 8
-409654946 8
-409654873 8
-409654800 8
-409654726 8
-409654650 8
-409654575 8
-409654498 8
-409654427 8
-409654350 8
-409654278 8
-409654200 8
-409654121 8
-409654045 8
-409653969 8
-409653892 8
-409653820 8
-409653746 8
-409653669 8
-409653598 8
-409653524 8
-409653449 8
-409653374 8
-409653298 8
-409653224 8
-409653148 8
-409653072 8
-409652997 8
-409652917 8
-409652773 8
-409652694 8
-409652620 8
-409652541 8
-409652465 8
-409652395 8
-409652323 8
-409652247 8
-409652171 8
-409652099 8
-409652027 8
-409651951 8
-409651878 8
-409651803 8
-409651725 8
-409651651 8
-409651576 8
-409651503 8
-409651427 8
-409651351 8
-409651271 8
-409651201 8
-409651130 8
-409651057 8
-409650981 8
-409650905 8
-409650833 8
-409650753 8
-409650673 8
-409650599 8
-409650519 8
-409650370 8
-409650297 8
-409650219 8
-409650144 8
-409650069 8
-409649997 8
-409649920 8
-409649851 8
-409649775 8
-409649698 8
-409649630 8
-409649554 8
-409649477 8
-409649402 8
-409649329 8
-409649251 8
-409649172 8
-409649098 8
-409649023 8
-409648947 8
-409648871 8
-409648796 8
-409648717 8
-409648641 8
-409648565 8
-409648489 8
-409648414 8
-409648338 8
-409648263 8
-409648188 8
-409648108 8
-409647965 8
-409647893 8
-409647815 8
-409647743 8
-409647667 8
-409647592 8
-409647520 8
-409647447 8
-409647372 8
-409647299 8
-409647227 8
-409647157 8
-409647086 8
-409647013 8
-409646941 8
-409646868 8
-409646792 8
-409646713 8
-409646635 8
-409646561 8
-409646486 8
-409646410 8
-409646339 8
-409646267 8
-409646191 8
-409646115 8
-409646040 8
-409645963 8
-409645887 8
-409645811 8
-409645732 8
-409645581 8
-409645508 8
-409645432 8
-409645360 8
-409645285 8
-409645209 8
-409645134 8
-409645058 8
-409644982 8
-409644906 8
-409644831 8
-409644755 8
-409644676 8
-409644602 8
-409644524 8
-409644445 8
-409644370 8
-409644293 8
-409644219 8
-409644144 8
-409644069 8
-409643993 8
-409643919 8
-409643841 8
-409643767 8
-409643685 8
-409643611 8
-409643536 8
-409643462 8
-409643390 8
-409643310 8
-409643166 8
-409643094 8
-409643018 8
-409642942 8
-409642872 8
-409642797 8
-409642718 8
-409642643 8
-409642566 8
-409642491 8
-409642419 8
-409642344 8
-409642268 8
-409642196 8
-409642124 8
-409642051 8
-409641978 8
-409641907 8
-409641835 8
-409641759 8
-409641680 8
-409641608 8
-409641535 8
-409641457 8
-409641383 8
-409641310 8
-409641235 8
-409641162 8
-409641085 8
-409641010 8
-409640931 8
-409640789 8
-409640711 8
-409640636 8
-409640558 8
-409640482 8
-409640407 8
-409640330 8
-409640254 8
-409640179 8
-409640107 8
-409640031 8
-409639958 8
-409639884 8
-409639808 8
-409639736 8
-409639667 8
-409639597 8
-409639522 8
-409639447 8
-409639375 8
-409639298 8
-409639220 8
-409639145 8
-409639073 8
-409638998 8
-409638921 8
-409638847 8
-409638772 8
-409638696 8
-409638619 8
-409638541 8
-409638400 8
-409638325 8
-409638250 8
-409638179 8
-409638103 8
-409638028 8
-409637952 8
-409637876 8
-409637801 8
-409637722 8
-409637646 8
-409637570 8
-409637499 8
-409637419 8
-409637342 8
-409637266 8
-409637187 8
-409637110 8
-409637035 8
-409636960 8
-409636887 8
-409636813 8
-409636737 8
-409636662 8
-409636590 8
-409636514 8
-409636443 8
-409636369 8
-409636294 8
-409636223 8
-409636148 8
-409636005 8
-409635925 8
-409635851 8
-409635780 8
-409635704 8
-409635630 8
-409635550 8
-409635475 8
-409635400 8
-409635329 8
-409635256 8
-409635181 8
-409635105 8
-409635029 8
-409634952 8
-409634878 8
-409634806 8
-409634725 8
-409634650 8
-409634579 8
-409634506 8
-409634430 8
-409634355 8
-409634279 8
-409634207 8
-409634134 8
-409634057 8
-409633983 8
-409633907 8
-409633828 8
-409633751 8
-409633602 8
-409633526 8
-409633450 8
-409633373 8
-409633300 8
-409633224 8
-409633149 8
-409633068 8
-409632997 8
-409632923 8
-409632849 8
-409632776 8
-409632701 8
-409632630 8
-409632558 8
-409632486 8
-409632411 8
-409632335 8
-409632263 8
-409632184 8
-409632105 8
-409632029 8
-409631956 8
-409631882 8
-409631808 8
-409631733 8
-409631661 8
-409631587 8
-409631515 8
-409631441 8
-409631362 8
-409631212 8
-409631132 8
-409631055 8
-409630976 8
-409630901 8
-409630828 8
-409630753 8
-409630674 8
-409630598 8
-409630526 8
-409630455 8
-409630379 8
-409630307 8
-409630229 8
-409630152 8
-409630078 8
-409630005 8
-409629933 8
-409629860 8
-409629785 8
-409629710 8
-409629636 8
-409629564 8
-409629484 8
-409629405 8
-409629329 8
-409629258 8
-409629183 8
-409629109 8
-409629035 8
-409628954 8
-409628808 8
-409628728 8
-409628655 8
-409628579 8
-409628503 8
-409628427 8
-409628352 8
-409628276 8
-409628201 8
-409628124 8
-409628050 8
-409627972 8
-409627898 8
-409627826 8
-409627750 8
-409627675 8
-409627602 8
-409627531 8
-409627455 8
-409627379 8
-409627304 8
-409627229 8
-409627152 8
-409627077 8
-409627003 8
-409626930 8
-409626856 8
-409626784 8
-409626702 8
-409626625 8
-409626542 8
-409626393 8
-409626317 8
-409626244 8
-409626171 8
-409626096 8
-409626021 8
-409625941 8
-409625866 8
-409625790 8
-409625708 8
-409625631 8
-409625558 8
-409625485 8
-409625410 8
-409625335 8
-409625263 8
-409625191 8
-409625119 8
-409625047 8
-409624970 8
-409624899 8
-409624819 8
-409624743 8
-409624667 8
-409624590 8
-409624517 8
-409624438 8
-409624359 8
-409624284 8
-409624210 8
-409624129 8
-409623986 8
-409623906 8
-409623836 8
-409623764 8
-409623686 8
-409623612 8
-409623536 8
-409623461 8
-409623389 8
-409623315 8
-409623239 8
-409623165 8
-409623091 8
-409623016 8
-409622944 8
-409622870 8
-409622798 8
-409622722 8
-409622650 8
-409622575 8
-409622498 8
-409622422 8
-409622349 8
-409622271 8
-409622195 8
-409622120 8
-409622048 8
-409621969 8
-409621889 8
-409621816 8
-409621738 8
-409621585 8
-409621513 8
-409621439 8
-409621367 8
-409621292 8
-409621216 8
-409621144 8
-409621072 8
-409620997 8
-409620920 8
-409620844 8
-409620767 8
-409620690 8
-409620614 8
-409620537 8
-409620465 8
-409620391 8
-409620320 8
-409620245 8
-409620173 8
-409620096 8
-409620021 8
-409619945 8
-409619870 8
-409619796 8
-409619718 8
-409619639 8
-409619565 8
-409619491 8
-409619416 8
-409619337 8
-409619196 8
-409619121 8
-409619048 8
-409618974 8
-409618898 8
-409618822 8
-409618745 8
-409618667 8
-409618596 8
-409618517 8
-409618439 8
-409618363 8
-409618287 8
-409618207 8
-409618133 8
-409618054 8
-409617975 8
-409617899 8
-409617823 8
-409617747 8
-409617669 8
-409617597 8
-409617524 8
-409617449 8
-409617376 8
-409617302 8
-409617229 8
-409617156 8
-409617084 8
-409617006 8
-409616929 8
-409616788 8
-409616708 8
-409616630 8
-409616554 8
-409616482 8
-409616408 8
-409616336 8
-409616262 8
-409616186 8
-409616111 8
-409616035 8
-409615959 8
-409615882 8
-409615809 8
-409615728 8
-409615652 8
-409615575 8
-409615498 8
-409615422 8
-409615350 8
-409615277 8
-409615201 8
-409615125 8
-409615052 8
-409614973 8
-409614898 8
-409614824 8
-409614752 8
-409614676 8
-409614600 8
-409614524 8
-409614384 8
-409614308 8
-409614232 8
-409614157 8
-409614082 8
-409614010 8
-409613934 8
-409613861 8
-409613784 8
-409613704 8
-409613629 8
-409613553 8
-409613477 8
-409613401 8
-409613325 8
-409613249 8
-409613173 8
-409613099 8
-409613027 8
-409612947 8
-409612874 8
-409612801 8
-409612725 8
-409612648 8
-409612572 8
-409612496 8
-409612423 8
-409612350 8
-409612276 8
-409612202 8
-409612124 8
-409611980 8
-409611907 8
-409611834 8
-409611763 8
-409611684 8
-409611609 8
-409611530 8
-409611451 8
-409611377 8
-409611302 8
-409611225 8
-409611152 8
-409611079 8
-409611004 8
-409610932 8
-409610853 8
-409610778 8
-409610701 8
-409610629 8
-409610555 8
-409610479 8
-409610403 8
-409610321 8
-409610245 8
-409610166 8
-409610090 8
-409610012 8
-409609936 8
-409609864 8
-409609789 8
-409609705 8
-409609563 8
-409609489 8
-409609417 8
-409609341 8
-409609266 8
-409609189 8
-409609113 8
-409609035 8
-409608959 8
-409608887 8
-409608815 8
-409608741 8
-409608659 8
-409608585 8
-409608512 8
-409608435 8
-409608359 8
-409608281 8
-409608207 8
-409608133 8
-409608055 8
-409607978 8
-409607906 8
-409607831 8
-409607756 8
-409607678 8
-409607601 8
-409607524 8
-409607452 8
-409607379 8
-409607299 8
-409607157 8
-409607080 8
-409607005 8
-409606932 8
-409606854 8
-409606782 8
-409606700 8
-409606623 8
-409606546 8
-409606473 8
-409606398 8
-409606323 8
-409606248 8
-409606172 8
-409606099 8
-409606021 8
-409605948 8
-409605869 8
-409605791 8
-409605712 8
-409605636 8
-409605564 8
-409605487 8
-409605411 8
-409605332 8
-409605257 8
-409605179 8
-409605105 8
-409605031 8
-409604955 8
-409604870 8
-409604724 8
-409604648 8
-409604576 8
-409604502 8
-409604427 8
-409604356 8
-409604284 8
-409604209 8
-409604132 8
-409604061 8
-409603983 8
-409603908 8
-409603832 8
-409603759 8
-409603683 8
-409603609 8
-409603533 8
-409603461 8
-409603387 8
-409603316 8
-409603241 8
-409603167 8
-409603090 8
-409603016 8
-409602944 8
-409602873 8
-409602797 8
-409602723 8
-409602648 8
-409602575 8
-409602493 8
-409602351 8
-409602276 8
-409602200 8
-409602123 8
-409602048 8
-409601972 8
-409601896 8
-409601821 8
-409601745 8
-409601669 8
-409601599 8
-409601523 8
-409601447 8
-409601372 8
-409601300 8
-409601230 8
-409601154 8
-409601080 8
-409601007 8
-409600931 8
-409600859 8
-409600784 8
-409600706 8
-409600626 8
-409600549 8
-409600477 8
-409600399 8
-409600324 8
-409600245 8
-409600167 8
-409600087 8
-409599946 8
-409599871 8
-409599800 8
-409599723 8
-409599651 8
-409599576 8
-409599503 8
-409599432 8
-409599361 8
-409599287 8
-409599213 8
-409599141 8
-409599065 8
-409598992 8
-409598916 8
-409598843 8
-409598768 8
-409598690 8
-409598612 8
-409598538 8
-409598461 8
-409598389 8
-409598316 8
-409598241 8
-409598167 8
-409598092 8
-409598017 8
-409597943 8
-409597865 8
-409597790 8
-409597705 8
-409597563 8
-409597488 8
-409597414 8
-409597343 8
-409597265 8
-409597187 8
-409597110 8
-409597035 8
-409596957 8
-409596883 8
-409596813 8
-409596738 8
-409596663 8
-409596589 8
-409596515 8
-409596441 8
-409596366 8
-409596288 8
-409596213 8
-409596140 8
-409596061 8
-409595982 8
-409595911 8
-409595835 8
-409595761 8
-409595683 8
-409595603 8
-409595531 8
-409595458 8
-409595384 8
-409595302 8
-409595158 8
-409595087 8
-409595011 8
-409594938 8
-409594863 8
-409594788 8
-409594714 8
-409594642 8
-409594567 8
-409594494 8
-409594416 8
-409594341 8
-409594270 8
-409594196 8
-409594119 8
-409594044 8
-409593971 8
-409593897 8
-409593822 8
-409593748 8
-409593668 8
-409593593 8
-409593520 8
-409593445 8
-409593371 8
-409593296 8
-409593223 8
-409593148 8
-409593074 8
-409593001 8
-409592922 8
-409592781 8
-409592704 8
-409592628 8
-409592559 8
-409592484 8
-409592410 8
-409592342 8
-409592273 8
-409592202 8
-409592132 8
-409592055 8
-409591976 8
-409591898 8
-409591826 8
-409591754 8
-409591680 8
-409591605 8
-409591530 8
-409591455 8
-409591380 8
-409591309 8
-409591234 8
-409591163 8
-409591089 8
-409591014 8
-409590938 8
-409590863 8
-409590788 8
-409590714 8
-409590639 8
-409590562 8
-409590425 8
-409590351 8
-409590278 8
-409590205 8
-409590129 8
-409590057 8
-409589982 8
-409589906 8
-409589834 8
-409589761 8
-409589683 8
-409589609 8
-409589535 8
-409589464 8
-409589390 8
-409589316 8
-409589238 8
-409589164 8
-409589089 8
-409589018 8
-409588940 8
-409588862 8
-409588788 8
-409588715 8
-409588636 8
-409588561 8
-409588487 8
-409588413 8
-409588340 8
-409588267 8
-409588189 8
-409588048 8
-409587972 8
-409587898 8
-409587820 8
-409587746 8
-409587668 8
-409587597 8
-409587523 8
-409587451 8
-409587372 8
-409587298 8
-409587224 8
-409587150 8
-409587072 8
-409587001 8
-409586925 8
-409586850 8
-409586776 8
-409586697 8
-409586630 8
-409586555 8
-409586481 8
-409586407 8
-409586336 8
-409586261 8
-409586194 8
-409586119 8
-409586045 8
-409585970 8
-409585899 8
-409585821 8
-409585670 8
-409585592 8
-409585517 8
-409585441 8
-409585364 8
-409585293 8
-409585217 8
-409585142 8
-409585072 8
-409585005 8
-409584927 8
-409584860 8
-409584785 8
-409584706 8
-409584635 8
-409584557 8
-409584482 8
-409584405 8
-409584333 8
-409584258 8
-409584185 8
-409584111 8
-409584037 8
-409583960 8
-409583885 8
-409583810 8
-409583738 8
-409583661 8
-409583591 8
-409583517 8
-409583436 8
-409583295 8
-409583221 8
-409583147 8
-409583072 8
-409583000 8
-409582924 8
-409582849 8
-409582772 8
-409582694 8
-409582618 8
-409582544 8
-409582467 8
-409582396 8
-409582322 8
-409582247 8
-409582176 8
-409582101 8
-409582028 8
-409581960 8
-409581893 8
-409581824 8
-409581750 8
-409581674 8
-409581600 8
-409581526 8
-409581453 8
-409581382 8
-409581309 8
-409581232 8
-409581158 8
-409581083 8
-409580942 8
-409580869 8
-409580794 8
-409580720 8
-409580641 8
-409580566 8
-409580493 8
-409580421 8
-409580354 8
-409580287 8
-409580216 8
-409580140 8
-409580067 8
-409579991 8
-409579915 8
-409579844 8
-409579770 8
-409579693 8
-409579618 8
-409579545 8
-409579467 8
-409579389 8
-409579315 8
-409579243 8
-409579168 8
-409579097 8
-409579023 8
-409578949 8
-409578873 8
-409578795 8
-409578719 8
-409578572 8
-409578501 8
-409578425 8
-409578357 8
-409578282 8
-409578207 8
-409578131 8
-409578057 8
-409577983 8
-409577903 8
-409577828 8
-409577757 8
-409577685 8
-409577613 8
-409577535 8
-409577458 8
-409577386 8
-409577310 8
-409577235 8
-409577167 8
-409577092 8
-409577018 8
-409576946 8
-409576872 8
-409576798 8
-409576723 8
-409576649 8
-409576576 8
-409576504 8
-409576429 8
-409576353 8
-409576215 8
-409576140 8
-409576066 8
-409575991 8
-409575914 8
-409575838 8
-409575763 8
-409575686 8
-409575612 8
-409575536 8
-409575457 8
-409575385 8
-409575310 8
-409575234 8
-409575161 8
-409575087 8
-409575017 8
-409574942 8
-409574863 8
-409574789 8
-409574712 8
-409574640 8
-409574572 8
-409574506 8
-409574432 8
-409574358 8
-409574284 8
-409574210 8
-409574136 8
-409574058 8
-409573977 8
-409573835 8
-409573758 8
-409573679 8
-409573606 8
-409573532 8
-409573455 8
-409573384 8
-409573317 8
-409573247 8
-409573174 8
-409573101 8
-409573028 8
-409572953 8
-409572878 8
-409572800 8
-409572720 8
-409572648 8
-409572574 8
-409572502 8
-409572428 8
-409572356 8
-409572278 8
-409572201 8
-409572126 8
-409572051 8
-409571974 8
-409571902 8
-409571824 8
-409571747 8
-409571670 8
-409571591 8
-409571454 8
-409571376 8
-409571304 8
-409571233 8
-409571160 8
-409571085 8
-409571011 8
-409570935 8
-409570863 8
-409570785 8
-409570711 8
-409570642 8
-409570573 8
-409570503 8
-409570429 8
-409570355 8
-409570277 8
-409570203 8
-409570134 8
-409570058 8
-409569980 8
-409569902 8
-409569829 8
-409569751 8
-409569673 8
-409569603 8
-409569531 8
-409569460 8
-409569383 8
-409569310 8
-409569229 8
-409569086 8
-409569013 8
-409568940 8
-409568866 8
-409568788 8
-409568711 8
-409568638 8
-409568561 8
-409568492 8
-409568423 8
-409568343 8
-409568270 8
-409568195 8
-409568122 8
-409568056 8
-409567985 8
-409567909 8
-409567833 8
-409567757 8
-409567680 8
-409567606 8
-409567529 8
-409567457 8
-409567386 8
-409567314 8
-409567240 8
-409567166 8
-409567093 8
-409567019 8
-409566945 8
-409566863 8
-409566720 8
-409566644 8
-409566566 8
-409566493 8
-409566418 8
-409566340 8
-409566220 8
-409566105 8
-409566000 8
-409565894 8
-409565793 8
-409565677 8
-409565573 8
-409565471 8
-409565365 8
-409565267 8
-409565168 8
-409565060 8
-409564959 8
-409564861 8
-409564754 8
-409564653 8
-409564549 8
-409564441 8
-409564328 8
-409564227 8
-409564126 8
-409564021 8
-409563918 8
-409563820 8
-409563697 8
-409563505 8
-409563399 8
-409563298 8
-409563197 8
-409563092 8
-409562988 8
-409562881 8
-409562771 8
-409562670 8
-409562563 8
-409562460 8
-409562361 8
-409562263 8
-409562166 8
-409562066 8
-409561960 8
-409561856 8
-409561750 8
-409561646 8
-409561547 8
-409561451 8
-409561351 8
-409561251 8
-409561151 8
-409561052 8
-409560949 8
-409560845 8
-409560743 8
-409560642 8
-409560539 8
-409560426 8
-409560230 8
-409560129 8
-409560029 8
-409559922 8
-409559816 8
-409559714 8
-409559615 8
-409559514 8
-409559415 8
-409559316 8
-409559216 8
-409559112 8
-409559010 8
-409558904 8
-409558804 8
-409558698 8
-409558596 8
-409558498 8
-409558401 8
-409558304 8
-409558198 8
-409558100 8
-409558001 8
-409557897 8
-409557795 8
-409557695 8
-409557597 8
-409557492 8
-409557388 8
-409557287 8
-409557178 8
-409556977 8
-409556874 8
-409556776 8
-409556673 8
-409556568 8
-409556463 8
-409556362 8
-409556258 8
-409556161 8
-409556063 8
-409555957 8
-409555854 8
-409555754 8
-409555652 8
-409555541 8
-409555443 8
-409555337 8
-409555239 8
-409555142 8
-409555044 8
-409554938 8
-409554836 8
-409554727 8
-409554628 8
-409554526 8
-409554427 8
-409554330 8
-409554228 8
-409554123 8
-409554024 8
-409553917 8
-409553715 8
-409553606 8
-409553505 8
-409553407 8
-409553311 8
-409553211 8
-409553113 8
-409553008 8
-409552904 8
-409552798 8
-409552687 8
-409552579 8
-409552478 8
-409552375 8
-409552271 8
-409552168 8
-409552069 8
-409551962 8
-409551861 8
-409551762 8
-409551656 8
-409551558 8
-409551458 8
-409551357 8
-409551257 8
-409551158 8
-409551059 8
-409550961 8
-409550860 8
-409550763 8
-409550649 8
-409550451 8
-409550351 8
-409550250 8
-409550151 8
-409550052 8
-409549946 8
-409549850 8
-409549755 8
-409549651 8
-409549553 8
-409549456 8
-409549359 8
-409549261 8
-409549166 8
-409549066 8
-409548958 8
-409548859 8
-409548756 8
-409548649 8
-409548550 8
-409548444 8
-409548340 8
-409548242 8
-409548144 8
-409548038 8
-409547938 8
-409547837 8
-409547739 8
-409547636 8
-409547538 8
-409547432 8
-409547233 8
-409547133 8
-409547033 8
-409546928 8
-409546825 8
-409546717 8
-409546617 8
-409546517 8
-409546410 8
-409546314 8
-409546220 8
-409546119 8
-409546013 8
-409545909 8
-409545810 8
-409545712 8
-409545610 8
-409545506 8
-409545406 8
-409545300 8
-409545195 8
-409545095 8
-409544988 8
-409544883 8
-409544777 8
-409544674 8
-409544574 8
-409544475 8
-409544371 8
-409544272 8
-409544163 8
-409543970 8
-409543869 8
-409543762 8
-409543657 8
-409543557 8
-409543453 8
-409543353 8
-409543249 8
-409543142 8
-409543043 8
-409542940 8
-409542842 8
-409542739 8
-409542636 8
-409542535 8
-409542435 8
-409542329 8
-409542230 8
-409542125 8
-409542021 8
-409541918 8
-409541817 8
-409541704 8
-409541599 8
-409541500 8
-409541400 8
-409541301 8
-409541195 8
-409541091 8
-409540993 8
-409540892 8
-409540693 8
-409540595 8
-409540494 8
-409540388 8
-409540282 8
-409540186 8
-409540089 8
-409539982 8
-409539883 8
-409539784 8
-409539682 8
-409539584 8
-409539483 8
-409539388 8
-409539290 8
-409539192 8
-409539088 8
-409538987 8
-409538888 8
-409538789 8
-409538679 8
-409538577 8
-409538477 8
-409538376 8
-409538276 8
-409538171 8
-409538065 8
-409537963 8
-409537862 8
-409537757 8
-409537646 8
-409537453 8
-409537356 8
-409537259 8
-409537158 8
-409537060 8
-409536959 8
-409536858 8
-409536756 8
-409536648 8
-409536552 8
-409536452 8
-409536348 8
-409536249 8
-409536142 8
-409536038 8
-409535941 8
-409535844 8
-409535742 8
-409535640 8
-409535539 8
-409535440 8
-409535334 8
-409535233 8
-409535136 8
-409535029 8
-409534926 8
-409534826 8
-409534724 8
-409534619 8
-409534517 8
-409534412 8
-409534212 8
-409534114 8
-409534012 8
-409533905 8
-409533802 8
-409533698 8
-409533596 8
-409533500 8
-409533399 8
-409533299 8
-409533202 8
-409533097 8
-409532997 8
-409532896 8
-409532792 8
-409532680 8
-409532580 8
-409532478 8
-409532376 8
-409532270 8
-409532173 8
-409532073 8
-409531971 8
-409531872 8
-409531773 8
-409531669 8
-409531569 8
-409531462 8
-409531361 8
-409531261 8
-409531160 8
-409530965 8
-409530859 8
-409530758 8
-409530655 8
-409530549 8
-409530448 8
-409530345 8
-409530240 8
-409530140 8
-409530033 8
-409529930 8
-409529832 8
-409529732 8
-409529630 8
-409529530 8
-409529432 8
-409529329 8
-409529228 8
-409529130 8
-409529031 8
-409528928 8
-409528824 8
-409528714 8
-409528611 8
-409528506 8
-409528407 8
-409528307 8
-409528209 8
-409528104 8
-409528002 8
-409527899 8
-409527696 8
-409527594 8
-409527486 8
-409527386 8
-409527293 8
-409527196 8
-409527097 8
-409527000 8
-409526899 8
-409526794 8
-409526693 8
-409526585 8
-409526480 8
-409526380 8
-409526278 8
-409526177 8
-409526080 8
-409525975 8
-409525874 8
-409525776 8
-409525671 8
-409525572 8
-409525474 8
-409525376 8
-409525271 8
-409525174 8
-409525074 8
-409524969 8
-409524870 8
-409524770 8
-409524663 8
-409524472 8
-409524367 8
-409524272 8
-409524175 8
-409524069 8
-409523972 8
-409523868 8
-409523762 8
-409523657 8
-409523560 8
-409523459 8
-409523353 8
-409523256 8
-409523158 8
-409523060 8
-409522959 8
-409522857 8
-409522756 8
-409522645 8
-409522541 8
-409522441 8
-409522344 8
-409522247 8
-409522142 8
-409522043 8
-409521944 8
-409521837 8
-409521739 8
-409521635 8
-409521533 8
-409521431 8
-409521238 8
-409521140 8
-409521046 8
-409520943 8
-409520841 8
-409520744 8
-409520644 8
-409520546 8
-409520449 8
-409520344 8
-409520248 8
-409520144 8
-409520041 8
-409519933 8
-409519829 8
-409519726 8
-409519625 8
-409519519 8
-409519420 8
-409519319 8
-409519221 8
-409519123 8
-409519023 8
-409518925 8
-409518824 8
-409518725 8
-409518625 8
-409518520 8
-409518420 8
-409518322 8
-409518218 8
-409518016 8
-409517914 8
-409517811 8
-409517707 8
-409517602 8
-409517497 8
-409517391 8
-409517288 8
-409517183 8
-409517081 8
-409516975 8
-409516872 8
-409516772 8
-409516668 8
-409516568 8
-409516468 8
-409516368 8
-409516269 8
-409516169 8
-409516067 8
-409515962 8
-409515861 8
-409515757 8
-409515653 8
-409515555 8
-409515456 8
-409515352 8
-409515249 8
-409515142 8
-409515037 8
-409514934 8
-409514732 8
-409514637 8
-409514536 8
-409514436 8
-409514337 8
-409514232 8
-409514133 8
-409514035 8
-409513937 8
-409513836 8
-409513733 8
-409513632 8
-409513531 8
-409513434 8
-409513338 8
-409513234 8
-409513130 8
-409513027 8
-409512926 8
-409512829 8
-409512722 8
-409512610 8
-409512504 8
-409512401 8
-409512302 8
-409512203 8
-409512096 8
-409511996 8
-409511897 8
-409511796 8
-409511690 8
-409511490 8
-409511382 8
-409511284 8
-409511186 8
-409511082 8
-409510983 8
-409510877 8
-409510771 8
-409510666 8
-409510564 8
-409510463 8
-409510366 8
-409510267 8
-409510169 8
-409510069 8
-409509962 8
-409509860 8
-409509760 8
-409509650 8
-409509546 8
-409509449 8
-409509342 8
-409509237 8
-409509138 8
-409509037 8
-409508938 8
-409508842 8
-409508742 8
-409508636 8
-409508530 8
-409508422 8
-409508225 8
-409508122 8
-409508024 8
-409507924 8
-409507823 8
-409507720 8
-409507614 8
-409507510 8
-409507409 8
-409507307 8
-409507202 8
-409507102 8
-409507001 8
-409506897 8
-409506796 8
-409506693 8
-409506596 8
-409506494 8
-409506393 8
-409506287 8
-409506190 8
-409506083 8
-409505985 8
-409505880 8
-409505775 8
-409505672 8
-409505579 8
-409505484 8
-409505387 8
-409505281 8
-409505174 8
-409504966 8
-409504862 8
-409504762 8
-409504655 8
-409504552 8
-409504449 8
-409504350 8
-409504247 8
-409504143 8
-409504042 8
-409503938 8
-409503840 8
-409503739 8
-409503633 8
-409503531 8
-409503433 8
-409503334 8
-409503237 8
-409503135 8
-409503034 8
-409502931 8
-409502832 8
-409502725 8
-409502622 8
-409502525 8
-409502425 8
-409502326 8
-409502223 8
-409502120 8
-409502022 8
-409501918 8
-409501725 8
-409501624 8
-409501523 8
-409501417 8
-409501314 8
-409501206 8
-409501104 8
-409501003 8
-409500904 8
-409500802 8
-409500697 8
-409500596 8
-409500491 8
-409500394 8
-409500297 8
-409500196 8
-409500090 8
-409499986 8
-409499880 8
-409499771 8
-409499666 8
-409499557 8
-409499458 8
-409499357 8
-409499255 8
-409499153 8
-409499045 8
-409498945 8
-409498844 8
-409498740 8
-409498629 8
-409498425 8
-409498318 8
-409498211 8
-409498113 8
-409498014 8
-409497915 8
-409497809 8
-409497704 8
-409497599 8
-409497492 8
-409497392 8
-409497284 8
-409497183 8
-409497083 8
-409496977 8
-409496873 8
-409496772 8
-409496671 8
-409496571 8
-409496464 8
-409496367 8
-409496267 8
-409496170 8
-409496071 8
-409495967 8
-409495865 8
-409495767 8
-409495663 8
-409495561 8
-409495458 8
-409495354 8
-409495155 8
-409495057 8
-409494958 8
-409494858 8
-409494753 8
-409494646 8
-409494544 8
-409494441 8
-409494336 8
-409494236 8
-409494131 8
-409494027 8
-409493923 8
-409493825 8
-409493722 8
-409493620 8
-409493514 8
-409493410 8
-409493306 8
-409493203 8
-409493096 8
-409492993 8
-409492889 8
-409492789 8
-409492684 8
-409492580 8
-409492479 8
-409492379 8
-409492272 8
-409492173 8
-409492068 8
-409491866 8
-409491765 8
-409491661 8
-409491562 8
-409491462 8
-409491365 8
-409491266 8
-409491169 8
-409491063 8
-409490961 8
-409490860 8
-409490753 8
-409490652 8
-409490548 8
-409490443 8
-409490345 8
-409490241 8
-409490144 8
-409490045 8
-409489945 8
-409489842 8
-409489737 8
-409489632 8
-409489526 8
-409489426 8
-409489324 8
-409489218 8
-409489119 8
-409489016 8
-409488910 8
-409488806 8
-409488601 8
-409488498 8
-409488399 8
-409488292 8
-409488187 8
-409488088 8
-409487989 8
-409487889 8
-409487783 8
-409487677 8
-409487573 8
-409487468 8
-409487366 8
-409487268 8
-409487163 8
-409487059 8
-409486951 8
-409486849 8
-409486748 8
-409486640 8
-409486534 8
-409486435 8
-409486335 8
-409486234 8
-409486134 8
-409486035 8
-409485932 8
-409485832 8
-409485723 8
-409485617 8
-409485512 8
-409485314 8
-409485214 8
-409485111 8
-409485010 8
-409484902 8
-409484794 8
-409484687 8
-409484585 8
-409484485 8
-409484380 8
-409484281 8
-409484182 8
-409484075 8
-409483974 8
-409483872 8
-409483769 8
-409483664 8
-409483562 8
-409483460 8
-409483359 8
-409483252 8
-409483143 8
-409483042 8
-409482938 8
-409482839 8
-409482738 8
-409482635 8
-409482534 8
-409482434 8
-409482333 8
-409482224 8
-409482025 8
-409481920 8
-409481811 8
-409481702 8
-409481601 8
-409481502 8
-409481399 8
-409481294 8
-409481190 8
-409481091 8
-409480993 8
-409480893 8
-409480786 8
-409480674 8
-409480569 8
-409480469 8
-409480362 8
-409480262 8
-409480158 8
-409480056 8
-409479953 8
-409479854 8
-409479748 8
-409479647 8
-409479547 8
-409479447 8
-409479342 8
-409479238 8
-409479140 8
-409479040 8
-409478937 8
-409478741 8
-409478630 8
-409478525 8
-409478422 8
-409478317 8
-409478214 8
-409478107 8
-409478008 8
-409477907 8
-409477802 8
-409477700 8
-409477597 8
-409477497 8
-409477397 8
-409477292 8
-409477189 8
-409477089 8
-409476983 8
-409476876 8
-409476774 8
-409476667 8
-409476568 8
-409476465 8
-409476360 8
-409476253 8
-409476148 8
-409476039 8
-409475940 8
-409475832 8
-409475725 8
-409475617 8
-409475410 8
-409475303 8
-409475195 8
-409475090 8
-409474990 8
-409474881 8
-409474774 8
-409474672 8
-409474570 8
-409474465 8
-409474359 8
-409474258 8
-409474157 8
-409474051 8
-409473950 8
-409473845 8
-409473745 8
-409473641 8
-409473537 8
-409473434 8
-409473332 8
-409473229 8
-409473124 8
-409473018 8
-409472916 8
-409472813 8
-409472706 8
-409472600 8
-409472497 8
-260981092 8
-260980952 8
-260974594 8
-260919677 8
-260858906 8
-260537618 8
-260523339 8
-260485812 8
-258803685 8
-256939337 8
-255130921 8
-255130811 8
-250291690 8
-240555369 8
-240473126 8
-240466665 8
-240411697 8
-240350590 8
-240228633 8
-240218741 8
-240218615 8
-240218511 8
-240212358 8
-240212252 8
-240212146 8
-240205957 8
-240205853 8
-240205752 8
-240199558 8
-240199450 8
-240199349 8
-240199249 8
-240193158 8
-240193049 8
-240192851 8
-240186758 8
-240186649 8
-240186544 8
-240186437 8
-240180350 8
-240180242 8
-240180135 8
-240180030 8
-240173957 8
-240173853 8
-240173746 8
-240173636 8
-240167549 8
-240167439 8
-240167338 8
-240167242 8
-240161150 8
-240161033 8
-240160934 8
-240160839 8
-240154756 8
-240154649 8
-240154545 8
-240154441 8
-240148358 8
-240148257 8
-240148158 8
-240148057 8
-240147953 8
-240147846 8
-240141958 8
-240141855 8
-240141756 8
-240141655 8
-240135559 8
-240135457 8
-240135358 8
-240135255 8
-240135150 8
-240129159 8
-240129061 8
-240128984 8
-240128910 8
-240128833 8
-240122758 8
-240122673 8
-240122599 8
-240122520 8
-240122443 8
-240116357 8
-240116278 8
-240116207 8
-240116131 8
-240116057 8
-240115982 8
-240109959 8
-240109883 8
-240109808 8
-240109729 8
-240109646 8
-240103556 8
-240103470 8
-240103323 8
-240103244 8
-240097150 8
-240097060 8
-240096981 8
-240096904 8
-240096826 8
-240090757 8
-240090671 8
-240090589 8
-240090512 8
-240090434 8
-240084348 8
-240084260 8
-240084179 8
-240084096 8
-240084018 8
-240077951 8
-240077872 8
-240077794 8
-240077710 8
-240077632 8
-240071555 8
-240071471 8
-240071393 8
-240071319 8
-240071243 8
-240065157 8
-240065080 8
-240065001 8
-240064920 8
-240064781 8
-240058759 8
-240058677 8
-240058590 8
-240058513 8
-240058435 8
-240052359 8
-240052282 8
-240052207 8
-240052134 8
-240052055 8
-240045960 8
-240045882 8
-240045807 8
-240045729 8
-240045651 8
-240039558 8
-240039482 8
-240039403 8
-240039324 8
-240039249 8
-240033158 8
-240033037 8
-240032932 8
-240032827 8
-240026759 8
-240026650 8
-240026551 8
-240026451 8
-240020358 8
-240020243 8
-240020048 8
-240013949 8
-240013835 8
-240013729 8
-240013623 8
-240007558 8
-240007452 8
-240007348 8
-240007249 8
-240001147 8
-240001031 8
-240000925 8
-240000819 8
-239994752 8
-239994640 8
-239994533 8
-239994434 8
-239988354 8
-239988237 8
-239988123 8
-239988024 8
-239981959 8
-239981853 8
-239981756 8
-239981651 8
-239975559 8
-239975452 8
-239975345 8
-239975248 8
-239969159 8
-239969052 8
-239968859 8
-239968756 8
-239962759 8
-239962651 8
-239962551 8
-239962448 8
-239956359 8
-239956254 8
-239956148 8
-239956041 8
-239949958 8
-239949854 8
-239949757 8
-239949655 8
-239943560 8
-239943455 8
-239943356 8
-239943254 8
-239937157 8
-239937052 8
-239936951 8
-239936846 8
-239930752 8
-239930650 8
-239930574 8
-239930499 8
-239930420 8
-239924358 8
-239924276 8
-239924201 8
-239924117 8
-239923968 8
-239917950 8
-239917866 8
-239917790 8
-239917713 8
-239917628 8
-239911554 8
-239911474 8
-239911402 8
-239911328 8
-239911254 8
-239911178 8
-239905154 8
-239905073 8
-239905001 8
-239904929 8
-239904855 8
-239904778 8
-239898758 8
-239898673 8
-239898595 8
-239898519 8
-239898438 8
-239892359 8
-239892281 8
-239892205 8
-239892128 8
-239892053 8
-239885959 8
-239885883 8
-239885799 8
-239885644 8
-239879560 8
-239879484 8
-239879406 8
-239879326 8
-239879249 8
-239873158 8
-239873082 8
-239873006 8
-239872928 8
-239872859 8
-239872784 8
-239866760 8
-239866682 8
-239866605 8
-239866531 8
-239866456 8
-239866380 8
-239860358 8
-239860281 8
-239860208 8
-239860129 8
-239860053 8
-239853959 8
-239853880 8
-239853807 8
-239853724 8
-239853644 8
-239847552 8
-239847474 8
-239847393 8
-239847244 8
-239841156 8
-239841069 8
-239840990 8
-239840915 8
-239840839 8
-239834749 8
-239834663 8
-239834585 8
-239834466 8
-239834357 8
-239828357 8
-239828249 8
-239828151 8
-239828050 8
-239821949 8
-239821844 8
-239821740 8
-239821631 8
-239815558 8
-239815448 8
-239815347 8
-239815245 8
-239809159 8
-239809057 8
-239808957 8
-239808845 8
-239802760 8
-239802652 8
-239802545 8
-239802434 8
-239796359 8
-239796255 8
-239796158 8
-239796053 8
-239789959 8
-239789853 8
-239789753 8
-239789652 8
-239783559 8
-239783455 8
-239783353 8
-239783256 8
-239777158 8
-239777053 8
-239776954 8
-239776857 8
-239770758 8
-239770650 8
-239770546 8
-239770448 8
-239764357 8
-239764259 8
-239764163 8
-239764062 8
-239763959 8
-239757953 8
-239757843 8
-239757737 8
-239757637 8
-239751549 8
-239751436 8
-239751242 8
-239745156 8
-239745050 8
-239744953 8
-239744852 8
-239738748 8
-239738625 8
-239738521 8
-239738423 8
-239732358 8
-239732261 8
-239732182 8
-239732107 8
-239732029 8
-239725959 8
-239725883 8
-239725807 8
-239725729 8
-239725658 8
-239719559 8
-239719485 8
-239719411 8
-239719336 8
-239719262 8
-239719186 8
-239713160 8
-239713083 8
-239713005 8
-239712933 8
-239712859 8
-239712772 8
-239706758 8
-239706680 8
-239706606 8
-239706532 8
-239706454 8
-239706378 8
-239700360 8
-239700286 8
-239700210 8
-239700135 8
-239700060 8
-239699986 8
-239693958 8
-239693880 8
-239693802 8
-239693721 8
-239693642 8
-239687558 8
-239687480 8
-239687402 8
-239687330 8
-239687254 8
-239681158 8
-239681076 8
-239680997 8
-239680917 8
-239680839 8
-239674751 8
-239674656 8
-239674573 8
-239674485 8
-239674338 8
-239668348 8
-239668260 8
-239668181 8
-239668105 8
-239668029 8
-239661957 8
-239661872 8
-239661793 8
-239661707 8
-239661626 8
-239655548 8
-239655457 8
-239655379 8
-239655303 8
-239655225 8
-239649160 8
-239649081 8
-239649005 8
-239648930 8
-239648850 8
-239642759 8
-239642682 8
-239642602 8
-239642525 8
-239642448 8
-239636359 8
-239636282 8
-239636204 8
-239636126 8
-239636048 8
-239629959 8
-239629840 8
-239629729 8
-239629628 8
-239623559 8
-239623452 8
-239623353 8
-239623252 8
-239617160 8
-239617057 8
-239616960 8
-239616856 8
-239610759 8
-239610656 8
-239610550 8
-239610446 8
-239604359 8
-239604254 8
-239604154 8
-239604053 8
-239597959 8
-239597857 8
-239597756 8
-239597642 8
-239591550 8
-239591431 8
-239591332 8
-239591230 8
-239585151 8
-239585041 8
-239584933 8
-239584736 8
-239578755 8
-239578637 8
-239578536 8
-239578437 8
-239572348 8
-239572239 8
-239572134 8
-239572025 8
-239565958 8
-239565851 8
-239565752 8
-239565642 8
-239559558 8
-239559452 8
-239559347 8
-239559250 8
-239553159 8
-239553059 8
-239552954 8
-239552856 8
-239546760 8
-239546655 8
-239546549 8
-239546447 8
-239540359 8
-239540256 8
-239540149 8
-239540044 8
-239533960 8
-239533854 8
-239533701 8
-239533622 8
-239527558 8
-239527482 8
-239527406 8
-239527324 8
-239527243 8
-239521160 8
-239521083 8
-239521006 8
-239520929 8
-239520850 8
-239514757 8
-239514677 8
-239514595 8
-239514518 8
-239508350 8
-239508261 8
-239508190 8
-239508107 8
-239508028 8
-239501958 8
-239501879 8
-239501806 8
-239501726 8
-239495551 8
-239495464 8
-239495392 8
-239495310 8
-239489148 8
-239489055 8
-239488909 8
-239482758 8
-239482678 8
-239482601 8
-239482525 8
-239476359 8
-239476282 8
-239476204 8
-239476126 8
-239469960 8
-239469881 8
-239469805 8
-239469727 8
-239463560 8
-239463482 8
-239463407 8
-239463332 8
-239457160 8
-239457085 8
-239457009 8
-239456931 8
-239450759 8
-239450680 8
-239450606 8
-239450529 8
-239444359 8
-239444283 8
-239444206 8
-239444128 8
-239444051 8
-239443969 8
-239437960 8
-239437882 8
-239437807 8
-239437725 8
-239430770 8
-239430647 8
-239430546 8
-239430447 8
-239425151 8
-239425040 8
-239424932 8
-239424812 8
-239418759 8
-239418654 8
-239418554 8
-239418455 8
-239412349 8
-239412235 8
-239412133 8
-239412031 8
-239405951 8
-239405840 8
-239405730 8
-239405624 8
-239399557 8
-239399452 8
-239399353 8
-239399251 8
-239393160 8
-239393055 8
-239392956 8
-239392848 8
-239386759 8
-239386653 8
-239386548 8
-239386449 8
-239380360 8
-239380257 8
-239380153 8
-239380053 8
-239373960 8
-239373852 8
-239373751 8
-239373650 8
-239367560 8
-239367453 8
-239367356 8
-239367256 8
-239367152 8
-239361158 8
-239361056 8
-239360958 8
-239360857 8
-239360752 8
-239354760 8
-239354658 8
-239354551 8
-239354446 8
-239348358 8
-239348257 8
-239348158 8
-239348058 8
-239347948 8
-239341951 8
-239341840 8
-239341738 8
-239341635 8
-239335558 8
-239335454 8
-239335354 8
-239335248 8
-239329148 8
-239329049 8
-239328974 8
-239328898 8
-239328822 8
-239322751 8
-239322662 8
-239322585 8
-239322511 8
-239322428 8
-239316357 8
-239316276 8
-239316200 8
-239316120 8
-239316044 8
-239309958 8
-239309881 8
-239309808 8
-239309729 8
-239309649 8
-239303560 8
-239303481 8
-239303408 8
-239303317 8
-239303172 8
-239297160 8
-239297082 8
-239297010 8
-239296938 8
-239296862 8
-239290760 8
-239290684 8
-239290607 8
-239290529 8
-239290452 8
-239284359 8
-239284282 8
-239284206 8
-239284128 8
-239284052 8
-239277959 8
-239277884 8
-239277806 8
-239277728 8
-239277656 8
-239277581 8
-239271560 8
-239271484 8
-239271404 8
-239271326 8
-239271250 8
-239265159 8
-239265082 8
-239265007 8
-239264926 8
-239264778 8
-239258750 8
-239258662 8
-239258589 8
-239258511 8
-239258435 8
-239252359 8
-239252271 8
-239252193 8
-239252114 8
-239252036 8
-239245948 8
-239245863 8
-239245785 8
-239245708 8
-239245624 8
-239239553 8
-239239474 8
-239239398 8
-239239318 8
-239239236 8
-239233156 8
-239233037 8
-239232934 8
-239232828 8
-239226760 8
-239226646 8
-239226548 8
-239226446 8
-239220359 8
-239220239 8
-239220043 8
-239213960 8
-239213852 8
-239213746 8
-239213644 8
-239207560 8
-239207453 8
-239207347 8
-239207239 8
-239201160 8
-239201054 8
-239200948 8
-239200850 8
-239194759 8
-239194650 8
-239194550 8
-239194452 8
-239188361 8
-239188259 8
-239188159 8
-239188057 8
-239181958 8
-239181854 8
-239181754 8
-239181650 8
-239175551 8
-239175436 8
-239175333 8
-239175234 8
-239169158 8
-239169048 8
-239168852 8
-239162751 8
-239162634 8
-239162539 8
-239162437 8
-239162328 8
-239156353 8
-239156243 8
-239156139 8
-239156040 8
-239149955 8
-239149846 8
-239149740 8
-239149634 8
-239143559 8
-239143459 8
-239143356 8
-239143256 8
-239137160 8
-239137060 8
-239136960 8
-239136859 8
-239136759 8
-239130760 8
-239130661 8
-239130584 8
-239130509 8
-239130433 8
-239124361 8
-239124284 8
-239124195 8
-239124052 8
-239117959 8
-239117882 8
-239117811 8
-239117736 8
-239117662 8
-239117588 8
-239111561 8
-239111484 8
-239111408 8
-239111332 8
-239111258 8
-239111181 8
-239105159 8
-239105081 8
-239105006 8
-239104931 8
-239104855 8
-239098759 8
-239098678 8
-239098603 8
-239098525 8
-239098450 8
-239092353 8
-239092276 8
-239092195 8
-239092116 8
-239092036 8
-239085957 8
-239085873 8
-239085788 8
-239085633 8
-239079549 8
-239079467 8
-239079392 8
-239079317 8
-239079241 8
-239073157 8
-239073069 8
-239072991 8
-239072916 8
-239072840 8
-239066750 8
-239066662 8
-239066586 8
-239066516 8
-239066443 8
-239060360 8
-239060280 8
-239060204 8
-239060130 8
-239060055 8
-239053959 8
-239053882 8
-239053803 8
-239053725 8
-239053649 8
-239047561 8
-239047484 8
-239047409 8
-239047332 8
-239047249 8
-239041160 8
-239041084 8
-239041012 8
-239040938 8
-239040862 8
-239040787 8
-239034760 8
-239034685 8
-239034618 8
-239034545 8
-239034469 8
-239034395 8
-239028361 8
-239028238 8
-239028128 8
-239028027 8
-239021960 8
-239021853 8
-239021755 8
-239021650 8
-239015559 8
-239015456 8
-239015354 8
-239015254 8
-239009157 8
-239009060 8
-239008957 8
-239008860 8
-239008760 8
-239002757 8
-239002635 8
-239002430 8
-238996350 8
-238996240 8
-238996135 8
-238996035 8
-238989957 8
-238989841 8
-238989731 8
-238989634 8
-238983551 8
-238983445 8
-238983339 8
-238983232 8
-238977159 8
-238977058 8
-238976957 8
-238976851 8
-238970761 8
-238970650 8
-238970552 8
-238970449 8
-238964360 8
-238964251 8
-238964148 8
-238964046 8
-238957961 8
-238957855 8
-238957750 8
-238957645 8
-238951560 8
-238951449 8
-238951252 8
-238945161 8
-238945057 8
-238944958 8
-238944861 8
-238944761 8
-238938759 8
-238938653 8
-238938552 8
-238938450 8
-238932360 8
-238932264 8
-238932185 8
-238932106 8
-238932030 8
-238925958 8
-238925879 8
-238925807 8
-238925727 8
-238925649 8
-238919552 8
-238919464 8
-238919389 8
-238919313 8
-238919235 8
-238913150 8
-238913067 8
-238912992 8
-238912914 8
-238912838 8
-238912749 8
-238906758 8
-238906674 8
-238906597 8
-238906522 8
-238906444 8
-238900349 8
-238900267 8
-238900193 8
-238900118 8
-238900041 8
-238893960 8
-238893882 8
-238893811 8
-238893728 8
-238893655 8
-238887560 8
-238887484 8
-238887405 8
-238887325 8
-238887251 8
-238881161 8
-238881084 8
-238881005 8
-238880928 8
-238880852 8
-238874760 8
-238874675 8
-238874600 8
-238874526 8
-238874453 8
-238868360 8
-238868278 8
-238868141 8
-238868066 8
-238867987 8
-238861961 8
-238861884 8
-238861807 8
-238861730 8
-238861654 8
-238855560 8
-238855482 8
-238855411 8
-238855338 8
-238855262 8
-238849160 8
-238849082 8
-238849009 8
-238848933 8
-238848858 8
-238842760 8
-238842679 8
-238842602 8
-238842527 8
-238842457 8
-238836351 8
-238836261 8
-238836186 8
-238836113 8
-238829953 8
-238829832 8
-238829716 8
-238829605 8
-238823557 8
-238823449 8
-238823346 8
-238817150 8
-238817044 8
-238816942 8
-238810760 8
-238810653 8
-238810550 8
-238804361 8
-238804258 8
-238804155 8
-238797960 8
-238797854 8
-238797757 8
-238791561 8
-238791453 8
-238791348 8
-238785160 8
-238785054 8
-238784947 8
-238778761 8
-238778659 8
-238778556 8
-238778455 8
-238772359 8
-238772259 8
-238772159 8
-238772058 8
-238765961 8
-238765856 8
-238765752 8
-238765556 8
-238759559 8
-238759452 8
-238759352 8
-238759253 8
-238753151 8
-238753039 8
-238752938 8
-238752830 8
-238746756 8
-238746652 8
-238746543 8
-238746447 8
-238746350 8
-238740356 8
-238740242 8
-238740136 8
-238740031 8
-238733950 8
-238733839 8
-238733737 8
-238733628 8
-238727560 8
-238727482 8
-238727408 8
-238727336 8
-238727261 8
-238727186 8
-238721160 8
-238721084 8
-238720996 8
-238720851 8
-238714761 8
-238714677 8
-238714607 8
-238714527 8
-238714451 8
-238708361 8
-238708283 8
-238708211 8
-238708137 8
-238708059 8
-238701961 8
-238701885 8
-238701811 8
-238701739 8
-238701665 8
-238701596 8
-238695561 8
-238695485 8
-238695407 8
-238695329 8
-238695257 8
-238689160 8
-238689081 8
-238689001 8
-238688925 8
-238688847 8
-238682761 8
-238682684 8
-238682606 8
-238682528 8
-238682380 8
-238676359 8
-238676281 8
-238676205 8
-238676129 8
-238676054 8
-238669951 8
-238669854 8
-238669769 8
-238669688 8
-238669613 8
-238663559 8
-238663480 8
-238663404 8
-238663329 8
-238663255 8
-238657150 8
-238657064 8
-238656993 8
-238656922 8
-238656847 8
-238650751 8
-238650662 8
-238650586 8
-238650510 8
-238650430 8
-238644359 8
-238644280 8
-238644206 8
-238644130 8
-238644048 8
-238637961 8
-238637883 8
-238637805 8
-238637730 8
-238637651 8
-238631561 8
-238631444 8
-238631332 8
-238631235 8
-238625161 8
-238625055 8
-238624951 8
-238624854 8
-238618761 8
-238618656 8
-238618556 8
-238618456 8
-238612361 8
-238612258 8
-238612159 8
-238612062 8
-238611962 8
-238605960 8
-238605856 8
-238605751 8
-238605648 8
-238599561 8
-238599459 8
-238599360 8
-238599262 8
-238599152 8
-238593160 8
-238593056 8
-238592953 8
-238592844 8
-238586752 8
-238586636 8
-238586538 8
-238586437 8
-238580359 8
-238580252 8
-238580150 8
-238580039 8
-238573949 8
-238573841 8
-238573738 8
-238573628 8
-238567552 8
-238567437 8
-238567336 8
-238567231 8
-238561159 8
-238561054 8
-238560954 8
-238560852 8
-238554760 8
-238554650 8
-238554542 8
-238554436 8
-238548361 8
-238548261 8
-238548147 8
-238547935 8
-238541961 8
-238541856 8
-238541752 8
-238541650 8
-238535561 8
-238535458 8
-238535356 8
-238535255 8
-238529160 8
-238529064 8
-238528991 8
-238528913 8
-238528831 8
-238522760 8
-238522678 8
-238522598 8
-238522521 8
-238522444 8
-238516361 8
-238516283 8
-238516207 8
-238516135 8
-238516050 8
-238509960 8
-238509648 8
-238503552 8
-238503235 8
-238497160 8
-238496846 8
-238490748 8
-238490639 8
-238490435 8
-238484354 8
-238484044 8
-238483961 8
-238477957 8
-238477649 8
-238471561 8
-238471244 8
-238465161 8
-238464853 8
-238458761 8
-238458637 8
-238458442 8
-238452361 8
-238452047 8
-238445961 8
-238445638 8
-238439560 8
-238439238 8
-238433162 8
-238432834 8
-238426759 8
-238426439 8
-238420353 8
-238420028 8
-238413959 8
-238413635 8
-238407549 8
-238407227 8
-238401154 8
-238400837 8
-238394757 8
-238394433 8
-238388360 8
-238388042 8
-238381961 8
-238381636 8
-238375561 8
-238375236 8
-238369162 8
-238368838 8
-238362760 8
-238362436 8
-238356362 8
-238356038 8
-238349961 8
-238349638 8
-238343561 8
-238343241 8
-238337154 8
-238336829 8
-238330760 8
-238330430 8
-238324350 8
-238324027 8
-238317958 8
-238317629 8
-238311553 8
-238311229 8
-238305160 8
-238304835 8
-238298761 8
-238298439 8
-238292362 8
-238292040 8
-238285961 8
-238285639 8
-238279561 8
-238279239 8
-238279162 8
-238273161 8
-238272839 8
-238266761 8
-238266438 8
-238260360 8
-238260042 8
-238253955 8
-238253633 8
-238247557 8
-238247235 8
-238241152 8
-238240832 8
-238234758 8
-238234642 8
-238234442 8
-238228351 8
-238228038 8
-238221960 8
-238221648 8
-238215562 8
-238215244 8
-238209161 8
-238208845 8
-238202762 8
-238202641 8
-238202445 8
-238196361 8
-238196045 8
-238189962 8
-238189646 8
-238183560 8
-238183251 8
-238177161 8
-238176852 8
-238170759 8
-238170741 8
-238170686 8
-238170484 8
-238164355 8
-238164108 8
-238157951 8
-238157778 8
-238151559 8
-238151514 8
-238151414 8
-238145150 8
-238145106 8
-238145004 8
-238138761 8
-238138718 8
-238138552 8
-238132361 8
-238132315 8
-238132154 8
-238125962 8
-238125917 8
-238125814 8
-238125752 8
-238119561 8
-238119517 8
-238119414 8
-238119358 8
-238113161 8
-238113115 8
-238113015 8
-238112953 8
-238106761 8
-238106716 8
-238106556 8
-238100361 8
-238100315 8
-238100212 8
-238100150 8
-238093961 8
-238093717 8
-238087560 8
-238087307 8
-238081152 8
-238080899 8
-238074753 8
-238074493 8
-238074419 8
-238068358 8
-238068104 8
-238061950 8
-238061694 8
-238055561 8
-238055313 8
-238049162 8
-238049020 8
-238048851 8
-238042761 8
-238042438 8
-238036362 8
-238036040 8
-238029961 8
-238029635 8
-238023562 8
-238023240 8
-238017161 8
-238016837 8
-238010762 8
-238010438 8
-238004361 8
-238004039 8
-237997952 8
-237997620 8
-237991554 8
-237991229 8
-237985157 8
-237984835 8
-237978750 8
-237978424 8
-237972361 8
-237972035 8
-237965961 8
-237965644 8
-237959562 8
-237959238 8
-237953161 8
-237952846 8
-237946762 8
-237946430 8
-237940362 8
-237940046 8
-237933961 8
-237933637 8
-237927562 8
-237927238 8
-237921161 8
-237920842 8
-237914752 8
-237914427 8
-237908361 8
-237908037 8
-237901951 8
-237901631 8
-237895552 8
-237895229 8
-237889160 8
-237888835 8
-237882762 8
-237882643 8
-237882449 8
-237876362 8
-237876054 8
-237869962 8
-237869648 8
-237869572 8
-237863562 8
-237863248 8
-237857162 8
-237856848 8
-237850760 8
-237850640 8
-237850446 8
-237844362 8
-237844048 8
-237837961 8
-237837650 8
-237831554 8
-237831234 8
-237825160 8
-237824847 8
-237818751 8
-237818644 8
-237818431 8
-237812353 8
-237812044 8
-237805960 8
-237805641 8
-237799562 8
-237799253 8
-237793162 8
-237792844 8
-237786762 8
-237786644 8
-237786443 8
-237780363 8
-237780045 8
-237773961 8
-237773652 8
-237767561 8
-237767246 8
-237761162 8
-237760853 8
-237754761 8
-237754642 8
-237754441 8
-237748352 8
-237748042 8
-237741961 8
-237741646 8
-237735551 8
-237735236 8
-237729155 8
-237729113 8
-237729068 8
-237728865 8
-237722758 8
-237722503 8
-237716362 8
-237716193 8
-237716099 8
-237709962 8
-237709917 8
-237709816 8
-237709760 8
-237703563 8
-237703344 8
-237697162 8
-237696952 8
-237690762 8
-237690543 8
-237684361 8
-237684142 8
-237677963 8
-237677752 8
-237671561 8
-237671353 8
-237665154 8
-237664938 8
-237664866 8
-237658760 8
-237658541 8
-237652351 8
-237652099 8
-237645955 8
-237645698 8
-237639558 8
-237639303 8
-237633161 8
-237632906 8
-237626763 8
-237626503 8
-237620362 8
-237620107 8
-237613963 8
-237613705 8
-237607562 8
-237607447 8
-237607253 8
-237601161 8
-237600838 8
-237594762 8
-237594439 8
-237588361 8
-237588041 8
-237581954 8
-237581631 8
-237575561 8
-237575239 8
-237569151 8
-237568826 8
-237562758 8
-237562430 8
-237556357 8
-237556040 8
-237549962 8
-237549644 8
-237543562 8
-237543246 8
-237537163 8
-237536840 8
-237530762 8
-237530434 8
-237524362 8
-237524040 8
-237517962 8
-237517640 8
-237511562 8
-237511240 8
-237505161 8
-237504843 8
-237498756 8
-237498642 8
-237498431 8
-237492359 8
-237492044 8
-237485952 8
-237485644 8
-237479559 8
-237479244 8
-237473153 8
-237472837 8
-237466761 8
-237466643 8
-237466438 8
-237460363 8
-237460048 8
-237459975 8
-237453962 8
-237453647 8
-237447563 8
-237447249 8
-237441161 8
-237440847 8
-237434763 8
-237434644 8
-237434449 8
-237428361 8
-237428049 8
-237421962 8
-237421651 8
-237415560 8
-237415243 8
-237409156 8
-237408840 8
-237402751 8
-237402645 8
-237402441 8
-237396360 8
-237396043 8
-237389951 8
-237389634 8
-237383562 8
-237383243 8
-237377162 8
-237376853 8
-237370763 8
-237370644 8
-237370447 8
-237364363 8
-237364046 8
-237357962 8
-237357647 8
-237351563 8
-237351255 8
-237345162 8
-237344847 8
-237338762 8
-237338646 8
-237338446 8
-237332362 8
-237332046 8
-237325953 8
-237325638 8
-237319553 8
-237319238 8
-237313160 8
-237312842 8
-237306751 8
-237306431 8
-237300362 8
-237300045 8
-237293963 8
-237293641 8
-237287562 8
-237287240 8
-237281163 8
-237280841 8
-237274761 8
-237274439 8
-237268363 8
-237268033 8
-237261961 8
-237261639 8
-237255563 8
-237255241 8
-237255164 8
-237249162 8
-237248843 8
-237242753 8
-237242420 8
-237236355 8
-237236030 8
-237229959 8
-237229638 8
-237223551 8
-237223233 8
-237217163 8
-237217134 8
-237216870 8
-237210762 8
-237210505 8
-237204363 8
-237204097 8
-237197962 8
-237197749 8
-237191562 8
-237191342 8
-237185163 8
-237184951 8
-237178762 8
-237178541 8
-237172363 8
-237172151 8
-237165962 8
-237165744 8
-237159552 8
-237159340 8
-237153162 8
-237152940 8
-237146753 8
-237146540 8
-237140353 8
-237140075 8
-237133961 8
-237133703 8
-237127563 8
-237127306 8
-237121163 8
-237120908 8
-237114763 8
-237114501 8
-237108363 8
-237108048 8
-237101963 8
-237101641 8
-237095562 8
-237095239 8
-237089164 8
-237088842 8
-237082762 8
-237082442 8
-237076355 8
-237076031 8
-237069961 8
-237069636 8
-237063553 8
-237063232 8
-237057152 8
-237056835 8
-237050761 8
-237050438 8
-237050365 8
-237044363 8
-237044039 8
-237037964 8
-237037641 8
-237031563 8
-237031245 8
-237025164 8
-237024840 8
-237018761 8
-237018437 8
-237012362 8
-237012039 8
-237005963 8
-237005647 8
-236999562 8
-236999241 8
-236993154 8
-236992830 8
-236986762 8
-236986431 8
-236980352 8
-236980029 8
-236973956 8
-236973637 8
-236967560 8
-236967243 8
-236961163 8
-236960837 8
-236954763 8
-236954438 8
-236948363 8
-236948040 8
-236941963 8
-236941640 8
-236935563 8
-236935240 8
-236929162 8
-236928839 8
-236922764 8
-236922442 8
-236916362 8
-236916044 8
-236909954 8
-236909631 8
-236903561 8
-236903247 8
-236897151 8
-236896823 8
-236890755 8
-236890429 8
-236884359 8
-236884036 8
-236877963 8
-236877647 8
-236871564 8
-236871241 8
-236865163 8
-236864841 8
-236858764 8
-236858441 8
-236852363 8
-236852041 8
-236845963 8
-236845641 8
-236845566 8
-236839564 8
-236839242 8
-236833163 8
-236832845 8
-236826754 8
-236826427 8
-236820361 8
-236820038 8
-236813953 8
-236813625 8
-236807558 8
-236807231 8
-236801160 8
-236800837 8
-236794763 8
-236794436 8
-236788363 8
-236788047 8
-236781964 8
-236781640 8
-236775564 8
-236775238 8
-236769163 8
-236768840 8
-236762763 8
-236762438 8
-236756363 8
-236756039 8
-236749962 8
-236749642 8
-236743557 8
-236743233 8
-236737160 8
-236736841 8
-236730753 8
-236730422 8
-236724360 8
-236724037 8
-236717954 8
-236717630 8
-236711562 8
-236711246 8
-236705164 8
-236704841 8
-236698763 8
-236698440 8
-236692364 8
-236692042 8
-236685963 8
-236685641 8
-236679564 8
-236679242 8
-236673162 8
-236672841 8
-236666763 8
-236666437 8
-236660360 8
-236660029 8
-236653960 8
-236653639 8
-236647554 8
-236647231 8
-236641161 8
-236640839 8
-236640761 8
-236634751 8
-236634430 8
-236628363 8
-236628037 8
-236621964 8
-236621646 8
-236615564 8
-236615241 8
-236609164 8
-236608839 8
-236602764 8
-236602432 8
-236596364 8
-236596048 8
-236589963 8
-236589640 8
-236583563 8
-236583247 8
-236577163 8
-236576838 8
-236570755 8
-236570426 8
-236564355 8
-236564039 8
-236557961 8
-236557645 8
-236551553 8
-236551229 8
-236545163 8
-236544845 8
-236538764 8
-236538439 8
-236532364 8
-236532048 8
-236525964 8
-236525640 8
-236519563 8
-236519241 8
-236513164 8
-236513142 8
-236512875 8
-236506762 8
-236506500 8
-236500364 8
-236500101 8
-236493963 8
-236493748 8
-236487554 8
-236487343 8
-236481155 8
-236480944 8
-236474760 8
-236474546 8
-236468352 8
-236468140 8
-236461963 8
-236461750 8
-236455563 8
-236455352 8
-236449164 8
-236448953 8
-236442763 8
-236442544 8
-236436364 8
-236436101 8
-236436026 8
-236429964 8
-236429707 8
-236423563 8
-236423310 8
-236417164 8
-236416908 8
-236410763 8
-236410503 8
-236404355 8
-236404099 8
-236397960 8
-236397695 8
-236391559 8
-236391443 8
-236391244 8
-236385153 8
-236384826 8
-236378762 8
-236378436 8
-236372364 8
-236372047 8
-236365963 8
-236365646 8
-236359565 8
-236359241 8
-236353164 8
-236352839 8
-236346764 8
-236346441 8
-236340363 8
-236340047 8
-236333964 8
-236333641 8
-236327562 8
-236327247 8
-236321155 8
-236320829 8
-236314762 8
-236314439 8
-236308353 8
-236308032 8
-236301954 8
-236301637 8
-236295562 8
-236295239 8
-236289164 8
-236288841 8
-236282764 8
-236282441 8
-236276364 8
-236276043 8
-236269965 8
-236269643 8
-236263564 8
-236263242 8
-236257163 8
-236256842 8
-236250763 8
-236250441 8
-236244364 8
-236244038 8
-236237955 8
-236237632 8
-236231563 8
-236231241 8
-236231125 8
-236225153 8
-236224831 8
-236218756 8
-236218431 8
-236212361 8
-236212045 8
-236205964 8
-236205638 8
-236199564 8
-236199247 8
-236193165 8
-236192841 8
-236186764 8
-236186439 8
-236180364 8
-236180041 8
-236173963 8
-236173640 8
-236167565 8
-236167242 8
-236161163 8
-236160842 8
-236154755 8
-236154432 8
-236148363 8
-236148040 8
-236141953 8
-236141623 8
-236135557 8
-236135239 8
-236129160 8
-236128838 8
-236122763 8
-236122439 8
-236116365 8
-236116043 8
-236109964 8
-236109642 8
-236103565 8
-236103243 8
-236097164 8
-236096842 8
-236090764 8
-236090432 8
-236084364 8
-236084041 8
-236077963 8
-236077646 8
-236071556 8
-236071240 8
-236065163 8
-236064840 8
-236058753 8
-236058426 8
-236052358 8
-236052041 8
-236045960 8
-236045636 8
-236039564 8
-236039241 8
-236033164 8
-236032850 8
-236026765 8
-236026438 8
-236026345 8
-236020364 8
-236020039 8
-236013964 8
-236013641 8
-236007564 8
-236007240 8
-236001164 8
-236000841 8
-235994763 8
-235994443 8
-235988358 8
-235988033 8
-235981963 8
-235981638 8
-235975554 8
-235975525 8
-235975266 8
-235969161 8
-235968897 8
-235962757 8
-235962584 8
-235956363 8
-235956146 8
-235949965 8
-235949751 8
-235943565 8
-235943352 8
-235937165 8
-235936953 8
-235930764 8
-235930544 8
-235924366 8
-235924146 8
-235917964 8
-235917746 8
-235911564 8
-235911348 8
-235905158 8
-235904939 8
-235898761 8
-235898503 8
-235892355 8
-235892098 8
-235885962 8
-235885707 8
-235879554 8
-235879296 8
-235873164 8
-235872915 8
-235866764 8
-235866510 8
-235860365 8
-235860111 8
-235853965 8
-235853849 8
-235853650 8
-235847565 8
-235847243 8
-235841165 8
-235840842 8
-235834764 8
-235834442 8
-235828364 8
-235828047 8
-235821963 8
-235821639 8
-235821541 8
-235815556 8
-235815234 8
-235809155 8
-235808831 8
-235802761 8
-235802437 8
-235796354 8
-235796030 8
-235789964 8
-235789645 8
-235783565 8
-235783239 8
-235777165 8
-235776849 8
-235770765 8
-235770440 8
-235764364 8
-235764039 8
-235757965 8
-235757641 8
-235751564 8
-235751248 8
-235745164 8
-235744841 8
-235738764 8
-235738445 8
-235732356 8
-235732034 8
-235725956 8
-235725634 8
-235719562 8
-235719240 8
-235713153 8
-235712827 8
-235706765 8
-235706440 8
-235700364 8
-235700041 8
-235693965 8
-235693642 8
-235687565 8
-235687243 8
-235681165 8
-235680843 8
-235674765 8
-235674442 8
-235668365 8
-235668042 8
-235661964 8
-235661650 8
-235655565 8
-235655247 8
-235649156 8
-235648833 8
-235642758 8
-235642425 8
-235636360 8
-235636037 8
-235629954 8
-235629635 8
-235623564 8
-235623245 8
-235617164 8
-235616840 8
-235616738 8
-235610765 8
-235610446 8
-235604365 8
-235604042 8
-235597965 8
-235597641 8
-235591566 8
-235591243 8
-235585164 8
-235584841 8
-235578765 8
-235578433 8
-235572363 8
-235572044 8
-235565956 8
-235565626 8
-235559563 8
-235559246 8
-235553154 8
-235552835 8
-235546754 8
-235546429 8
-235540364 8
-235540038 8
-235533965 8
-235533645 8
-235527565 8
-235527279 8
-235521165 8
-235520911 8
-235514766 8
-235514494 8
-235508365 8
-235508147 8
-235501965 8
-235501747 8
-235495565 8
-235495355 8
-235489163 8
-235488948 8
-235482756 8
-235482538 8
-235476364 8
-235476151 8
-235469954 8
-235469743 8
-235463557 8
-235463345 8
-235457162 8
-235456942 8
-235450765 8
-235450508 8
-235444365 8
-235444111 8
-235437966 8
-235437712 8
-235431566 8
-235431312 8
-235425165 8
-235424908 8
-235418764 8
-235418499 8
-235412366 8
-235412110 8
-235412012 8
-235405964 8
-235405660 8
-235399557 8
-235399231 8
-235393164 8
-235392849 8
-235386754 8
-235386426 8
-235380358 8
-235380039 8
-235373962 8
-235373639 8
-235367565 8
-235367238 8
-235361165 8
-235360841 8
-235354765 8
-235354442 8
-235348366 8
-235348043 8
-235341965 8
-235341648 8
-235335565 8
-235335242 8
-235329165 8
-235328848 8
-235322765 8
-235322447 8
-235316357 8
-235316039 8
-235309964 8
-235309642 8
-235303554 8
-235303240 8
-235297158 8
-235296842 8
-235290761 8
-235290438 8
-235284366 8
-235284050 8
-235277965 8
-235277649 8
-235271566 8
-235271244 8
-235265166 8
-235264852 8
-235258765 8
-235258444 8
-235252365 8
-235252052 8
-235245967 8
-235245644 8
-235239564 8
-235239246 8
-235233157 8
-235232837 8
-235226764 8
-235226446 8
-235220355 8
-235220031 8
-235213960 8
-235213631 8
-235207561 8
-235207246 8
-235207145 8
-235201164 8
-235200845 8
-235194766 8
-235194441 8
-235188365 8
-235188050 8
-235181966 8
-235181651 8
-235175565 8
-235175250 8
-235169166 8
-235168843 8
-235162764 8
-235162441 8
-235156365 8
-235156045 8
-235149959 8
-235149642 8
-235143563 8
-235143248 8
-235137156 8
-235136841 8
-235130763 8
-235130438 8
-235124355 8
-235124041 8
-235117965 8
-235117648 8
-235111565 8
-235111250 8
-235105165 8
-235104852 8
-235098765 8
-235098443 8
-235092366 8
-235092044 8
-235085966 8
-235085644 8
-235079565 8
-235079243 8
-235073165 8
-235072861 8
-235066765 8
-235066647 8
-235066443 8
-235060359 8
-235060052 8
-235053957 8
-235053650 8
-235047563 8
-235047255 8
-235041156 8
-235040850 8
-235034765 8
-235034648 8
-235034454 8
-235028367 8
-235028056 8
-235021966 8
-235021657 8
-235015566 8
-235015250 8
-235009165 8
-235008857 8
-235002766 8
-235002650 8
-235002453 8
-235002397 8
-234996365 8
-234996056 8
-234989966 8
-234989944 8
-234989891 8
-234989693 8
-234983564 8
-234983321 8
-234977156 8
-234976937 8
-234970755 8
-234970711 8
-234970549 8
-234964363 8
-234964317 8
-234964216 8
-234957955 8
-234957914 8
-234957749 8
-234951566 8
-234951520 8
-234951419 8
-234945165 8
-234945122 8
-234945021 8
-234938766 8
-234938719 8
-234938649 8
-234938563 8
-234932366 8
-234932320 8
-234932166 8
-234925966 8
-234925919 8
-234925819 8
-234925764 8
-234919566 8
-234919522 8
-234919421 8
-234919358 8
-234913166 8
-234913144 8
-234912892 8
-234906766 8
-234906512 8
-234900366 8
-234900117 8
-234893956 8
-234893704 8
-234887559 8
-234887313 8
-234881162 8
-234881064 8
-234880851 8
-234874756 8
-234874432 8
-234868365 8
-234868046 8
-234861966 8
-234861644 8
-234855566 8
-234855251 8
-234849166 8
-234848844 8
-234842766 8
-234842443 8
-234836367 8
-234836045 8
-234829965 8
-234829648 8
-234823567 8
-234823243 8
-234817165 8
-234816852 8
-234810757 8
-234810437 8
-234804365 8
-234804030 8
-234797961 8
-234797646 8
-234797544 8
-234791555 8
-234791238 8
-234785165 8
-234784848 8
-234778766 8
-234778440 8
-234772366 8
-234772049 8
-234765967 8
-234765651 8
-234759567 8
-234759242 8
-234753165 8
-234752849 8
-234746766 8
-234746442 8
-234740367 8
-234740051 8
-234733965 8
-234733645 8
-234727557 8
-234727244 8
-234721165 8
-234720840 8
-234714755 8
-234714648 8
-234714446 8
-234708357 8
-234708050 8
-234701964 8
-234701657 8
-234695566 8
-234695259 8
-234689166 8
-234688858 8
-234682766 8
-234682650 8
-234682448 8
-234676366 8
-234676060 8
-234669966 8
-234669652 8
-234663565 8
-234663260 8
-234657167 8
-234656853 8
-234650765 8
-234650650 8
-234650456 8
-234644358 8
-234644049 8
-234637965 8
-234637658 8
-234631556 8
-234631243 8
-234625159 8
-234624851 8
-234618764 8
-234618646 8
-234618454 8
-234612366 8
-234612055 8
-234605967 8
-234605658 8
-234599567 8
-234599260 8
-234593167 8
-234592851 8
-234592747 8
-234586766 8
-234586650 8
-234586449 8
-234580366 8
-234580051 8
-234573966 8
-234573658 8
-234567566 8
-234567253 8
-234561158 8
-234560855 8
-234554766 8
-234554648 8
-234554449 8
-234548355 8
-234548047 8
-234541960 8
-234541650 8
-234535563 8
-234535252 8
-234529166 8
-234528858 8
-234522766 8
-234522450 8
-234516367 8
-234516046 8
-234509967 8
-234509644 8
-234503566 8
-234503244 8
-234497165 8
-234496843 8
-234490767 8
-234490445 8
-234484365 8
-234484047 8
-234477958 8
-234477635 8
-234471565 8
-234471251 8
-234465156 8
-234464838 8
-234458760 8
-234458436 8
-234452362 8
-234452049 8
-234445966 8
-234445650 8
-234439567 8
-234439253 8
-234433167 8
-234432845 8
-234426767 8
-234426440 8
-234420366 8
-234420050 8
-234413967 8
-234413946 8
-234413681 8
-234407566 8
-234407319 8
-234401166 8
-234400907 8
-234394760 8
-234394547 8
-234388364 8
-234388151 8
-234388064 8
-234381956 8
-234381742 8
-234375564 8
-234375351 8
-234369157 8
-234368950 8
-234362766 8
-234362550 8
-234356366 8
-234356153 8
-234349967 8
-234349754 8
-234343567 8
-234343353 8
-234337166 8
-234337141 8
-234336887 8
-234330767 8
-234330511 8
-234324367 8
-234324123 8
-234317965 8
-234317724 8
-234311563 8
-234311309 8
-234305162 8
-234305082 8
-234305022 8
-234304855 8
-234298757 8
-234298440 8
-234292364 8
-234292057 8
-234285957 8
-234285649 8
-234279566 8
-234279255 8
-234273168 8
-234272862 8
-234266767 8
-234266646 8
-234266458 8
-234260368 8
-234260053 8
-234253967 8
-234253660 8
-234247568 8
-234247254 8
-234241166 8
-234240860 8
-234234767 8
-234234649 8
-234234452 8
-234228366 8
-234228056 8
-234221960 8
-234221645 8
-234215558 8
-234215248 8
-234209164 8
-234208857 8
-234202756 8
-234202649 8
-234202445 8
-234196368 8
-234196057 8
-234189967 8
-234189658 8
-234183568 8
-234183259 8
-234183156 8
-234177167 8
-234176858 8
-234170767 8
-234170648 8
-234170451 8
-234164367 8
-234164059 8
-234157967 8
-234157660 8
-234151567 8
-234151258 8
-234145167 8
-234144854 8
-234138757 8
-234138646 8
-234138439 8
-234132360 8
-234132041 8
-234125963 8
-234125644 8
-234119557 8
-234119242 8
-234113166 8
-234112850 8
-234106767 8
-234106445 8
-234100367 8
-234100053 8
-234093967 8
-234093645 8
-234087567 8
-234087254 8
-234081167 8
-234080845 8
-234074766 8
-234074444 8
-234068368 8
-234068054 8
-234061966 8
-234061655 8
-234055559 8
-234055237 8
-234049163 8
-234048840 8
-234042762 8
-234042442 8
-234036357 8
-234036042 8
-234029967 8
-234029651 8
-234023567 8
-234023250 8
-234017168 8
-234016852 8
-234010768 8
-234010444 8
-234004368 8
-234004045 8
-233997967 8
-233997651 8
-233991567 8
-233991244 8
-233985167 8
-233984853 8
-233978767 8
-233978446 8
-233978345 8
-233972358 8
-233972034 8
-233965966 8
-233965650 8
-233959557 8
-233959241 8
-233953158 8
-233952840 8
-233946765 8
-233946440 8
-233940368 8
-233940043 8
-233933967 8
-233933651 8
-233927568 8
-233927260 8
-233921167 8
-233920861 8
-233914768 8
-233914649 8
-233914455 8
-233908366 8
-233908061 8
-233901968 8
-233901654 8
-233895567 8
-233895263 8
-233889159 8
-233888851 8
-233882766 8
-233882647 8
-233882446 8
-233876357 8
-233876043 8
-233869959 8
-233869650 8
-233863566 8
-233863250 8
-233857167 8
-233856859 8
-233850768 8
-233850651 8
-233850457 8
-233844368 8
-233844062 8
-233837968 8
-233837654 8
-233831567 8
-233831261 8
-233825167 8
-233824857 8
-233818768 8
-233818648 8
-233818452 8
-233812367 8
-233812056 8
-233805959 8
-233805657 8
-233799567 8
-233799260 8
-233793155 8
-233792849 8
-233786761 8
-233786729 8
-233786677 8
-233786483 8
-233780363 8
-233780123 8
-233773968 8
-233773753 8
-233773647 8
-233767567 8
-233767524 8
-233767423 8
-233761168 8
-233761123 8
-233761022 8
-233754767 8
-233754721 8
-233754651 8
-233754553 8
-233748367 8
-233748154 8
-233741966 8
-233741756 8
-233735568 8
-233735355 8
-233729167 8
-233728958 8
-233722759 8
-233722547 8
-233716366 8
-233716154 8
-233709956 8
-233709679 8
-233703561 8
-233703311 8
-233697163 8
-233696914 8
-233690767 8
-233690518 8
-233684368 8
-233684122 8
-233677968 8
-233677843 8
-233677667 8
-233671569 8
-233671246 8
-233665167 8
-233664845 8
-233658768 8
-233658438 8
-233652368 8
-233652054 8
-233645967 8
-233645649 8
-233639561 8
-233639245 8
-233633167 8
-233632844 8
-233626758 8
-233626430 8
-233620365 8
-233620042 8
-233613961 8
-233613646 8
-233607567 8
-233607250 8
-233601167 8
-233600849 8
-233594768 8
-233594445 8
-233588368 8
-233588052 8
-233581968 8
-233581644 8
-233575568 8
-233575252 8
-233569167 8
-233568844 8
-233568744 8
-233562767 8
-233562445 8
-233556362 8
-233556038 8
-233549964 8
-233549661 8
-233543559 8
-233543250 8
-233537165 8
-233536857 8
-233530758 8
-233530442 8
-233524367 8
-233524056 8
-233517969 8
-233517662 8
-233511567 8
-233511262 8
-233505169 8
-233504854 8
-233498768 8
-233498453 8
-233492369 8
-233492055 8
-233485967 8
-233485661 8
-233479568 8
-233479259 8
-233473166 8
-233472859 8
-233466760 8
-233466651 8
-233466445 8
-233460359 8
-233460049 8
-233453966 8
-233453651 8
-233447558 8
-233447248 8
-233441167 8
-233440859 8
-233434768 8
-233434452 8
-233428369 8
-233428059 8
-233421968 8
-233421660 8
-233415568 8
-233415252 8
-233409168 8
-233408860 8
-233402767 8
-233402648 8
-233402452 8
-233396368 8
-233396060 8
-233389968 8
-233389655 8
-233383560 8
-233383253 8
-233377161 8
-233376846 8
-233370765 8
-233370649 8
-233370450 8
-233364357 8
-233364047 8
-233363945 8
-233357967 8
-233357941 8
-233357930 8
-233357883 8
-233357684 8
-233351568 8
-233351320 8
-233345168 8
-233344911 8
-233338769 8
-233338548 8
-233332368 8
-233332156 8
-233325969 8
-233325754 8
-233319568 8
-233319357 8
-233313168 8
-233312958 8
-233306767 8
-233306552 8
-233300359 8
-233300148 8
-233293961 8
-233293749 8
-233287564 8
-233287354 8
-233281158 8
-233281131 8
-233280892 8
-233274768 8
-233274513 8
-233268368 8
-233268122 8
-233261969 8
-233261714 8
-233255569 8
-233255315 8
-233249169 8
-233248855 8
-233242769 8
-233242447 8
-233236368 8
-233236046 8
-233229969 8
-233229654 8
-233223568 8
-233223250 8
-233217160 8
-233216846 8
-233210768 8
-233210443 8
-233204358 8
-233204045 8
-233197960 8
-233197633 8
-233191566 8
-233191249 8
-233185168 8
-233184851 8
-233178768 8
-233178452 8
-233172369 8
-233172053 8
-233165969 8
-233165653 8
-233159569 8
-233159246 8
-233159146 8
-233153167 8
-233152852 8
-233146769 8
-233146446 8
-233140367 8
-233140054 8
-233133960 8
-233133635 8
-233127567 8
-233127249 8
-233121158 8
-233120836 8
-233114759 8
-233114441 8
-233108367 8
-233108043 8
-233101968 8
-233101653 8
-233095569 8
-233095255 8
-233089169 8
-233088847 8
-233082769 8
-233082447 8
-233076368 8
-233076055 8
-233069968 8
-233069646 8
-233063569 8
-233063256 8
-233057168 8
-233056850 8
-233050760 8
-233050442 8
-233044368 8
-233044054 8
-233037957 8
-233037635 8
-233031562 8
-233031245 8
-233025165 8
-233024849 8
-233018768 8
-233018442 8
-233012369 8
-233012052 8
-233005969 8
-233005646 8
-232999569 8
-232999253 8
-232993169 8
-232992853 8
-232986767 8
-232986442 8
-232980370 8
-232980046 8
-232973968 8
-232973656 8
-232967560 8
-232967243 8
-232961167 8
-232960853 8
-232954758 8
-232954429 8
-232954328 8
-232948361 8
-232948044 8
-232941965 8
-232941641 8
-232935568 8
-232935249 8
-232929169 8
-232928854 8
-232922769 8
-232922444 8
-232916370 8
-232916047 8
-232909968 8
-232909646 8
-232903569 8
-232903247 8
-232897169 8
-232896848 8
-232890768 8
-232890450 8
-232884361 8
-232884048 8
-232877968 8
-232877645 8
-232871558 8
-232871242 8
-232865164 8
-232864838 8
-232858764 8
-232858441 8
-232852369 8
-232852052 8
-232845969 8
-232845654 8
-232839569 8
-232839248 8
-232833169 8
-232832855 8
-232826769 8
-232826443 8
-232820369 8
-232820054 8
-232813969 8
-232813645 8
-232807567 8
-232807256 8
-232801162 8
-232801133 8
-232800876 8
-232794765 8
-232794514 8
-232788360 8
-232788147 8
-232781966 8
-232781753 8
-232775561 8
-232775345 8
-232769168 8
-232768953 8
-232762770 8
-232762556 8
-232756369 8
-232756155 8
-232749969 8
-232749755 8
-232749649 8
-232743569 8
-232743356 8
-232737170 8
-232736958 8
-232730768 8
-232730555 8
-232724369 8
-232724097 8
-232717967 8
-232717711 8
-232711564 8
-232711309 8
-232705159 8
-232704904 8
-232698767 8
-232698511 8
-232692358 8
-232692265 8
-232692039 8
-232685969 8
-232685652 8
-232679569 8
-232679255 8
-232673169 8
-232672856 8
-232666769 8
-232666447 8
-232660369 8
-232660047 8
-232653970 8
-232653655 8
-232647569 8
-232647247 8
-232641169 8
-232640856 8
-232634769 8
-232634451 8
-232628361 8
-232628042 8
-232621961 8
-232621636 8
-232615566 8
-232615251 8
-232609159 8
-232608844 8
-232602768 8
-232602449 8
-232596369 8
-232596044 8
-232589969 8
-232589653 8
-232583570 8
-232583254 8
-232577169 8
-232576853 8
-232570770 8
-232570447 8
-232564368 8
-232564052 8
-232557970 8
-232557646 8
-232551569 8
-232551256 8
-232545160 8
-232544839 8
-232544741 8
-232538761 8
-232538435 8
-232532366 8
-232532047 8
-232525959 8
-232525641 8
-232519569 8
-232519253 8
-232513169 8
-232512854 8
-232506770 8
-232506447 8
-232500370 8
-232500056 8
-232493970 8
-232493648 8
-232487570 8
-232487256 8
-232481169 8
-232480847 8
-232474770 8
-232474447 8
-232468369 8
-232468051 8
-232461959 8
-232461644 8
-232455568 8
-232455237 8
-232449164 8
-232448850 8
-232442759 8
-232442433 8
-232436368 8
-232436052 8
-232429970 8
-232429655 8
-232423569 8
-232423251 8
-232417169 8
-232416855 8
-232410770 8
-232410438 8
-232404369 8
-232404046 8
-232397968 8
-232397652 8
-232391570 8
-232391256 8
-232385168 8
-232384858 8
-232378761 8
-232378427 8
-232372368 8
-232372051 8
-232365959 8
-232365637 8
-232359560 8
-232359243 8
-232353168 8
-232352852 8
-232346768 8
-232346450 8
-232340370 8
-232340053 8
-232339952 8
-232333970 8
-232333654 8
-232327571 8
-232327254 8
-232321169 8
-232320855 8
-232314769 8
-232314447 8
-232308370 8
-232308056 8
-232301969 8
-232301651 8
-232295561 8
-232295244 8
-232289169 8
-232288846 8
-232282758 8
-232282437 8
-232276363 8
-232276044 8
-232269967 8
-232269652 8
-232263570 8
-232263255 8
-232257170 8
-232256855 8
-232250770 8
-232250448 8
-232244370 8
-232244048 8
-232237970 8
-232237648 8
-232231569 8
-232231247 8
-232225171 8
-232224854 8
-232218768 8
-232218448 8
-232212361 8
-232212044 8
-232205968 8
-232205654 8
-232199559 8
-232199236 8
-232193163 8
-232192846 8
-232186766 8
-232186441 8
-232180369 8
-232180059 8
-232173971 8
-232173653 8
-232167570 8
-232167254 8
-232161170 8
-232161145 8
-232160880 8
-232154769 8
-232154514 8
-232148370 8
-232148106 8
-232141970 8
-232141757 8
-232135569 8
-232135360 8
-232135259 8
-232129161 8
-232128954 8
-232122769 8
-232122555 8
-232116359 8
-232116142 8
-232109964 8
-232109748 8
-232103566 8
-232103352 8
-232097170 8
-232096955 8
-232090770 8
-232090559 8
-232084371 8
-232084346 8
-232084086 8
-232077970 8
-232077724 8
-232071570 8
-232071318 8
-232065170 8
-232064918 8
-232058770 8
-232058509 8
-232052369 8
-232052059 8
-232045964 8
-232045641 8
-232039567 8
-232039247 8
-232033160 8
-232032838 8
-232026767 8
-232026449 8
-232020361 8
-232020046 8
-232013969 8
-232013650 8
-232007571 8
-232007247 8
-232001170 8
-232000854 8
-231994771 8
-231994447 8
-231988370 8
-231988054 8
-231981971 8
-231981648 8
-231975570 8
-231975254 8
-231969170 8
-231968850 8
-231962767 8
-231962442 8
-231956366 8
-231956044 8
-231949960 8
-231949643 8
-231943568 8
-231943253 8
-231937160 8
-231936843 8
-231930770 8
-231930443 8
-231930343 8
-231924370 8
-231924052 8
-231917971 8
-231917648 8
-231911571 8
-231911248 8
-231905169 8
-231904848 8
-231898771 8
-231898448 8
-231892370 8
-231892048 8
-231885970 8
-231885656 8
-231879570 8
-231879247 8
-231873163 8
-231872847 8
-231866761 8
-231866437 8
-231860368 8
-231860052 8
-231853960 8
-231853635 8
-231847570 8
-231847254 8
-231841171 8
-231840849 8
-231834771 8
-231834449 8
-231828371 8
-231828049 8
-231821970 8
-231821653 8
-231815571 8
-231815249 8
-231809169 8
-231808854 8
-231802771 8
-231802447 8
-231796370 8
-231796057 8
-231789961 8
-231789639 8
-231783563 8
-231783244 8
-231777166 8
-231776851 8
-231770759 8
-231770441 8
-231764371 8
-231764053 8
-231757970 8
-231757653 8
-231751571 8
-231751255 8
-231745170 8
-231744854 8
-231738770 8
-231738446 8
-231732370 8
-231732054 8
-231725970 8
-231725654 8
-231725576 8
-231719570 8
-231719255 8
-231713170 8
-231712852 8
-231706761 8
-231706433 8
-231700367 8
-231700042 8
-231693966 8
-231693654 8
-231687561 8
-231687244 8
-231681170 8
-231680854 8
-231674771 8
-231674448 8
-231668371 8
-231668057 8
-231661972 8
-231661649 8
-231655571 8
-231655248 8
-231649170 8
-231648848 8
-231642770 8
-231642447 8
-231636372 8
-231636050 8
-231629969 8
-231629652 8
-231623562 8
-231623243 8
-231617169 8
-231616852 8
-231610760 8
-231610440 8
-231604361 8
-231604042 8
-231597969 8
-231597652 8
-231591570 8
-231591252 8
-231585171 8
-231585145 8
-231584880 8
-231578771 8
-231578515 8
-231572372 8
-231572107 8
-231565970 8
-231565758 8
-231559570 8
-231559358 8
-231553171 8
-231552959 8
-231546771 8
-231546553 8
-231540362 8
-231540155 8
-231533970 8
-231533757 8
-231527559 8
-231527348 8
-231521162 8
-231520946 8
-231520864 8
-231514769 8
-231514557 8
-231508371 8
-231508102 8
-231501971 8
-231501725 8
-231495571 8
-231495318 8
-231489171 8
-231488917 8
-231482771 8
-231482517 8
-231476370 8
-231476065 8
-231469972 8
-231469650 8
-231463569 8
-231463259 8
-231457162 8
-231456845 8
-231450770 8
-231450446 8
-231444360 8
-231444039 8
-231437964 8
-231437647 8
-231431568 8
-231431252 8
-231425170 8
-231424858 8
-231418772 8
-231418448 8
-231412371 8
-231412055 8
-231405972 8
-231405648 8
-231399570 8
-231399255 8
-231393170 8
-231392846 8
-231386771 8
-231386446 8
-231380370 8
-231380049 8
-231373962 8
-231373645 8
-231367570 8
-231367247 8
-231361160 8
-231360839 8
-231354764 8
-231354438 8
-231348366 8
-231348049 8
-231341971 8
-231341653 8
-231335571 8
-231335254 8
-231329172 8
-231328857 8
-231322771 8
-231322452 8
-231316371 8
-231316048 8
-231315971 8
-231309971 8
-231309649 8
-231303572 8
-231303250 8
-231297170 8
-231296851 8
-231290765 8
-231290440 8
-231284369 8
-231284053 8
-231277961 8
-231277639 8
-231271567 8
-231271245 8
-231265164 8
-231264848 8
-231258770 8
-231258445 8
-231252372 8
-231252058 8
-231245971 8
-231245658 8
-231239572 8
-231239250 8
-231233171 8
-231232858 8
-231226772 8
-231226453 8
-231220371 8
-231220055 8
-231213971 8
-231213651 8
-231207565 8
-231207249 8
-231201168 8
-231200855 8
-231194761 8
-231194437 8
-231188369 8
-231188045 8
-231181961 8
-231181643 8
-231175571 8
-231175254 8
-231169171 8
-231168855 8
-231162772 8
-231162448 8
-231156371 8
-231156055 8
-231149971 8
-231149942 8
-231149677 8
-231143572 8
-231143325 8
-231137170 8
-231136906 8
-231130771 8
-231130555 8
-231124370 8
-231124224 8
-231117963 8
-231117920 8
-231117818 8
-231111562 8
-231111519 8
-231111418 8
-231111360 8
-231105169 8
-231105124 8
-231105023 8
-231104962 8
-231098761 8
-231098718 8
-231098616 8
-231098552 8
-231092371 8
-231092327 8
-231092227 8
-231092171 8
-231085972 8
-231085925 8
-231085823 8
-231085770 8
-231079571 8
-231079525 8
-231079425 8
-231079370 8
-231073172 8
-231073154 8
-231073103 8
-231072908 8
-231066771 8
-231066527 8
-231060372 8
-231060128 8
-231053970 8
-231053726 8
-231047572 8
-231047335 8
-231041170 8
-231041068 8
-231041019 8
-231040878 8
-231034763 8
-231034651 8
-231034449 8
-231028364 8
-231028047 8
-231021969 8
-231021659 8
-231015561 8
-231015251 8
-231009171 8
-231008861 8
-231002771 8
-231002650 8
-231002452 8
-230996372 8
-230996063 8
-230989972 8
-230989663 8
-230983571 8
-230983256 8
-230977172 8
-230976852 8
-230970771 8
-230970447 8
-230964371 8
-230964057 8
-230957971 8
-230957651 8
-230951562 8
-230951248 8
-230945165 8
-230944847 8
-230938767 8
-230938452 8
-230932362 8
-230932037 8
-230925971 8
-230925657 8
-230919572 8
-230919250 8
-230913172 8
-230912857 8
-230906772 8
-230906450 8
-230906371 8
-230900372 8
-230900049 8
-230893972 8
-230893651 8
-230887571 8
-230887248 8
-230881172 8
-230880850 8
-230874770 8
-230874451 8
-230868363 8
-230868039 8
-230861970 8
-230861654 8
-230855562 8
-230855242 8
-230849162 8
-230848845 8
-230842771 8
-230842447 8
-230836372 8
-230836057 8
-230829972 8
-230829649 8
-230823572 8
-230823256 8
-230817173 8
-230816856 8
-230810772 8
-230810456 8
-230804371 8
-230804048 8
-230797972 8
-230797656 8
-230791571 8
-230791251 8
-230785163 8
-230784847 8
-230778771 8
-230778450 8
-230772361 8
-230772046 8
-230765964 8
-230765653 8
-230759570 8
-230759253 8
-230753171 8
-230752862 8
-230746772 8
-230746463 8
-230740373 8
-230740057 8
-230733972 8
-230733663 8
-230727572 8
-230727264 8
-230721171 8
-230720864 8
-230714772 8
-230714655 8
-230714460 8
-230708371 8
-230708059 8
-230701964 8
-230701647 8
-230701567 8
-230695570 8
-230695262 8
-230689161 8
-230688848 8
-230682765 8
-230682454 8
-230676369 8
-230676061 8
-230669972 8
-230669663 8
-230663573 8
-230663266 8
-230657172 8
-230656866 8
-230650773 8
-230650654 8
-230650458 8
-230644372 8
-230644065 8
-230637972 8
-230637657 8
-230631572 8
-230631266 8
-230625171 8
-230624860 8
-230618763 8
-230618453 8
-230612371 8
-230612346 8
-230612338 8
-230612292 8
-230612092 8
-230605960 8
-230605713 8
-230599566 8
-230599369 8
-230593168 8
-230593126 8
-230592961 8
-230586772 8
-230586725 8
-230586570 8
-230580372 8
-230580158 8
-230573973 8
-230573761 8
-230567573 8
-230567361 8
-230561172 8
-230560960 8
-230554772 8
-230554552 8
-230548374 8
-230548162 8
-230541971 8
-230541755 8
-230535565 8
-230535296 8
-230529171 8
-230528925 8
-230522762 8
-230522494 8
-230516367 8
-230516110 8
-230509968 8
-230509720 8
-230503571 8
-230503489 8
-230503252 8
-230497172 8
-230496849 8
-230496773 8
-230490772 8
-230490449 8
-230484373 8
-230484051 8
-230477972 8
-230477650 8
-230471573 8
-230471251 8
-230465171 8
-230464858 8
-230458772 8
-230458454 8
-230452365 8
-230452043 8
-230445969 8
-230445653 8
-230439562 8
-230439246 8
-230433170 8
-230432846 8
-230426762 8
-230426445 8
-230420372 8
-230420058 8
-230413973 8
-230413661 8
-230407573 8
-230407251 8
-230401172 8
-230400860 8
-230394772 8
-230394444 8
-230388373 8
-230388053 8
-230381972 8
-230381653 8
-230375572 8
-230375264 8
-230369170 8
-230368859 8
-230362766 8
-230362450 8
-230356363 8
-230356051 8
-230349970 8
-230349659 8
-230343562 8
-230343250 8
-230337172 8
-230336867 8
-230330773 8
-230330656 8
-230330457 8
-230324372 8
-230324064 8
-230317973 8
-230317658 8
-230311572 8
-230311265 8
-230305173 8
-230304859 8
-230298771 8
-230298655 8
-230298460 8
-230292373 8
-230292059 8
-230291977 8
-230285971 8
-230285668 8
-230279564 8
-230279250 8
-230273163 8
-230272857 8
-230266770 8
-230266653 8
-230266457 8
-230260361 8
-230260055 8
-230253973 8
-230253664 8
-230247573 8
-230247258 8
-230241173 8
-230240866 8
-230234773 8
-230234657 8
-230234462 8
-230228372 8
-230228058 8
-230221973 8
-230221668 8
-230215572 8
-230215262 8
-230209172 8
-230208860 8
-230202772 8
-230202656 8
-230202463 8
-230196364 8
-230196055 8
-230189965 8
-230189651 8
-230183568 8
-230183256 8
-230177162 8
-230176849 8
-230170772 8
-230170450 8
-230164373 8
-230164052 8
-230157973 8
-230157660 8
-230151573 8
-230151252 8
-230145172 8
-230144852 8
-230138773 8
-230138455 8
-230132372 8
-230132051 8
-230125973 8
-230125657 8
-230119571 8
-230119261 8
-230113162 8
-230112840 8
-230106771 8
-230106438 8
-230100367 8
-230100047 8
-230093963 8
-230093647 8
-230087572 8
-230087249 8
-230087170 8
-230081172 8
-230080859 8
-230074773 8
-230074450 8
-230068373 8
-230068051 8
-230061974 8
-230061652 8
-230055572 8
-230055258 8
-230049173 8
-230048851 8
-230042773 8
-230042450 8
-230036373 8
-230036054 8
-230029965 8
-230029641 8
-230023572 8
-230023252 8
-230017162 8
-230016847 8
-230010764 8
-230010441 8
-230004371 8
-230004049 8
-229997973 8
-229997652 8
-229991573 8
-229991261 8
-229985173 8
-229984852 8
-229978773 8
-229978654 8
-229978462 8
-229972373 8
-229972350 8
-229972297 8
-229972095 8
-229965972 8
-229965731 8
-229959574 8
-229959384 8
-229953172 8
-229953127 8
-229953026 8
-229946765 8
-229946652 8
-229946555 8
-229940372 8
-229940326 8
-229940227 8
-229933962 8
-229933920 8
-229933818 8
-229927565 8
-229927520 8
-229927419 8
-229921170 8
-229921025 8
-229914772 8
-229914728 8
-229914566 8
-229908374 8
-229908330 8
-229908229 8
-229908173 8
-229901973 8
-229901926 8
-229901767 8
-229895574 8
-229895551 8
-229895497 8
-229895306 8
-229889173 8
-229888929 8
-229882773 8
-229882519 8
-229882438 8
-229876373 8
-229876137 8
-229869972 8
-229869731 8
-229863565 8
-229863458 8
-229863406 8
-229863273 8
-229857172 8
-229856857 8
-229850761 8
-229850654 8
-229850448 8
-229844366 8
-229844056 8
-229837969 8
-229837662 8
-229831573 8
-229831266 8
-229825173 8
-229824856 8
-229818774 8
-229818447 8
-229812373 8
-229812053 8
-229805973 8
-229805655 8
-229799572 8
-229799252 8
-229793174 8
-229792853 8
-229786772 8
-229786456 8
-229780365 8
-229780044 8
-229773972 8
-229773654 8
-229767563 8
-229767240 8
-229761166 8
-229760853 8
-229754769 8
-229754449 8
-229748372 8
-229748058 8
-229741974 8
-229741652 8
-229735574 8
-229735253 8
-229729173 8
-229728852 8
-229722773 8
-229722449 8
-229716374 8
-229716051 8
-229709972 8
-229709658 8
-229703573 8
-229703254 8
-229697167 8
-229696844 8
-229690772 8
-229690450 8
-229684363 8
-229684041 8
-229677971 8
-229677648 8
-229677567 8
-229671564 8
-229671248 8
-229665173 8
-229664857 8
-229658773 8
-229658449 8
-229652374 8
-229652052 8
-229645974 8
-229645659 8
-229639573 8
-229639251 8
-229633174 8
-229632860 8
-229626773 8
-229626451 8
-229620372 8
-229620055 8
-229613970 8
-229613648 8
-229607569 8
-229607259 8
-229601164 8
-229600852 8
-229594770 8
-229594653 8
-229594461 8
-229588364 8
-229588049 8
-229581973 8
-229581667 8
-229575574 8
-229575260 8
-229569173 8
-229568869 8
-229562774 8
-229562656 8
-229562455 8
-229556373 8
-229556060 8
-229549975 8
-229549663 8
-229543573 8
-229543259 8
-229537174 8
-229536860 8
-229530772 8
-229530654 8
-229530460 8
-229524367 8
-229524049 8
-229517964 8
-229517656 8
-229511572 8
-229511265 8
-229505163 8
-229504853 8
-229498774 8
-229498750 8
-229498737 8
-229498694 8
-229498654 8
-229498502 8
-229492374 8
-229492137 8
-229485974 8
-229485756 8
-229479574 8
-229479527 8
-229479366 8
-229473173 8
-229473128 8
-229473025 8
-229472976 8
-229472967 8
-229466774 8
-229466728 8
-229466567 8
-229460373 8
-229460328 8
-229460226 8
-229460164 8
-229453974 8
-229453929 8
-229453759 8
-229447574 8
-229447358 8
-229441164 8
-229440952 8
-229434766 8
-229434544 8
-229428370 8
-229428163 8
-229421964 8
-229421687 8
-229415573 8
-229415328 8
-229409174 8
-229408921 8
-229402774 8
-229402520 8
-229396374 8
-229396122 8
-229389973 8
-229389670 8
-229383575 8
-229383253 8
-229377173 8
-229376860 8
-229370774 8
-229370453 8
-229364373 8
-229364056 8
-229357965 8
-229357646 8
-229351570 8
-229351249 8
-229345168 8
-229344851 8
-229338764 8
-229338441 8
-229332374 8
-229332052 8
-229325974 8
-229325662 8
-229319574 8
-229319260 8
-229313174 8
-229312859 8
-229306774 8
-229306452 8
-229300374 8
-229300059 8
-229293973 8
-229293651 8
-229287574 8
-229287259 8
-229281173 8
-229280855 8
-229274764 8
-229274441 8
-229268373 8
-229268049 8
-229267970 8
-229261963 8
-229261649 8
-229255565 8
-229255246 8
-229249172 8
-229248855 8
-229242774 8
-229242452 8
-229236374 8
-229236058 8
-229229975 8
-229229653 8
-229223575 8
-229223257 8
-229217173 8
-229216850 8
-229210773 8
-229210449 8
-229204375 8
-229204061 8
-229197973 8
-229197661 8
-229191566 8
-229191247 8
-229185172 8
-229184850 8
-229178763 8
-229178436 8
-229172366 8
-229172050 8
-229165972 8
-229165657 8
-229159574 8
-229159255 8
-229153175 8
-229152858 8
-229146774 8
-229146451 8
-229140375 8
-229140051 8
-229133973 8
-229133658 8
-229127574 8
-229127251 8
-229121174 8
-229120857 8
-229114774 8
-229114447 8
-229108365 8
-229108048 8
-229101974 8
-229101651 8
-229095562 8
-229095241 8
-229089168 8
-229088852 8
-229082770 8
-229082452 8
-229076374 8
-229076058 8
-229069974 8
-229069659 8
-229063575 8
-229063253 8
-229063175 8
-229057175 8
-229056852 8
-229050774 8
-229050452 8
-229044373 8
-229044060 8
-229037975 8
-229037653 8
-229031573 8
-229031262 8
-229025166 8
-229024885 8
-229018773 8
-229018518 8
-229012363 8
-229012170 8
-229005967 8
-229005752 8
-228999570 8
-228999358 8
-228993174 8
-228992966 8
-228986775 8
-228986560 8
-228980374 8
-228980161 8
-228973975 8
-228973761 8
-228967574 8
-228967362 8
-228961174 8
-228960961 8
-228954775 8
-228954562 8
-228948374 8
-228948105 8
-228941967 8
-228941718 8
-228935573 8
-228935316 8
-228929164 8
-228928915 8
-228922771 8
-228922512 8
-228916367 8
-228916276 8
-228916049 8
-228909974 8
-228909656 8
-228903575 8
-228903261 8
-228897175 8
-228896853 8
-228890774 8
-228890450 8
-228884375 8
-228884053 8
-228877975 8
-228877660 8
-228871574 8
-228871253 8
-228865173 8
-228864862 8
-228858770 8
-228858447 8
-228858373 8
-228852371 8
-228852056 8
-228845964 8
-228845646 8
-228839572 8
-228839258 8
-228833164 8
-228832847 8
-228826773 8
-228826454 8
-228820375 8
-228820057 8
-228813975 8
-228813659 8
-228807575 8
-228807251 8
-228801174 8
-228800858 8
-228794775 8
-228794452 8
-228788374 8
-228788058 8
-228781975 8
-228781657 8
-228775573 8
-228775257 8
-228769168 8
-228768846 8
-228762765 8
-228762447 8
-228756373 8
-228756050 8
-228749964 8
-228749648 8
-228743575 8
-228743257 8
-228737175 8
-228736865 8
-228730775 8
-228730452 8
-228724375 8
-228724059 8
-228717975 8
-228717653 8
-228711575 8
-228711259 8
-228705173 8
-228704859 8
-228698774 8
-228698450 8
-228692374 8
-228692056 8
-228685966 8
-228685653 8
-228679568 8
-228679245 8
-228673172 8
-228672857 8
-228666764 8
-228666440 8
-228660374 8
-228660064 8
-228653975 8
-228653653 8
-228653576 8
-228647575 8
-228647259 8
-228641175 8
-228640853 8
-228634774 8
-228634452 8
-228628376 8
-228628054 8
-228621974 8
-228621658 8
-228615575 8
-228615261 8
-228609174 8
-228608854 8
-228602766 8
-228602444 8
-228596367 8
-228596051 8
-228589971 8
-228589657 8
-228583564 8
-228583247 8
-228577174 8
-228576857 8
-228570774 8
-228570458 8
-228564375 8
-228564059 8
-228557975 8
-228557661 8
-228551576 8
-228551253 8
-228545175 8
-228544860 8
-228538775 8
-228538451 8
-228532375 8
-228532059 8
-228525974 8
-228525654 8
-228519566 8
-228519250 8
-228513174 8
-228512851 8
-228506764 8
-228506444 8
-228500365 8
-228500049 8
-228493974 8
-228493657 8
-228487575 8
-228487262 8
-228481175 8
-228480860 8
-228474776 8
-228474454 8
-228468375 8
-228468061 8
-228461975 8
-228461951 8
-228461696 8
-228455574 8
-228455321 8
-228449175 8
-228448921 8
-228448844 8
-228442774 8
-228442558 8
-228436367 8
-228436153 8
-228429973 8
-228429761 8
-228423565 8
-228423354 8
-228417165 8
-228416952 8
-228410773 8
-228410559 8
-228404375 8
-228404160 8
-228397976 8
-228397762 8
-228391576 8
-228391363 8
-228385176 8
-228384899 8
-228378774 8
-228378519 8
-228372375 8
-228372119 8
-228365976 8
-228365729 8
-228359575 8
-228359324 8
-228353166 8
-228352856 8
-228346775 8
-228346452 8
-228340363 8
-228340041 8
-228333968 8
-228333649 8
-228327572 8
-228327258 8
-228321174 8
-228320856 8
-228314775 8
-228314459 8
-228308376 8
-228308054 8
-228301975 8
-228301660 8
-228295576 8
-228295254 8
-228289175 8
-228288862 8
-228282776 8
-228282454 8
-228276375 8
-228276064 8
-228269967 8
-228269649 8
-228263574 8
-228263259 8
-228257164 8
-228256842 8
-228250768 8
-228250451 8
-228244372 8
-228244049 8
-228243973 8
-228237975 8
-228237658 8
-228231576 8
-228231253 8
-228225175 8
-228224862 8
-228218776 8
-228218453 8
-228212375 8
-228212059 8
-228205975 8
-228205652 8
-228199576 8
-228199260 8
-228193174 8
-228192854 8
-228186767 8
-228186444 8
-228180374 8
-228180052 8
-228173965 8
-228173640 8
-228167571 8
-228167243 8
-228161171 8
-228160856 8
-228154775 8
-228154455 8
-228148376 8
-228148060 8
-228141976 8
-228141660 8
-228135576 8
-228135259 8
-228129176 8
-228128852 8
-228122776 8
-228122450 8
-228116376 8
-228116053 8
-228109974 8
-228109655 8
-228103570 8
-228103246 8
-228097172 8
-228096857 8
-228090766 8
-228090442 8
-228084373 8
-228084335 8
-228084048 8
-228077965 8
-228077650 8
-228071574 8
-228071256 8
-228065176 8
-228064852 8
-228058776 8
-228058452 8
-228052376 8
-228052053 8
-228045976 8
-228045661 8
-228039576 8
-228039254 8
-228039176 8
-228033174 8
-228032861 8
-228026775 8
-228026456 8
-228020374 8
-228020050 8
-228013970 8
-228013647 8
-228007567 8
-228007249 8
-228001173 8
-228000849 8
-227994765 8
-227994448 8
-227988376 8
-227988058 8
-227981976 8
-227981656 8
-227975576 8
-227975260 8
-227969176 8
-227968860 8
-227962776 8
-227962453 8
-227956376 8
-227956061 8
-227949975 8
-227949661 8
-227943575 8
-227943260 8
-227937174 8
-227936854 8
-227930767 8
-227930444 8
-227924367 8
-227924051 8
-227917973 8
-227917658 8
-227911566 8
-227911241 8
-227905176 8
-227904859 8
-227898776 8
-227898453 8
-227892376 8
-227892060 8
-227885977 8
-227885653 8
-227879576 8
-227879260 8
-227873177 8
-227873150 8
-227872886 8
-227866775 8
-227866521 8
-227860377 8
-227860113 8
-227853975 8
-227853768 8
-227847567 8
-227847350 8
-227841167 8
-227840954 8
-227834773 8
-227834554 8
-227834480 8
-227828366 8
-227828158 8
-227821976 8
-227821762 8
-227815576 8
-227815361 8
-227809176 8
-227808962 8
-227802776 8
-227802562 8
-227796376 8
-227796349 8
-227796093 8
-227789976 8
-227789730 8
-227783576 8
-227783321 8
-227777176 8
-227776930 8
-227770775 8
-227770523 8
-227764366 8
-227764261 8
-227764054 8
-227757975 8
-227757642 8
-227751570 8
-227751254 8
-227745166 8
-227744849 8
-227738775 8
-227738457 8
-227732376 8
-227732059 8
-227725976 8
-227725659 8
-227719577 8
-227719254 8
-227713177 8
-227712862 8
-227706776 8
-227706454 8
-227700375 8
-227700060 8
-227693977 8
-227693661 8
-227687575 8
-227687264 8
-227681168 8
-227680843 8
-227674775 8
-227674455 8
-227668366 8
-227668045 8
-227661967 8
-227661648 8
-227655574 8
-227655259 8
-227649176 8
-227648860 8
-227642777 8
-227642451 8
-227636376 8
-227636061 8
-227629977 8
-227629653 8
-227629574 8
-227623576 8
-227623261 8
-227617175 8
-227616852 8
-227610776 8
-227610451 8
-227604376 8
-227604056 8
-227597967 8
-227597649 8
-227591576 8
-227591254 8
-227585166 8
-227584843 8
-227578770 8
-227578451 8
-227572373 8
-227572056 8
-227565976 8
-227565659 8
-227559577 8
-227559260 8
-227553177 8
-227552863 8
-227546776 8
-227546451 8
-227540376 8
-227540053 8
-227533976 8
-227533659 8
-227527576 8
-227527253 8
-227521175 8
-227520864 8
-227514769 8
-227514452 8
-227508375 8
-227508059 8
-227501965 8
-227501643 8
-227495569 8
-227495252 8
-227489173 8
-227488857 8
-227482775 8
-227482451 8
-227476377 8
-227476061 8
-227469977 8
-227469663 8
-227463577 8
-227463254 8
-227457176 8
-227456861 8
-227450776 8
-227450453 8
-227444377 8
-227444063 8
-227437976 8
-227437658 8
-227431568 8
-227431254 8
-227425176 8
-227424861 8
-227424785 8
-227418765 8
-227418436 8
-227412370 8
-227412052 8
-227405972 8
-227405657 8
-227399576 8
-227399258 8
-227393177 8
-227392860 8
-227386777 8
-227386454 8
-227380377 8
-227380061 8
-227373977 8
-227373653 8
-227367577 8
-227367261 8
-227361176 8
-227360862 8
-227354775 8
-227354455 8
-227348370 8
-227348055 8
-227341973 8
-227341662 8
-227335567 8
-227335243 8
-227329173 8
-227328858 8
-227322767 8
-227322474 8
-227316376 8
-227316127 8
-227309977 8
-227309720 8
-227303577 8
-227303366 8
-227297178 8
-227296966 8
-227290776 8
-227290565 8
-227284378 8
-227284166 8
-227277976 8
-227277766 8
-227271576 8
-227271367 8
-227265173 8
-227264953 8
-227258773 8
-227258563 8
-227252367 8
-227252160 8
-227245975 8
-227245951 8
-227245700 8
-227239566 8
-227239318 8
-227233177 8
-227232928 8
-227226777 8
-227226521 8
-227220378 8
-227220137 8
-227220056 8
-227213977 8
-227213902 8
-227213845 8
-227213670 8
-227207577 8
-227207261 8
-227201177 8
-227200869 8
-227194776 8
-227194657 8
-227194461 8
-227188376 8
-227188068 8
-227181977 8
-227181667 8
-227175569 8
-227175263 8
-227169168 8
-227168859 8
-227162775 8
-227162659 8
-227162459 8
-227156366 8
-227156058 8
-227149976 8
-227149666 8
-227143577 8
-227143268 8
-227137177 8
-227136870 8
-227130778 8
-227130660 8
-227130463 8
-227124377 8
-227124068 8
-227117978 8
-227117663 8
-227111576 8
-227111270 8
-227105178 8
-227104863 8
-227098776 8
-227098655 8
-227098460 8
-227092368 8
-227092053 8
-227085969 8
-227085660 8
-227079574 8
-227079266 8
-227073166 8
-227072857 8
-227066777 8
-227066460 8
-227060377 8
-227060070 8
-227053978 8
-227053672 8
-227047577 8
-227047271 8
-227041177 8
-227040863 8
-227034777 8
-227034656 8
-227034457 8
-227028377 8
-227028055 8
-227021977 8
-227021659 8
-227015576 8
-227015255 8
-227015156 8
-227009168 8
-227008845 8
-227002774 8
-227002448 8
-226996372 8
-226996057 8
-226989967 8
-226989642 8
-226983577 8
-226983259 8
-226977178 8
-226976861 8
-226970777 8
-226970461 8
-226964378 8
-226964055 8
-226957977 8
-226957661 8
-226951577 8
-226951254 8
-226945176 8
-226944861 8
-226938778 8
-226938454 8
-226932376 8
-226932065 8
-226925969 8
-226925642 8
-226919576 8
-226919259 8
-226913167 8
-226912854 8
-226906768 8
-226906449 8
-226900376 8
-226900061 8
-226893977 8
-226893661 8
-226887577 8
-226887263 8
-226881178 8
-226880864 8
-226874778 8
-226874456 8
-226868377 8
-226868064 8
-226861977 8
-226861654 8
-226855578 8
-226855264 8
-226849177 8
-226848860 8
-226842768 8
-226842442 8
-226836377 8
-226836055 8
-226829966 8
-226829644 8
-226823570 8
-226823256 8
-226817175 8
-226816866 8
-226810778 8
-226810459 8
-226810355 8
-226804377 8
-226804069 8
-226797978 8
-226797670 8
-226791578 8
-226791269 8
-226785178 8
-226784862 8
-226778777 8
-226778659 8
-226778464 8
-226772378 8
-226772071 8
-226765976 8
-226765664 8
-226759568 8
-226759258 8
-226753176 8
-226752863 8
-226746766 8
-226746729 8
-226746684 8
-226746476 8
-226740370 8
-226740129 8
-226733974 8
-226733794 8
-226727577 8
-226727531 8
-226727373 8
-226721178 8
-226721131 8
-226721031 8
-226714778 8
-226714731 8
-226714663 8
-226714575 8
-226708378 8
-226708334 8
-226708231 8
-226708175 8
-226701977 8
-226701932 8
-226701831 8
-226701769 8
-226695578 8
-226695531 8
-226695429 8
-226695367 8
-226689178 8
-226689134 8
-226688975 8
-226682777 8
-226682733 8
-226682574 8
-226676369 8
-226676326 8
-226676225 8
-226669977 8
-226669726 8
-226663566 8
-226663315 8
-226657171 8
-226656924 8
-226650773 8
-226650518 8
-226644378 8
-226644129 8
-226637978 8
-226637933 8
-226637651 8
-226631577 8
-226631255 8
-226625178 8
-226624864 8
-226618778 8
-226618453 8
-226612378 8
-226612053 8
-226605979 8
-226605655 8
-226605555 8
-226599577 8
-226599257 8
-226593171 8
-226592852 8
-226586776 8
-226586452 8
-226580367 8
-226580052 8
-226573974 8
-226573651 8
-226567571 8
-226567256 8
-226561176 8
-226560857 8
-226554778 8
-226554455 8
-226548378 8
-226548062 8
-226541978 8
-226541655 8
-226535577 8
-226535261 8
-226529179 8
-226528856 8
-226522777 8
-226522458 8
-226516377 8
-226516059 8
-226509971 8
-226509657 8
-226503574 8
-226503259 8
-226497169 8
-226496854 8
-226490775 8
-226490453 8
-226484368 8
-226484053 8
-226477978 8
-226477661 8
-226471578 8
-226471264 8
-226465178 8
-226464870 8
-226458778 8
-226458657 8
-226458462 8
-226452378 8
-226452063 8
-226445978 8
-226445672 8
-226439578 8
-226439263 8
-226433177 8
-226432869 8
-226426777 8
-226426659 8
-226426465 8
-226420370 8
-226420059 8
-226413969 8
-226413661 8
-226407575 8
-226407268 8
-226401168 8
-226400860 8
-226400756 8
-226394777 8
-226394466 8
-226388378 8
-226388069 8
-226381978 8
-226381669 8
-226375578 8
-226375269 8
-226369178 8
-226368869 8
-226362779 8
-226362659 8
-226362463 8
-226356377 8
-226356069 8
-226349978 8
-226349671 8
-226343577 8
-226343272 8
-226337170 8
-226336864 8
-226330770 8
-226330657 8
-226330456 8
-226324376 8
-226324070 8
-226317967 8
-226317659 8
-226311578 8
-226311270 8
-226305178 8
-226304871 8
-226298778 8
-226298662 8
-226298467 8
-226292378 8
-226292073 8
-226285978 8
-226285664 8
-226279579 8
-226279272 8
-226273178 8
-226272861 8
-226266778 8
-226266455 8
-226260378 8
-226260060 8
-226253969 8
-226253655 8
-226247571 8
-226247247 8
-226241173 8
-226240859 8
-226234767 8
-226234441 8
-226228377 8
-226228062 8
-226221979 8
-226221662 8
-226215578 8
-226215262 8
-226209179 8
-226208855 8
-226202779 8
-226202454 8
-226196379 8
-226196056 8
-226195954 8
-226189977 8
-226189661 8
-226183579 8
-226183256 8
-226177177 8
-226176865 8
-226170770 8
-226170441 8
-226164377 8
-226164060 8
-226157968 8
-226157648 8
-226151569 8
-226151251 8
-226145177 8
-226144860 8
-226138778 8
-226138461 8
-226132379 8
-226132063 8
-226125979 8
-226125662 8
-226119578 8
-226119263 8
-226113178 8
-226112856 8
-226106778 8
-226106455 8
-226100379 8
-226100064 8
-226093978 8
-226093659 8
-226087570 8
-226087254 8
-226081177 8
-226080856 8
-226074768 8
-226074447 8
-226068370 8
-226068053 8
-226061976 8
-226061668 8
-226055579 8
-226055561 8
-226055546 8
-226055502 8
-226055302 8
-226049178 8
-226048941 8
-226042779 8
-226042580 8
-226036379 8
-226036334 8
-226036176 8
-226029979 8
-226029934 8
-226029833 8
-226029770 8
-226023578 8
-226023377 8
-226017180 8
-226017031 8
-226010778 8
-226010733 8
-226010575 8
-226004370 8
-226004327 8
-226004163 8
-225997977 8
-225997933 8
-225997831 8
-225991566 8
-225991524 8
-225991422 8
-225991351 8
-225985171 8
-225984964 8
-225978775 8
-225978750 8
-225978662 8
-225978511 8
-225972378 8
-225972137 8
-225965979 8
-225965741 8
-225959579 8
-225959341 8
-225953180 8
-225952932 8
-225946778 8
-225946531 8
-225940378 8
-225940333 8
-225940282 8
-225940058 8
-225933979 8
-225933671 8
-225927578 8
-225927266 8
-225921170 8
-225920862 8
-225914778 8
-225914659 8
-225914464 8
-225908368 8
-225908062 8
-225901972 8
-225901654 8
-225895574 8
-225895258 8
-225889179 8
-225888864 8
-225882779 8
-225882463 8
-225876380 8
-225876058 8
-225869979 8
-225869665 8
-225863578 8
-225863256 8
-225857178 8
-225856856 8
-225850780 8
-225850458 8
-225844378 8
-225844059 8
-225837972 8
-225837651 8
-225831578 8
-225831262 8
-225825170 8
-225824854 8
-225818774 8
-225818449 8
-225812375 8
-225812061 8
-225805978 8
-225805659 8
-225799579 8
-225799265 8
-225793179 8
-225792863 8
-225786779 8
-225786456 8
-225786354 8
-225780379 8
-225780063 8
-225773980 8
-225773656 8
-225767578 8
-225767263 8
-225761178 8
-225760858 8
-225754772 8
-225754448 8
-225748376 8
-225748062 8
-225741969 8
-225741653 8
-225735575 8
-225735251 8
-225729169 8
-225728852 8
-225722779 8
-225722459 8
-225716379 8
-225716064 8
-225709980 8
-225709657 8
-225703579 8
-225703265 8
-225697179 8
-225696871 8
-225690779 8
-225690658 8
-225690462 8
-225684379 8
-225684064 8
-225677978 8
-225677668 8
-225671577 8
-225671261 8
-225665172 8
-225664866 8
-225658771 8
-225658658 8
-225658455 8
-225652376 8
-225652069 8
-225645969 8
-225645661 8
-225639579 8
-225639270 8
-225633180 8
-225632873 8
-225626779 8
-225626471 8
-225620380 8
-225620071 8
-225613979 8
-225613669 8
-225607579 8
-225607263 8
-225601178 8
-225600870 8
-225594779 8
-225594663 8
-225594461 8
-225588378 8
-225588073 8
-225581971 8
-225581655 8
-225581559 8
-225575570 8
-225575259 8
-225569177 8
-225568863 8
-225562769 8
-225562662 8
-225562457 8
-225556380 8
-225556070 8
-225549979 8
-225549670 8
-225543580 8
-225543272 8
-225537179 8
-225536871 8
-225530779 8
-225530659 8
-225530458 8
-225524380 8
-225524072 8
-225517979 8
-225517670 8
-225511579 8
-225511272 8
-225505179 8
-225504866 8
-225498770 8
-225498447 8
-225492372 8
-225492049 8
-225485975 8
-225485663 8
-225479568 8
-225479252 8
-225473179 8
-225472863 8
-225466779 8
-225466456 8
-225460380 8
-225460065 8
-225453980 8
-225453658 8
-225447579 8
-225447257 8
-225441181 8
-225440858 8
-225434778 8
-225434456 8
-225428380 8
-225428059 8
-225421978 8
-225421661 8
-225415570 8
-225415256 8
-225409178 8
-225408844 8
-225402773 8
-225402452 8
-225396368 8
-225396050 8
-225389978 8
-225389661 8
-225383579 8
-225383263 8
-225377180 8
-225376865 8
-225376765 8
-225370780 8
-225370455 8
-225364380 8
-225364064 8
-225357979 8
-225357663 8
-225351578 8
-225351255 8
-225345180 8
-225344864 8
-225338779 8
-225338756 8
-225338496 8
-225332371 8
-225332122 8
-225325979 8
-225325773 8
-225319569 8
-225319357 8
-225313170 8
-225312959 8
-225306777 8
-225306557 8
-225300379 8
-225300165 8
-225293979 8
-225293768 8
-225287580 8
-225287370 8
-225281180 8
-225280969 8
-225274780 8
-225274561 8
-225268379 8
-225268169 8
-225261981 8
-225261712 8
-225255578 8
-225255338 8
-225249172 8
-225248914 8
-225242778 8
-225242524 8
-225236368 8
-225236115 8
-225229973 8
-225229871 8
-225229659 8
-225223576 8
-225223260 8
-225217179 8
-225216862 8
-225210780 8
-225210456 8
-225204380 8
-225204064 8
-225197981 8
-225197657 8
-225191579 8
-225191264 8
-225185180 8
-225184857 8
-225178780 8
-225178455 8
-225172379 8
-225172059 8
-225171960 8
-225165970 8
-225165652 8
-225159579 8
-225159257 8
-225153168 8
-225152854 8
-225146773 8
-225146446 8
-225140376 8
-225140060 8
-225133980 8
-225133663 8
-225127580 8
-225127265 8
-225121180 8
-225120865 8
-225114779 8
-225114455 8
-225108380 8
-225108057 8
-225101979 8
-225101664 8
-225095580 8
-225095258 8
-225089179 8
-225088860 8
-225082771 8
-225082447 8
-225076378 8
-225076063 8
-225069969 8
-225069651 8
-225063573 8
-225063256 8
-225057176 8
-225056861 8
-225050779 8
-225050453 8
-225044381 8
-225044058 8
-225037980 8
-225037667 8
-225031581 8
-225031259 8
-225025180 8
-225024858 8
-225018781 8
-225018455 8
-225012379 8
-225012063 8
-225005979 8
-225005660 8
-224999573 8
-224999258 8
-224993177 8
-224992856 8
-224986769 8
-224986445 8
-224980377 8
-224980061 8
-224973970 8
-224973654 8
-224967579 8
-224967262 8
-224967151 8
-224961180 8
-224960864 8
-224954781 8
-224954457 8
-224948380 8
-224948065 8
-224941980 8
-224941656 8
-224935581 8
-224935265 8
-224929180 8
-224928865 8
-224922779 8
-224922457 8
-224916377 8
-224916053 8
-224909976 8
-224909660 8
-224903571 8
-224903255 8
-224897177 8
-224896862 8
-224890770 8
-224890446 8
-224884380 8
-224884061 8
-224877981 8
-224877666 8
-224871581 8
-224871266 8
-224865181 8
-224864859 8
-224858780 8
-224858458 8
-224852381 8
-224852059 8
-224845979 8
-224845665 8
-224839580 8
-224839258 8
-224833179 8
-224832855 8
-224826773 8
-224826450 8
-224820370 8
-224820050 8
-224813979 8
-224813655 8
-224807569 8
-224807254 8
-224801181 8
-224801152 8
-224800888 8
-224794780 8
-224794532 8
-224788381 8
-224788118 8
-224781980 8
-224781767 8
-224775580 8
-224775368 8
-224769181 8
-224768969 8
-224762780 8
-224762559 8
-224762460 8
-224756380 8
-224756166 8
-224749980 8
-224749771 8
-224743573 8
-224743363 8
-224737173 8
-224736959 8
-224730776 8
-224730566 8
-224724368 8
-224724341 8
-224724086 8
-224717980 8
-224717730 8
-224711580 8
-224711326 8
-224705180 8
-224704935 8
-224698781 8
-224698527 8
-224692380 8
-224692076 8
-224685981 8
-224685658 8
-224679580 8
-224679266 8
-224673181 8
-224672859 8
-224666780 8
-224666461 8
-224660371 8
-224660050 8
-224653976 8
-224653651 8
-224647576 8
-224647263 8
-224641170 8
-224640853 8
-224634781 8
-224634456 8
-224628380 8
-224628066 8
-224621981 8
-224621664 8
-224615581 8
-224615265 8
-224609181 8
-224608858 8
-224602780 8
-224602456 8
-224596380 8
-224596057 8
-224589981 8
-224589665 8
-224583579 8
-224583259 8
-224577172 8
-224576849 8
-224570780 8
-224570455 8
-224564369 8
-224564056 8
-224557972 8
-224557653 8
-224557554 8
-224551579 8
-224551262 8
-224545181 8
-224544864 8
-224538780 8
-224538464 8
-224532381 8
-224532065 8
-224525981 8
-224525664 8
-224519581 8
-224519265 8
-224513180 8
-224512867 8
-224506781 8
-224506460 8
-224500380 8
-224500061 8
-224493972 8
-224493655 8
-224487579 8
-224487258 8
-224481171 8
-224480848 8
-224474772 8
-224474455 8
-224468379 8
-224468055 8
-224461981 8
-224461665 8
-224455581 8
-224455267 8
-224449181 8
-224448860 8
-224442782 8
-224442459 8
-224436380 8
-224436066 8
-224429981 8
-224429658 8
-224423581 8
-224423267 8
-224417180 8
-224416863 8
-224410772 8
-224410454 8
-224404380 8
-224404059 8
-224397970 8
-224397647 8
-224391573 8
-224391256 8
-224385177 8
-224384861 8
-224378781 8
-224378455 8
-224372381 8
-224372065 8
-224365981 8
-224365658 8
-224359581 8
-224359265 8
-224353181 8
-224352858 8
-224352757 8
-224346780 8
-224346455 8
-224340382 8
-224340067 8
-224333980 8
-224333669 8
-224327572 8
-224327254 8
-224321180 8
-224320861 8
-224314770 8
-224314442 8
-224308374 8
-224308057 8
-224301977 8
-224301660 8
-224295580 8
-224295265 8
-224289182 8
-224288868 8
-224282781 8
-224282459 8
-224276382 8
-224276060 8
-224269980 8
-224269667 8
-224263582 8
-224263558 8
-224263298 8
-224257181 8
-224256928 8
-224250780 8
-224250513 8
-224244375 8
-224244163 8
-224237979 8
-224237763 8
-224231570 8
-224231357 8
-224225178 8
-224224966 8
-224218772 8
-224218561 8
-224212380 8
-224212172 8
-224205981 8
-224205767 8
-224199581 8
-224199368 8
-224193181 8
-224192968 8
-224186781 8
-224186756 8
-224186502 8
-224180381 8
-224180135 8
-224173981 8
-224173734 8
-224167580 8
-224167329 8
-224161175 8
-224160928 8
-224154778 8
-224154669 8
-224154456 8
-224148372 8
-224148057 8
-224147956 8
-224141979 8
-224141663 8
-224135571 8
-224135254 8
-224129180 8
-224128862 8
-224122782 8
-224122456 8
-224116381 8
-224116063 8
-224109982 8
-224109660 8
-224103581 8
-224103268 8
-224097182 8
-224096861 8
-224090780 8
-224090458 8
-224084382 8
-224084057 8
-224077979 8
-224077665 8
-224071572 8
-224071249 8
-224065172 8
-224064848 8
-224058779 8
-224058448 8
-224052370 8
-224052045 8
-224045981 8
-224045657 8
-224039581 8
-224039259 8
-224033182 8
-224032861 8
-224026781 8
-224026458 8
-224020382 8
-224020055 8
-224013981 8
-224013666 8
-224007581 8
-224007258 8
-224001181 8
-224000865 8
-223994781 8
-223994452 8
-223988371 8
-223988049 8
-223981975 8
-223981644 8
-223975578 8
-223975264 8
-223969171 8
-223968847 8
-223962781 8
-223962455 8
-223956382 8
-223956057 8
-223949982 8
-223949665 8
-223943581 8
-223943258 8
-223943159 8
-223937181 8
-223936856 8
-223930782 8
-223930459 8
-223924381 8
-223924058 8
-223917982 8
-223917656 8
-223911581 8
-223911262 8
-223905173 8
-223904850 8
-223898774 8
-223898450 8
-223892378 8
-223892055 8
-223885970 8
-223885637 8
-223879582 8
-223879258 8
-223873181 8
-223872857 8
-223866782 8
-223866459 8
-223860382 8
-223860060 8
-223853983 8
-223853652 8
-223847582 8
-223847260 8
-223841181 8
-223840860 8
-223834782 8
-223834459 8
-223828381 8
-223828062 8
-223821972 8
-223821649 8
-223815580 8
-223815252 8
-223809171 8
-223808849 8
-223802772 8
-223802439 8
-223796380 8
-223796063 8
-223789982 8
-223789656 8
-223783582 8
-223783265 8
-223777183 8
-223776859 8
-223770782 8
-223770458 8
-223764382 8
-223764059 8
-223757981 8
-223757657 8
-223751583 8
-223751557 8
-223751292 8
-223745180 8
-223744930 8
-223738773 8
-223738592 8
-223738493 8
-223732380 8
-223732167 8
-223725970 8
-223725749 8
-223719572 8
-223719357 8
-223713180 8
-223712968 8
-223706781 8
-223706561 8
-223700383 8
-223700171 8
-223693982 8
-223693771 8
-223687582 8
-223687362 8
-223681182 8
-223680963 8
-223674782 8
-223674520 8
-223668382 8
-223668129 8
-223661982 8
-223661722 8
-223655574 8
-223655318 8
-223649181 8
-223648927 8
-223642770 8
-223642507 8
-223636375 8
-223636115 8
-223629978 8
-223629860 8
-223629658 8
-223623582 8
-223623257 8
-223617182 8
-223616865 8
-223610783 8
-223610451 8
-223604382 8
-223604057 8
-223597982 8
-223597659 8
-223591581 8
-223591258 8
-223585183 8
-223584859 8
-223578781 8
-223578461 8
-223572374 8
-223572057 8
-223565980 8
-223565657 8
-223559571 8
-223559248 8
-223553175 8
-223552857 8
-223546778 8
-223546453 8
-223540381 8
-223540063 8
-223533983 8
-223533657 8
-223533557 8
-223527582 8
-223527257 8
-223521183 8
-223520859 8
-223514782 8
-223514459 8
-223508382 8
-223508060 8
-223501983 8
-223501659 8
-223495582 8
-223495265 8
-223489175 8
-223488854 8
-223482781 8
-223482450 8
-223476372 8
-223476048 8
-223469978 8
-223469642 8
-223463577 8
-223463255 8
-223457182 8
-223456857 8
-223450782 8
-223450458 8
-223444383 8
-223444061 8
-223437981 8
-223437666 8
-223431582 8
-223431260 8
-223425183 8
-223424861 8
-223418782 8
-223418457 8
-223412381 8
-223412061 8
-223405976 8
-223405652 8
-223399579 8
-223399263 8
-223393173 8
-223392848 8
-223386779 8
-223386455 8
-223380374 8
-223380057 8
-223373981 8
-223373662 8
-223367583 8
-223367258 8
-223361182 8
-223360858 8
-223354783 8
-223354459 8
-223348382 8
-223348058 8
-223341983 8
-223341660 8
-223335582 8
-223335266 8
-223329182 8
-223328864 8
-223328761 8
-223322780 8
-223322455 8
-223316377 8
-223316051 8
-223309971 8
-223309648 8
-223303580 8
-223303553 8
-223303289 8
-223297172 8
-223296917 8
-223290783 8
-223290595 8
-223284383 8
-223284171 8
-223277983 8
-223277938 8
-223277838 8
-223277776 8
-223271583 8
-223271538 8
-223271435 8
-223271372 8
-223265183 8
-223265136 8
-223265032 8
-223264971 8
-223258783 8
-223258737 8
-223258669 8
-223258572 8
-223252382 8
-223252336 8
-223252233 8
-223252171 8
-223245982 8
-223245936 8
-223245833 8
-223245771 8
-223239582 8
-223239537 8
-223239435 8
-223239372 8
-223233173 8
-223233132 8
-223232971 8
-223226773 8
-223226520 8
-223220380 8
-223220138 8
-223213972 8
-223213722 8
-223207582 8
-223207333 8
-223201182 8
-223200934 8
-223194783 8
-223194765 8
-223194720 8
-223194662 8
-223194455 8
-223188383 8
-223188067 8
-223181981 8
-223181663 8
-223175583 8
-223175267 8
-223169181 8
-223168873 8
-223162783 8
-223162664 8
-223162468 8
-223156382 8
-223156069 8
-223149974 8
-223149657 8
-223143575 8
-223143265 8
-223137178 8
-223136864 8
-223130771 8
-223130446 8
-223124383 8
-223124057 8
-223123955 8
-223117982 8
-223117658 8
-223111583 8
-223111261 8
-223105183 8
-223104861 8
-223098782 8
-223098451 8
-223092383 8
-223092069 8
-223085982 8
-223085660 8
-223079583 8
-223079269 8
-223073183 8
-223072864 8
-223066772 8
-223066451 8
-223060381 8
-223060040 8
-223053976 8
-223053657 8
-223047574 8
-223047250 8
-223041181 8
-223040864 8
-223034783 8
-223034451 8
-223028383 8
-223028068 8
-223021984 8
-223021662 8
-223015583 8
-223015259 8
-223009183 8
-223008859 8
-223002782 8
-223002459 8
-222996384 8
-222996060 8
-222989982 8
-222989661 8
-222983574 8
-222983248 8
-222977182 8
-222976863 8
-222970773 8
-222970451 8
-222964373 8
-222964055 8
-222957981 8
-222957656 8
-222951582 8
-222951266 8
-222945184 8
-222944860 8
-222938783 8
-222938460 8
-222932384 8
-222932060 8
-222925982 8
-222925669 8
-222919583 8
-222919266 8
-222919184 8
-222913183 8
-222912876 8
-222906782 8
-222906664 8
-222906469 8
-222900373 8
-222900058 8
-222893982 8
-222893668 8
-222887570 8
-222887258 8
-222881176 8
-222880865 8
-222874780 8
-222874464 8
-222868383 8
-222868067 8
-222861983 8
-222861667 8
-222855584 8
-222855270 8
-222849183 8
-222848868 8
-222842783 8
-222842663 8
-222842469 8
-222836382 8
-222836068 8
-222829984 8
-222829669 8
-222823582 8
-222823271 8
-222817175 8
-222816862 8
-222810782 8
-222810665 8
-222810466 8
-222804373 8
-222804061 8
-222797975 8
-222797664 8
-222791580 8
-222791263 8
-222785182 8
-222784871 8
-222778784 8
-222778665 8
-222778464 8
-222772383 8
-222772075 8
-222765984 8
-222765668 8
-222759583 8
-222759266 8
-222753183 8
-222752867 8
-222746783 8
-222746666 8
-222746467 8
-222740383 8
-222740071 8
-222733973 8
-222733651 8
-222727582 8
-222727260 8
-222721172 8
-222720852 8
-222714778 8
-222714451 8
-222714371 8
-222708379 8
-222708057 8
-222701983 8
-222701658 8
-222695583 8
-222695260 8
-222689184 8
-222688863 8
-222682783 8
-222682460 8
-222676384 8
-222676062 8
-222669983 8
-222669661 8
-222663583 8
-222663261 8
-222657182 8
-222656863 8
-222650777 8
-222650445 8
-222644381 8
-222644063 8
-222637974 8
-222637642 8
-222631580 8
-222631256 8
-222625174 8
-222624851 8
-222618782 8
-222618456 8
-222612384 8
-222612058 8
-222605983 8
-222605667 8
-222599584 8
-222599260 8
-222593183 8
-222592858 8
-222586784 8
-222586452 8
-222580382 8
-222580066 8
-222573983 8
-222573662 8
-222567580 8
-222567255 8
-222561181 8
-222560858 8
-222554773 8
-222554446 8
-222548380 8
-222548056 8
-222541972 8
-222541649 8
-222535583 8
-222535257 8
-222529184 8
-222528867 8
-222522784 8
-222522666 8
-222522464 8
-222516384 8
-222516076 8
-222509984 8
-222509669 8
-222509596 8
-222503584 8
-222503269 8
-222497183 8
-222496869 8
-222490783 8
-222490666 8
-222490470 8
-222484383 8
-222484068 8
-222477976 8
-222477661 8
-222471574 8
-222471258 8
-222465181 8
-222465156 8
-222465142 8
-222465096 8
-222464895 8
-222458773 8
-222458517 8
-222452383 8
-222452205 8
-222452118 8
-222445984 8
-222445940 8
-222445779 8
-222439584 8
-222439537 8
-222439437 8
-222439376 8
-222433184 8
-222433139 8
-222433038 8
-222432976 8
-222426783 8
-222426737 8
-222426669 8
-222426572 8
-222420384 8
-222420338 8
-222420236 8
-222420173 8
-222413983 8
-222413836 8
-222407584 8
-222407539 8
-222407438 8
-222401183 8
-222401138 8
-222401036 8
-222394774 8
-222394732 8
-222394663 8
-222394562 8
-222388376 8
-222388127 8
-222381980 8
-222381730 8
-222375572 8
-222375318 8
-222369184 8
-222368926 8
-222362783 8
-222362526 8
-222356385 8
-222356127 8
-222349984 8
-222349727 8
-222343584 8
-222343276 8
-222337184 8
-222336869 8
-222330783 8
-222330451 8
-222324384 8
-222324068 8
-222317983 8
-222317659 8
-222311575 8
-222311252 8
-222305180 8
-222304848 8
-222304774 8
-222298779 8
-222298458 8
-222292373 8
-222292049 8
-222285983 8
-222285667 8
-222279584 8
-222279261 8
-222273184 8
-222272861 8
-222266784 8
-222266454 8
-222260384 8
-222260062 8
-222253984 8
-222253662 8
-222247583 8
-222247261 8
-222241185 8
-222240863 8
-222234783 8
-222234456 8
-222228374 8
-222228046 8
-222221983 8
-222221659 8
-222215574 8
-222215252 8
-222209175 8
-222208857 8
-222202782 8
-222202456 8
-222196383 8
-222196058 8
-222189984 8
-222189659 8
-222183584 8
-222183268 8
-222177185 8
-222176861 8
-222170783 8
-222170667 8
-222170469 8
-222164383 8
-222164067 8
-222157984 8
-222157676 8
-222151583 8
-222151271 8
-222145175 8
-222144865 8
-222138783 8
-222138668 8
-222138465 8
-222132374 8
-222132059 8
-222125976 8
-222125659 8
-222119582 8
-222119265 8
-222113184 8
-222112867 8
-222106784 8
-222106467 8
-222100385 8
-222100070 8
-222099995 8
-222093984 8
-222093670 8
-222087584 8
-222087269 8
-222081183 8
-222080868 8
-222074785 8
-222074666 8
-222074472 8
-222068384 8
-222068073 8
-222061975 8
-222061668 8
-222055583 8
-222055268 8
-222049173 8
-222048852 8
-222042776 8
-222042667 8
-222042458 8
-222036380 8
-222036064 8
-222029984 8
-222029667 8
-222023585 8
-222023270 8
-222017184 8
-222016873 8
-222010785 8
-222010666 8
-222010464 8
-222004384 8
-222004075 8
-221997984 8
-221997668 8
-221991585 8
-221991276 8
-221985183 8
-221984871 8
-221978776 8
-221978453 8
-221972384 8
-221972359 8
-221972090 8
-221965974 8
-221965716 8
-221959578 8
-221959313 8
-221953179 8
-221952965 8
-221946784 8
-221946569 8
-221940385 8
-221940172 8
-221933985 8
-221933772 8
-221927585 8
-221927372 8
-221921184 8
-221920963 8
-221914785 8
-221914562 8
-221908385 8
-221908165 8
-221901983 8
-221901768 8
-221895578 8
-221895323 8
-221895242 8
-221889182 8
-221888926 8
-221882774 8
-221882512 8
-221876381 8
-221876111 8
-221869977 8
-221869720 8
-221863584 8
-221863326 8
-221857185 8
-221856931 8
-221850784 8
-221850686 8
-221850461 8
-221844385 8
-221844063 8
-221837984 8
-221837662 8
-221831585 8
-221831263 8
-221825184 8
-221824862 8
-221818784 8
-221818457 8
-221812379 8
-221812054 8
-221805982 8
-221805658 8
-221799575 8
-221799251 8
-221793182 8
-221792859 8
-221786773 8
-221786447 8
-221780384 8
-221780067 8
-221773985 8
-221773675 8
-221767585 8
-221767268 8
-221761185 8
-221760877 8
-221754785 8
-221754664 8
-221754468 8
-221748385 8
-221748068 8
-221741984 8
-221741668 8
-221735584 8
-221735273 8
-221729183 8
-221728867 8
-221722777 8
-221722668 8
-221722465 8
-221716375 8
-221716060 8
-221709982 8
-221709666 8
-221703575 8
-221703259 8
-221697184 8
-221696875 8
-221690785 8
-221690470 8
-221690397 8
-221684385 8
-221684070 8
-221677985 8
-221677670 8
-221671585 8
-221671270 8
-221665186 8
-221664872 8
-221658784 8
-221658665 8
-221658470 8
-221652384 8
-221652070 8
-221645984 8
-221645673 8
-221639576 8
-221639261 8
-221633177 8
-221632861 8
-221626782 8
-221626663 8
-221626468 8
-221620374 8
-221620059 8
-221613985 8
-221613672 8
-221607585 8
-221607276 8
-221601185 8
-221600876 8
-221594785 8
-221594667 8
-221594462 8
-221588385 8
-221588069 8
-221581985 8
-221581669 8
-221575584 8
-221575261 8
-221569185 8
-221568860 8
-221562785 8
-221562457 8
-221556375 8
-221556052 8
-221549978 8
-221549652 8
-221543580 8
-221543258 8
-221537175 8
-221536857 8
-221530784 8
-221530459 8
-221524384 8
-221524059 8
-221517985 8
-221517668 8
-221511586 8
-221511264 8
-221505185 8
-221504864 8
-221498786 8
-221498464 8
-221492384 8
-221492062 8
-221485986 8
-221485664 8
-221485587 8
-221479584 8
-221479265 8
-221473176 8
-221472848 8
-221466784 8
-221466460 8
-221460375 8
-221460054 8
-221453975 8
-221453652 8
-221447584 8
-221447259 8
-221441185 8
-221440861 8
-221434785 8
-221434760 8
-221434495 8
-221428385 8
-221428132 8
-221421986 8
-221421724 8
-221415585 8
-221415369 8
-221409185 8
-221408964 8
-221402785 8
-221402564 8
-221396384 8
-221396165 8
-221389977 8
-221389762 8
-221383584 8
-221383365 8
-221377174 8
-221376954 8
-221370776 8
-221370557 8
-221364382 8
-221364169 8
-221357985 8
-221357963 8
-221357710 8
-221351585 8
-221351335 8
-221345186 8
-221344929 8
-221338785 8
-221338521 8
-221332385 8
-221332130 8
-221325984 8
-221325669 8
-221319586 8
-221319262 8
-221313184 8
-221312866 8
-221306777 8
-221306453 8
-221300384 8
-221300061 8
-221293974 8
-221293645 8
-221287578 8
-221287260 8
-221281182 8
-221280861 8
-221280779 8
-221274784 8
-221274460 8
-221268386 8
-221268064 8
-221261986 8
-221261664 8
-221255586 8
-221255264 8
-221249185 8
-221248863 8
-221242785 8
-221242454 8
-221236386 8
-221236064 8
-221229985 8
-221229658 8
-221223577 8
-221223260 8
-221217184 8
-221216865 8
-221210774 8
-221210448 8
-221204379 8
-221204053 8
-221197980 8
-221197660 8
-221191585 8
-221191259 8
-221185185 8
-221184869 8
-221178787 8
-221178463 8
-221172386 8
-221172061 8
-221165985 8
-221165662 8
-221159585 8
-221159260 8
-221153186 8
-221152863 8
-221146785 8
-221146456 8
-221140378 8
-221140052 8
-221133984 8
-221133667 8
-221127576 8
-221127255 8
-221121181 8
-221120852 8
-221114781 8
-221114459 8
-221108384 8
-221108059 8
-221101986 8
-221101663 8
-221095586 8
-221095264 8
-221089186 8
-221088864 8
-221082785 8
-221082454 8
-221076387 8
-221076065 8
-221075986 8
-221069985 8
-221069663 8
-221063585 8
-221063268 8
-221057179 8
-221056857 8
-221050783 8
-221050454 8
-221044376 8
-221044053 8
-221037983 8
-221037661 8
-221031576 8
-221031251 8
-221025186 8
-221024869 8
-221018786 8
-221018458 8
-221012386 8
-221012063 8
-221005986 8
-221005661 8
-220999586 8
-220999263 8
-220993186 8
-220992870 8
-220986785 8
-220986453 8
-220980385 8
-220980066 8
-220973985 8
-220973652 8
-220967579 8
-220967253 8
-220961177 8
-220960856 8
-220954782 8
-220954464 8
-220948375 8
-220948055 8
-220941985 8
-220941659 8
-220935587 8
-220935261 8
-220929186 8
-220928870 8
-220922787 8
-220922463 8
-220916386 8
-220916063 8
-220909987 8
-220909664 8
-220903585 8
-220903263 8
-220897186 8
-220896864 8
-220890784 8
-220890457 8
-220884377 8
-220884055 8
-220877976 8
-220877653 8
-220871584 8
-220871262 8
-220871180 8
-220865175 8
-220864851 8
-220858786 8
-220858461 8
-220852385 8
-220852063 8
-220845987 8
-220845664 8
-220839586 8
-220839262 8
-220833186 8
-220832864 8
-220826786 8
-220826464 8
-220820386 8
-220820064 8
-220813986 8
-220813658 8
-220807586 8
-220807266 8
-220801176 8
-220800859 8
-220794778 8
-220794451 8
-220788381 8
-220788065 8
-220781975 8
-220781652 8
-220775586 8
-220775269 8
-220769186 8
-220768869 8
-220762786 8
-220762461 8
-220756387 8
-220756064 8
-220749985 8
-220749661 8
-220743587 8
-220743264 8
-220737185 8
-220736860 8
-220730787 8
-220730760 8
-220730495 8
-220724385 8
-220724125 8
-220717977 8
-220717782 8
-220711584 8
-220711363 8
-220705178 8
-220704967 8
-220698775 8
-220698552 8
-220692384 8
-220692171 8
-220685986 8
-220685775 8
-220679587 8
-220679375 8
-220673187 8
-220672967 8
-220666787 8
-220666567 8
-220666489 8
-220660386 8
-220660168 8
-220653986 8
-220653963 8
-220653704 8
-220647586 8
-220647332 8
-220641186 8
-220640928 8
-220634777 8
-220634513 8
-220628385 8
-220628128 8
-220621977 8
-220621927 8
-220621638 8
-220615577 8
-220615255 8
-220609184 8
-220608866 8
-220602786 8
-220602460 8
-220596386 8
-220596070 8
-220589987 8
-220589663 8
-220583586 8
-220583262 8
-220577186 8
-220576863 8
-220570785 8
-220570460 8
-220564387 8
-220564064 8
-220557985 8
-220557665 8
-220551577 8
-220551258 8
-220545185 8
-220544863 8
-220538776 8
-220538452 8
-220532378 8
-220532051 8
-220525984 8
-220525657 8
-220519586 8
-220519265 8
-220513187 8
-220512863 8
-220506786 8
-220506464 8
-220500387 8
-220500066 8
-220493986 8
-220493664 8
-220487586 8
-220487264 8
-220481187 8
-220480864 8
-220474786 8
-220474459 8
-220468377 8
-220468055 8
-220461986 8
-220461664 8
-220461588 8
-220455575 8
-220455256 8
-220449179 8
-220448855 8
-220442782 8
-220442459 8
-220436387 8
-220436063 8
-220429987 8
-220429664 8
-220423587 8
-220423266 8
-220417187 8
-220416866 8
-220410786 8
-220410454 8
-220404386 8
-220404063 8
-220397987 8
-220397663 8
-220391585 8
-220391270 8
-220385178 8
-220384858 8
-220378784 8
-220378457 8
-220372376 8
-220372053 8
-220365980 8
-220365662 8
-220359582 8
-220359263 8
-220353186 8
-220352864 8
-220346787 8
-220346461 8
-220340387 8
-220340062 8
-220333987 8
-220333663 8
-220327586 8
-220327261 8
-220321188 8
-220320864 8
-220314786 8
-220314462 8
-220308386 8
-220308060 8
-220301979 8
-220301656 8
-220295584 8
-220295258 8
-220289176 8
-220288852 8
-220282783 8
-220282461 8
-220276376 8
-220276054 8
-220269987 8
-220269661 8
-220263587 8
-220263264 8
-220257188 8
-220256866 8
-220256786 8
-220250786 8
-220250464 8
-220244387 8
-220244065 8
-220237987 8
-220237665 8
-220231587 8
-220231265 8
-220225186 8
-220224867 8
-220218784 8
-220218444 8
-220212383 8
-220212060 8
-220205978 8
-220205650 8
-220199584 8
-220199265 8
-220193177 8
-220192857 8
-220186786 8
-220186460 8
-220180388 8
-220180071 8
-220173987 8
-220173662 8
-220167588 8
-220167263 8
-220161186 8
-220160862 8
-220154788 8
-220154464 8
-220148386 8
-220148061 8
-220141987 8
-220141663 8
-220135586 8
-220135260 8
-220129179 8
-220128854 8
-220127029 8
-220122776 8
-220122455 8
-220116385 8
-220116065 8
-220109976 8
-220109645 8
-220103587 8
-220103262 8
-220097187 8
-220096865 8
-220090788 8
-220090466 8
-220084387 8
-220084056 8
-220077987 8
-220077665 8
-220071587 8
-220071264 8
-220065187 8
-220064865 8
-220058787 8
-220058464 8
-220052387 8
-220052060 8
-220051984 8
-220045978 8
-220045656 8
-220039580 8
-220039255 8
-220033184 8
-220032869 8
-220026776 8
-220026444 8
-220020387 8
-220020071 8
-220013987 8
-220013665 8
-220007587 8
-220007267 8
-220001187 8
-220000866 8
-219994786 8
-219994457 8
-219988388 8
-219988065 8
-219981987 8
-219981663 8
-219975587 8
-219975264 8
-219969186 8
-219968871 8
-219962778 8
-219962452 8
-219956383 8
-219956053 8
-219949983 8
-219949665 8
-219943577 8
-219943256 8
-219937187 8
-219936865 8
-219930787 8
-219930457 8
-219924388 8
-219924067 8
-219917987 8
-219917663 8
-219911588 8
-219911257 8
-219905187 8
-219904865 8
-219898787 8
-219898456 8
-219892388 8
-219892065 8
-219885986 8
-219885668 8
-219879578 8
-219879251 8
-219873186 8
-219873160 8
-219872896 8
-219866777 8
-219866516 8
-219860378 8
-219860112 8
-219853985 8
-219853773 8
-219847588 8
-219847376 8
-219847301 8
-219841187 8
-219840976 8
-219834788 8
-219834569 8
-219828388 8
-219828168 8
-219821988 8
-219821769 8
-219815586 8
-219815369 8
-219809188 8
-219808971 8
-219802786 8
-219802572 8
-219796379 8
-219796127 8
-219789986 8
-219789729 8
-219783576 8
-219783319 8
-219777179 8
-219776918 8
-219770786 8
-219770524 8
-219764387 8
-219764135 8
-219757988 8
-219757735 8
-219751588 8
-219751468 8
-219751273 8
-219745187 8
-219744866 8
-219738787 8
-219738466 8
-219732387 8
-219732064 8
-219725988 8
-219725668 8
-219719587 8
-219719263 8
-219713179 8
-219712865 8
-219706787 8
-219706456 8
-219700375 8
-219700057 8
-219693982 8
-219693657 8
-219687585 8
-219687263 8
-219681187 8
-219680863 8
-219674788 8
-219674464 8
-219668388 8
-219668067 8
-219661988 8
-219661664 8
-219655588 8
-219655266 8
-219649187 8
-219648865 8
-219642788 8
-219642457 8
-219642380 8
-219636386 8
-219636068 8
-219629980 8
-219629657 8
-219623586 8
-219623264 8
-219617176 8
-219616855 8
-219610780 8
-219610457 8
-219604384 8
-219604064 8
-219597987 8
-219597664 8
-219591587 8
-219591266 8
-219585188 8
-219584867 8
-219578788 8
-219578467 8
-219572387 8
-219572067 8
-219565989 8
-219565656 8
-219559588 8
-219559268 8
-219553187 8
-219552862 8
-219546781 8
-219546449 8
-219540387 8
-219540060 8
-219533977 8
-219533649 8
-219527585 8
-219527251 8
-219521181 8
-219520862 8
-219514787 8
-219514460 8
-219508388 8
-219508065 8
-219501988 8
-219501667 8
-219495588 8
-219495265 8
-219489188 8
-219488866 8
-219482788 8
-219482465 8
-219476388 8
-219476066 8
-219469987 8
-219469668 8
-219463582 8
-219463259 8
-219457184 8
-219456862 8
-219450778 8
-219450455 8
-219444385 8
-219444062 8
-219437978 8
-219437655 8
-219437581 8
-219431587 8
-219431268 8
-219425189 8
-219424867 8
-219418788 8
-219418466 8
-219412388 8
-219412069 8
-219405988 8
-219405667 8
-219399589 8
-219399266 8
-219393187 8
-219392866 8
-219386788 8
-219386766 8
-219386500 8
-219380386 8
-219380135 8
-219373981 8
-219373793 8
-219367578 8
-219367362 8
-219361185 8
-219360968 8
-219354777 8
-219354731 8
-219354571 8
-219348388 8
-219348343 8
-219348243 8
-219341988 8
-219341944 8
-219341842 8
-219335589 8
-219335545 8
-219335444 8
-219329189 8
-219329144 8
-219328978 8
-219322788 8
-219322742 8
-219322577 8
-219316388 8
-219316342 8
-219316240 8
-219316185 8
-219309987 8
-219309743 8
-219303587 8
-219303342 8
-219297188 8
-219296946 8
-219290779 8
-219290525 8
-219284381 8
-219284128 8
-219277985 8
-219277741 8
-219271577 8
-219271329 8
-219265188 8
-219265070 8
-219264998 8
-219264882 8
-219258788 8
-219258670 8
-219258474 8
-219252388 8
-219252073 8
-219245989 8
-219245675 8
-219239588 8
-219239273 8
-219233188 8
-219232874 8
-219232796 8
-219226787 8
-219226669 8
-219226474 8
-219220389 8
-219220074 8
-219213987 8
-219213674 8
-219207579 8
-219207262 8
-219201181 8
-219200867 8
-219194784 8
-219194474 8
-219188378 8
-219188061 8
-219181989 8
-219181667 8
-219175588 8
-219175267 8
-219169189 8
-219168868 8
-219162789 8
-219162465 8
-219156389 8
-219156066 8
-219149988 8
-219149668 8
-219143588 8
-219143265 8
-219137189 8
-219136869 8
-219130787 8
-219130463 8
-219124379 8
-219124053 8
-219117988 8
-219117663 8
-219111577 8
-219111254 8
-219105178 8
-219104854 8
-219098787 8
-219098463 8
-219092388 8
-219092066 8
-219085988 8
-219085666 8
-219079589 8
-219079268 8
-219073189 8
-219072868 8
-219066789 8
-219066467 8
-219060387 8
-219060065 8
-219053989 8
-219053668 8
-219047588 8
-219047269 8
-219041180 8
-219040857 8
-219034787 8
-219034458 8
-219028378 8
-219028049 8
-219027975 8
-219021979 8
-219021663 8
-219015586 8
-219015266 8
-219009188 8
-219008868 8
-219002789 8
-219002467 8
-218996389 8
-218996066 8
-218989989 8
-218989666 8
-218983588 8
-218983268 8
-218977187 8
-218976871 8
-218970789 8
-218970475 8
-218964388 8
-218964076 8
-218957980 8
-218957668 8
-218951588 8
-218951278 8
-218945178 8
-218944869 8
-218938781 8
-218938466 8
-218932385 8
-218932074 8
-218925988 8
-218925674 8
-218919589 8
-218919275 8
-218913189 8
-218912874 8
-218906789 8
-218906672 8
-218906477 8
-218900389 8
-218900075 8
-218893988 8
-218893682 8
-218887590 8
-218887284 8
-218881188 8
-218880876 8
-218874781 8
-218874667 8
-218874465 8
-218868387 8
-218868082 8
-218861978 8
-218861666 8
-218855582 8
-218855273 8
-218849184 8
-218848874 8
-218842788 8
-218842480 8
-218836390 8
-218836363 8
-218836350 8
-218836307 8
-218836107 8
-218829988 8
-218829752 8
-218823590 8
-218823391 8
-218823311 8
-218817188 8
-218817042 8
-218810789 8
-218810743 8
-218810674 8
-218810584 8
-218804389 8
-218804343 8
-218804184 8
-218797988 8
-218797940 8
-218797772 8
-218791582 8
-218791367 8
-218785188 8
-218784972 8
-218778779 8
-218778552 8
-218772384 8
-218772171 8
-218765983 8
-218765776 8
-218759589 8
-218759565 8
-218759307 8
-218753189 8
-218752945 8
-218746790 8
-218746538 8
-218740389 8
-218740137 8
-218733989 8
-218733738 8
-218727589 8
-218727286 8
-218721188 8
-218720865 8
-218714788 8
-218714471 8
-218708383 8
-218708061 8
-218701986 8
-218701673 8
-218695580 8
-218695257 8
-218689186 8
-218688863 8
-218682780 8
-218682456 8
-218676388 8
-218676072 8
-218669990 8
-218669676 8
-218663589 8
-218663275 8
-218657190 8
-218656867 8
-218650788 8
-218650466 8
-218644390 8
-218644068 8
-218637988 8
-218637675 8
-218631589 8
-218631272 8
-218625187 8
-218624864 8
-218618783 8
-218618462 8
-218618389 8
-218612380 8
-218612059 8
-218605987 8
-218605668 8
-218599579 8
-218599259 8
-218593188 8
-218592879 8
-218586789 8
-218586475 8
-218580389 8
-218580076 8
-218573990 8
-218573676 8
-218567589 8
-218567273 8
-218561189 8
-218560877 8
-218554789 8
-218554672 8
-218554474 8
-218548389 8
-218548085 8
-218541989 8
-218541681 8
-218535580 8
-218535271 8
-218529179 8
-218528867 8
-218522787 8
-218522671 8
-218522472 8
-218516378 8
-218516069 8
-218509989 8
-218509680 8
-218503589 8
-218503275 8
-218497189 8
-218496882 8
-218490790 8
-218490673 8
-218490471 8
-218484389 8
-218484083 8
-218477990 8
-218477676 8
-218471589 8
-218471283 8
-218465189 8
-218464875 8
-218458789 8
-218458669 8
-218458474 8
-218452380 8
-218452065 8
-218445981 8
-218445673 8
-218439586 8
-218439275 8
-218433178 8
-218432868 8
-218426789 8
-218426672 8
-218426478 8
-218420389 8
-218420082 8
-218413990 8
-218413676 8
-218413585 8
-218407589 8
-218407277 8
-218401189 8
-218400871 8
-218394790 8
-218394470 8
-218388389 8
-218388066 8
-218381990 8
-218381675 8
-218375589 8
-218375274 8
-218369180 8
-218368861 8
-218362789 8
-218362447 8
-218356383 8
-218356068 8
-218349980 8
-218349659 8
-218343588 8
-218343266 8
-218337189 8
-218336868 8
-218330789 8
-218330468 8
-218324390 8
-218324067 8
-218317990 8
-218317670 8
-218311590 8
-218311266 8
-218305189 8
-218304867 8
-218298790 8
-218298460 8
-218292388 8
-218292069 8
-218285981 8
-218285658 8
-218279588 8
-218279273 8
-218273180 8
-218272859 8
-218266780 8
-218266462 8
-218260388 8
-218260073 8
-218253989 8
-218253674 8
-218247591 8
-218247268 8
-218241190 8
-218240875 8
-218234791 8
-218234468 8
-218228389 8
-218228076 8
-218221989 8
-218221667 8
-218215590 8
-218215278 8
-218209188 8
-218209161 8
-218208898 8
-218208799 8
-218202781 8
-218202528 8
-218196389 8
-218196196 8
-218189977 8
-218189936 8
-218189774 8
-218183583 8
-218183539 8
-218183438 8
-218177185 8
-218177141 8
-218176985 8
-218170790 8
-218170744 8
-218170673 8
-218170580 8
-218164390 8
-218164346 8
-218164245 8
-218157991 8
-218157946 8
-218157845 8
-218151590 8
-218151389 8
-218145190 8
-218145145 8
-218145044 8
-218138789 8
-218138673 8
-218132391 8
-218132373 8
-218132321 8
-218132131 8
-218125988 8
-218125751 8
-218119582 8
-218119336 8
-218113189 8
-218112945 8
-218106778 8
-218106527 8
-218100383 8
-218100308 8
-218100249 8
-218100066 8
-218093986 8
-218093679 8
-218087590 8
-218087282 8
-218081190 8
-218080883 8
-218074790 8
-218074674 8
-218074480 8
-218068391 8
-218068076 8
-218061989 8
-218061684 8
-218055590 8
-218055275 8
-218049190 8
-218048884 8
-218042790 8
-218042671 8
-218042477 8
-218036381 8
-218036074 8
-218029989 8
-218029667 8
-218023579 8
-218023255 8
-218017185 8
-218016869 8
-218010785 8
-218010462 8
-218004390 8
-218004068 8
-218003970 8
-217997990 8
-217997677 8
-217991591 8
-217991270 8
-217985190 8
-217984870 8
-217978790 8
-217978467 8
-217972390 8
-217972070 8
-217965990 8
-217965666 8
-217959589 8
-217959273 8
-217953183 8
-217952858 8
-217946787 8
-217946464 8
-217940380 8
-217940060 8
-217933986 8
-217933668 8
-217927582 8
-217927263 8
-217921189 8
-217920867 8
-217914791 8
-217914467 8
-217908390 8
-217908077 8
-217901991 8
-217901668 8
-217895590 8
-217895268 8
-217889191 8
-217888869 8
-217882789 8
-217882467 8
-217876390 8
-217876072 8
-217869987 8
-217869664 8
-217863586 8
-217863273 8
-217857180 8
-217856865 8
-217850788 8
-217850465 8
-217844379 8
-217844065 8
-217837990 8
-217837673 8
-217831590 8
-217831276 8
-217825190 8
-217824882 8
-217818790 8
-217818673 8
-217818478 8
-217812390 8
-217812079 8
-217805991 8
-217805687 8
-217799590 8
-217799275 8
-217799171 8
-217793190 8
-217792882 8
-217786790 8
-217786670 8
-217786475 8
-217780383 8
-217780066 8
-217773981 8
-217773668 8
-217767588 8
-217767277 8
-217761180 8
-217760868 8
-217754790 8
-217754475 8
-217748391 8
-217748078 8
-217741991 8
-217741686 8
-217735591 8
-217735278 8
-217729190 8
-217728877 8
-217722791 8
-217722475 8
-217716390 8
-217716085 8
-217709991 8
-217709676 8
-217703590 8
-217703279 8
-217697181 8
-217696869 8
-217690783 8
-217690674 8
-217690471 8
-217684387 8
-217684079 8
-217677979 8
-217677669 8
-217671591 8
-217671282 8
-217665190 8
-217664884 8
-217658791 8
-217658673 8
-217658478 8
-217652391 8
-217652084 8
-217645991 8
-217645676 8
-217639591 8
-217639285 8
-217633190 8
-217632875 8
-217626791 8
-217626467 8
-217620391 8
-217620073 8
-217613981 8
-217613662 8
-217607587 8
-217607254 8
-217601185 8
-217600870 8
-217594781 8
-217594455 8
-217594351 8
-217588390 8
-217588072 8
-217581991 8
-217581674 8
-217575591 8
-217575274 8
-217569190 8
-217568875 8
-217562791 8
-217562466 8
-217556391 8
-217556066 8
-217549989 8
-217549673 8
-217543592 8
-217543268 8
-217537189 8
-217536877 8
-217530782 8
-217530452 8
-217524389 8
-217524072 8
-217517981 8
-217517659 8
-217511581 8
-217511268 8
-217505189 8
-217504866 8
-217498790 8
-217498466 8
-217492391 8
-217492365 8
-217492105 8
-217485991 8
-217485746 8
-217479592 8
-217479328 8
-217473191 8
-217472981 8
-217466790 8
-217466571 8
-217460391 8
-217460181 8
-217453990 8
-217453775 8
-217447582 8
-217447369 8
-217441189 8
-217440979 8
-217434779 8
-217434568 8
-217428384 8
-217428169 8
-217421988 8
-217421777 8
-217415591 8
-217415311 8
-217409191 8
-217408942 8
-217402791 8
-217402534 8
-217396391 8
-217396144 8
-217389991 8
-217389733 8
-217389634 8
-217383590 8
-217383283 8
-217377191 8
-217376877 8
-217370790 8
-217370468 8
-217364382 8
-217364058 8
-217357990 8
-217357675 8
-217351580 8
-217351260 8
-217345183 8
-217344864 8
-217338787 8
-217338462 8
-217332390 8
-217332072 8
-217325992 8
-217325675 8
-217319591 8
-217319276 8
-217313191 8
-217312867 8
-217306790 8
-217306467 8
-217300391 8
-217300069 8
-217293991 8
-217293677 8
-217287590 8
-217287272 8
-217281182 8
-217280868 8
-217274790 8
-217274467 8
-217268379 8
-217268061 8
-217261986 8
-217261668 8
-217255587 8
-217255272 8
-217249191 8
-217248876 8
-217242791 8
-217242467 8
-217236392 8
-217236070 8
-217229991 8
-217229677 8
-217223591 8
-217223270 8
-217217191 8
-217216870 8
-217210792 8
-217210466 8
-217204390 8
-217204070 8
-217197984 8
-217197658 8
-217191589 8
-217191266 8
-217185180 8
-217184856 8
-217184755 8
-217178788 8
-217178456 8
-217172384 8
-217172069 8
-217165990 8
-217165671 8
-217159592 8
-217159276 8
-217153191 8
-217152877 8
-217146792 8
-217146468 8
-217140391 8
-217140067 8
-217133992 8
-217133669 8
-217127591 8
-217127275 8
-217121191 8
-217120871 8
-217114785 8
-217114462 8
-217108388 8
-217108066 8
-217101980 8
-217101665 8
-217095589 8
-217095265 8
-217089180 8
-217088866 8
-217082791 8
-217082475 8
-217076391 8
-217076076 8
-217069992 8
-217069670 8
-217063592 8
-217063278 8
-217057191 8
-217056870 8
-217050792 8
-217050470 8
-217044391 8
-217044069 8
-217037991 8
-217037672 8
-217031590 8
-217031268 8
-217025184 8
-217024864 8
-217018783 8
-217018459 8
-217012389 8
-217012072 8
-217005981 8
-217005663 8
-216999591 8
-216999272 8
-216993192 8
-216992875 8
-216986791 8
-216986476 8
-216980392 8
-216980076 8
-216979976 8
-216973991 8
-216973668 8
-216967593 8
-216967278 8
-216961190 8
-216960876 8
-216954792 8
-216954469 8
-216948391 8
-216948079 8
-216941983 8
-216941661 8
-216935583 8
-216935259 8
-216929188 8
-216928866 8
-216922781 8
-216922455 8
-216916392 8
-216916075 8
-216909991 8
-216909673 8
-216903592 8
-216903570 8
-216903311 8
-216897192 8
-216896938 8
-216890791 8
-216890520 8
-216884392 8
-216884182 8
-216877991 8
-216877781 8
-216871592 8
-216871380 8
-216865191 8
-216864976 8
-216858782 8
-216858571 8
-216852385 8
-216852173 8
-216845987 8
-216845777 8
-216839582 8
-216839368 8
-216833191 8
-216832979 8
-216826792 8
-216826769 8
-216826508 8
-216820392 8
-216820146 8
-216813993 8
-216813733 8
-216807592 8
-216807336 8
-216801192 8
-216800937 8
-216794791 8
-216794484 8
-216788392 8
-216788077 8
-216781991 8
-216781677 8
-216775583 8
-216775262 8
-216775159 8
-216769190 8
-216768873 8
-216762782 8
-216762459 8
-216756382 8
-216756064 8
-216749991 8
-216749674 8
-216743591 8
-216743275 8
-216737192 8
-216736876 8
-216730792 8
-216730468 8
-216724393 8
-216724069 8
-216717991 8
-216717676 8
-216711592 8
-216711268 8
-216705192 8
-216704878 8
-216698791 8
-216698473 8
-216692383 8
-216692060 8
-216685991 8
-216685670 8
-216679581 8
-216679269 8
-216673183 8
-216672866 8
-216666790 8
-216666466 8
-216660392 8
-216660077 8
-216653992 8
-216653677 8
-216647593 8
-216647271 8
-216641192 8
-216640869 8
-216634792 8
-216634470 8
-216628391 8
-216628069 8
-216621993 8
-216621679 8
-216615591 8
-216615280 8
-216609184 8
-216608863 8
-216602791 8
-216602465 8
-216596381 8
-216596056 8
-216589985 8
-216589662 8
-216583588 8
-216583270 8
-216577191 8
-216576878 8
-216570793 8
-216570471 8
-216570373 8
-216564392 8
-216564073 8
-216557993 8
-216557671 8
-216551591 8
-216551271 8
-216545191 8
-216544872 8
-216538792 8
-216538472 8
-216532392 8
-216532076 8
-216525983 8
-216525671 8
-216519591 8
-216519275 8
-216513180 8
-216512866 8
-216506786 8
-216506459 8
-216500388 8
-216500074 8
-216493992 8
-216493676 8
-216487592 8
-216487277 8
-216481193 8
-216480871 8
-216474792 8
-216474469 8
-216468392 8
-216468071 8
-216461991 8
-216461677 8
-216455593 8
-216455271 8
-216449191 8
-216448873 8
-216442786 8
-216442456 8
-216436391 8
-216436068 8
-216429982 8
-216429658 8
-216423588 8
-216423260 8
-216417187 8
-216416874 8
-216410791 8
-216410470 8
-216404393 8
-216404072 8
-216397992 8
-216397671 8
-216391593 8
-216391272 8
-216385192 8
-216384873 8
-216378793 8
-216378474 8
-216372392 8
-216372071 8
-216365992 8
-216365677 8
-216365578 8
-216359586 8
-216359267 8
-216353189 8
-216352871 8
-216346782 8
-216346454 8
-216340390 8
-216340072 8
-216333982 8
-216333669 8
-216327592 8
-216327279 8
-216321192 8
-216320880 8
-216314793 8
-216314467 8
-216308393 8
-216308078 8
-216301992 8
-216301670 8
-216295593 8
-216295271 8
-216289191 8
-216288870 8
-216282791 8
-216282465 8
-216276391 8
-216276069 8
-216269986 8
-216269665 8
-216263584 8
-216263260 8
-216257190 8
-216256875 8
-216250782 8
-216250756 8
-216250495 8
-216244392 8
-216244144 8
-216237993 8
-216237730 8
-216231593 8
-216231382 8
-216225193 8
-216224983 8
-216218792 8
-216218573 8
-216212393 8
-216212178 8
-216205991 8
-216205775 8
-216199592 8
-216199384 8
-216193191 8
-216192979 8
-216186784 8
-216186570 8
-216180383 8
-216180167 8
-216173990 8
-216173964 8
-216173710 8
-216167582 8
-216167330 8
-216161192 8
-216160938 8
-216160838 8
-216154792 8
-216154539 8
-216148393 8
-216148141 8
-216141993 8
-216141905 8
-216141686 8
-216135593 8
-216135274 8
-216129193 8
-216128873 8
-216122792 8
-216122473 8
-216116392 8
-216116072 8
-216109992 8
-216109677 8
-216103583 8
-216103261 8
-216097185 8
-216096861 8
-216090788 8
-216090468 8
-216084383 8
-216084050 8
-216077992 8
-216077676 8
-216071593 8
-216071271 8
-216065193 8
-216064879 8
-216058793 8
-216058471 8
-216052392 8
-216052079 8
-216045994 8
-216045672 8
-216039592 8
-216039278 8
-216033193 8
-216032871 8
-216026792 8
-216026472 8
-216020383 8
-216020062 8
-216013992 8
-216013659 8
-216007586 8
-216007271 8
-216001183 8
-216000869 8
-215994792 8
-215994469 8
-215988392 8
-215988071 8
-215981993 8
-215981672 8
-215975593 8
-215975274 8
-215969194 8
-215968872 8
-215962792 8
-215962472 8
-215956393 8
-215956074 8
-215955974 8
-215949993 8
-215949681 8
-215943592 8
-215943277 8
-215937185 8
-215936866 8
-215930792 8
-215930470 8
-215924383 8
-215924066 8
-215917984 8
-215917670 8
-215911591 8
-215911273 8
-215905192 8
-215904877 8
-215898793 8
-215898469 8
-215892394 8
-215892072 8
-215885993 8
-215885679 8
-215879593 8
-215879271 8
-215873192 8
-215872870 8
-215866794 8
-215866472 8
-215860392 8
-215860073 8
-215853985 8
-215853662 8
-215847592 8
-215847269 8
-215841182 8
-215840863 8
-215834785 8
-215834465 8
-215828391 8
-215828065 8
-215821992 8
-215821677 8
-215815594 8
-215815271 8
-215809193 8
-215808875 8
-215802794 8
-215802472 8
-215796392 8
-215796081 8
-215789993 8
-215789673 8
-215783593 8
-215783281 8
-215777192 8
-215776876 8
-215770784 8
-215770462 8
-215764392 8
-215764074 8
-215757982 8
-215757663 8
-215751587 8
-215751265 8
-215751166 8
-215745189 8
-215744867 8
-215738793 8
-215738471 8
-215732393 8
-215732081 8
-215725994 8
-215725672 8
-215719594 8
-215719273 8
-215713193 8
-215712870 8
-215706792 8
-215706470 8
-215700394 8
-215700072 8
-215693992 8
-215693673 8
-215687585 8
-215687263 8
-215681191 8
-215680878 8
-215674783 8
-215674447 8
-215668387 8
-215668071 8
-215661989 8
-215661672 8
-215655593 8
-215655276 8
-215649193 8
-215648871 8
-215642794 8
-215642471 8
-215636394 8
-215636072 8
-215629993 8
-215629671 8
-215623594 8
-215623272 8
-215617192 8
-215616879 8
-215610792 8
-215610472 8
-215604386 8
-215604064 8
-215597991 8
-215597676 8
-215591582 8
-215591263 8
-215585190 8
-215584871 8
-215578783 8
-215578461 8
-215572393 8
-215572366 8
-215572110 8
-215565993 8
-215565749 8
-215559594 8
-215559332 8
-215553193 8
-215552983 8
-215546793 8
-215546575 8
-215546477 8
-215540393 8
-215540184 8
-215533993 8
-215533784 8
-215527592 8
-215527378 8
-215521189 8
-215520973 8
-215514789 8
-215514573 8
-215508384 8
-215508171 8
-215501991 8
-215501780 8
-215495584 8
-215495313 8
-215489193 8
-215488945 8
-215482794 8
-215482539 8
-215476394 8
-215476149 8
-215469994 8
-215469740 8
-215463593 8
-215463286 8
-215457194 8
-215456873 8
-215450793 8
-215450471 8
-215444394 8
-215444072 8
-215437993 8
-215437677 8
-215431586 8
-215431264 8
-215425184 8
-215424869 8
-215418792 8
-215418469 8
-215412383 8
-215412069 8
-215405994 8
-215405677 8
-215399594 8
-215399277 8
-215393194 8
-215392885 8
-215386793 8
-215386480 8
-215380394 8
-215380078 8
-215373994 8
-215373686 8
-215367593 8
-215367278 8
-215361194 8
-215360886 8
-215354793 8
-215354677 8
-215354480 8
-215348384 8
-215348075 8
-215341986 8
-215341675 8
-215341564 8
-215335591 8
-215335281 8
-215329184 8
-215328871 8
-215322793 8
-215322673 8
-215322482 8
-215316394 8
-215316085 8
-215309994 8
-215309684 8
-215303594 8
-215303280 8
-215297194 8
-215296888 8
-215290794 8
-215290677 8
-215290483 8
-215284393 8
-215284088 8
-215277994 8
-215277679 8
-215271593 8
-215271290 8
-215265183 8
-215264871 8
-215258790 8
-215258676 8
-215258464 8
-215252390 8
-215252085 8
-215245983 8
-215245676 8
-215239594 8
-215239287 8
-215233194 8
-215232886 8
-215226794 8
-215226678 8
-215226483 8
-215220394 8
-215220089 8
-215213995 8
-215213684 8
-215207594 8
-215207278 8
-215201194 8
-215200871 8
-215194794 8
-215194478 8
-215188393 8
-215188073 8
-215181984 8
-215181670 8
-215175593 8
-215175278 8
-215169183 8
-215168866 8
-215162784 8
-215162463 8
-215156392 8
-215156075 8
-215149994 8
-215149677 8
-215143594 8
-215143278 8
-215137194 8
-215136880 8
-215136780 8
-215130794 8
-215130469 8
-215124394 8
-215124071 8
-215117993 8
-215117676 8
-215111595 8
-215111278 8
-215105193 8
-215104873 8
-215098785 8
-215098461 8
-215092393 8
-215092078 8
-215085983 8
-215085663 8
-215079587 8
-215079271 8
-215073193 8
-215072869 8
-215066794 8
-215066469 8
-215060395 8
-215060081 8
-215053994 8
-215053681 8
-215047595 8
-215047273 8
-215041194 8
-215040881 8
-215034794 8
-215034471 8
-215028395 8
-215028081 8
-215021994 8
-215021676 8
-215015586 8
-215015271 8
-215009193 8
-215008877 8
-215002783 8
-215002465 8
-214996388 8
-214996354 8
-214996302 8
-214996107 8
-214989990 8
-214989744 8
-214983594 8
-214983401 8
-214977194 8
-214977150 8
-214976993 8
-214970795 8
-214970750 8
-214970589 8
-214964395 8
-214964348 8
-214964249 8
-214957994 8
-214957948 8
-214957847 8
-214951594 8
-214951548 8
-214951446 8
-214945195 8
-214945150 8
-214945049 8
-214938793 8
-214938749 8
-214938591 8
-214932386 8
-214932345 8
-214932244 8
-214932168 8
-214925993 8
-214925948 8
-214925848 8
-214919583 8
-214919507 8
-214919310 8
-214913188 8
-214912947 8
-214906790 8
-214906674 8
-214906549 8
-214900394 8
-214900154 8
-214893995 8
-214893749 8
-214887594 8
-214887513 8
-214887453 8
-214887295 8
-214881195 8
-214880888 8
-214874794 8
-214874677 8
-214874482 8
-214868395 8
-214868080 8
-214861995 8
-214861689 8
-214855594 8
-214855284 8
-214849188 8
-214848880 8
-214842793 8
-214842675 8
-214842479 8
-214836384 8
-214836069 8
-214829992 8
-214829663 8
-214823587 8
-214823264 8
-214817194 8
-214816878 8
-214810795 8
-214810475 8
-214804395 8
-214804079 8
-214797995 8
-214797678 8
-214791595 8
-214791270 8
-214785195 8
-214784879 8
-214778794 8
-214778470 8
-214772394 8
-214772074 8
-214765989 8
-214765664 8
-214759590 8
-214759274 8
-214753185 8
-214752865 8
-214746790 8
-214746470 8
-214740384 8
-214740064 8
-214733994 8
-214733676 8
-214727596 8
-214727279 8
-214727177 8
-214721194 8
-214720879 8
-214714795 8
-214714472 8
-214708394 8
-214708080 8
-214701996 8
-214701674 8
-214695594 8
-214695280 8
-214689195 8
-214688878 8
-214682793 8
-214682468 8
-214676387 8
-214676065 8
-214669985 8
-214669671 8
-214663592 8
-214663270 8
-214657184 8
-214656870 8
-214650795 8
-214650470 8
-214644395 8
-214644081 8
-214637995 8
-214637673 8
-214631595 8
-214631286 8
-214625194 8
-214624880 8
-214618795 8
-214618481 8
-214612394 8
-214612083 8
-214605995 8
-214605687 8
-214599594 8
-214599281 8
-214593185 8
-214592876 8
-214586788 8
-214586674 8
-214586474 8
-214580392 8
-214580084 8
-214573985 8
-214573671 8
-214567595 8
-214567290 8
-214561195 8
-214560886 8
-214554794 8
-214554678 8
-214554479 8
-214548395 8
-214548086 8
-214541995 8
-214541686 8
-214535595 8
-214535288 8
-214529194 8
-214528885 8
-214522795 8
-214522678 8
-214522487 8
-214522431 8
-214516394 8
-214516082 8
-214509985 8
-214509670 8
-214503588 8
-214503280 8
-214497191 8
-214496877 8
-214490784 8
-214490675 8
-214490467 8
-214484395 8
-214484087 8
-214477994 8
-214477687 8
-214471596 8
-214471290 8
-214465195 8
-214464890 8
-214458796 8
-214458672 8
-214458478 8
-214452395 8
-214452088 8
-214445995 8
-214445679 8
-214439595 8
-214439278 8
-214433194 8
-214432877 8
-214426786 8
-214426459 8
-214420394 8
-214420071 8
-214413985 8
-214413665 8
-214407586 8
-214407262 8
-214401193 8
-214400877 8
-214394795 8
-214394470 8
-214388395 8
-214388079 8
-214381996 8
-214381680 8
-214375595 8
-214375272 8
-214369194 8
-214368871 8
-214362794 8
-214362470 8
-214356396 8
-214356081 8
-214349994 8
-214349681 8
-214343587 8
-214343295 8
-214337193 8
-214336941 8
-214330784 8
-214330575 8
-214324387 8
-214324178 8
-214317993 8
-214317780 8
-214317672 8
-214311595 8
-214311387 8
-214305196 8
-214304984 8
-214298795 8
-214298585 8
-214292396 8
-214292177 8
-214285995 8
-214285784 8
-214279595 8
-214279385 8
-214273196 8
-214272985 8
-214266795 8
-214266775 8
-214266516 8
-214260386 8
-214260137 8
-214253994 8
-214253750 8
-214247584 8
-214247330 8
-214241187 8
-214240939 8
-214234791 8
-214234679 8
-214234608 8
-214234484 8
-214228395 8
-214228087 8
-214221996 8
-214221688 8
-214215596 8
-214215282 8
-214209196 8
-214208886 8
-214202796 8
-214202677 8
-214202482 8
-214196395 8
-214196079 8
-214189996 8
-214189680 8
-214183594 8
-214183289 8
-214177187 8
-214176877 8
-214170794 8
-214170479 8
-214164384 8
-214164069 8
-214157988 8
-214157678 8
-214151592 8
-214151284 8
-214145195 8
-214144884 8
-214138796 8
-214138679 8
-214138487 8
-214132395 8
-214132088 8
-214125996 8
-214125689 8
-214119595 8
-214119287 8
-214113195 8
-214112880 8
-214112802 8
-214106796 8
-214106489 8
-214100395 8
-214100085 8
-214093987 8
-214093682 8
-214087595 8
-214087280 8
-214081186 8
-214080870 8
-214074791 8
-214074674 8
-214074472 8
-214068391 8
-214068084 8
-214061995 8
-214061687 8
-214055596 8
-214055289 8
-214049196 8
-214048882 8
-214042796 8
-214042478 8
-214036396 8
-214036074 8
-214029996 8
-214029681 8
-214023596 8
-214023274 8
-214017194 8
-214016876 8
-214010790 8
-214010466 8
-214004393 8
-214004077 8
-213997987 8
-213997662 8
-213991593 8
-213991270 8
-213985186 8
-213984863 8
-213978795 8
-213978476 8
-213972396 8
-213972080 8
-213965996 8
-213965681 8
-213959596 8
-213959280 8
-213953195 8
-213952879 8
-213946797 8
-213946474 8
-213940395 8
-213940079 8
-213933996 8
-213933677 8
-213927594 8
-213927278 8
-213921190 8
-213920867 8
-213914786 8
-213914461 8
-213908394 8
-213908078 8
-213907999 8
-213901985 8
-213901670 8
-213895595 8
-213895279 8
-213889196 8
-213888882 8
-213882796 8
-213882474 8
-213876396 8
-213876074 8
-213869996 8
-213869674 8
-213863597 8
-213863282 8
-213857195 8
-213856873 8
-213850796 8
-213850472 8
-213844395 8
-213844374 8
-213844114 8
-213837987 8
-213837746 8
-213831588 8
-213831379 8
-213825193 8
-213825148 8
-213824994 8
-213818785 8
-213818742 8
-213818676 8
-213818579 8
-213812396 8
-213812192 8
-213805996 8
-213805950 8
-213805881 8
-213805787 8
-213799596 8
-213799549 8
-213799394 8
-213793197 8
-213793152 8
-213793048 8
-213786796 8
-213786751 8
-213786588 8
-213780397 8
-213780352 8
-213780250 8
-213773995 8
-213773950 8
-213773849 8
-213767596 8
-213767579 8
-213767528 8
-213767342 8
-213761195 8
-213760953 8
-213754786 8
-213754540 8
-213748387 8
-213748139 8
-213741992 8
-213741754 8
-213735585 8
-213735517 8
-213735449 8
-213735263 8
-213729195 8
-213728885 8
-213722795 8
-213722676 8
-213722479 8
-213716397 8
-213716079 8
-213709996 8
-213709689 8
-213703596 8
-213703282 8
-213703208 8
-213697197 8
-213696891 8
-213690795 8
-213690677 8
-213690482 8
-213684397 8
-213684090 8
-213677996 8
-213677678 8
-213671586 8
-213671264 8
-213665195 8
-213664863 8
-213658788 8
-213658469 8
-213652386 8
-213652062 8
-213645994 8
-213645678 8
-213639596 8
-213639273 8
-213633196 8
-213632883 8
-213626797 8
-213626475 8
-213620397 8
-213620082 8
-213613996 8
-213613674 8
-213607596 8
-213607276 8
-213601196 8
-213600882 8
-213594796 8
-213594475 8
-213588388 8
-213588063 8
-213581995 8
-213581675 8
-213575586 8
-213575265 8
-213569186 8
-213568868 8
-213562794 8
-213562468 8
-213556396 8
-213556077 8
-213549997 8
-213549680 8
-213543597 8
-213543278 8
-213537197 8
-213536881 8
-213530796 8
-213530480 8
-213524396 8
-213524072 8
-213517997 8
-213517680 8
-213511596 8
-213511277 8
-213505188 8
-213504874 8
-213498796 8
-213498473 8
-213498400 8
-213492385 8
-213492064 8
-213485989 8
-213485670 8
-213479594 8
-213479270 8
-213473196 8
-213472880 8
-213466796 8
-213466472 8
-213460397 8
-213460075 8
-213453997 8
-213453682 8
-213447597 8
-213447275 8
-213441196 8
-213440874 8
-213434797 8
-213434475 8
-213428396 8
-213428077 8
-213421989 8
-213421666 8
-213415595 8
-213415273 8
-213409185 8
-213408867 8
-213402789 8
-213402471 8
-213396393 8
-213396077 8
-213389996 8
-213389677 8
-213383597 8
-213383281 8
-213377197 8
-213376881 8
-213370797 8
-213370474 8
-213364396 8
-213364080 8
-213357996 8
-213357673 8
-213351597 8
-213351281 8
-213345195 8
-213344874 8
-213338788 8
-213338464 8
-213332396 8
-213332073 8
-213325986 8
-213325664 8
-213319591 8
-213319273 8
-213313193 8
-213312870 8
-213306797 8
-213306473 8
-213300397 8
-213300082 8
-213293998 8
-213293676 8
-213293595 8
-213287597 8
-213287282 8
-213281197 8
-213280875 8
-213274797 8
-213274475 8
-213268397 8
-213268075 8
-213261995 8
-213261676 8
-213255591 8
-213255268 8
-213249194 8
-213248876 8
-213242787 8
-213242456 8
-213236393 8
-213236071 8
-213229988 8
-213229664 8
-213223596 8
-213223277 8
-213217197 8
-213216883 8
-213210797 8
-213210479 8
-213204398 8
-213204074 8
-213197996 8
-213197673 8
-213191598 8
-213191274 8
-213185197 8
-213184881 8
-213178797 8
-213178476 8
-213172393 8
-213172061 8
-213165994 8
-213165672 8
-213159588 8
-213159270 8
-213153194 8
-213152879 8
-213146786 8
-213146468 8
-213140397 8
-213140369 8
-213140109 8
-213133997 8
-213133748 8
-213127598 8
-213127332 8
-213121197 8
-213120983 8
-213114797 8
-213114576 8
-213108397 8
-213108182 8
-213101997 8
-213101779 8
-213095596 8
-213095386 8
-213089196 8
-213088975 8
-213088905 8
-213082789 8
-213082571 8
-213076388 8
-213076175 8
-213069994 8
-213069783 8
-213063587 8
-213063311 8
-213057197 8
-213056949 8
-213050798 8
-213050544 8
-213044397 8
-213044152 8
-213037998 8
-213037744 8
-213031596 8
-213031281 8
-213025198 8
-213024877 8
-213018796 8
-213018474 8
-213012398 8
-213012075 8
-213005996 8
-213005683 8
-212999589 8
-212999266 8
-212993190 8
-212992871 8
-212986795 8
-212986470 8
-212980386 8
-212980069 8
-212973998 8
-212973680 8
-212967597 8
-212967281 8
-212961197 8
-212960881 8
-212954797 8
-212954473 8
-212948397 8
-212948074 8
-212941997 8
-212941681 8
-212935597 8
-212935273 8
-212929197 8
-212928882 8
-212922797 8
-212922476 8
-212916388 8
-212916073 8
-212909993 8
-212909661 8
-212903592 8
-212903279 8
-212897187 8
-212896864 8
-212890797 8
-212890473 8
-212884398 8
-212884084 8
-212884007 8
-212877997 8
-212877683 8
-212871598 8
-212871276 8
-212865198 8
-212864876 8
-212858798 8
-212858476 8
-212852396 8
-212852083 8
-212845998 8
-212845676 8
-212839596 8
-212839285 8
-212833188 8
-212832868 8
-212826796 8
-212826472 8
-212820387 8
-212820067 8
-212813987 8
-212813672 8
-212807595 8
-212807278 8
-212801197 8
-212800880 8
-212794798 8
-212794472 8
-212788398 8
-212788082 8
-212781998 8
-212781674 8
-212775597 8
-212775281 8
-212769197 8
-212768874 8
-212762798 8
-212762482 8
-212756397 8
-212756076 8
-212749989 8
-212749673 8
-212743597 8
-212743275 8
-212737186 8
-212736864 8
-212730790 8
-212730464 8
-212724395 8
-212724079 8
-212717997 8
-212717681 8
-212711598 8
-212711283 8
-212705198 8
-212704876 8
-212698798 8
-212698474 8
-212692398 8
-212692076 8
-212685997 8
-212685683 8
-212679599 8
-212679277 8
-212679197 8
-212673197 8
-212672878 8
-212666789 8
-212666465 8
-212660396 8
-212660082 8
-212653986 8
-212653667 8
-212647590 8
-212647273 8
-212641194 8
-212640871 8
-212634797 8
-212634473 8
-212628399 8
-212628084 8
-212621998 8
-212621684 8
-212615599 8
-212615276 8
-212609197 8
-212608880 8
-212602798 8
-212602474 8
-212596398 8
-212596082 8
-212589997 8
-212589677 8
-212583589 8
-212583272 8
-212577197 8
-212576875 8
-212570786 8
-212570458 8
-212564392 8
-212564074 8
-212557993 8
-212557677 8
-212551597 8
-212551280 8
-212545197 8
-212544881 8
-212538798 8
-212538474 8
-212532398 8
-212532081 8
-212525998 8
-212525674 8
-212519598 8
-212519274 8
-212513199 8
-212512884 8
-212506797 8
-212506479 8
-212500391 8
-212500068 8
-212493996 8
-212493741 8
-212487589 8
-212487334 8
-212481194 8
-212481049 8
-212480925 8
-212474791 8
-212474576 8
-212474503 8
-212468397 8
-212468183 8
-212461998 8
-212461787 8
-212455598 8
-212455386 8
-212449198 8
-212448987 8
-212442798 8
-212442579 8
-212436399 8
-212436188 8
-212429997 8
-212429787 8
-212423598 8
-212423408 8
-212417192 8
-212416938 8
-212410795 8
-212410544 8
-212404389 8
-212404140 8
-212397996 8
-212397748 8
-212391587 8
-212391338 8
-212385198 8
-212385147 8
-212384873 8
-212378798 8
-212378481 8
-212372398 8
-212372084 8
-212365998 8
-212365682 8
-212359598 8
-212359275 8
-212353198 8
-212352883 8
-212346798 8
-212346474 8
-212340397 8
-212340086 8
-212333997 8
-212333681 8
-212327590 8
-212327275 8
-212321189 8
-212320864 8
-212314795 8
-212314471 8
-212308387 8
-212308064 8
-212301997 8
-212301681 8
-212295599 8
-212295285 8
-212289198 8
-212288876 8
-212282799 8
-212282476 8
-212276398 8
-212276085 8
-212269999 8
-212269677 8
-212269602 8
-212263597 8
-212263284 8
-212257199 8
-212256877 8
-212250797 8
-212250478 8
-212244390 8
-212244068 8
-212237990 8
-212237667 8
-212231596 8
-212231274 8
-212225187 8
-212224872 8
-212218798 8
-212218473 8
-212212398 8
-212212084 8
-212205999 8
-212205681 8
-212199599 8
-212199282 8
-212193197 8
-212192874 8
-212186799 8
-212186483 8
-212180398 8
-212180074 8
-212173998 8
-212173682 8
-212167598 8
-212167278 8
-212161188 8
-212160873 8
-212154792 8
-212154466 8
-212148393 8
-212148078 8
-212141988 8
-212141663 8
-212135598 8
-212135281 8
-212129199 8
-212128882 8
-212122798 8
-212122473 8
-212116399 8
-212116076 8
-212109999 8
-212109674 8
-212103599 8
-212103278 8
-212097197 8
-212096884 8
-212090800 8
-212090477 8
-212084397 8
-212084069 8
-212077989 8
-212077669 8
-212071597 8
-212071281 8
-212065188 8
-212064868 8
-212064792 8
-212058788 8
-212058463 8
-212052398 8
-212052082 8
-212045998 8
-212045683 8
-212039599 8
-212039285 8
-212033199 8
-212032885 8
-212026799 8
-212026477 8
-212020398 8
-212020084 8
-212013998 8
-212013675 8
-212007599 8
-212007282 8
-212001198 8
-212000878 8
-211994789 8
-211994462 8
-211988398 8
-211988078 8
-211981988 8
-211981674 8
-211975590 8
-211975272 8
-211969196 8
-211968880 8
-211962799 8
-211962473 8
-211956399 8
-211956083 8
-211949999 8
-211949676 8
-211943599 8
-211943283 8
-211937198 8
-211936875 8
-211930798 8
-211930473 8
-211924400 8
-211924085 8
-211917997 8
-211917685 8
-211911591 8
-211911269 8
-211905197 8
-211904884 8
-211898788 8
-211898460 8
-211892391 8
-211892073 8
-211885996 8
-211885676 8
-211879598 8
-211879284 8
-211873199 8
-211872886 8
-211866799 8
-211866476 8
-211860400 8
-211860078 8
-211859999 8
-211853998 8
-211853685 8
-211847599 8
-211847276 8
-211841199 8
-211840885 8
-211834798 8
-211834472 8
-211828389 8
-211828073 8
-211821998 8
-211821972 8
-211821712 8
-211815588 8
-211815337 8
-211809192 8
-211808985 8
-211802794 8
-211802578 8
-211796399 8
-211796184 8
-211789999 8
-211789785 8
-211783600 8
-211783386 8
-211777199 8
-211776986 8
-211770799 8
-211770578 8
-211764398 8
-211764188 8
-211758000 8
-211757788 8
-211751598 8
-211751389 8
-211745192 8
-211744921 8
-211738797 8
-211738542 8
-211732389 8
-211732131 8
-211725994 8
-211725733 8
-211719594 8
-211719346 8
-211713198 8
-211713129 8
-211712877 8
-211706800 8
-211706476 8
-211700399 8
-211700077 8
-211694000 8
-211693677 8
-211687599 8
-211687277 8
-211681199 8
-211680877 8
-211674798 8
-211674476 8
-211668398 8
-211668081 8
-211661993 8
-211661670 8
-211655596 8
-211655284 8
-211655208 8
-211649190 8
-211648866 8
-211642797 8
-211642475 8
-211636390 8
-211636075 8
-211629999 8
-211629683 8
-211623599 8
-211623285 8
-211617200 8
-211616877 8
-211610799 8
-211610481 8
-211604399 8
-211604076 8
-211598000 8
-211597684 8
-211591599 8
-211591284 8
-211585199 8
-211584881 8
-211578798 8
-211578474 8
-211572392 8
-211572079 8
-211565990 8
-211565674 8
-211559596 8
-211559281 8
-211553188 8
-211552870 8
-211546798 8
-211546480 8
-211540400 8
-211540083 8
-211533999 8
-211533685 8
-211527600 8
-211527283 8
-211521198 8
-211520883 8
-211514799 8
-211514476 8
-211508398 8
-211508084 8
-211501999 8
-211501676 8
-211495598 8
-211495281 8
-211489191 8
-211488870 8
-211482789 8
-211482466 8
-211476398 8
-211476076 8
-211469988 8
-211469673 8
-211463599 8
-211463283 8
-211457199 8
-211456885 8
-211450800 8
-211450477 8
-211450403 8
-211444399 8
-211444085 8
-211438000 8
-211437685 8
-211431600 8
-211431293 8
-211425199 8
-211424884 8
-211418799 8
-211418483 8
-211412399 8
-211412089 8
-211405990 8
-211405685 8
-211399592 8
-211399274 8
-211393195 8
-211392890 8
-211386788 8
-211386677 8
-211386471 8
-211380399 8
-211380090 8
-211373999 8
-211373690 8
-211367600 8
-211367291 8
-211361200 8
-211360891 8
-211354799 8
-211354683 8
-211354487 8
-211348401 8
-211348094 8
-211341999 8
-211341692 8
-211335600 8
-211335293 8
-211329198 8
-211328895 8
-211322791 8
-211322475 8
-211316398 8
-211316080 8
-211309993 8
-211309678 8
-211303590 8
-211303282 8
-211297198 8
-211296891 8
-211290799 8
-211290679 8
-211290484 8
-211284400 8
-211284094 8
-211278000 8
-211277685 8
-211271601 8
-211271286 8
-211265199 8
-211264894 8
-211258799 8
-211258680 8
-211258485 8
-211252400 8
-211252093 8
-211245999 8
-211245677 8
-211245600 8
-211239591 8
-211239268 8
-211233199 8
-211232875 8
-211226789 8
-211226468 8
-211220392 8
-211220075 8
-211213997 8
-211213674 8
-211207600 8
-211207283 8
-211201200 8
-211200885 8
-211194800 8
-211194477 8
-211188400 8
-211188085 8
-211182000 8
-211181677 8
-211175599 8
-211175276 8
-211169200 8
-211168877 8
-211162799 8
-211162478 8
-211156392 8
-211156068 8
-211149999 8
-211149676 8
-211143589 8
-211143266 8
-211137193 8
-211136874 8
-211130798 8
-211130472 8
-211124399 8
-211124082 8
-211118001 8
-211117684 8
-211111600 8
-211111285 8
-211105201 8
-211104876 8
-211098799 8
-211098477 8
-211092400 8
-211092078 8
-211086000 8
-211085686 8
-211079600 8
-211079579 8
-211079319 8
-211073192 8
-211072943 8
-211066799 8
-211066593 8
-211060388 8
-211060176 8
-211053994 8
-211053781 8
-211047596 8
-211047381 8
-211041200 8
-211040992 8
-211040916 8
-211034800 8
-211034756 8
-211034685 8
-211034597 8
-211028401 8
-211028356 8
-211028255 8
-211028193 8
-211022000 8
-211021956 8
-211021855 8
-211021792 8
-211015600 8
-211015555 8
-211015452 8
-211015390 8
-211009199 8
-211008992 8
-211002801 8
-211002776 8
-211002726 8
-211002677 8
-211002529 8
-210996399 8
-210996155 8
-210989992 8
-210989751 8
-210983599 8
-210983362 8
-210977189 8
-210976937 8
-210970793 8
-210970708 8
-210970645 8
-210970476 8
-210964395 8
-210964088 8
-210957999 8
-210957688 8
-210951601 8
-210951293 8
-210945200 8
-210944892 8
-210938801 8
-210938684 8
-210938488 8
-210932400 8
-210932091 8
-210926001 8
-210925685 8
-210919600 8
-210919291 8
-210913198 8
-210912886 8
-210906793 8
-210906680 8
-210906477 8
-210900398 8
-210900084 8
-210893990 8
-210893684 8
-210887597 8
-210887291 8
-210881190 8
-210880871 8
-210874800 8
-210874475 8
-210868400 8
-210868087 8
-210862001 8
-210861678 8
-210855600 8
-210855286 8
-210849200 8
-210848878 8
-210842800 8
-210842478 8
-210836400 8
-210836079 8
-210836007 8
-210829999 8
-210829680 8
-210823598 8
-210823275 8
-210817196 8
-210816875 8
-210810791 8
-210810471 8
-210804398 8
-210804076 8
-210797990 8
-210797670 8
-210791599 8
-210791280 8
-210785201 8
-210784884 8
-210778800 8
-210778484 8
-210772401 8
-210772085 8
-210766000 8
-210765684 8
-210759601 8
-210759287 8
-210753199 8
-210752883 8
-210746800 8
-210746476 8
-210740399 8
-210740081 8
-210733993 8
-210733670 8
-210727592 8
-210727274 8
-210721198 8
-210720884 8
-210714790 8
-210714465 8
-210708401 8
-210708085 8
-210702000 8
-210701687 8
-210695601 8
-210695279 8
-210689201 8
-210688879 8
-210682801 8
-210682479 8
-210676401 8
-210676080 8
-210670000 8
-210669686 8
-210663601 8
-210663294 8
-210657200 8
-210656889 8
-210650791 8
-210650680 8
-210650478 8
-210644393 8
-210644077 8
-210637997 8
-210637689 8
-210631590 8
-210631280 8
-210631209 8
-210625200 8
-210624892 8
-210618801 8
-210618683 8
-210618489 8
-210612401 8
-210612094 8
-210606001 8
-210605691 8
-210599600 8
-210599292 8
-210593202 8
-210592886 8
-210586800 8
-210586680 8
-210586483 8
-210580401 8
-210580094 8
-210574000 8
-210573694 8
-210567591 8
-210567275 8
-210561197 8
-210560879 8
-210554796 8
-210554680 8
-210554482 8
-210548391 8
-210548080 8
-210542001 8
-210541690 8
-210535600 8
-210535291 8
-210529200 8
-210528892 8
-210522801 8
-210522685 8
-210522489 8
-210516401 8
-210516086 8
-210510000 8
-210509692 8
-210503600 8
-210503285 8
-210497201 8
-210496894 8
-210490800 8
-210490683 8
-210490489 8
-210484391 8
-210484066 8
-210478000 8
-210477676 8
-210471590 8
-210471279 8
-210465192 8
-210464874 8
-210458798 8
-210458475 8
-210452401 8
-210452086 8
-210446001 8
-210445686 8
-210439601 8
-210439280 8
-210433201 8
-210432887 8
-210426801 8
-210426479 8
-210426406 8
-210420400 8
-210420087 8
-210414002 8
-210413680 8
-210407600 8
-210407289 8
-210401192 8
-210400908 8
-210394799 8
-210394544 8
-210388390 8
-210388189 8
-210381993 8
-210381785 8
-210375599 8
-210375384 8
-210369201 8
-210368986 8
-210362802 8
-210362587 8
-210356401 8
-210356188 8
-210350002 8
-210349790 8
-210343600 8
-210343388 8
-210337200 8
-210336988 8
-210330801 8
-210330589 8
-210324400 8
-210324132 8
-210317992 8
-210317742 8
-210311600 8
-210311346 8
-210305189 8
-210304932 8
-210298794 8
-210298537 8
-210292397 8
-210292289 8
-210292089 8
-210286001 8
-210285676 8
-210279601 8
-210279290 8
-210273201 8
-210272886 8
-210266801 8
-210266685 8
-210266489 8
-210260401 8
-210260087 8
-210254000 8
-210253695 8
-210247602 8
-210247288 8
-210241200 8
-210240889 8
-210234793 8
-210234679 8
-210234477 8
-210228400 8
-210228094 8
-210221990 8
-210221680 8
-210221598 8
-210215595 8
-210215285 8


