@ 245389.78
     rx_buff_alloc_err: 0
     rx_congst_umr: 0
     rx_out_of_buffer: 3924664477
     rx_packets_phy: 76071059339
     ch7_events: 341759847
     ch7_poll: 803908827
     ch7_arm: 333700073
     ch7_aff_change: 42787819
     ch7_force_irq: 0
     ch7_eq_rearm: 0
     rx7_packets: 12427332957
     rx7_bytes: 1855043721728
     rx7_csum_unnecessary: 6484
     rx7_csum_none: 0
     rx7_xdp_drop: 0
     rx7_xdp_redirect: 0
     rx7_gro_packets: 0
     rx7_gro_bytes: 0
     rx7_gro_skbs: 0
     rx7_gro_large_hds: 0
 312:          0          0          0          0          0          0          0    2594141  316855597   19128440          0          0          0          0          0      22171          0          0          0          0          0          0          0          0          0          0          0          0          0          0          0          0          0          0          0          0          0          0          0          0     222299          0          0          0          0          0          0          0          0          0          0          0          0          0          0          0          0          0          0          0          0          0          0          0 IR-PCI-MSIX-0000:c3:00.0    8-edge      mlx5_comp7@pci:0000:c3:00.0
@ 245390.79
     rx_buff_alloc_err: 0
     rx_congst_umr: 0
     rx_out_of_buffer: 3924664477
     rx_packets_phy: 76071059347
     ch7_events: 341759847
     ch7_poll: 803908827
     ch7_arm: 333700073
     ch7_aff_change: 42787819
     ch7_force_irq: 0
     ch7_eq_rearm: 0
     rx7_packets: 12427332957
     rx7_bytes: 1855043721728
     rx7_csum_unnecessary: 6484
     rx7_csum_none: 0
     rx7_xdp_drop: 0
     rx7_xdp_redirect: 0
     rx7_gro_packets: 0
     rx7_gro_bytes: 0
     rx7_gro_skbs: 0
     rx7_gro_large_hds: 0
 312:          0          0          0          0          0          0          0    2594141  316855597   19128440          0          0          0          0          0      22171          0          0          0          0          0          0          0          0          0          0          0          0          0          0          0          0          0          0          0          0          0          0          0          0     222299          0          0          0          0          0          0          0          0          0          0          0          0          0          0          0          0          0          0          0          0          0          0          0 IR-PCI-MSIX-0000:c3:00.0    8-edge      mlx5_comp7@pci:0000:c3:00.0
@ 245391.80
     rx_buff_alloc_err: 0
     rx_congst_umr: 0
     rx_out_of_buffer: 3924664477
     rx_packets_phy: 76071197938
     ch7_events: 341764014
     ch7_poll: 803912994
     ch7_arm: 333704205
     ch7_aff_change: 42788275
     ch7_force_irq: 0
     ch7_eq_rearm: 0
     rx7_packets: 12427471618
     rx7_bytes: 1855058419794
     rx7_csum_unnecessary: 6484
     rx7_csum_none: 0
     rx7_xdp_drop: 0
     rx7_xdp_redirect: 0
     rx7_gro_packets: 0
     rx7_gro_bytes: 0
     rx7_gro_skbs: 0
     rx7_gro_large_hds: 0
 312:          0          0          0          0          0          0          0    2594141  316859777   19128440          0          0          0          0          0      22171          0          0          0          0          0          0          0          0          0          0          0          0          0          0          0          0          0          0          0          0          0          0          0          0     222299          0          0          0          0          0          0          0          0          0          0          0          0          0          0          0          0          0          0          0          0          0          0          0 IR-PCI-MSIX-0000:c3:00.0    8-edge      mlx5_comp7@pci:0000:c3:00.0
@ 245392.81
     rx_buff_alloc_err: 0
     rx_congst_umr: 0
     rx_out_of_buffer: 3924664477
     rx_packets_phy: 76071589537
     ch7_events: 341770240
     ch7_poll: 803919220
     ch7_arm: 333710269
     ch7_aff_change: 42794266
     ch7_force_irq: 0
     ch7_eq_rearm: 0
     rx7_packets: 12427863199
     rx7_bytes: 1855099927380
     rx7_csum_unnecessary: 6484
     rx7_csum_none: 0
     rx7_xdp_drop: 0
     rx7_xdp_redirect: 0
     rx7_gro_packets: 0
     rx7_gro_bytes: 0
     rx7_gro_skbs: 0
     rx7_gro_large_hds: 0
 312:          0          0          0          0          0          0          0    2594141  316865975   19128440          0          0          0          0          0      22171          0          0          0          0          0          0          0          0          0          0          0          0          0          0          0          0          0          0          0          0          0          0          0          0     222299          0          0          0          0          0          0          0          0          0          0          0          0          0          0          0          0          0          0          0          0          0          0          0 IR-PCI-MSIX-0000:c3:00.0    8-edge      mlx5_comp7@pci:0000:c3:00.0
@ 245393.82
     rx_buff_alloc_err: 0
     rx_congst_umr: 0
     rx_out_of_buffer: 3924765354
     rx_packets_phy: 76072218565
     ch7_events: 341777525
     ch7_poll: 803926505
     ch7_arm: 333717328
     ch7_aff_change: 42801530
     ch7_force_irq: 0
     ch7_eq_rearm: 0
     rx7_packets: 12428328737
     rx7_bytes: 1855149274408
     rx7_csum_unnecessary: 6484
     rx7_csum_none: 0
     rx7_xdp_drop: 0
     rx7_xdp_redirect: 0
     rx7_gro_packets: 0
     rx7_gro_bytes: 0
     rx7_gro_skbs: 0
     rx7_gro_large_hds: 0
 312:          0          0          0          0          0          0          0    2594141  316873090   19128440          0          0          0          0          0      22171          0          0          0          0          0          0          0          0          0          0          0          0          0          0          0          0          0          0          0          0          0          0          0          0     222299          0          0          0          0          0          0          0          0          0          0          0          0          0          0          0          0          0          0          0          0          0          0          0 IR-PCI-MSIX-0000:c3:00.0    8-edge      mlx5_comp7@pci:0000:c3:00.0
@ 245394.83
     rx_buff_alloc_err: 0
     rx_congst_umr: 0
     rx_out_of_buffer: 3925563919
     rx_packets_phy: 76073017136
     ch7_events: 341777525
     ch7_poll: 803926505
     ch7_arm: 333717328
     ch7_aff_change: 42801530
     ch7_force_irq: 0
     ch7_eq_rearm: 0
     rx7_packets: 12428328737
     rx7_bytes: 1855149274408
     rx7_csum_unnecessary: 6484
     rx7_csum_none: 0
     rx7_xdp_drop: 0
     rx7_xdp_redirect: 0
     rx7_gro_packets: 0
     rx7_gro_bytes: 0
     rx7_gro_skbs: 0
     rx7_gro_large_hds: 0
 312:          0          0          0          0          0          0          0    2594141  316873090   19128440          0          0          0          0          0      22171          0          0          0          0          0          0          0          0          0          0          0          0          0          0          0          0          0          0          0          0          0          0          0          0     222299          0          0          0          0          0          0          0          0          0          0          0          0          0          0          0          0          0          0          0          0          0          0          0 IR-PCI-MSIX-0000:c3:00.0    8-edge      mlx5_comp7@pci:0000:c3:00.0
@ 245395.84
     rx_buff_alloc_err: 0
     rx_congst_umr: 0
     rx_out_of_buffer: 3926362677
     rx_packets_phy: 76073815898
     ch7_events: 341777525
     ch7_poll: 803926505
     ch7_arm: 333717328
     ch7_aff_change: 42801530
     ch7_force_irq: 0
     ch7_eq_rearm: 0
     rx7_packets: 12428328737
     rx7_bytes: 1855149274408
     rx7_csum_unnecessary: 6484
     rx7_csum_none: 0
     rx7_xdp_drop: 0
     rx7_xdp_redirect: 0
     rx7_gro_packets: 0
     rx7_gro_bytes: 0
     rx7_gro_skbs: 0
     rx7_gro_large_hds: 0
 312:          0          0          0          0          0          0          0    2594141  316873090   19128440          0          0          0          0          0      22171          0          0          0          0          0          0          0          0          0          0          0          0          0          0          0          0          0          0          0          0          0          0          0          0     222299          0          0          0          0          0          0          0          0          0          0          0          0          0          0          0          0          0          0          0          0          0          0          0 IR-PCI-MSIX-0000:c3:00.0    8-edge      mlx5_comp7@pci:0000:c3:00.0
@ 245396.85
     rx_buff_alloc_err: 0
     rx_congst_umr: 0
     rx_out_of_buffer: 3927161235
     rx_packets_phy: 76074614495
     ch7_events: 341777525
     ch7_poll: 803926505
     ch7_arm: 333717328
     ch7_aff_change: 42801530
     ch7_force_irq: 0
     ch7_eq_rearm: 0
     rx7_packets: 12428328737
     rx7_bytes: 1855149274408
     rx7_csum_unnecessary: 6484
     rx7_csum_none: 0
     rx7_xdp_drop: 0
     rx7_xdp_redirect: 0
     rx7_gro_packets: 0
     rx7_gro_bytes: 0
     rx7_gro_skbs: 0
     rx7_gro_large_hds: 0
 312:          0          0          0          0          0          0          0    2594141  316873090   19128440          0          0          0          0          0      22171          0          0          0          0          0          0          0          0          0          0          0          0          0          0          0          0          0          0          0          0          0          0          0          0     222299          0          0          0          0          0          0          0          0          0          0          0          0          0          0          0          0          0          0          0          0          0          0          0 IR-PCI-MSIX-0000:c3:00.0    8-edge      mlx5_comp7@pci:0000:c3:00.0
@ 245397.87
     rx_buff_alloc_err: 0
     rx_congst_umr: 0
     rx_out_of_buffer: 3927959960
     rx_packets_phy: 76075413231
     ch7_events: 341777525
     ch7_poll: 803926505
     ch7_arm: 333717328
     ch7_aff_change: 42801530
     ch7_force_irq: 0
     ch7_eq_rearm: 0
     rx7_packets: 12428328737
     rx7_bytes: 1855149274408
     rx7_csum_unnecessary: 6484
     rx7_csum_none: 0
     rx7_xdp_drop: 0
     rx7_xdp_redirect: 0
     rx7_gro_packets: 0
     rx7_gro_bytes: 0
     rx7_gro_skbs: 0
     rx7_gro_large_hds: 0
 312:          0          0          0          0          0          0          0    2594141  316873090   19128440          0          0          0          0          0      22171          0          0          0          0          0          0          0          0          0          0          0          0          0          0          0          0          0          0          0          0          0          0          0          0     222299          0          0          0          0          0          0          0          0          0          0          0          0          0          0          0          0          0          0          0          0          0          0          0 IR-PCI-MSIX-0000:c3:00.0    8-edge      mlx5_comp7@pci:0000:c3:00.0
@ 245398.88
     rx_buff_alloc_err: 0
     rx_congst_umr: 0
     rx_out_of_buffer: 3928758607
     rx_packets_phy: 76076211820
     ch7_events: 341777525
     ch7_poll: 803926505
     ch7_arm: 333717328
     ch7_aff_change: 42801530
     ch7_force_irq: 0
     ch7_eq_rearm: 0
     rx7_packets: 12428328737
     rx7_bytes: 1855149274408
     rx7_csum_unnecessary: 6484
     rx7_csum_none: 0
     rx7_xdp_drop: 0
     rx7_xdp_redirect: 0
     rx7_gro_packets: 0
     rx7_gro_bytes: 0
     rx7_gro_skbs: 0
     rx7_gro_large_hds: 0
 312:          0          0          0          0          0          0          0    2594141  316873090   19128440          0          0          0          0          0      22171          0          0          0          0          0          0          0          0          0          0          0          0          0          0          0          0          0          0          0          0          0          0          0          0     222299          0          0          0          0          0          0          0          0          0          0          0          0          0          0          0          0          0          0          0          0          0          0          0 IR-PCI-MSIX-0000:c3:00.0    8-edge      mlx5_comp7@pci:0000:c3:00.0
@ 245399.89
     rx_buff_alloc_err: 0
     rx_congst_umr: 0
     rx_out_of_buffer: 3929557277
     rx_packets_phy: 76077010519
     ch7_events: 341777525
     ch7_poll: 803926505
     ch7_arm: 333717328
     ch7_aff_change: 42801530
     ch7_force_irq: 0
     ch7_eq_rearm: 0
     rx7_packets: 12428328737
     rx7_bytes: 1855149274408
     rx7_csum_unnecessary: 6484
     rx7_csum_none: 0
     rx7_xdp_drop: 0
     rx7_xdp_redirect: 0
     rx7_gro_packets: 0
     rx7_gro_bytes: 0
     rx7_gro_skbs: 0
     rx7_gro_large_hds: 0
 312:          0          0          0          0          0          0          0    2594141  316873090   19128440          0          0          0          0          0      22171          0          0          0          0          0          0          0          0          0          0          0          0          0          0          0          0          0          0          0          0          0          0          0          0     222299          0          0          0          0          0          0          0          0          0          0          0          0          0          0          0          0          0          0          0          0          0          0          0 IR-PCI-MSIX-0000:c3:00.0    8-edge      mlx5_comp7@pci:0000:c3:00.0
@ 245400.90
     rx_buff_alloc_err: 0
     rx_congst_umr: 0
     rx_out_of_buffer: 3930355901
     rx_packets_phy: 76077809189
     ch7_events: 341777525
     ch7_poll: 803926505
     ch7_arm: 333717328
     ch7_aff_change: 42801530
     ch7_force_irq: 0
     ch7_eq_rearm: 0
     rx7_packets: 12428328737
     rx7_bytes: 1855149274408
     rx7_csum_unnecessary: 6484
     rx7_csum_none: 0
     rx7_xdp_drop: 0
     rx7_xdp_redirect: 0
     rx7_gro_packets: 0
     rx7_gro_bytes: 0
     rx7_gro_skbs: 0
     rx7_gro_large_hds: 0
 312:          0          0          0          0          0          0          0    2594141  316873090   19128440          0          0          0          0          0      22171          0          0          0          0          0          0          0          0          0          0          0          0          0          0          0          0          0          0          0          0          0          0          0          0     222299          0          0          0          0          0          0          0          0          0          0          0          0          0          0          0          0          0          0          0          0          0          0          0 IR-PCI-MSIX-0000:c3:00.0    8-edge      mlx5_comp7@pci:0000:c3:00.0
@ 245401.91
     rx_buff_alloc_err: 0
     rx_congst_umr: 0
     rx_out_of_buffer: 3931154652
     rx_packets_phy: 76078607946
     ch7_events: 341777525
     ch7_poll: 803926505
     ch7_arm: 333717328
     ch7_aff_change: 42801530
     ch7_force_irq: 0
     ch7_eq_rearm: 0
     rx7_packets: 12428328737
     rx7_bytes: 1855149274408
     rx7_csum_unnecessary: 6484
     rx7_csum_none: 0
     rx7_xdp_drop: 0
     rx7_xdp_redirect: 0
     rx7_gro_packets: 0
     rx7_gro_bytes: 0
     rx7_gro_skbs: 0
     rx7_gro_large_hds: 0
 312:          0          0          0          0          0          0          0    2594141  316873090   19128440          0          0          0          0          0      22171          0          0          0          0          0          0          0          0          0          0          0          0          0          0          0          0          0          0          0          0          0          0          0          0     222299          0          0          0          0          0          0          0          0          0          0          0          0          0          0          0          0          0          0          0          0          0          0          0 IR-PCI-MSIX-0000:c3:00.0    8-edge      mlx5_comp7@pci:0000:c3:00.0
@ 245402.92
     rx_buff_alloc_err: 0
     rx_congst_umr: 0
     rx_out_of_buffer: 3931953290
     rx_packets_phy: 76079406629
     ch7_events: 341777525
     ch7_poll: 803926505
     ch7_arm: 333717328
     ch7_aff_change: 42801530
     ch7_force_irq: 0
     ch7_eq_rearm: 0
     rx7_packets: 12428328737
     rx7_bytes: 1855149274408
     rx7_csum_unnecessary: 6484
     rx7_csum_none: 0
     rx7_xdp_drop: 0
     rx7_xdp_redirect: 0
     rx7_gro_packets: 0
     rx7_gro_bytes: 0
     rx7_gro_skbs: 0
     rx7_gro_large_hds: 0
 312:          0          0          0          0          0          0          0    2594141  316873090   19128440          0          0          0          0          0      22171          0          0          0          0          0          0          0          0          0          0          0          0          0          0          0          0          0          0          0          0          0          0          0          0     222299          0          0          0          0          0          0          0          0          0          0          0          0          0          0          0          0          0          0          0          0          0          0          0 IR-PCI-MSIX-0000:c3:00.0    8-edge      mlx5_comp7@pci:0000:c3:00.0
@ 245403.93
     rx_buff_alloc_err: 0
     rx_congst_umr: 0
     rx_out_of_buffer: 3932751907
     rx_packets_phy: 76080205171
     ch7_events: 341777525
     ch7_poll: 803926505
     ch7_arm: 333717328
     ch7_aff_change: 42801530
     ch7_force_irq: 0
     ch7_eq_rearm: 0
     rx7_packets: 12428328737
     rx7_bytes: 1855149274408
     rx7_csum_unnecessary: 6484
     rx7_csum_none: 0
     rx7_xdp_drop: 0
     rx7_xdp_redirect: 0
     rx7_gro_packets: 0
     rx7_gro_bytes: 0
     rx7_gro_skbs: 0
     rx7_gro_large_hds: 0
 312:          0          0          0          0          0          0          0    2594141  316873090   19128440          0          0          0          0          0      22171          0          0          0          0          0          0          0          0          0          0          0          0          0          0          0          0          0          0          0          0          0          0          0          0     222299          0          0          0          0          0          0          0          0          0          0          0          0          0          0          0          0          0          0          0          0          0          0          0 IR-PCI-MSIX-0000:c3:00.0    8-edge      mlx5_comp7@pci:0000:c3:00.0
@ 245404.94
     rx_buff_alloc_err: 0
     rx_congst_umr: 0
     rx_out_of_buffer: 3933550389
     rx_packets_phy: 76081003748
     ch7_events: 341777525
     ch7_poll: 803926505
     ch7_arm: 333717328
     ch7_aff_change: 42801530
     ch7_force_irq: 0
     ch7_eq_rearm: 0
     rx7_packets: 12428328737
     rx7_bytes: 1855149274408
     rx7_csum_unnecessary: 6484
     rx7_csum_none: 0
     rx7_xdp_drop: 0
     rx7_xdp_redirect: 0
     rx7_gro_packets: 0
     rx7_gro_bytes: 0
     rx7_gro_skbs: 0
     rx7_gro_large_hds: 0
 312:          0          0          0          0          0          0          0    2594141  316873090   19128440          0          0          0          0          0      22171          0          0          0          0          0          0          0          0          0          0          0          0          0          0          0          0          0          0          0          0          0          0          0          0     222299          0          0          0          0          0          0          0          0          0          0          0          0          0          0          0          0          0          0          0          0          0          0          0 IR-PCI-MSIX-0000:c3:00.0    8-edge      mlx5_comp7@pci:0000:c3:00.0
@ 245405.95
     rx_buff_alloc_err: 0
     rx_congst_umr: 0
     rx_out_of_buffer: 3934348897
     rx_packets_phy: 76081802146
     ch7_events: 341777525
     ch7_poll: 803926505
     ch7_arm: 333717328
     ch7_aff_change: 42801530
     ch7_force_irq: 0
     ch7_eq_rearm: 0
     rx7_packets: 12428328737
     rx7_bytes: 1855149274408
     rx7_csum_unnecessary: 6484
     rx7_csum_none: 0
     rx7_xdp_drop: 0
     rx7_xdp_redirect: 0
     rx7_gro_packets: 0
     rx7_gro_bytes: 0
     rx7_gro_skbs: 0
     rx7_gro_large_hds: 0
 312:          0          0          0          0          0          0          0    2594141  316873090   19128440          0          0          0          0          0      22171          0          0          0          0          0          0          0          0          0          0          0          0          0          0          0          0          0          0          0          0          0          0          0          0     222299          0          0          0          0          0          0          0          0          0          0          0          0          0          0          0          0          0          0          0          0          0          0          0 IR-PCI-MSIX-0000:c3:00.0    8-edge      mlx5_comp7@pci:0000:c3:00.0
@ 245406.96
     rx_buff_alloc_err: 0
     rx_congst_umr: 0
     rx_out_of_buffer: 3935147508
     rx_packets_phy: 76082600815
     ch7_events: 341777525
     ch7_poll: 803926505
     ch7_arm: 333717328
     ch7_aff_change: 42801530
     ch7_force_irq: 0
     ch7_eq_rearm: 0
     rx7_packets: 12428328737
     rx7_bytes: 1855149274408
     rx7_csum_unnecessary: 6484
     rx7_csum_none: 0
     rx7_xdp_drop: 0
     rx7_xdp_redirect: 0
     rx7_gro_packets: 0
     rx7_gro_bytes: 0
     rx7_gro_skbs: 0
     rx7_gro_large_hds: 0
 312:          0          0          0          0          0          0          0    2594141  316873090   19128440          0          0          0          0          0      22171          0          0          0          0          0          0          0          0          0          0          0          0          0          0          0          0          0          0          0          0          0          0          0          0     222299          0          0          0          0          0          0          0          0          0          0          0          0          0          0          0          0          0          0          0          0          0          0          0 IR-PCI-MSIX-0000:c3:00.0    8-edge      mlx5_comp7@pci:0000:c3:00.0
@ 245407.97
     rx_buff_alloc_err: 0
     rx_congst_umr: 0
     rx_out_of_buffer: 3935945967
     rx_packets_phy: 76083399308
     ch7_events: 341777525
     ch7_poll: 803926505
     ch7_arm: 333717328
     ch7_aff_change: 42801530
     ch7_force_irq: 0
     ch7_eq_rearm: 0
     rx7_packets: 12428328737
     rx7_bytes: 1855149274408
     rx7_csum_unnecessary: 6484
     rx7_csum_none: 0
     rx7_xdp_drop: 0
     rx7_xdp_redirect: 0
     rx7_gro_packets: 0
     rx7_gro_bytes: 0
     rx7_gro_skbs: 0
     rx7_gro_large_hds: 0
 312:          0          0          0          0          0          0          0    2594141  316873090   19128440          0          0          0          0          0      22171          0          0          0          0          0          0          0          0          0          0          0          0          0          0          0          0          0          0          0          0          0          0          0          0     222299          0          0          0          0          0          0          0          0          0          0          0          0          0          0          0          0          0          0          0          0          0          0          0 IR-PCI-MSIX-0000:c3:00.0    8-edge      mlx5_comp7@pci:0000:c3:00.0
@ 245408.98
     rx_buff_alloc_err: 0
     rx_congst_umr: 0
     rx_out_of_buffer: 3936744445
     rx_packets_phy: 76084197809
     ch7_events: 341777525
     ch7_poll: 803926505
     ch7_arm: 333717328
     ch7_aff_change: 42801530
     ch7_force_irq: 0
     ch7_eq_rearm: 0
     rx7_packets: 12428328737
     rx7_bytes: 1855149274408
     rx7_csum_unnecessary: 6484
     rx7_csum_none: 0
     rx7_xdp_drop: 0
     rx7_xdp_redirect: 0
     rx7_gro_packets: 0
     rx7_gro_bytes: 0
     rx7_gro_skbs: 0
     rx7_gro_large_hds: 0
 312:          0          0          0          0          0          0          0    2594141  316873090   19128440          0          0          0          0          0      22171          0          0          0          0          0          0          0          0          0          0          0          0          0          0          0          0          0          0          0          0          0          0          0          0     222299          0          0          0          0          0          0          0          0          0          0          0          0          0          0          0          0          0          0          0          0          0          0          0 IR-PCI-MSIX-0000:c3:00.0    8-edge      mlx5_comp7@pci:0000:c3:00.0
@ 245410.00
     rx_buff_alloc_err: 0
     rx_congst_umr: 0
     rx_out_of_buffer: 3937543041
     rx_packets_phy: 76084996379
     ch7_events: 341777525
     ch7_poll: 803926505
     ch7_arm: 333717328
     ch7_aff_change: 42801530
     ch7_force_irq: 0
     ch7_eq_rearm: 0
     rx7_packets: 12428328737
     rx7_bytes: 1855149274408
     rx7_csum_unnecessary: 6484
     rx7_csum_none: 0
     rx7_xdp_drop: 0
     rx7_xdp_redirect: 0
     rx7_gro_packets: 0
     rx7_gro_bytes: 0
     rx7_gro_skbs: 0
     rx7_gro_large_hds: 0
 312:          0          0          0          0          0          0          0    2594141  316873090   19128440          0          0          0          0          0      22171          0          0          0          0          0          0          0          0          0          0          0          0          0          0          0          0          0          0          0          0          0          0          0          0     222299          0          0          0          0          0          0          0          0          0          0          0          0          0          0          0          0          0          0          0          0          0          0          0 IR-PCI-MSIX-0000:c3:00.0    8-edge      mlx5_comp7@pci:0000:c3:00.0
@ 245411.01
     rx_buff_alloc_err: 0
     rx_congst_umr: 0
     rx_out_of_buffer: 3938341786
     rx_packets_phy: 76085795127
     ch7_events: 341777525
     ch7_poll: 803926505
     ch7_arm: 333717328
     ch7_aff_change: 42801530
     ch7_force_irq: 0
     ch7_eq_rearm: 0
     rx7_packets: 12428328737
     rx7_bytes: 1855149274408
     rx7_csum_unnecessary: 6484
     rx7_csum_none: 0
     rx7_xdp_drop: 0
     rx7_xdp_redirect: 0
     rx7_gro_packets: 0
     rx7_gro_bytes: 0
     rx7_gro_skbs: 0
     rx7_gro_large_hds: 0
 312:          0          0          0          0          0          0          0    2594141  316873090   19128440          0          0          0          0          0      22171          0          0          0          0          0          0          0          0          0          0          0          0          0          0          0          0          0          0          0          0          0          0          0          0     222299          0          0          0          0          0          0          0          0          0          0          0          0          0          0          0          0          0          0          0          0          0          0          0 IR-PCI-MSIX-0000:c3:00.0    8-edge      mlx5_comp7@pci:0000:c3:00.0
@ 245412.02
     rx_buff_alloc_err: 0
     rx_congst_umr: 0
     rx_out_of_buffer: 3939140533
     rx_packets_phy: 76086593896
     ch7_events: 341777525
     ch7_poll: 803926505
     ch7_arm: 333717328
     ch7_aff_change: 42801530
     ch7_force_irq: 0
     ch7_eq_rearm: 0
     rx7_packets: 12428328737
     rx7_bytes: 1855149274408
     rx7_csum_unnecessary: 6484
     rx7_csum_none: 0
     rx7_xdp_drop: 0
     rx7_xdp_redirect: 0
     rx7_gro_packets: 0
     rx7_gro_bytes: 0
     rx7_gro_skbs: 0
     rx7_gro_large_hds: 0
 312:          0          0          0          0          0          0          0    2594141  316873090   19128440          0          0          0          0          0      22171          0          0          0          0          0          0          0          0          0          0          0          0          0          0          0          0          0          0          0          0          0          0          0          0     222299          0          0          0          0          0          0          0          0          0          0          0          0          0          0          0          0          0          0          0          0          0          0          0 IR-PCI-MSIX-0000:c3:00.0    8-edge      mlx5_comp7@pci:0000:c3:00.0
@ 245413.03
     rx_buff_alloc_err: 0
     rx_congst_umr: 0
     rx_out_of_buffer: 3939938963
     rx_packets_phy: 76087392358
     ch7_events: 341777525
     ch7_poll: 803926505
     ch7_arm: 333717328
     ch7_aff_change: 42801530
     ch7_force_irq: 0
     ch7_eq_rearm: 0
     rx7_packets: 12428328737
     rx7_bytes: 1855149274408
     rx7_csum_unnecessary: 6484
     rx7_csum_none: 0
     rx7_xdp_drop: 0
     rx7_xdp_redirect: 0
     rx7_gro_packets: 0
     rx7_gro_bytes: 0
     rx7_gro_skbs: 0
     rx7_gro_large_hds: 0
 312:          0          0          0          0          0          0          0    2594141  316873090   19128440          0          0          0          0          0      22171          0          0          0          0          0          0          0          0          0          0          0          0          0          0          0          0          0          0          0          0          0          0          0          0     222299          0          0          0          0          0          0          0          0          0          0          0          0          0          0          0          0          0          0          0          0          0          0          0 IR-PCI-MSIX-0000:c3:00.0    8-edge      mlx5_comp7@pci:0000:c3:00.0
@ 245414.04
     rx_buff_alloc_err: 0
     rx_congst_umr: 0
     rx_out_of_buffer: 3940737537
     rx_packets_phy: 76088190889
     ch7_events: 341777525
     ch7_poll: 803926505
     ch7_arm: 333717328
     ch7_aff_change: 42801530
     ch7_force_irq: 0
     ch7_eq_rearm: 0
     rx7_packets: 12428328737
     rx7_bytes: 1855149274408
     rx7_csum_unnecessary: 6484
     rx7_csum_none: 0
     rx7_xdp_drop: 0
     rx7_xdp_redirect: 0
     rx7_gro_packets: 0
     rx7_gro_bytes: 0
     rx7_gro_skbs: 0
     rx7_gro_large_hds: 0
 312:          0          0          0          0          0          0          0    2594141  316873090   19128440          0          0          0          0          0      22171          0          0          0          0          0          0          0          0          0          0          0          0          0          0          0          0          0          0          0          0          0          0          0          0     222299          0          0          0          0          0          0          0          0          0          0          0          0          0          0          0          0          0          0          0          0          0          0          0 IR-PCI-MSIX-0000:c3:00.0    8-edge      mlx5_comp7@pci:0000:c3:00.0
@ 245415.05
     rx_buff_alloc_err: 0
     rx_congst_umr: 0
     rx_out_of_buffer: 3941535975
     rx_packets_phy: 76088989417
     ch7_events: 341777525
     ch7_poll: 803926505
     ch7_arm: 333717328
     ch7_aff_change: 42801530
     ch7_force_irq: 0
     ch7_eq_rearm: 0
     rx7_packets: 12428328737
     rx7_bytes: 1855149274408
     rx7_csum_unnecessary: 6484
     rx7_csum_none: 0
     rx7_xdp_drop: 0
     rx7_xdp_redirect: 0
     rx7_gro_packets: 0
     rx7_gro_bytes: 0
     rx7_gro_skbs: 0
     rx7_gro_large_hds: 0
 312:          0          0          0          0          0          0          0    2594141  316873090   19128440          0          0          0          0          0      22171          0          0          0          0          0          0          0          0          0          0          0          0          0          0          0          0          0          0          0          0          0          0          0          0     222299          0          0          0          0          0          0          0          0          0          0          0          0          0          0          0          0          0          0          0          0          0          0          0 IR-PCI-MSIX-0000:c3:00.0    8-edge      mlx5_comp7@pci:0000:c3:00.0
@ 245416.06
     rx_buff_alloc_err: 0
     rx_congst_umr: 0
     rx_out_of_buffer: 3942334449
     rx_packets_phy: 76089787856
     ch7_events: 341777525
     ch7_poll: 803926505
     ch7_arm: 333717328
     ch7_aff_change: 42801530
     ch7_force_irq: 0
     ch7_eq_rearm: 0
     rx7_packets: 12428328737
     rx7_bytes: 1855149274408
     rx7_csum_unnecessary: 6484
     rx7_csum_none: 0
     rx7_xdp_drop: 0
     rx7_xdp_redirect: 0
     rx7_gro_packets: 0
     rx7_gro_bytes: 0
     rx7_gro_skbs: 0
     rx7_gro_large_hds: 0
 312:          0          0          0          0          0          0          0    2594141  316873090   19128440          0          0          0          0          0      22171          0          0          0          0          0          0          0          0          0          0          0          0          0          0          0          0          0          0          0          0          0          0          0          0     222299          0          0          0          0          0          0          0          0          0          0          0          0          0          0          0          0          0          0          0          0          0          0          0 IR-PCI-MSIX-0000:c3:00.0    8-edge      mlx5_comp7@pci:0000:c3:00.0
@ 245417.07
     rx_buff_alloc_err: 0
     rx_congst_umr: 0
     rx_out_of_buffer: 3943132921
     rx_packets_phy: 76090586378
     ch7_events: 341777525
     ch7_poll: 803926505
     ch7_arm: 333717328
     ch7_aff_change: 42801530
     ch7_force_irq: 0
     ch7_eq_rearm: 0
     rx7_packets: 12428328737
     rx7_bytes: 1855149274408
     rx7_csum_unnecessary: 6484
     rx7_csum_none: 0
     rx7_xdp_drop: 0
     rx7_xdp_redirect: 0
     rx7_gro_packets: 0
     rx7_gro_bytes: 0
     rx7_gro_skbs: 0
     rx7_gro_large_hds: 0
 312:          0          0          0          0          0          0          0    2594141  316873090   19128440          0          0          0          0          0      22171          0          0          0          0          0          0          0          0          0          0          0          0          0          0          0          0          0          0          0          0          0          0          0          0     222299          0          0          0          0          0          0          0          0          0          0          0          0          0          0          0          0          0          0          0          0          0          0          0 IR-PCI-MSIX-0000:c3:00.0    8-edge      mlx5_comp7@pci:0000:c3:00.0
@ 245418.08
     rx_buff_alloc_err: 0
     rx_congst_umr: 0
     rx_out_of_buffer: 3943931552
     rx_packets_phy: 76091384982
     ch7_events: 341777525
     ch7_poll: 803926505
     ch7_arm: 333717328
     ch7_aff_change: 42801530
     ch7_force_irq: 0
     ch7_eq_rearm: 0
     rx7_packets: 12428328737
     rx7_bytes: 1855149274408
     rx7_csum_unnecessary: 6484
     rx7_csum_none: 0
     rx7_xdp_drop: 0
     rx7_xdp_redirect: 0
     rx7_gro_packets: 0
     rx7_gro_bytes: 0
     rx7_gro_skbs: 0
     rx7_gro_large_hds: 0
 312:          0          0          0          0          0          0          0    2594141  316873090   19128440          0          0          0          0          0      22171          0          0          0          0          0          0          0          0          0          0          0          0          0          0          0          0          0          0          0          0          0          0          0          0     222299          0          0          0          0          0          0          0          0          0          0          0          0          0          0          0          0          0          0          0          0          0          0          0 IR-PCI-MSIX-0000:c3:00.0    8-edge      mlx5_comp7@pci:0000:c3:00.0
@ 245419.09
     rx_buff_alloc_err: 0
     rx_congst_umr: 0
     rx_out_of_buffer: 3944730199
     rx_packets_phy: 76092183628
     ch7_events: 341777525
     ch7_poll: 803926505
     ch7_arm: 333717328
     ch7_aff_change: 42801530
     ch7_force_irq: 0
     ch7_eq_rearm: 0
     rx7_packets: 12428328737
     rx7_bytes: 1855149274408
     rx7_csum_unnecessary: 6484
     rx7_csum_none: 0
     rx7_xdp_drop: 0
     rx7_xdp_redirect: 0
     rx7_gro_packets: 0
     rx7_gro_bytes: 0
     rx7_gro_skbs: 0
     rx7_gro_large_hds: 0
 312:          0          0          0          0          0          0          0    2594141  316873090   19128440          0          0          0          0          0      22171          0          0          0          0          0          0          0          0          0          0          0          0          0          0          0          0          0          0          0          0          0          0          0          0     222299          0          0          0          0          0          0          0          0          0          0          0          0          0          0          0          0          0          0          0          0          0          0          0 IR-PCI-MSIX-0000:c3:00.0    8-edge      mlx5_comp7@pci:0000:c3:00.0
@ 245420.10
     rx_buff_alloc_err: 0
     rx_congst_umr: 0
     rx_out_of_buffer: 3945528784
     rx_packets_phy: 76092982209
     ch7_events: 341777525
     ch7_poll: 803926505
     ch7_arm: 333717328
     ch7_aff_change: 42801530
     ch7_force_irq: 0
     ch7_eq_rearm: 0
     rx7_packets: 12428328737
     rx7_bytes: 1855149274408
     rx7_csum_unnecessary: 6484
     rx7_csum_none: 0
     rx7_xdp_drop: 0
     rx7_xdp_redirect: 0
     rx7_gro_packets: 0
     rx7_gro_bytes: 0
     rx7_gro_skbs: 0
     rx7_gro_large_hds: 0
 312:          0          0          0          0          0          0          0    2594141  316873090   19128440          0          0          0          0          0      22171          0          0          0          0          0          0          0          0          0          0          0          0          0          0          0          0          0          0          0          0          0          0          0          0     222299          0          0          0          0          0          0          0          0          0          0          0          0          0          0          0          0          0          0          0          0          0          0          0 IR-PCI-MSIX-0000:c3:00.0    8-edge      mlx5_comp7@pci:0000:c3:00.0
@ 245421.12
     rx_buff_alloc_err: 0
     rx_congst_umr: 0
     rx_out_of_buffer: 3946160141
     rx_packets_phy: 76093613800
     ch7_events: 341777525
     ch7_poll: 803926505
     ch7_arm: 333717328
     ch7_aff_change: 42801530
     ch7_force_irq: 0
     ch7_eq_rearm: 0
     rx7_packets: 12428328737
     rx7_bytes: 1855149274408
     rx7_csum_unnecessary: 6484
     rx7_csum_none: 0
     rx7_xdp_drop: 0
     rx7_xdp_redirect: 0
     rx7_gro_packets: 0
     rx7_gro_bytes: 0
     rx7_gro_skbs: 0
     rx7_gro_large_hds: 0
 312:          0          0          0          0          0          0          0    2594141  316873090   19128440          0          0          0          0          0      22171          0          0          0          0          0          0          0          0          0          0          0          0          0          0          0          0          0          0          0          0          0          0          0          0     222299          0          0          0          0          0          0          0          0          0          0          0          0          0          0          0          0          0          0          0          0          0          0          0 IR-PCI-MSIX-0000:c3:00.0    8-edge      mlx5_comp7@pci:0000:c3:00.0
@ 245422.13
     rx_buff_alloc_err: 0
     rx_congst_umr: 0
     rx_out_of_buffer: 3946359279
     rx_packets_phy: 76093812984
     ch7_events: 341777525
     ch7_poll: 803926505
     ch7_arm: 333717328
     ch7_aff_change: 42801530
     ch7_force_irq: 0
     ch7_eq_rearm: 0
     rx7_packets: 12428328737
     rx7_bytes: 1855149274408
     rx7_csum_unnecessary: 6484
     rx7_csum_none: 0
     rx7_xdp_drop: 0
     rx7_xdp_redirect: 0
     rx7_gro_packets: 0
     rx7_gro_bytes: 0
     rx7_gro_skbs: 0
     rx7_gro_large_hds: 0
 312:          0          0          0          0          0          0          0    2594141  316873090   19128440          0          0          0          0          0      22171          0          0          0          0          0          0          0          0          0          0          0          0          0          0          0          0          0          0          0          0          0          0          0          0     222299          0          0          0          0          0          0          0          0          0          0          0          0          0          0          0          0          0          0          0          0          0          0          0 IR-PCI-MSIX-0000:c3:00.0    8-edge      mlx5_comp7@pci:0000:c3:00.0
@ 245423.14
     rx_buff_alloc_err: 0
     rx_congst_umr: 0
     rx_out_of_buffer: 3946519024
     rx_packets_phy: 76093972725
     ch7_events: 341777525
     ch7_poll: 803926505
     ch7_arm: 333717328
     ch7_aff_change: 42801530
     ch7_force_irq: 0
     ch7_eq_rearm: 0
     rx7_packets: 12428328737
     rx7_bytes: 1855149274408
     rx7_csum_unnecessary: 6484
     rx7_csum_none: 0
     rx7_xdp_drop: 0
     rx7_xdp_redirect: 0
     rx7_gro_packets: 0
     rx7_gro_bytes: 0
     rx7_gro_skbs: 0
     rx7_gro_large_hds: 0
 312:          0          0          0          0          0          0          0    2594141  316873090   19128440          0          0          0          0          0      22171          0          0          0          0          0          0          0          0          0          0          0          0          0          0          0          0          0          0          0          0          0          0          0          0     222299          0          0          0          0          0          0          0          0          0          0          0          0          0          0          0          0          0          0          0          0          0          0          0 IR-PCI-MSIX-0000:c3:00.0    8-edge      mlx5_comp7@pci:0000:c3:00.0
@ 245424.15
     rx_buff_alloc_err: 0
     rx_congst_umr: 0
     rx_out_of_buffer: 3946678718
     rx_packets_phy: 76094132481
     ch7_events: 341777525
     ch7_poll: 803926505
     ch7_arm: 333717328
     ch7_aff_change: 42801530
     ch7_force_irq: 0
     ch7_eq_rearm: 0
     rx7_packets: 12428328737
     rx7_bytes: 1855149274408
     rx7_csum_unnecessary: 6484
     rx7_csum_none: 0
     rx7_xdp_drop: 0
     rx7_xdp_redirect: 0
     rx7_gro_packets: 0
     rx7_gro_bytes: 0
     rx7_gro_skbs: 0
     rx7_gro_large_hds: 0
 312:          0          0          0          0          0          0          0    2594141  316873090   19128440          0          0          0          0          0      22171          0          0          0          0          0          0          0          0          0          0          0          0          0          0          0          0          0          0          0          0          0          0          0          0     222299          0          0          0          0          0          0          0          0          0          0          0          0          0          0          0          0          0          0          0          0          0          0          0 IR-PCI-MSIX-0000:c3:00.0    8-edge      mlx5_comp7@pci:0000:c3:00.0
@ 245425.16
     rx_buff_alloc_err: 0
     rx_congst_umr: 0
     rx_out_of_buffer: 3946838448
     rx_packets_phy: 76094292173
     ch7_events: 341777525
     ch7_poll: 803926505
     ch7_arm: 333717328
     ch7_aff_change: 42801530
     ch7_force_irq: 0
     ch7_eq_rearm: 0
     rx7_packets: 12428328737
     rx7_bytes: 1855149274408
     rx7_csum_unnecessary: 6484
     rx7_csum_none: 0
     rx7_xdp_drop: 0
     rx7_xdp_redirect: 0
     rx7_gro_packets: 0
     rx7_gro_bytes: 0
     rx7_gro_skbs: 0
     rx7_gro_large_hds: 0
 312:          0          0          0          0          0          0          0    2594141  316873090   19128440          0          0          0          0          0      22171          0          0          0          0          0          0          0          0          0          0          0          0          0          0          0          0          0          0          0          0          0          0          0          0     222299          0          0          0          0          0          0          0          0          0          0          0          0          0          0          0          0          0          0          0          0          0          0          0 IR-PCI-MSIX-0000:c3:00.0    8-edge      mlx5_comp7@pci:0000:c3:00.0
@ 245426.17
     rx_buff_alloc_err: 0
     rx_congst_umr: 0
     rx_out_of_buffer: 3946998146
     rx_packets_phy: 76094451927
     ch7_events: 341777525
     ch7_poll: 803926505
     ch7_arm: 333717328
     ch7_aff_change: 42801530
     ch7_force_irq: 0
     ch7_eq_rearm: 0
     rx7_packets: 12428328737
     rx7_bytes: 1855149274408
     rx7_csum_unnecessary: 6484
     rx7_csum_none: 0
     rx7_xdp_drop: 0
     rx7_xdp_redirect: 0
     rx7_gro_packets: 0
     rx7_gro_bytes: 0
     rx7_gro_skbs: 0
     rx7_gro_large_hds: 0
 312:          0          0          0          0          0          0          0    2594141  316873090   19128440          0          0          0          0          0      22171          0          0          0          0          0          0          0          0          0          0          0          0          0          0          0          0          0          0          0          0          0          0          0          0     222299          0          0          0          0          0          0          0          0          0          0          0          0          0          0          0          0          0          0          0          0          0          0          0 IR-PCI-MSIX-0000:c3:00.0    8-edge      mlx5_comp7@pci:0000:c3:00.0
@ 245427.18
     rx_buff_alloc_err: 0
     rx_congst_umr: 0
     rx_out_of_buffer: 3947157875
     rx_packets_phy: 76094611617
     ch7_events: 341777525
     ch7_poll: 803926505
     ch7_arm: 333717328
     ch7_aff_change: 42801530
     ch7_force_irq: 0
     ch7_eq_rearm: 0
     rx7_packets: 12428328737
     rx7_bytes: 1855149274408
     rx7_csum_unnecessary: 6484
     rx7_csum_none: 0
     rx7_xdp_drop: 0
     rx7_xdp_redirect: 0
     rx7_gro_packets: 0
     rx7_gro_bytes: 0
     rx7_gro_skbs: 0
     rx7_gro_large_hds: 0
 312:          0          0          0          0          0          0          0    2594141  316873090   19128440          0          0          0          0          0      22171          0          0          0          0          0          0          0          0          0          0          0          0          0          0          0          0          0          0          0          0          0          0          0          0     222299          0          0          0          0          0          0          0          0          0          0          0          0          0          0          0          0          0          0          0          0          0          0          0 IR-PCI-MSIX-0000:c3:00.0    8-edge      mlx5_comp7@pci:0000:c3:00.0
@ 245428.19
     rx_buff_alloc_err: 0
     rx_congst_umr: 0
     rx_out_of_buffer: 3947317600
     rx_packets_phy: 76094771369
     ch7_events: 341777525
     ch7_poll: 803926505
     ch7_arm: 333717328
     ch7_aff_change: 42801530
     ch7_force_irq: 0
     ch7_eq_rearm: 0
     rx7_packets: 12428328737
     rx7_bytes: 1855149274408
     rx7_csum_unnecessary: 6484
     rx7_csum_none: 0
     rx7_xdp_drop: 0
     rx7_xdp_redirect: 0
     rx7_gro_packets: 0
     rx7_gro_bytes: 0
     rx7_gro_skbs: 0
     rx7_gro_large_hds: 0
 312:          0          0          0          0          0          0          0    2594141  316873090   19128440          0          0          0          0          0      22171          0          0          0          0          0          0          0          0          0          0          0          0          0          0          0          0          0          0          0          0          0          0          0          0     222299          0          0          0          0          0          0          0          0          0          0          0          0          0          0          0          0          0          0          0          0          0          0          0 IR-PCI-MSIX-0000:c3:00.0    8-edge      mlx5_comp7@pci:0000:c3:00.0
@ 245429.20
     rx_buff_alloc_err: 0
     rx_congst_umr: 0
     rx_out_of_buffer: 3947477302
     rx_packets_phy: 76094931062
     ch7_events: 341777525
     ch7_poll: 803926505
     ch7_arm: 333717328
     ch7_aff_change: 42801530
     ch7_force_irq: 0
     ch7_eq_rearm: 0
     rx7_packets: 12428328737
     rx7_bytes: 1855149274408
     rx7_csum_unnecessary: 6484
     rx7_csum_none: 0
     rx7_xdp_drop: 0
     rx7_xdp_redirect: 0
     rx7_gro_packets: 0
     rx7_gro_bytes: 0
     rx7_gro_skbs: 0
     rx7_gro_large_hds: 0
 312:          0          0          0          0          0          0          0    2594141  316873090   19128440          0          0          0          0          0      22171          0          0          0          0          0          0          0          0          0          0          0          0          0          0          0          0          0          0          0          0          0          0          0          0     222299          0          0          0          0          0          0          0          0          0          0          0          0          0          0          0          0          0          0          0          0          0          0          0 IR-PCI-MSIX-0000:c3:00.0    8-edge      mlx5_comp7@pci:0000:c3:00.0
@ 245430.21
     rx_buff_alloc_err: 0
     rx_congst_umr: 0
     rx_out_of_buffer: 3947636985
     rx_packets_phy: 76095090802
     ch7_events: 341777525
     ch7_poll: 803926505
     ch7_arm: 333717328
     ch7_aff_change: 42801530
     ch7_force_irq: 0
     ch7_eq_rearm: 0
     rx7_packets: 12428328737
     rx7_bytes: 1855149274408
     rx7_csum_unnecessary: 6484
     rx7_csum_none: 0
     rx7_xdp_drop: 0
     rx7_xdp_redirect: 0
     rx7_gro_packets: 0
     rx7_gro_bytes: 0
     rx7_gro_skbs: 0
     rx7_gro_large_hds: 0
 312:          0          0          0          0          0          0          0    2594141  316873090   19128440          0          0          0          0          0      22171          0          0          0          0          0          0          0          0          0          0          0          0          0          0          0          0          0          0          0          0          0          0          0          0     222299          0          0          0          0          0          0          0          0          0          0          0          0          0          0          0          0          0          0          0          0          0          0          0 IR-PCI-MSIX-0000:c3:00.0    8-edge      mlx5_comp7@pci:0000:c3:00.0
@ 245431.22
     rx_buff_alloc_err: 0
     rx_congst_umr: 0
     rx_out_of_buffer: 3947796727
     rx_packets_phy: 76095250499
     ch7_events: 341777525
     ch7_poll: 803926505
     ch7_arm: 333717328
     ch7_aff_change: 42801530
     ch7_force_irq: 0
     ch7_eq_rearm: 0
     rx7_packets: 12428328737
     rx7_bytes: 1855149274408
     rx7_csum_unnecessary: 6484
     rx7_csum_none: 0
     rx7_xdp_drop: 0
     rx7_xdp_redirect: 0
     rx7_gro_packets: 0
     rx7_gro_bytes: 0
     rx7_gro_skbs: 0
     rx7_gro_large_hds: 0
 312:          0          0          0          0          0          0          0    2594141  316873090   19128440          0          0          0          0          0      22171          0          0          0          0          0          0          0          0          0          0          0          0          0          0          0          0          0          0          0          0          0          0          0          0     222299          0          0          0          0          0          0          0          0          0          0          0          0          0          0          0          0          0          0          0          0          0          0          0 IR-PCI-MSIX-0000:c3:00.0    8-edge      mlx5_comp7@pci:0000:c3:00.0
@ 245432.24
     rx_buff_alloc_err: 0
     rx_congst_umr: 0
     rx_out_of_buffer: 3947956428
     rx_packets_phy: 76095410250
     ch7_events: 341777525
     ch7_poll: 803926505
     ch7_arm: 333717328
     ch7_aff_change: 42801530
     ch7_force_irq: 0
     ch7_eq_rearm: 0
     rx7_packets: 12428328737
     rx7_bytes: 1855149274408
     rx7_csum_unnecessary: 6484
     rx7_csum_none: 0
     rx7_xdp_drop: 0
     rx7_xdp_redirect: 0
     rx7_gro_packets: 0
     rx7_gro_bytes: 0
     rx7_gro_skbs: 0
     rx7_gro_large_hds: 0
 312:          0          0          0          0          0          0          0    2594141  316873090   19128440          0          0          0          0          0      22171          0          0          0          0          0          0          0          0          0          0          0          0          0          0          0          0          0          0          0          0          0          0          0          0     222299          0          0          0          0          0          0          0          0          0          0          0          0          0          0          0          0          0          0          0          0          0          0          0 IR-PCI-MSIX-0000:c3:00.0    8-edge      mlx5_comp7@pci:0000:c3:00.0
@ 245433.25
     rx_buff_alloc_err: 0
     rx_congst_umr: 0
     rx_out_of_buffer: 3948116152
     rx_packets_phy: 76095569953
     ch7_events: 341777525
     ch7_poll: 803926505
     ch7_arm: 333717328
     ch7_aff_change: 42801530
     ch7_force_irq: 0
     ch7_eq_rearm: 0
     rx7_packets: 12428328737
     rx7_bytes: 1855149274408
     rx7_csum_unnecessary: 6484
     rx7_csum_none: 0
     rx7_xdp_drop: 0
     rx7_xdp_redirect: 0
     rx7_gro_packets: 0
     rx7_gro_bytes: 0
     rx7_gro_skbs: 0
     rx7_gro_large_hds: 0
 312:          0          0          0          0          0          0          0    2594141  316873090   19128440          0          0          0          0          0      22171          0          0          0          0          0          0          0          0          0          0          0          0          0          0          0          0          0          0          0          0          0          0          0          0     222299          0          0          0          0          0          0          0          0          0          0          0          0          0          0          0          0          0          0          0          0          0          0          0 IR-PCI-MSIX-0000:c3:00.0    8-edge      mlx5_comp7@pci:0000:c3:00.0
@ 245434.26
     rx_buff_alloc_err: 0
     rx_congst_umr: 0
     rx_out_of_buffer: 3948275896
     rx_packets_phy: 76095729691
     ch7_events: 341777525
     ch7_poll: 803926505
     ch7_arm: 333717328
     ch7_aff_change: 42801530
     ch7_force_irq: 0
     ch7_eq_rearm: 0
     rx7_packets: 12428328737
     rx7_bytes: 1855149274408
     rx7_csum_unnecessary: 6484
     rx7_csum_none: 0
     rx7_xdp_drop: 0
     rx7_xdp_redirect: 0
     rx7_gro_packets: 0
     rx7_gro_bytes: 0
     rx7_gro_skbs: 0
     rx7_gro_large_hds: 0
 312:          0          0          0          0          0          0          0    2594141  316873090   19128440          0          0          0          0          0      22171          0          0          0          0          0          0          0          0          0          0          0          0          0          0          0          0          0          0          0          0          0          0          0          0     222299          0          0          0          0          0          0          0          0          0          0          0          0          0          0          0          0          0          0          0          0          0          0          0 IR-PCI-MSIX-0000:c3:00.0    8-edge      mlx5_comp7@pci:0000:c3:00.0
@ 245435.27
     rx_buff_alloc_err: 0
     rx_congst_umr: 0
     rx_out_of_buffer: 3948435604
     rx_packets_phy: 76095889438
     ch7_events: 341777525
     ch7_poll: 803926505
     ch7_arm: 333717328
     ch7_aff_change: 42801530
     ch7_force_irq: 0
     ch7_eq_rearm: 0
     rx7_packets: 12428328737
     rx7_bytes: 1855149274408
     rx7_csum_unnecessary: 6484
     rx7_csum_none: 0
     rx7_xdp_drop: 0
     rx7_xdp_redirect: 0
     rx7_gro_packets: 0
     rx7_gro_bytes: 0
     rx7_gro_skbs: 0
     rx7_gro_large_hds: 0
 312:          0          0          0          0          0          0          0    2594141  316873090   19128440          0          0          0          0          0      22171          0          0          0          0          0          0          0          0          0          0          0          0          0          0          0          0          0          0          0          0          0          0          0          0     222299          0          0          0          0          0          0          0          0          0          0          0          0          0          0          0          0          0          0          0          0          0          0          0 IR-PCI-MSIX-0000:c3:00.0    8-edge      mlx5_comp7@pci:0000:c3:00.0
@ 245436.28
     rx_buff_alloc_err: 0
     rx_congst_umr: 0
     rx_out_of_buffer: 3948595321
     rx_packets_phy: 76096049140
     ch7_events: 341777525
     ch7_poll: 803926505
     ch7_arm: 333717328
     ch7_aff_change: 42801530
     ch7_force_irq: 0
     ch7_eq_rearm: 0
     rx7_packets: 12428328737
     rx7_bytes: 1855149274408
     rx7_csum_unnecessary: 6484
     rx7_csum_none: 0
     rx7_xdp_drop: 0
     rx7_xdp_redirect: 0
     rx7_gro_packets: 0
     rx7_gro_bytes: 0
     rx7_gro_skbs: 0
     rx7_gro_large_hds: 0
 312:          0          0          0          0          0          0          0    2594141  316873090   19128440          0          0          0          0          0      22171          0          0          0          0          0          0          0          0          0          0          0          0          0          0          0          0          0          0          0          0          0          0          0          0     222299          0          0          0          0          0          0          0          0          0          0          0          0          0          0          0          0          0          0          0          0          0          0          0 IR-PCI-MSIX-0000:c3:00.0    8-edge      mlx5_comp7@pci:0000:c3:00.0
@ 245437.29
     rx_buff_alloc_err: 0
     rx_congst_umr: 0
     rx_out_of_buffer: 3948755068
     rx_packets_phy: 76096208911
     ch7_events: 341777525
     ch7_poll: 803926505
     ch7_arm: 333717328
     ch7_aff_change: 42801530
     ch7_force_irq: 0
     ch7_eq_rearm: 0
     rx7_packets: 12428328737
     rx7_bytes: 1855149274408
     rx7_csum_unnecessary: 6484
     rx7_csum_none: 0
     rx7_xdp_drop: 0
     rx7_xdp_redirect: 0
     rx7_gro_packets: 0
     rx7_gro_bytes: 0
     rx7_gro_skbs: 0
     rx7_gro_large_hds: 0
 312:          0          0          0          0          0          0          0    2594141  316873090   19128440          0          0          0          0          0      22171          0          0          0          0          0          0          0          0          0          0          0          0          0          0          0          0          0          0          0          0          0          0          0          0     222299          0          0          0          0          0          0          0          0          0          0          0          0          0          0          0          0          0          0          0          0          0          0          0 IR-PCI-MSIX-0000:c3:00.0    8-edge      mlx5_comp7@pci:0000:c3:00.0
@ 245438.30
     rx_buff_alloc_err: 0
     rx_congst_umr: 0
     rx_out_of_buffer: 3948914863
     rx_packets_phy: 76096368701
     ch7_events: 341777525
     ch7_poll: 803926505
     ch7_arm: 333717328
     ch7_aff_change: 42801530
     ch7_force_irq: 0
     ch7_eq_rearm: 0
     rx7_packets: 12428328737
     rx7_bytes: 1855149274408
     rx7_csum_unnecessary: 6484
     rx7_csum_none: 0
     rx7_xdp_drop: 0
     rx7_xdp_redirect: 0
     rx7_gro_packets: 0
     rx7_gro_bytes: 0
     rx7_gro_skbs: 0
     rx7_gro_large_hds: 0
 312:          0          0          0          0          0          0          0    2594141  316873090   19128440          0          0          0          0          0      22171          0          0          0          0          0          0          0          0          0          0          0          0          0          0          0          0          0          0          0          0          0          0          0          0     222299          0          0          0          0          0          0          0          0          0          0          0          0          0          0          0          0          0          0          0          0          0          0          0 IR-PCI-MSIX-0000:c3:00.0    8-edge      mlx5_comp7@pci:0000:c3:00.0
@ 245439.31
     rx_buff_alloc_err: 0
     rx_congst_umr: 0
     rx_out_of_buffer: 3949074559
     rx_packets_phy: 76096528434
     ch7_events: 341777525
     ch7_poll: 803926505
     ch7_arm: 333717328
     ch7_aff_change: 42801530
     ch7_force_irq: 0
     ch7_eq_rearm: 0
     rx7_packets: 12428328737
     rx7_bytes: 1855149274408
     rx7_csum_unnecessary: 6484
     rx7_csum_none: 0
     rx7_xdp_drop: 0
     rx7_xdp_redirect: 0
     rx7_gro_packets: 0
     rx7_gro_bytes: 0
     rx7_gro_skbs: 0
     rx7_gro_large_hds: 0
 312:          0          0          0          0          0          0          0    2594141  316873090   19128440          0          0          0          0          0      22171          0          0          0          0          0          0          0          0          0          0          0          0          0          0          0          0          0          0          0          0          0          0          0          0     222299          0          0          0          0          0          0          0          0          0          0          0          0          0          0          0          0          0          0          0          0          0          0          0 IR-PCI-MSIX-0000:c3:00.0    8-edge      mlx5_comp7@pci:0000:c3:00.0
@ 245440.32
     rx_buff_alloc_err: 0
     rx_congst_umr: 0
     rx_out_of_buffer: 3949234304
     rx_packets_phy: 76096688147
     ch7_events: 341777525
     ch7_poll: 803926505
     ch7_arm: 333717328
     ch7_aff_change: 42801530
     ch7_force_irq: 0
     ch7_eq_rearm: 0
     rx7_packets: 12428328737
     rx7_bytes: 1855149274408
     rx7_csum_unnecessary: 6484
     rx7_csum_none: 0
     rx7_xdp_drop: 0
     rx7_xdp_redirect: 0
     rx7_gro_packets: 0
     rx7_gro_bytes: 0
     rx7_gro_skbs: 0
     rx7_gro_large_hds: 0
 312:          0          0          0          0          0          0          0    2594141  316873090   19128440          0          0          0          0          0      22171          0          0          0          0          0          0          0          0          0          0          0          0          0          0          0          0          0          0          0          0          0          0          0          0     222299          0          0          0          0          0          0          0          0          0          0          0          0          0          0          0          0          0          0          0          0          0          0          0 IR-PCI-MSIX-0000:c3:00.0    8-edge      mlx5_comp7@pci:0000:c3:00.0
@ 245441.33
     rx_buff_alloc_err: 0
     rx_congst_umr: 0
     rx_out_of_buffer: 3949393984
     rx_packets_phy: 76096847877
     ch7_events: 341777525
     ch7_poll: 803926505
     ch7_arm: 333717328
     ch7_aff_change: 42801530
     ch7_force_irq: 0
     ch7_eq_rearm: 0
     rx7_packets: 12428328737
     rx7_bytes: 1855149274408
     rx7_csum_unnecessary: 6484
     rx7_csum_none: 0
     rx7_xdp_drop: 0
     rx7_xdp_redirect: 0
     rx7_gro_packets: 0
     rx7_gro_bytes: 0
     rx7_gro_skbs: 0
     rx7_gro_large_hds: 0
 312:          0          0          0          0          0          0          0    2594141  316873090   19128440          0          0          0          0          0      22171          0          0          0          0          0          0          0          0          0          0          0          0          0          0          0          0          0          0          0          0          0          0          0          0     222299          0          0          0          0          0          0          0          0          0          0          0          0          0          0          0          0          0          0          0          0          0          0          0 IR-PCI-MSIX-0000:c3:00.0    8-edge      mlx5_comp7@pci:0000:c3:00.0
@ 245442.34
     rx_buff_alloc_err: 0
     rx_congst_umr: 0
     rx_out_of_buffer: 3949553720
     rx_packets_phy: 76097007590
     ch7_events: 341777525
     ch7_poll: 803926505
     ch7_arm: 333717328
     ch7_aff_change: 42801530
     ch7_force_irq: 0
     ch7_eq_rearm: 0
     rx7_packets: 12428328737
     rx7_bytes: 1855149274408
     rx7_csum_unnecessary: 6484
     rx7_csum_none: 0
     rx7_xdp_drop: 0
     rx7_xdp_redirect: 0
     rx7_gro_packets: 0
     rx7_gro_bytes: 0
     rx7_gro_skbs: 0
     rx7_gro_large_hds: 0
 312:          0          0          0          0          0          0          0    2594141  316873090   19128440          0          0          0          0          0      22171          0          0          0          0          0          0          0          0          0          0          0          0          0          0          0          0          0          0          0          0          0          0          0          0     222299          0          0          0          0          0          0          0          0          0          0          0          0          0          0          0          0          0          0          0          0          0          0          0 IR-PCI-MSIX-0000:c3:00.0    8-edge      mlx5_comp7@pci:0000:c3:00.0
@ 245443.36
     rx_buff_alloc_err: 0
     rx_congst_umr: 0
     rx_out_of_buffer: 3949713409
     rx_packets_phy: 76097167326
     ch7_events: 341777525
     ch7_poll: 803926505
     ch7_arm: 333717328
     ch7_aff_change: 42801530
     ch7_force_irq: 0
     ch7_eq_rearm: 0
     rx7_packets: 12428328737
     rx7_bytes: 1855149274408
     rx7_csum_unnecessary: 6484
     rx7_csum_none: 0
     rx7_xdp_drop: 0
     rx7_xdp_redirect: 0
     rx7_gro_packets: 0
     rx7_gro_bytes: 0
     rx7_gro_skbs: 0
     rx7_gro_large_hds: 0
 312:          0          0          0          0          0          0          0    2594141  316873090   19128440          0          0          0          0          0      22171          0          0          0          0          0          0          0          0          0          0          0          0          0          0          0          0          0          0          0          0          0          0          0          0     222299          0          0          0          0          0          0          0          0          0          0          0          0          0          0          0          0          0          0          0          0          0          0          0 IR-PCI-MSIX-0000:c3:00.0    8-edge      mlx5_comp7@pci:0000:c3:00.0
@ 245444.37
     rx_buff_alloc_err: 0
     rx_congst_umr: 0
     rx_out_of_buffer: 3949873147
     rx_packets_phy: 76097327035
     ch7_events: 341777525
     ch7_poll: 803926505
     ch7_arm: 333717328
     ch7_aff_change: 42801530
     ch7_force_irq: 0
     ch7_eq_rearm: 0
     rx7_packets: 12428328737
     rx7_bytes: 1855149274408
     rx7_csum_unnecessary: 6484
     rx7_csum_none: 0
     rx7_xdp_drop: 0
     rx7_xdp_redirect: 0
     rx7_gro_packets: 0
     rx7_gro_bytes: 0
     rx7_gro_skbs: 0
     rx7_gro_large_hds: 0
 312:          0          0          0          0          0          0          0    2594141  316873090   19128440          0          0          0          0          0      22171          0          0          0          0          0          0          0          0          0          0          0          0          0          0          0          0          0          0          0          0          0          0          0          0     222299          0          0          0          0          0          0          0          0          0          0          0          0          0          0          0          0          0          0          0          0          0          0          0 IR-PCI-MSIX-0000:c3:00.0    8-edge      mlx5_comp7@pci:0000:c3:00.0
@ 245445.38
     rx_buff_alloc_err: 0
     rx_congst_umr: 0
     rx_out_of_buffer: 3950032835
     rx_packets_phy: 76097486733
     ch7_events: 341777525
     ch7_poll: 803926505
     ch7_arm: 333717328
     ch7_aff_change: 42801530
     ch7_force_irq: 0
     ch7_eq_rearm: 0
     rx7_packets: 12428328737
     rx7_bytes: 1855149274408
     rx7_csum_unnecessary: 6484
     rx7_csum_none: 0
     rx7_xdp_drop: 0
     rx7_xdp_redirect: 0
     rx7_gro_packets: 0
     rx7_gro_bytes: 0
     rx7_gro_skbs: 0
     rx7_gro_large_hds: 0
 312:          0          0          0          0          0          0          0    2594141  316873090   19128440          0          0          0          0          0      22171          0          0          0          0          0          0          0          0          0          0          0          0          0          0          0          0          0          0          0          0          0          0          0          0     222299          0          0          0          0          0          0          0          0          0          0          0          0          0          0          0          0          0          0          0          0          0          0          0 IR-PCI-MSIX-0000:c3:00.0    8-edge      mlx5_comp7@pci:0000:c3:00.0
@ 245446.39
     rx_buff_alloc_err: 0
     rx_congst_umr: 0
     rx_out_of_buffer: 3950192544
     rx_packets_phy: 76097646479
     ch7_events: 341777525
     ch7_poll: 803926505
     ch7_arm: 333717328
     ch7_aff_change: 42801530
     ch7_force_irq: 0
     ch7_eq_rearm: 0
     rx7_packets: 12428328737
     rx7_bytes: 1855149274408
     rx7_csum_unnecessary: 6484
     rx7_csum_none: 0
     rx7_xdp_drop: 0
     rx7_xdp_redirect: 0
     rx7_gro_packets: 0
     rx7_gro_bytes: 0
     rx7_gro_skbs: 0
     rx7_gro_large_hds: 0
 312:          0          0          0          0          0          0          0    2594141  316873090   19128440          0          0          0          0          0      22171          0          0          0          0          0          0          0          0          0          0          0          0          0          0          0          0          0          0          0          0          0          0          0          0     222299          0          0          0          0          0          0          0          0          0          0          0          0          0          0          0          0          0          0          0          0          0          0          0 IR-PCI-MSIX-0000:c3:00.0    8-edge      mlx5_comp7@pci:0000:c3:00.0
@ 245447.40
     rx_buff_alloc_err: 0
     rx_congst_umr: 0
     rx_out_of_buffer: 3950352260
     rx_packets_phy: 76097806164
     ch7_events: 341777525
     ch7_poll: 803926505
     ch7_arm: 333717328
     ch7_aff_change: 42801530
     ch7_force_irq: 0
     ch7_eq_rearm: 0
     rx7_packets: 12428328737
     rx7_bytes: 1855149274408
     rx7_csum_unnecessary: 6484
     rx7_csum_none: 0
     rx7_xdp_drop: 0
     rx7_xdp_redirect: 0
     rx7_gro_packets: 0
     rx7_gro_bytes: 0
     rx7_gro_skbs: 0
     rx7_gro_large_hds: 0
 312:          0          0          0          0          0          0          0    2594141  316873090   19128440          0          0          0          0          0      22171          0          0          0          0          0          0          0          0          0          0          0          0          0          0          0          0          0          0          0          0          0          0          0          0     222299          0          0          0          0          0          0          0          0          0          0          0          0          0          0          0          0          0          0          0          0          0          0          0 IR-PCI-MSIX-0000:c3:00.0    8-edge      mlx5_comp7@pci:0000:c3:00.0
@ 245448.41
     rx_buff_alloc_err: 0
     rx_congst_umr: 0
     rx_out_of_buffer: 3950511940
     rx_packets_phy: 76097965906
     ch7_events: 341777525
     ch7_poll: 803926505
     ch7_arm: 333717328
     ch7_aff_change: 42801530
     ch7_force_irq: 0
     ch7_eq_rearm: 0
     rx7_packets: 12428328737
     rx7_bytes: 1855149274408
     rx7_csum_unnecessary: 6484
     rx7_csum_none: 0
     rx7_xdp_drop: 0
     rx7_xdp_redirect: 0
     rx7_gro_packets: 0
     rx7_gro_bytes: 0
     rx7_gro_skbs: 0
     rx7_gro_large_hds: 0
 312:          0          0          0          0          0          0          0    2594141  316873090   19128440          0          0          0          0          0      22171          0          0          0          0          0          0          0          0          0          0          0          0          0          0          0          0          0          0          0          0          0          0          0          0     222299          0          0          0          0          0          0          0          0          0          0          0          0          0          0          0          0          0          0          0          0          0          0          0 IR-PCI-MSIX-0000:c3:00.0    8-edge      mlx5_comp7@pci:0000:c3:00.0
@ 245449.42
     rx_buff_alloc_err: 0
     rx_congst_umr: 0
     rx_out_of_buffer: 3950671674
     rx_packets_phy: 76098125610
     ch7_events: 341777525
     ch7_poll: 803926505
     ch7_arm: 333717328
     ch7_aff_change: 42801530
     ch7_force_irq: 0
     ch7_eq_rearm: 0
     rx7_packets: 12428328737
     rx7_bytes: 1855149274408
     rx7_csum_unnecessary: 6484
     rx7_csum_none: 0
     rx7_xdp_drop: 0
     rx7_xdp_redirect: 0
     rx7_gro_packets: 0
     rx7_gro_bytes: 0
     rx7_gro_skbs: 0
     rx7_gro_large_hds: 0
 312:          0          0          0          0          0          0          0    2594141  316873090   19128440          0          0          0          0          0      22171          0          0          0          0          0          0          0          0          0          0          0          0          0          0          0          0          0          0          0          0          0          0          0          0     222299          0          0          0          0          0          0          0          0          0          0          0          0          0          0          0          0          0          0          0          0          0          0          0 IR-PCI-MSIX-0000:c3:00.0    8-edge      mlx5_comp7@pci:0000:c3:00.0
@ 245450.43
     rx_buff_alloc_err: 0
     rx_congst_umr: 0
     rx_out_of_buffer: 3950831366
     rx_packets_phy: 76098285351
     ch7_events: 341777525
     ch7_poll: 803926505
     ch7_arm: 333717328
     ch7_aff_change: 42801530
     ch7_force_irq: 0
     ch7_eq_rearm: 0
     rx7_packets: 12428328737
     rx7_bytes: 1855149274408
     rx7_csum_unnecessary: 6484
     rx7_csum_none: 0
     rx7_xdp_drop: 0
     rx7_xdp_redirect: 0
     rx7_gro_packets: 0
     rx7_gro_bytes: 0
     rx7_gro_skbs: 0
     rx7_gro_large_hds: 0
 312:          0          0          0          0          0          0          0    2594141  316873090   19128440          0          0          0          0          0      22171          0          0          0          0          0          0          0          0          0          0          0          0          0          0          0          0          0          0          0          0          0          0          0          0     222299          0          0          0          0          0          0          0          0          0          0          0          0          0          0          0          0          0          0          0          0          0          0          0 IR-PCI-MSIX-0000:c3:00.0    8-edge      mlx5_comp7@pci:0000:c3:00.0
@ 245451.44
     rx_buff_alloc_err: 0
     rx_congst_umr: 0
     rx_out_of_buffer: 3950991101
     rx_packets_phy: 76098445052
     ch7_events: 341777525
     ch7_poll: 803926505
     ch7_arm: 333717328
     ch7_aff_change: 42801530
     ch7_force_irq: 0
     ch7_eq_rearm: 0
     rx7_packets: 12428328737
     rx7_bytes: 1855149274408
     rx7_csum_unnecessary: 6484
     rx7_csum_none: 0
     rx7_xdp_drop: 0
     rx7_xdp_redirect: 0
     rx7_gro_packets: 0
     rx7_gro_bytes: 0
     rx7_gro_skbs: 0
     rx7_gro_large_hds: 0
 312:          0          0          0          0          0          0          0    2594141  316873090   19128440          0          0          0          0          0      22171          0          0          0          0          0          0          0          0          0          0          0          0          0          0          0          0          0          0          0          0          0          0          0          0     222299          0          0          0          0          0          0          0          0          0          0          0          0          0          0          0          0          0          0          0          0          0          0          0 IR-PCI-MSIX-0000:c3:00.0    8-edge      mlx5_comp7@pci:0000:c3:00.0
@ 245452.45
     rx_buff_alloc_err: 0
     rx_congst_umr: 0
     rx_out_of_buffer: 3951150791
     rx_packets_phy: 76098604773
     ch7_events: 341777525
     ch7_poll: 803926505
     ch7_arm: 333717328
     ch7_aff_change: 42801530
     ch7_force_irq: 0
     ch7_eq_rearm: 0
     rx7_packets: 12428328737
     rx7_bytes: 1855149274408
     rx7_csum_unnecessary: 6484
     rx7_csum_none: 0
     rx7_xdp_drop: 0
     rx7_xdp_redirect: 0
     rx7_gro_packets: 0
     rx7_gro_bytes: 0
     rx7_gro_skbs: 0
     rx7_gro_large_hds: 0
 312:          0          0          0          0          0          0          0    2594141  316873090   19128440          0          0          0          0          0      22171          0          0          0          0          0          0          0          0          0          0          0          0          0          0          0          0          0          0          0          0          0          0          0          0     222299          0          0          0          0          0          0          0          0          0          0          0          0          0          0          0          0          0          0          0          0          0          0          0 IR-PCI-MSIX-0000:c3:00.0    8-edge      mlx5_comp7@pci:0000:c3:00.0
@ 245453.46
     rx_buff_alloc_err: 0
     rx_congst_umr: 0
     rx_out_of_buffer: 3951310516
     rx_packets_phy: 76098764492
     ch7_events: 341777525
     ch7_poll: 803926505
     ch7_arm: 333717328
     ch7_aff_change: 42801530
     ch7_force_irq: 0
     ch7_eq_rearm: 0
     rx7_packets: 12428328737
     rx7_bytes: 1855149274408
     rx7_csum_unnecessary: 6484
     rx7_csum_none: 0
     rx7_xdp_drop: 0
     rx7_xdp_redirect: 0
     rx7_gro_packets: 0
     rx7_gro_bytes: 0
     rx7_gro_skbs: 0
     rx7_gro_large_hds: 0
 312:          0          0          0          0          0          0          0    2594141  316873090   19128440          0          0          0          0          0      22171          0          0          0          0          0          0          0          0          0          0          0          0          0          0          0          0          0          0          0          0          0          0          0          0     222299          0          0          0          0          0          0          0          0          0          0          0          0          0          0          0          0          0          0          0          0          0          0          0 IR-PCI-MSIX-0000:c3:00.0    8-edge      mlx5_comp7@pci:0000:c3:00.0
@ 245454.47
     rx_buff_alloc_err: 0
     rx_congst_umr: 0
     rx_out_of_buffer: 3951470218
     rx_packets_phy: 76098924227
     ch7_events: 341777525
     ch7_poll: 803926505
     ch7_arm: 333717328
     ch7_aff_change: 42801530
     ch7_force_irq: 0
     ch7_eq_rearm: 0
     rx7_packets: 12428328737
     rx7_bytes: 1855149274408
     rx7_csum_unnecessary: 6484
     rx7_csum_none: 0
     rx7_xdp_drop: 0
     rx7_xdp_redirect: 0
     rx7_gro_packets: 0
     rx7_gro_bytes: 0
     rx7_gro_skbs: 0
     rx7_gro_large_hds: 0
 312:          0          0          0          0          0          0          0    2594141  316873090   19128440          0          0          0          0          0      22171          0          0          0          0          0          0          0          0          0          0          0          0          0          0          0          0          0          0          0          0          0          0          0          0     222299          0          0          0          0          0          0          0          0          0          0          0          0          0          0          0          0          0          0          0          0          0          0          0 IR-PCI-MSIX-0000:c3:00.0    8-edge      mlx5_comp7@pci:0000:c3:00.0
@ 245455.49
     rx_buff_alloc_err: 0
     rx_congst_umr: 0
     rx_out_of_buffer: 3951629959
     rx_packets_phy: 76099083941
     ch7_events: 341777525
     ch7_poll: 803926505
     ch7_arm: 333717328
     ch7_aff_change: 42801530
     ch7_force_irq: 0
     ch7_eq_rearm: 0
     rx7_packets: 12428328737
     rx7_bytes: 1855149274408
     rx7_csum_unnecessary: 6484
     rx7_csum_none: 0
     rx7_xdp_drop: 0
     rx7_xdp_redirect: 0
     rx7_gro_packets: 0
     rx7_gro_bytes: 0
     rx7_gro_skbs: 0
     rx7_gro_large_hds: 0
 312:          0          0          0          0          0          0          0    2594141  316873090   19128440          0          0          0          0          0      22171          0          0          0          0          0          0          0          0          0          0          0          0          0          0          0          0          0          0          0          0          0          0          0          0     222299          0          0          0          0          0          0          0          0          0          0          0          0          0          0          0          0          0          0          0          0          0          0          0 IR-PCI-MSIX-0000:c3:00.0    8-edge      mlx5_comp7@pci:0000:c3:00.0
@ 245456.50
     rx_buff_alloc_err: 0
     rx_congst_umr: 0
     rx_out_of_buffer: 3951789589
     rx_packets_phy: 76099243621
     ch7_events: 341777525
     ch7_poll: 803926505
     ch7_arm: 333717328
     ch7_aff_change: 42801530
     ch7_force_irq: 0
     ch7_eq_rearm: 0
     rx7_packets: 12428328737
     rx7_bytes: 1855149274408
     rx7_csum_unnecessary: 6484
     rx7_csum_none: 0
     rx7_xdp_drop: 0
     rx7_xdp_redirect: 0
     rx7_gro_packets: 0
     rx7_gro_bytes: 0
     rx7_gro_skbs: 0
     rx7_gro_large_hds: 0
 312:          0          0          0          0          0          0          0    2594141  316873090   19128440          0          0          0          0          0      22171          0          0          0          0          0          0          0          0          0          0          0          0          0          0          0          0          0          0          0          0          0          0          0          0     222299          0          0          0          0          0          0          0          0          0          0          0          0          0          0          0          0          0          0          0          0          0          0          0 IR-PCI-MSIX-0000:c3:00.0    8-edge      mlx5_comp7@pci:0000:c3:00.0
@ 245457.51
     rx_buff_alloc_err: 0
     rx_congst_umr: 0
     rx_out_of_buffer: 3951949324
     rx_packets_phy: 76099403338
     ch7_events: 341777525
     ch7_poll: 803926505
     ch7_arm: 333717328
     ch7_aff_change: 42801530
     ch7_force_irq: 0
     ch7_eq_rearm: 0
     rx7_packets: 12428328737
     rx7_bytes: 1855149274408
     rx7_csum_unnecessary: 6484
     rx7_csum_none: 0
     rx7_xdp_drop: 0
     rx7_xdp_redirect: 0
     rx7_gro_packets: 0
     rx7_gro_bytes: 0
     rx7_gro_skbs: 0
     rx7_gro_large_hds: 0
 312:          0          0          0          0          0          0          0    2594141  316873090   19128440          0          0          0          0          0      22171          0          0          0          0          0          0          0          0          0          0          0          0          0          0          0          0          0          0          0          0          0          0          0          0     222299          0          0          0          0          0          0          0          0          0          0          0          0          0          0          0          0          0          0          0          0          0          0          0 IR-PCI-MSIX-0000:c3:00.0    8-edge      mlx5_comp7@pci:0000:c3:00.0
@ 245458.52
     rx_buff_alloc_err: 0
     rx_congst_umr: 0
     rx_out_of_buffer: 3952109058
     rx_packets_phy: 76099563068
     ch7_events: 341777525
     ch7_poll: 803926505
     ch7_arm: 333717328
     ch7_aff_change: 42801530
     ch7_force_irq: 0
     ch7_eq_rearm: 0
     rx7_packets: 12428328737
     rx7_bytes: 1855149274408
     rx7_csum_unnecessary: 6484
     rx7_csum_none: 0
     rx7_xdp_drop: 0
     rx7_xdp_redirect: 0
     rx7_gro_packets: 0
     rx7_gro_bytes: 0
     rx7_gro_skbs: 0
     rx7_gro_large_hds: 0
 312:          0          0          0          0          0          0          0    2594141  316873090   19128440          0          0          0          0          0      22171          0          0          0          0          0          0          0          0          0          0          0          0          0          0          0          0          0          0          0          0          0          0          0          0     222299          0          0          0          0          0          0          0          0          0          0          0          0          0          0          0          0          0          0          0          0          0          0          0 IR-PCI-MSIX-0000:c3:00.0    8-edge      mlx5_comp7@pci:0000:c3:00.0
@ 245459.53
     rx_buff_alloc_err: 0
     rx_congst_umr: 0
     rx_out_of_buffer: 3952268748
     rx_packets_phy: 76099722783
     ch7_events: 341777525
     ch7_poll: 803926505
     ch7_arm: 333717328
     ch7_aff_change: 42801530
     ch7_force_irq: 0
     ch7_eq_rearm: 0
     rx7_packets: 12428328737
     rx7_bytes: 1855149274408
     rx7_csum_unnecessary: 6484
     rx7_csum_none: 0
     rx7_xdp_drop: 0
     rx7_xdp_redirect: 0
     rx7_gro_packets: 0
     rx7_gro_bytes: 0
     rx7_gro_skbs: 0
     rx7_gro_large_hds: 0
 312:          0          0          0          0          0          0          0    2594141  316873090   19128440          0          0          0          0          0      22171          0          0          0          0          0          0          0          0          0          0          0          0          0          0          0          0          0          0          0          0          0          0          0          0     222299          0          0          0          0          0          0          0          0          0          0          0          0          0          0          0          0          0          0          0          0          0          0          0 IR-PCI-MSIX-0000:c3:00.0    8-edge      mlx5_comp7@pci:0000:c3:00.0
@ 245460.54
     rx_buff_alloc_err: 0
     rx_congst_umr: 0
     rx_out_of_buffer: 3952428461
     rx_packets_phy: 76099882509
     ch7_events: 341777525
     ch7_poll: 803926505
     ch7_arm: 333717328
     ch7_aff_change: 42801530
     ch7_force_irq: 0
     ch7_eq_rearm: 0
     rx7_packets: 12428328737
     rx7_bytes: 1855149274408
     rx7_csum_unnecessary: 6484
     rx7_csum_none: 0
     rx7_xdp_drop: 0
     rx7_xdp_redirect: 0
     rx7_gro_packets: 0
     rx7_gro_bytes: 0
     rx7_gro_skbs: 0
     rx7_gro_large_hds: 0
 312:          0          0          0          0          0          0          0    2594141  316873090   19128440          0          0          0          0          0      22171          0          0          0          0          0          0          0          0          0          0          0          0          0          0          0          0          0          0          0          0          0          0          0          0     222299          0          0          0          0          0          0          0          0          0          0          0          0          0          0          0          0          0          0          0          0          0          0          0 IR-PCI-MSIX-0000:c3:00.0    8-edge      mlx5_comp7@pci:0000:c3:00.0
@ 245461.55
     rx_buff_alloc_err: 0
     rx_congst_umr: 0
     rx_out_of_buffer: 3952588174
     rx_packets_phy: 76100042203
     ch7_events: 341777525
     ch7_poll: 803926505
     ch7_arm: 333717328
     ch7_aff_change: 42801530
     ch7_force_irq: 0
     ch7_eq_rearm: 0
     rx7_packets: 12428328737
     rx7_bytes: 1855149274408
     rx7_csum_unnecessary: 6484
     rx7_csum_none: 0
     rx7_xdp_drop: 0
     rx7_xdp_redirect: 0
     rx7_gro_packets: 0
     rx7_gro_bytes: 0
     rx7_gro_skbs: 0
     rx7_gro_large_hds: 0
 312:          0          0          0          0          0          0          0    2594141  316873090   19128440          0          0          0          0          0      22171          0          0          0          0          0          0          0          0          0          0          0          0          0          0          0          0          0          0          0          0          0          0          0          0     222299          0          0          0          0          0          0          0          0          0          0          0          0          0          0          0          0          0          0          0          0          0          0          0 IR-PCI-MSIX-0000:c3:00.0    8-edge      mlx5_comp7@pci:0000:c3:00.0
@ 245462.56
     rx_buff_alloc_err: 0
     rx_congst_umr: 0
     rx_out_of_buffer: 3952747854
     rx_packets_phy: 76100201886
     ch7_events: 341777525
     ch7_poll: 803926505
     ch7_arm: 333717328
     ch7_aff_change: 42801530
     ch7_force_irq: 0
     ch7_eq_rearm: 0
     rx7_packets: 12428328737
     rx7_bytes: 1855149274408
     rx7_csum_unnecessary: 6484
     rx7_csum_none: 0
     rx7_xdp_drop: 0
     rx7_xdp_redirect: 0
     rx7_gro_packets: 0
     rx7_gro_bytes: 0
     rx7_gro_skbs: 0
     rx7_gro_large_hds: 0
 312:          0          0          0          0          0          0          0    2594141  316873090   19128440          0          0          0          0          0      22171          0          0          0          0          0          0          0          0          0          0          0          0          0          0          0          0          0          0          0          0          0          0          0          0     222299          0          0          0          0          0          0          0          0          0          0          0          0          0          0          0          0          0          0          0          0          0          0          0 IR-PCI-MSIX-0000:c3:00.0    8-edge      mlx5_comp7@pci:0000:c3:00.0
@ 245463.57
     rx_buff_alloc_err: 0
     rx_congst_umr: 0
     rx_out_of_buffer: 3952907552
     rx_packets_phy: 76100361635
     ch7_events: 341777525
     ch7_poll: 803926505
     ch7_arm: 333717328
     ch7_aff_change: 42801530
     ch7_force_irq: 0
     ch7_eq_rearm: 0
     rx7_packets: 12428328737
     rx7_bytes: 1855149274408
     rx7_csum_unnecessary: 6484
     rx7_csum_none: 0
     rx7_xdp_drop: 0
     rx7_xdp_redirect: 0
     rx7_gro_packets: 0
     rx7_gro_bytes: 0
     rx7_gro_skbs: 0
     rx7_gro_large_hds: 0
 312:          0          0          0          0          0          0          0    2594141  316873090   19128440          0          0          0          0          0      22171          0          0          0          0          0          0          0          0          0          0          0          0          0          0          0          0          0          0          0          0          0          0          0          0     222299          0          0          0          0          0          0          0          0          0          0          0          0          0          0          0          0          0          0          0          0          0          0          0 IR-PCI-MSIX-0000:c3:00.0    8-edge      mlx5_comp7@pci:0000:c3:00.0
@ 245464.58
     rx_buff_alloc_err: 0
     rx_congst_umr: 0
     rx_out_of_buffer: 3953067278
     rx_packets_phy: 76100521347
     ch7_events: 341777525
     ch7_poll: 803926505
     ch7_arm: 333717328
     ch7_aff_change: 42801530
     ch7_force_irq: 0
     ch7_eq_rearm: 0
     rx7_packets: 12428328737
     rx7_bytes: 1855149274408
     rx7_csum_unnecessary: 6484
     rx7_csum_none: 0
     rx7_xdp_drop: 0
     rx7_xdp_redirect: 0
     rx7_gro_packets: 0
     rx7_gro_bytes: 0
     rx7_gro_skbs: 0
     rx7_gro_large_hds: 0
 312:          0          0          0          0          0          0          0    2594141  316873090   19128440          0          0          0          0          0      22171          0          0          0          0          0          0          0          0          0          0          0          0          0          0          0          0          0          0          0          0          0          0          0          0     222299          0          0          0          0          0          0          0          0          0          0          0          0          0          0          0          0          0          0          0          0          0          0          0 IR-PCI-MSIX-0000:c3:00.0    8-edge      mlx5_comp7@pci:0000:c3:00.0
@ 245465.59
     rx_buff_alloc_err: 0
     rx_congst_umr: 0
     rx_out_of_buffer: 3953227015
     rx_packets_phy: 76100681075
     ch7_events: 341777525
     ch7_poll: 803926505
     ch7_arm: 333717328
     ch7_aff_change: 42801530
     ch7_force_irq: 0
     ch7_eq_rearm: 0
     rx7_packets: 12428328737
     rx7_bytes: 1855149274408
     rx7_csum_unnecessary: 6484
     rx7_csum_none: 0
     rx7_xdp_drop: 0
     rx7_xdp_redirect: 0
     rx7_gro_packets: 0
     rx7_gro_bytes: 0
     rx7_gro_skbs: 0
     rx7_gro_large_hds: 0
 312:          0          0          0          0          0          0          0    2594141  316873090   19128440          0          0          0          0          0      22171          0          0          0          0          0          0          0          0          0          0          0          0          0          0          0          0          0          0          0          0          0          0          0          0     222299          0          0          0          0          0          0          0          0          0          0          0          0          0          0          0          0          0          0          0          0          0          0          0 IR-PCI-MSIX-0000:c3:00.0    8-edge      mlx5_comp7@pci:0000:c3:00.0
@ 245466.60
     rx_buff_alloc_err: 0
     rx_congst_umr: 0
     rx_out_of_buffer: 3953386641
     rx_packets_phy: 76100840755
     ch7_events: 341777525
     ch7_poll: 803926505
     ch7_arm: 333717328
     ch7_aff_change: 42801530
     ch7_force_irq: 0
     ch7_eq_rearm: 0
     rx7_packets: 12428328737
     rx7_bytes: 1855149274408
     rx7_csum_unnecessary: 6484
     rx7_csum_none: 0
     rx7_xdp_drop: 0
     rx7_xdp_redirect: 0
     rx7_gro_packets: 0
     rx7_gro_bytes: 0
     rx7_gro_skbs: 0
     rx7_gro_large_hds: 0
 312:          0          0          0          0          0          0          0    2594141  316873090   19128440          0          0          0          0          0      22171          0          0          0          0          0          0          0          0          0          0          0          0          0          0          0          0          0          0          0          0          0          0          0          0     222299          0          0          0          0          0          0          0          0          0          0          0          0          0          0          0          0          0          0          0          0          0          0          0 IR-PCI-MSIX-0000:c3:00.0    8-edge      mlx5_comp7@pci:0000:c3:00.0
@ 245467.62
     rx_buff_alloc_err: 0
     rx_congst_umr: 0
     rx_out_of_buffer: 3953546385
     rx_packets_phy: 76101000459
     ch7_events: 341777525
     ch7_poll: 803926505
     ch7_arm: 333717328
     ch7_aff_change: 42801530
     ch7_force_irq: 0
     ch7_eq_rearm: 0
     rx7_packets: 12428328737
     rx7_bytes: 1855149274408
     rx7_csum_unnecessary: 6484
     rx7_csum_none: 0
     rx7_xdp_drop: 0
     rx7_xdp_redirect: 0
     rx7_gro_packets: 0
     rx7_gro_bytes: 0
     rx7_gro_skbs: 0
     rx7_gro_large_hds: 0
 312:          0          0          0          0          0          0          0    2594141  316873090   19128440          0          0          0          0          0      22171          0          0          0          0          0          0          0          0          0          0          0          0          0          0          0          0          0          0          0          0          0          0          0          0     222299          0          0          0          0          0          0          0          0          0          0          0          0          0          0          0          0          0          0          0          0          0          0          0 IR-PCI-MSIX-0000:c3:00.0    8-edge      mlx5_comp7@pci:0000:c3:00.0
@ 245468.63
     rx_buff_alloc_err: 0
     rx_congst_umr: 0
     rx_out_of_buffer: 3953706067
     rx_packets_phy: 76101160197
     ch7_events: 341777525
     ch7_poll: 803926505
     ch7_arm: 333717328
     ch7_aff_change: 42801530
     ch7_force_irq: 0
     ch7_eq_rearm: 0
     rx7_packets: 12428328737
     rx7_bytes: 1855149274408
     rx7_csum_unnecessary: 6484
     rx7_csum_none: 0
     rx7_xdp_drop: 0
     rx7_xdp_redirect: 0
     rx7_gro_packets: 0
     rx7_gro_bytes: 0
     rx7_gro_skbs: 0
     rx7_gro_large_hds: 0
 312:          0          0          0          0          0          0          0    2594141  316873090   19128440          0          0          0          0          0      22171          0          0          0          0          0          0          0          0          0          0          0          0          0          0          0          0          0          0          0          0          0          0          0          0     222299          0          0          0          0          0          0          0          0          0          0          0          0          0          0          0          0          0          0          0          0          0          0          0 IR-PCI-MSIX-0000:c3:00.0    8-edge      mlx5_comp7@pci:0000:c3:00.0
@ 245469.64
     rx_buff_alloc_err: 0
     rx_congst_umr: 0
     rx_out_of_buffer: 3953865748
     rx_packets_phy: 76101319880
     ch7_events: 341777525
     ch7_poll: 803926505
     ch7_arm: 333717328
     ch7_aff_change: 42801530
     ch7_force_irq: 0
     ch7_eq_rearm: 0
     rx7_packets: 12428328737
     rx7_bytes: 1855149274408
     rx7_csum_unnecessary: 6484
     rx7_csum_none: 0
     rx7_xdp_drop: 0
     rx7_xdp_redirect: 0
     rx7_gro_packets: 0
     rx7_gro_bytes: 0
     rx7_gro_skbs: 0
     rx7_gro_large_hds: 0
 312:          0          0          0          0          0          0          0    2594141  316873090   19128440          0          0          0          0          0      22171          0          0          0          0          0          0          0          0          0          0          0          0          0          0          0          0          0          0          0          0          0          0          0          0     222299          0          0          0          0          0          0          0          0          0          0          0          0          0          0          0          0          0          0          0          0          0          0          0 IR-PCI-MSIX-0000:c3:00.0    8-edge      mlx5_comp7@pci:0000:c3:00.0
@ 245470.65
     rx_buff_alloc_err: 0
     rx_congst_umr: 0
     rx_out_of_buffer: 3954025484
     rx_packets_phy: 76101479601
     ch7_events: 341777525
     ch7_poll: 803926505
     ch7_arm: 333717328
     ch7_aff_change: 42801530
     ch7_force_irq: 0
     ch7_eq_rearm: 0
     rx7_packets: 12428328737
     rx7_bytes: 1855149274408
     rx7_csum_unnecessary: 6484
     rx7_csum_none: 0
     rx7_xdp_drop: 0
     rx7_xdp_redirect: 0
     rx7_gro_packets: 0
     rx7_gro_bytes: 0
     rx7_gro_skbs: 0
     rx7_gro_large_hds: 0
 312:          0          0          0          0          0          0          0    2594141  316873090   19128440          0          0          0          0          0      22171          0          0          0          0          0          0          0          0          0          0          0          0          0          0          0          0          0          0          0          0          0          0          0          0     222299          0          0          0          0          0          0          0          0          0          0          0          0          0          0          0          0          0          0          0          0          0          0          0 IR-PCI-MSIX-0000:c3:00.0    8-edge      mlx5_comp7@pci:0000:c3:00.0
@ 245471.66
     rx_buff_alloc_err: 0
     rx_congst_umr: 0
     rx_out_of_buffer: 3954185178
     rx_packets_phy: 76101639321
     ch7_events: 341777525
     ch7_poll: 803926505
     ch7_arm: 333717328
     ch7_aff_change: 42801530
     ch7_force_irq: 0
     ch7_eq_rearm: 0
     rx7_packets: 12428328737
     rx7_bytes: 1855149274408
     rx7_csum_unnecessary: 6484
     rx7_csum_none: 0
     rx7_xdp_drop: 0
     rx7_xdp_redirect: 0
     rx7_gro_packets: 0
     rx7_gro_bytes: 0
     rx7_gro_skbs: 0
     rx7_gro_large_hds: 0
 312:          0          0          0          0          0          0          0    2594141  316873090   19128440          0          0          0          0          0      22171          0          0          0          0          0          0          0          0          0          0          0          0          0          0          0          0          0          0          0          0          0          0          0          0     222299          0          0          0          0          0          0          0          0          0          0          0          0          0          0          0          0          0          0          0          0          0          0          0 IR-PCI-MSIX-0000:c3:00.0    8-edge      mlx5_comp7@pci:0000:c3:00.0
@ 245472.67
     rx_buff_alloc_err: 0
     rx_congst_umr: 0
     rx_out_of_buffer: 3954344906
     rx_packets_phy: 76101799047
     ch7_events: 341777525
     ch7_poll: 803926505
     ch7_arm: 333717328
     ch7_aff_change: 42801530
     ch7_force_irq: 0
     ch7_eq_rearm: 0
     rx7_packets: 12428328737
     rx7_bytes: 1855149274408
     rx7_csum_unnecessary: 6484
     rx7_csum_none: 0
     rx7_xdp_drop: 0
     rx7_xdp_redirect: 0
     rx7_gro_packets: 0
     rx7_gro_bytes: 0
     rx7_gro_skbs: 0
     rx7_gro_large_hds: 0
 312:          0          0          0          0          0          0          0    2594141  316873090   19128440          0          0          0          0          0      22171          0          0          0          0          0          0          0          0          0          0          0          0          0          0          0          0          0          0          0          0          0          0          0          0     222299          0          0          0          0          0          0          0          0          0          0          0          0          0          0          0          0          0          0          0          0          0          0          0 IR-PCI-MSIX-0000:c3:00.0    8-edge      mlx5_comp7@pci:0000:c3:00.0
@ 245473.68
     rx_buff_alloc_err: 0
     rx_congst_umr: 0
     rx_out_of_buffer: 3954504605
     rx_packets_phy: 76101958733
     ch7_events: 341777525
     ch7_poll: 803926505
     ch7_arm: 333717328
     ch7_aff_change: 42801530
     ch7_force_irq: 0
     ch7_eq_rearm: 0
     rx7_packets: 12428328737
     rx7_bytes: 1855149274408
     rx7_csum_unnecessary: 6484
     rx7_csum_none: 0
     rx7_xdp_drop: 0
     rx7_xdp_redirect: 0
     rx7_gro_packets: 0
     rx7_gro_bytes: 0
     rx7_gro_skbs: 0
     rx7_gro_large_hds: 0
 312:          0          0          0          0          0          0          0    2594141  316873090   19128440          0          0          0          0          0      22171          0          0          0          0          0          0          0          0          0          0          0          0          0          0          0          0          0          0          0          0          0          0          0          0     222299          0          0          0          0          0          0          0          0          0          0          0          0          0          0          0          0          0          0          0          0          0          0          0 IR-PCI-MSIX-0000:c3:00.0    8-edge      mlx5_comp7@pci:0000:c3:00.0
@ 245474.69
     rx_buff_alloc_err: 0
     rx_congst_umr: 0
     rx_out_of_buffer: 3954664302
     rx_packets_phy: 76102118489
     ch7_events: 341777525
     ch7_poll: 803926505
     ch7_arm: 333717328
     ch7_aff_change: 42801530
     ch7_force_irq: 0
     ch7_eq_rearm: 0
     rx7_packets: 12428328737
     rx7_bytes: 1855149274408
     rx7_csum_unnecessary: 6484
     rx7_csum_none: 0
     rx7_xdp_drop: 0
     rx7_xdp_redirect: 0
     rx7_gro_packets: 0
     rx7_gro_bytes: 0
     rx7_gro_skbs: 0
     rx7_gro_large_hds: 0
 312:          0          0          0          0          0          0          0    2594141  316873090   19128440          0          0          0          0          0      22171          0          0          0          0          0          0          0          0          0          0          0          0          0          0          0          0          0          0          0          0          0          0          0          0     222299          0          0          0          0          0          0          0          0          0          0          0          0          0          0          0          0          0          0          0          0          0          0          0 IR-PCI-MSIX-0000:c3:00.0    8-edge      mlx5_comp7@pci:0000:c3:00.0
@ 245475.70
     rx_buff_alloc_err: 0
     rx_congst_umr: 0
     rx_out_of_buffer: 3954824030
     rx_packets_phy: 76102278196
     ch7_events: 341777525
     ch7_poll: 803926505
     ch7_arm: 333717328
     ch7_aff_change: 42801530
     ch7_force_irq: 0
     ch7_eq_rearm: 0
     rx7_packets: 12428328737
     rx7_bytes: 1855149274408
     rx7_csum_unnecessary: 6484
     rx7_csum_none: 0
     rx7_xdp_drop: 0
     rx7_xdp_redirect: 0
     rx7_gro_packets: 0
     rx7_gro_bytes: 0
     rx7_gro_skbs: 0
     rx7_gro_large_hds: 0
 312:          0          0          0          0          0          0          0    2594141  316873090   19128440          0          0          0          0          0      22171          0          0          0          0          0          0          0          0          0          0          0          0          0          0          0          0          0          0          0          0          0          0          0          0     222299          0          0          0          0          0          0          0          0          0          0          0          0          0          0          0          0          0          0          0          0          0          0          0 IR-PCI-MSIX-0000:c3:00.0    8-edge      mlx5_comp7@pci:0000:c3:00.0
@ 245476.71
     rx_buff_alloc_err: 0
     rx_congst_umr: 0
     rx_out_of_buffer: 3954983650
     rx_packets_phy: 76102437855
     ch7_events: 341777525
     ch7_poll: 803926505
     ch7_arm: 333717328
     ch7_aff_change: 42801530
     ch7_force_irq: 0
     ch7_eq_rearm: 0
     rx7_packets: 12428328737
     rx7_bytes: 1855149274408
     rx7_csum_unnecessary: 6484
     rx7_csum_none: 0
     rx7_xdp_drop: 0
     rx7_xdp_redirect: 0
     rx7_gro_packets: 0
     rx7_gro_bytes: 0
     rx7_gro_skbs: 0
     rx7_gro_large_hds: 0
 312:          0          0          0          0          0          0          0    2594141  316873090   19128440          0          0          0          0          0      22171          0          0          0          0          0          0          0          0          0          0          0          0          0          0          0          0          0          0          0          0          0          0          0          0     222299          0          0          0          0          0          0          0          0          0          0          0          0          0          0          0          0          0          0          0          0          0          0          0 IR-PCI-MSIX-0000:c3:00.0    8-edge      mlx5_comp7@pci:0000:c3:00.0
@ 245477.72
     rx_buff_alloc_err: 0
     rx_congst_umr: 0
     rx_out_of_buffer: 3955143389
     rx_packets_phy: 76102597552
     ch7_events: 341777525
     ch7_poll: 803926505
     ch7_arm: 333717328
     ch7_aff_change: 42801530
     ch7_force_irq: 0
     ch7_eq_rearm: 0
     rx7_packets: 12428328737
     rx7_bytes: 1855149274408
     rx7_csum_unnecessary: 6484
     rx7_csum_none: 0
     rx7_xdp_drop: 0
     rx7_xdp_redirect: 0
     rx7_gro_packets: 0
     rx7_gro_bytes: 0
     rx7_gro_skbs: 0
     rx7_gro_large_hds: 0
 312:          0          0          0          0          0          0          0    2594141  316873090   19128440          0          0          0          0          0      22171          0          0          0          0          0          0          0          0          0          0          0          0          0          0          0          0          0          0          0          0          0          0          0          0     222299          0          0          0          0          0          0          0          0          0          0          0          0          0          0          0          0          0          0          0          0          0          0          0 IR-PCI-MSIX-0000:c3:00.0    8-edge      mlx5_comp7@pci:0000:c3:00.0
@ 245478.73
     rx_buff_alloc_err: 0
     rx_congst_umr: 0
     rx_out_of_buffer: 3955303097
     rx_packets_phy: 76102757301
     ch7_events: 341777525
     ch7_poll: 803926505
     ch7_arm: 333717328
     ch7_aff_change: 42801530
     ch7_force_irq: 0
     ch7_eq_rearm: 0
     rx7_packets: 12428328737
     rx7_bytes: 1855149274408
     rx7_csum_unnecessary: 6484
     rx7_csum_none: 0
     rx7_xdp_drop: 0
     rx7_xdp_redirect: 0
     rx7_gro_packets: 0
     rx7_gro_bytes: 0
     rx7_gro_skbs: 0
     rx7_gro_large_hds: 0
 312:          0          0          0          0          0          0          0    2594141  316873090   19128440          0          0          0          0          0      22171          0          0          0          0          0          0          0          0          0          0          0          0          0          0          0          0          0          0          0          0          0          0          0          0     222299          0          0          0          0          0          0          0          0          0          0          0          0          0          0          0          0          0          0          0          0          0          0          0 IR-PCI-MSIX-0000:c3:00.0    8-edge      mlx5_comp7@pci:0000:c3:00.0
@ 245479.74
     rx_buff_alloc_err: 0
     rx_congst_umr: 0
     rx_out_of_buffer: 3955462816
     rx_packets_phy: 76102916996
     ch7_events: 341777525
     ch7_poll: 803926505
     ch7_arm: 333717328
     ch7_aff_change: 42801530
     ch7_force_irq: 0
     ch7_eq_rearm: 0
     rx7_packets: 12428328737
     rx7_bytes: 1855149274408
     rx7_csum_unnecessary: 6484
     rx7_csum_none: 0
     rx7_xdp_drop: 0
     rx7_xdp_redirect: 0
     rx7_gro_packets: 0
     rx7_gro_bytes: 0
     rx7_gro_skbs: 0
     rx7_gro_large_hds: 0
 312:          0          0          0          0          0          0          0    2594141  316873090   19128440          0          0          0          0          0      22171          0          0          0          0          0          0          0          0          0          0          0          0          0          0          0          0          0          0          0          0          0          0          0          0     222299          0          0          0          0          0          0          0          0          0          0          0          0          0          0          0          0          0          0          0          0          0          0          0 IR-PCI-MSIX-0000:c3:00.0    8-edge      mlx5_comp7@pci:0000:c3:00.0
@ 245480.76
     rx_buff_alloc_err: 0
     rx_congst_umr: 0
     rx_out_of_buffer: 3955622525
     rx_packets_phy: 76103076745
     ch7_events: 341777525
     ch7_poll: 803926505
     ch7_arm: 333717328
     ch7_aff_change: 42801530
     ch7_force_irq: 0
     ch7_eq_rearm: 0
     rx7_packets: 12428328737
     rx7_bytes: 1855149274408
     rx7_csum_unnecessary: 6484
     rx7_csum_none: 0
     rx7_xdp_drop: 0
     rx7_xdp_redirect: 0
     rx7_gro_packets: 0
     rx7_gro_bytes: 0
     rx7_gro_skbs: 0
     rx7_gro_large_hds: 0
 312:          0          0          0          0          0          0          0    2594141  316873090   19128440          0          0          0          0          0      22171          0          0          0          0          0          0          0          0          0          0          0          0          0          0          0          0          0          0          0          0          0          0          0          0     222299          0          0          0          0          0          0          0          0          0          0          0          0          0          0          0          0          0          0          0          0          0          0          0 IR-PCI-MSIX-0000:c3:00.0    8-edge      mlx5_comp7@pci:0000:c3:00.0
@ 245481.77
     rx_buff_alloc_err: 0
     rx_congst_umr: 0
     rx_out_of_buffer: 3955782240
     rx_packets_phy: 76103236435
     ch7_events: 341777525
     ch7_poll: 803926505
     ch7_arm: 333717328
     ch7_aff_change: 42801530
     ch7_force_irq: 0
     ch7_eq_rearm: 0
     rx7_packets: 12428328737
     rx7_bytes: 1855149274408
     rx7_csum_unnecessary: 6484
     rx7_csum_none: 0
     rx7_xdp_drop: 0
     rx7_xdp_redirect: 0
     rx7_gro_packets: 0
     rx7_gro_bytes: 0
     rx7_gro_skbs: 0
     rx7_gro_large_hds: 0
 312:          0          0          0          0          0          0          0    2594141  316873090   19128440          0          0          0          0          0      22171          0          0          0          0          0          0          0          0          0          0          0          0          0          0          0          0          0          0          0          0          0          0          0          0     222299          0          0          0          0          0          0          0          0          0          0          0          0          0          0          0          0          0          0          0          0          0          0          0 IR-PCI-MSIX-0000:c3:00.0    8-edge      mlx5_comp7@pci:0000:c3:00.0
@ 245482.78
     rx_buff_alloc_err: 0
     rx_congst_umr: 0
     rx_out_of_buffer: 3955941920
     rx_packets_phy: 76103396173
     ch7_events: 341777525
     ch7_poll: 803926505
     ch7_arm: 333717328
     ch7_aff_change: 42801530
     ch7_force_irq: 0
     ch7_eq_rearm: 0
     rx7_packets: 12428328737
     rx7_bytes: 1855149274408
     rx7_csum_unnecessary: 6484
     rx7_csum_none: 0
     rx7_xdp_drop: 0
     rx7_xdp_redirect: 0
     rx7_gro_packets: 0
     rx7_gro_bytes: 0
     rx7_gro_skbs: 0
     rx7_gro_large_hds: 0
 312:          0          0          0          0          0          0          0    2594141  316873090   19128440          0          0          0          0          0      22171          0          0          0          0          0          0          0          0          0          0          0          0          0          0          0          0          0          0          0          0          0          0          0          0     222299          0          0          0          0          0          0          0          0          0          0          0          0          0          0          0          0          0          0          0          0          0          0          0 IR-PCI-MSIX-0000:c3:00.0    8-edge      mlx5_comp7@pci:0000:c3:00.0
@ 245483.79
     rx_buff_alloc_err: 0
     rx_congst_umr: 0
     rx_out_of_buffer: 3956101664
     rx_packets_phy: 76103555874
     ch7_events: 341777525
     ch7_poll: 803926505
     ch7_arm: 333717328
     ch7_aff_change: 42801530
     ch7_force_irq: 0
     ch7_eq_rearm: 0
     rx7_packets: 12428328737
     rx7_bytes: 1855149274408
     rx7_csum_unnecessary: 6484
     rx7_csum_none: 0
     rx7_xdp_drop: 0
     rx7_xdp_redirect: 0
     rx7_gro_packets: 0
     rx7_gro_bytes: 0
     rx7_gro_skbs: 0
     rx7_gro_large_hds: 0
 312:          0          0          0          0          0          0          0    2594141  316873090   19128440          0          0          0          0          0      22171          0          0          0          0          0          0          0          0          0          0          0          0          0          0          0          0          0          0          0          0          0          0          0          0     222299          0          0          0          0          0          0          0          0          0          0          0          0          0          0          0          0          0          0          0          0          0          0          0 IR-PCI-MSIX-0000:c3:00.0    8-edge      mlx5_comp7@pci:0000:c3:00.0
@ 245484.80
     rx_buff_alloc_err: 0
     rx_congst_umr: 0
     rx_out_of_buffer: 3956261362
     rx_packets_phy: 76103715629
     ch7_events: 341777525
     ch7_poll: 803926505
     ch7_arm: 333717328
     ch7_aff_change: 42801530
     ch7_force_irq: 0
     ch7_eq_rearm: 0
     rx7_packets: 12428328737
     rx7_bytes: 1855149274408
     rx7_csum_unnecessary: 6484
     rx7_csum_none: 0
     rx7_xdp_drop: 0
     rx7_xdp_redirect: 0
     rx7_gro_packets: 0
     rx7_gro_bytes: 0
     rx7_gro_skbs: 0
     rx7_gro_large_hds: 0
 312:          0          0          0          0          0          0          0    2594141  316873090   19128440          0          0          0          0          0      22171          0          0          0          0          0          0          0          0          0          0          0          0          0          0          0          0          0          0          0          0          0          0          0          0     222299          0          0          0          0          0          0          0          0          0          0          0          0          0          0          0          0          0          0          0          0          0          0          0 IR-PCI-MSIX-0000:c3:00.0    8-edge      mlx5_comp7@pci:0000:c3:00.0
@ 245485.81
     rx_buff_alloc_err: 0
     rx_congst_umr: 0
     rx_out_of_buffer: 3956421089
     rx_packets_phy: 76103875322
     ch7_events: 341777525
     ch7_poll: 803926505
     ch7_arm: 333717328
     ch7_aff_change: 42801530
     ch7_force_irq: 0
     ch7_eq_rearm: 0
     rx7_packets: 12428328737
     rx7_bytes: 1855149274408
     rx7_csum_unnecessary: 6484
     rx7_csum_none: 0
     rx7_xdp_drop: 0
     rx7_xdp_redirect: 0
     rx7_gro_packets: 0
     rx7_gro_bytes: 0
     rx7_gro_skbs: 0
     rx7_gro_large_hds: 0
 312:          0          0          0          0          0          0          0    2594141  316873090   19128440          0          0          0          0          0      22171          0          0          0          0          0          0          0          0          0          0          0          0          0          0          0          0          0          0          0          0          0          0          0          0     222299          0          0          0          0          0          0          0          0          0          0          0          0          0          0          0          0          0          0          0          0          0          0          0 IR-PCI-MSIX-0000:c3:00.0    8-edge      mlx5_comp7@pci:0000:c3:00.0
@ 245486.82
     rx_buff_alloc_err: 0
     rx_congst_umr: 0
     rx_out_of_buffer: 3956580735
     rx_packets_phy: 76104035010
     ch7_events: 341777525
     ch7_poll: 803926505
     ch7_arm: 333717328
     ch7_aff_change: 42801530
     ch7_force_irq: 0
     ch7_eq_rearm: 0
     rx7_packets: 12428328737
     rx7_bytes: 1855149274408
     rx7_csum_unnecessary: 6484
     rx7_csum_none: 0
     rx7_xdp_drop: 0
     rx7_xdp_redirect: 0
     rx7_gro_packets: 0
     rx7_gro_bytes: 0
     rx7_gro_skbs: 0
     rx7_gro_large_hds: 0
 312:          0          0          0          0          0          0          0    2594141  316873090   19128440          0          0          0          0          0      22171          0          0          0          0          0          0          0          0          0          0          0          0          0          0          0          0          0          0          0          0          0          0          0          0     222299          0          0          0          0          0          0          0          0          0          0          0          0          0          0          0          0          0          0          0          0          0          0          0 IR-PCI-MSIX-0000:c3:00.0    8-edge      mlx5_comp7@pci:0000:c3:00.0
@ 245487.83
     rx_buff_alloc_err: 0
     rx_congst_umr: 0
     rx_out_of_buffer: 3956740451
     rx_packets_phy: 76104194698
     ch7_events: 341777525
     ch7_poll: 803926505
     ch7_arm: 333717328
     ch7_aff_change: 42801530
     ch7_force_irq: 0
     ch7_eq_rearm: 0
     rx7_packets: 12428328737
     rx7_bytes: 1855149274408
     rx7_csum_unnecessary: 6484
     rx7_csum_none: 0
     rx7_xdp_drop: 0
     rx7_xdp_redirect: 0
     rx7_gro_packets: 0
     rx7_gro_bytes: 0
     rx7_gro_skbs: 0
     rx7_gro_large_hds: 0
 312:          0          0          0          0          0          0          0    2594141  316873090   19128440          0          0          0          0          0      22171          0          0          0          0          0          0          0          0          0          0          0          0          0          0          0          0          0          0          0          0          0          0          0          0     222299          0          0          0          0          0          0          0          0          0          0          0          0          0          0          0          0          0          0          0          0          0          0          0 IR-PCI-MSIX-0000:c3:00.0    8-edge      mlx5_comp7@pci:0000:c3:00.0
@ 245488.84
     rx_buff_alloc_err: 0
     rx_congst_umr: 0
     rx_out_of_buffer: 3956900159
     rx_packets_phy: 76104354450
     ch7_events: 341777525
     ch7_poll: 803926505
     ch7_arm: 333717328
     ch7_aff_change: 42801530
     ch7_force_irq: 0
     ch7_eq_rearm: 0
     rx7_packets: 12428328737
     rx7_bytes: 1855149274408
     rx7_csum_unnecessary: 6484
     rx7_csum_none: 0
     rx7_xdp_drop: 0
     rx7_xdp_redirect: 0
     rx7_gro_packets: 0
     rx7_gro_bytes: 0
     rx7_gro_skbs: 0
     rx7_gro_large_hds: 0
 312:          0          0          0          0          0          0          0    2594141  316873090   19128440          0          0          0          0          0      22171          0          0          0          0          0          0          0          0          0          0          0          0          0          0          0          0          0          0          0          0          0          0          0          0     222299          0          0          0          0          0          0          0          0          0          0          0          0          0          0          0          0          0          0          0          0          0          0          0 IR-PCI-MSIX-0000:c3:00.0    8-edge      mlx5_comp7@pci:0000:c3:00.0
@ 245489.85
     rx_buff_alloc_err: 0
     rx_congst_umr: 0
     rx_out_of_buffer: 3957059875
     rx_packets_phy: 76104514146
     ch7_events: 341777525
     ch7_poll: 803926505
     ch7_arm: 333717328
     ch7_aff_change: 42801530
     ch7_force_irq: 0
     ch7_eq_rearm: 0
     rx7_packets: 12428328737
     rx7_bytes: 1855149274408
     rx7_csum_unnecessary: 6484
     rx7_csum_none: 0
     rx7_xdp_drop: 0
     rx7_xdp_redirect: 0
     rx7_gro_packets: 0
     rx7_gro_bytes: 0
     rx7_gro_skbs: 0
     rx7_gro_large_hds: 0
 312:          0          0          0          0          0          0          0    2594141  316873090   19128440          0          0          0          0          0      22171          0          0          0          0          0          0          0          0          0          0          0          0          0          0          0          0          0          0          0          0          0          0          0          0     222299          0          0          0          0          0          0          0          0          0          0          0          0          0          0          0          0          0          0          0          0          0          0          0 IR-PCI-MSIX-0000:c3:00.0    8-edge      mlx5_comp7@pci:0000:c3:00.0
@ 245490.86
     rx_buff_alloc_err: 0
     rx_congst_umr: 0
     rx_out_of_buffer: 3957219563
     rx_packets_phy: 76104673881
     ch7_events: 341777525
     ch7_poll: 803926505
     ch7_arm: 333717328
     ch7_aff_change: 42801530
     ch7_force_irq: 0
     ch7_eq_rearm: 0
     rx7_packets: 12428328737
     rx7_bytes: 1855149274408
     rx7_csum_unnecessary: 6484
     rx7_csum_none: 0
     rx7_xdp_drop: 0
     rx7_xdp_redirect: 0
     rx7_gro_packets: 0
     rx7_gro_bytes: 0
     rx7_gro_skbs: 0
     rx7_gro_large_hds: 0
 312:          0          0          0          0          0          0          0    2594141  316873090   19128440          0          0          0          0          0      22171          0          0          0          0          0          0          0          0          0          0          0          0          0          0          0          0          0          0          0          0          0          0          0          0     222299          0          0          0          0          0          0          0          0          0          0          0          0          0          0          0          0          0          0          0          0          0          0          0 IR-PCI-MSIX-0000:c3:00.0    8-edge      mlx5_comp7@pci:0000:c3:00.0
@ 245491.88
     rx_buff_alloc_err: 0
     rx_congst_umr: 0
     rx_out_of_buffer: 3957379299
     rx_packets_phy: 76104833584
     ch7_events: 341777525
     ch7_poll: 803926505
     ch7_arm: 333717328
     ch7_aff_change: 42801530
     ch7_force_irq: 0
     ch7_eq_rearm: 0
     rx7_packets: 12428328737
     rx7_bytes: 1855149274408
     rx7_csum_unnecessary: 6484
     rx7_csum_none: 0
     rx7_xdp_drop: 0
     rx7_xdp_redirect: 0
     rx7_gro_packets: 0
     rx7_gro_bytes: 0
     rx7_gro_skbs: 0
     rx7_gro_large_hds: 0
 312:          0          0          0          0          0          0          0    2594141  316873090   19128440          0          0          0          0          0      22171          0          0          0          0          0          0          0          0          0          0          0          0          0          0          0          0          0          0          0          0          0          0          0          0     222299          0          0          0          0          0          0          0          0          0          0          0          0          0          0          0          0          0          0          0          0          0          0          0 IR-PCI-MSIX-0000:c3:00.0    8-edge      mlx5_comp7@pci:0000:c3:00.0
@ 245492.89
     rx_buff_alloc_err: 0
     rx_congst_umr: 0
     rx_out_of_buffer: 3957538983
     rx_packets_phy: 76104993319
     ch7_events: 341777525
     ch7_poll: 803926505
     ch7_arm: 333717328
     ch7_aff_change: 42801530
     ch7_force_irq: 0
     ch7_eq_rearm: 0
     rx7_packets: 12428328737
     rx7_bytes: 1855149274408
     rx7_csum_unnecessary: 6484
     rx7_csum_none: 0
     rx7_xdp_drop: 0
     rx7_xdp_redirect: 0
     rx7_gro_packets: 0
     rx7_gro_bytes: 0
     rx7_gro_skbs: 0
     rx7_gro_large_hds: 0
 312:          0          0          0          0          0          0          0    2594141  316873090   19128440          0          0          0          0          0      22171          0          0          0          0          0          0          0          0          0          0          0          0          0          0          0          0          0          0          0          0          0          0          0          0     222299          0          0          0          0          0          0          0          0          0          0          0          0          0          0          0          0          0          0          0          0          0          0          0 IR-PCI-MSIX-0000:c3:00.0    8-edge      mlx5_comp7@pci:0000:c3:00.0
@ 245493.90
     rx_buff_alloc_err: 0
     rx_congst_umr: 0
     rx_out_of_buffer: 3957698705
     rx_packets_phy: 76105153017
     ch7_events: 341777525
     ch7_poll: 803926505
     ch7_arm: 333717328
     ch7_aff_change: 42801530
     ch7_force_irq: 0
     ch7_eq_rearm: 0
     rx7_packets: 12428328737
     rx7_bytes: 1855149274408
     rx7_csum_unnecessary: 6484
     rx7_csum_none: 0
     rx7_xdp_drop: 0
     rx7_xdp_redirect: 0
     rx7_gro_packets: 0
     rx7_gro_bytes: 0
     rx7_gro_skbs: 0
     rx7_gro_large_hds: 0
 312:          0          0          0          0          0          0          0    2594141  316873090   19128440          0          0          0          0          0      22171          0          0          0          0          0          0          0          0          0          0          0          0          0          0          0          0          0          0          0          0          0          0          0          0     222299          0          0          0          0          0          0          0          0          0          0          0          0          0          0          0          0          0          0          0          0          0          0          0 IR-PCI-MSIX-0000:c3:00.0    8-edge      mlx5_comp7@pci:0000:c3:00.0
@ 245494.91
     rx_buff_alloc_err: 0
     rx_congst_umr: 0
     rx_out_of_buffer: 3957858403
     rx_packets_phy: 76105312742
     ch7_events: 341777525
     ch7_poll: 803926505
     ch7_arm: 333717328
     ch7_aff_change: 42801530
     ch7_force_irq: 0
     ch7_eq_rearm: 0
     rx7_packets: 12428328737
     rx7_bytes: 1855149274408
     rx7_csum_unnecessary: 6484
     rx7_csum_none: 0
     rx7_xdp_drop: 0
     rx7_xdp_redirect: 0
     rx7_gro_packets: 0
     rx7_gro_bytes: 0
     rx7_gro_skbs: 0
     rx7_gro_large_hds: 0
 312:          0          0          0          0          0          0          0    2594141  316873090   19128440          0          0          0          0          0      22171          0          0          0          0          0          0          0          0          0          0          0          0          0          0          0          0          0          0          0          0          0          0          0          0     222299          0          0          0          0          0          0          0          0          0          0          0          0          0          0          0          0          0          0          0          0          0          0          0 IR-PCI-MSIX-0000:c3:00.0    8-edge      mlx5_comp7@pci:0000:c3:00.0
@ 245495.92
     rx_buff_alloc_err: 0
     rx_congst_umr: 0
     rx_out_of_buffer: 3958018083
     rx_packets_phy: 76105472431
     ch7_events: 341777525
     ch7_poll: 803926505
     ch7_arm: 333717328
     ch7_aff_change: 42801530
     ch7_force_irq: 0
     ch7_eq_rearm: 0
     rx7_packets: 12428328737
     rx7_bytes: 1855149274408
     rx7_csum_unnecessary: 6484
     rx7_csum_none: 0
     rx7_xdp_drop: 0
     rx7_xdp_redirect: 0
     rx7_gro_packets: 0
     rx7_gro_bytes: 0
     rx7_gro_skbs: 0
     rx7_gro_large_hds: 0
 312:          0          0          0          0          0          0          0    2594141  316873090   19128440          0          0          0          0          0      22171          0          0          0          0          0          0          0          0          0          0          0          0          0          0          0          0          0          0          0          0          0          0          0          0     222299          0          0          0          0          0          0          0          0          0          0          0          0          0          0          0          0          0          0          0          0          0          0          0 IR-PCI-MSIX-0000:c3:00.0    8-edge      mlx5_comp7@pci:0000:c3:00.0
@ 245496.93
     rx_buff_alloc_err: 0
     rx_congst_umr: 0
     rx_out_of_buffer: 3958177699
     rx_packets_phy: 76105632023
     ch7_events: 341777525
     ch7_poll: 803926505
     ch7_arm: 333717328
     ch7_aff_change: 42801530
     ch7_force_irq: 0
     ch7_eq_rearm: 0
     rx7_packets: 12428328737
     rx7_bytes: 1855149274408
     rx7_csum_unnecessary: 6484
     rx7_csum_none: 0
     rx7_xdp_drop: 0
     rx7_xdp_redirect: 0
     rx7_gro_packets: 0
     rx7_gro_bytes: 0
     rx7_gro_skbs: 0
     rx7_gro_large_hds: 0
 312:          0          0          0          0          0          0          0    2594141  316873090   19128440          0          0          0          0          0      22171          0          0          0          0          0          0          0          0          0          0          0          0          0          0          0          0          0          0          0          0          0          0          0          0     222299          0          0          0          0          0          0          0          0          0          0          0          0          0          0          0          0          0          0          0          0          0          0          0 IR-PCI-MSIX-0000:c3:00.0    8-edge      mlx5_comp7@pci:0000:c3:00.0
@ 245497.94
     rx_buff_alloc_err: 0
     rx_congst_umr: 0
     rx_out_of_buffer: 3958337443
     rx_packets_phy: 76105791770
     ch7_events: 341777525
     ch7_poll: 803926505
     ch7_arm: 333717328
     ch7_aff_change: 42801530
     ch7_force_irq: 0
     ch7_eq_rearm: 0
     rx7_packets: 12428328737
     rx7_bytes: 1855149274408
     rx7_csum_unnecessary: 6484
     rx7_csum_none: 0
     rx7_xdp_drop: 0
     rx7_xdp_redirect: 0
     rx7_gro_packets: 0
     rx7_gro_bytes: 0
     rx7_gro_skbs: 0
     rx7_gro_large_hds: 0
 312:          0          0          0          0          0          0          0    2594141  316873090   19128440          0          0          0          0          0      22171          0          0          0          0          0          0          0          0          0          0          0          0          0          0          0          0          0          0          0          0          0          0          0          0     222299          0          0          0          0          0          0          0          0          0          0          0          0          0          0          0          0          0          0          0          0          0          0          0 IR-PCI-MSIX-0000:c3:00.0    8-edge      mlx5_comp7@pci:0000:c3:00.0
@ 245498.95
     rx_buff_alloc_err: 0
     rx_congst_umr: 0
     rx_out_of_buffer: 3958497158
     rx_packets_phy: 76105951522
     ch7_events: 341777525
     ch7_poll: 803926505
     ch7_arm: 333717328
     ch7_aff_change: 42801530
     ch7_force_irq: 0
     ch7_eq_rearm: 0
     rx7_packets: 12428328737
     rx7_bytes: 1855149274408
     rx7_csum_unnecessary: 6484
     rx7_csum_none: 0
     rx7_xdp_drop: 0
     rx7_xdp_redirect: 0
     rx7_gro_packets: 0
     rx7_gro_bytes: 0
     rx7_gro_skbs: 0
     rx7_gro_large_hds: 0
 312:          0          0          0          0          0          0          0    2594141  316873090   19128440          0          0          0          0          0      22171          0          0          0          0          0          0          0          0          0          0          0          0          0          0          0          0          0          0          0          0          0          0          0          0     222299          0          0          0          0          0          0          0          0          0          0          0          0          0          0          0          0          0          0          0          0          0          0          0 IR-PCI-MSIX-0000:c3:00.0    8-edge      mlx5_comp7@pci:0000:c3:00.0
@ 245499.96
     rx_buff_alloc_err: 0
     rx_congst_umr: 0
     rx_out_of_buffer: 3958656924
     rx_packets_phy: 76106111278
     ch7_events: 341777525
     ch7_poll: 803926505
     ch7_arm: 333717328
     ch7_aff_change: 42801530
     ch7_force_irq: 0
     ch7_eq_rearm: 0
     rx7_packets: 12428328737
     rx7_bytes: 1855149274408
     rx7_csum_unnecessary: 6484
     rx7_csum_none: 0
     rx7_xdp_drop: 0
     rx7_xdp_redirect: 0
     rx7_gro_packets: 0
     rx7_gro_bytes: 0
     rx7_gro_skbs: 0
     rx7_gro_large_hds: 0
 312:          0          0          0          0          0          0          0    2594141  316873090   19128440          0          0          0          0          0      22171          0          0          0          0          0          0          0          0          0          0          0          0          0          0          0          0          0          0          0          0          0          0          0          0     222299          0          0          0          0          0          0          0          0          0          0          0          0          0          0          0          0          0          0          0          0          0          0          0 IR-PCI-MSIX-0000:c3:00.0    8-edge      mlx5_comp7@pci:0000:c3:00.0
@ 245500.97
     rx_buff_alloc_err: 0
     rx_congst_umr: 0
     rx_out_of_buffer: 3958816614
     rx_packets_phy: 76106271009
     ch7_events: 341777525
     ch7_poll: 803926505
     ch7_arm: 333717328
     ch7_aff_change: 42801530
     ch7_force_irq: 0
     ch7_eq_rearm: 0
     rx7_packets: 12428328737
     rx7_bytes: 1855149274408
     rx7_csum_unnecessary: 6484
     rx7_csum_none: 0
     rx7_xdp_drop: 0
     rx7_xdp_redirect: 0
     rx7_gro_packets: 0
     rx7_gro_bytes: 0
     rx7_gro_skbs: 0
     rx7_gro_large_hds: 0
 312:          0          0          0          0          0          0          0    2594141  316873090   19128440          0          0          0          0          0      22171          0          0          0          0          0          0          0          0          0          0          0          0          0          0          0          0          0          0          0          0          0          0          0          0     222299          0          0          0          0          0          0          0          0          0          0          0          0          0          0          0          0          0          0          0          0          0          0          0 IR-PCI-MSIX-0000:c3:00.0    8-edge      mlx5_comp7@pci:0000:c3:00.0
@ 245501.98
     rx_buff_alloc_err: 0
     rx_congst_umr: 0
     rx_out_of_buffer: 3958976340
     rx_packets_phy: 76106430727
     ch7_events: 341777525
     ch7_poll: 803926505
     ch7_arm: 333717328
     ch7_aff_change: 42801530
     ch7_force_irq: 0
     ch7_eq_rearm: 0
     rx7_packets: 12428328737
     rx7_bytes: 1855149274408
     rx7_csum_unnecessary: 6484
     rx7_csum_none: 0
     rx7_xdp_drop: 0
     rx7_xdp_redirect: 0
     rx7_gro_packets: 0
     rx7_gro_bytes: 0
     rx7_gro_skbs: 0
     rx7_gro_large_hds: 0
 312:          0          0          0          0          0          0          0    2594141  316873090   19128440          0          0          0          0          0      22171          0          0          0          0          0          0          0          0          0          0          0          0          0          0          0          0          0          0          0          0          0          0          0          0     222299          0          0          0          0          0          0          0          0          0          0          0          0          0          0          0          0          0          0          0          0          0          0          0 IR-PCI-MSIX-0000:c3:00.0    8-edge      mlx5_comp7@pci:0000:c3:00.0
@ 245502.99
     rx_buff_alloc_err: 0
     rx_congst_umr: 0
     rx_out_of_buffer: 3959136044
     rx_packets_phy: 76106590428
     ch7_events: 341777525
     ch7_poll: 803926505
     ch7_arm: 333717328
     ch7_aff_change: 42801530
     ch7_force_irq: 0
     ch7_eq_rearm: 0
     rx7_packets: 12428328737
     rx7_bytes: 1855149274408
     rx7_csum_unnecessary: 6484
     rx7_csum_none: 0
     rx7_xdp_drop: 0
     rx7_xdp_redirect: 0
     rx7_gro_packets: 0
     rx7_gro_bytes: 0
     rx7_gro_skbs: 0
     rx7_gro_large_hds: 0
 312:          0          0          0          0          0          0          0    2594141  316873090   19128440          0          0          0          0          0      22171          0          0          0          0          0          0          0          0          0          0          0          0          0          0          0          0          0          0          0          0          0          0          0          0     222299          0          0          0          0          0          0          0          0          0          0          0          0          0          0          0          0          0          0          0          0          0          0          0 IR-PCI-MSIX-0000:c3:00.0    8-edge      mlx5_comp7@pci:0000:c3:00.0
@ 245504.01
     rx_buff_alloc_err: 0
     rx_congst_umr: 0
     rx_out_of_buffer: 3959295782
     rx_packets_phy: 76106750167
     ch7_events: 341777525
     ch7_poll: 803926505
     ch7_arm: 333717328
     ch7_aff_change: 42801530
     ch7_force_irq: 0
     ch7_eq_rearm: 0
     rx7_packets: 12428328737
     rx7_bytes: 1855149274408
     rx7_csum_unnecessary: 6484
     rx7_csum_none: 0
     rx7_xdp_drop: 0
     rx7_xdp_redirect: 0
     rx7_gro_packets: 0
     rx7_gro_bytes: 0
     rx7_gro_skbs: 0
     rx7_gro_large_hds: 0
 312:          0          0          0          0          0          0          0    2594141  316873090   19128440          0          0          0          0          0      22171          0          0          0          0          0          0          0          0          0          0          0          0          0          0          0          0          0          0          0          0          0          0          0          0     222299          0          0          0          0          0          0          0          0          0          0          0          0          0          0          0          0          0          0          0          0          0          0          0 IR-PCI-MSIX-0000:c3:00.0    8-edge      mlx5_comp7@pci:0000:c3:00.0
@ 245505.02
     rx_buff_alloc_err: 0
     rx_congst_umr: 0
     rx_out_of_buffer: 3959455472
     rx_packets_phy: 76106909861
     ch7_events: 341777525
     ch7_poll: 803926505
     ch7_arm: 333717328
     ch7_aff_change: 42801530
     ch7_force_irq: 0
     ch7_eq_rearm: 0
     rx7_packets: 12428328737
     rx7_bytes: 1855149274408
     rx7_csum_unnecessary: 6484
     rx7_csum_none: 0
     rx7_xdp_drop: 0
     rx7_xdp_redirect: 0
     rx7_gro_packets: 0
     rx7_gro_bytes: 0
     rx7_gro_skbs: 0
     rx7_gro_large_hds: 0
 312:          0          0          0          0          0          0          0    2594141  316873090   19128440          0          0          0          0          0      22171          0          0          0          0          0          0          0          0          0          0          0          0          0          0          0          0          0          0          0          0          0          0          0          0     222299          0          0          0          0          0          0          0          0          0          0          0          0          0          0          0          0          0          0          0          0          0          0          0 IR-PCI-MSIX-0000:c3:00.0    8-edge      mlx5_comp7@pci:0000:c3:00.0
@ 245506.03
     rx_buff_alloc_err: 0
     rx_congst_umr: 0
     rx_out_of_buffer: 3959615168
     rx_packets_phy: 76107069606
     ch7_events: 341777525
     ch7_poll: 803926505
     ch7_arm: 333717328
     ch7_aff_change: 42801530
     ch7_force_irq: 0
     ch7_eq_rearm: 0
     rx7_packets: 12428328737
     rx7_bytes: 1855149274408
     rx7_csum_unnecessary: 6484
     rx7_csum_none: 0
     rx7_xdp_drop: 0
     rx7_xdp_redirect: 0
     rx7_gro_packets: 0
     rx7_gro_bytes: 0
     rx7_gro_skbs: 0
     rx7_gro_large_hds: 0
 312:          0          0          0          0          0          0          0    2594141  316873090   19128440          0          0          0          0          0      22171          0          0          0          0          0          0          0          0          0          0          0          0          0          0          0          0          0          0          0          0          0          0          0          0     222299          0          0          0          0          0          0          0          0          0          0          0          0          0          0          0          0          0          0          0          0          0          0          0 IR-PCI-MSIX-0000:c3:00.0    8-edge      mlx5_comp7@pci:0000:c3:00.0
@ 245507.04
     rx_buff_alloc_err: 0
     rx_congst_umr: 0
     rx_out_of_buffer: 3959774835
     rx_packets_phy: 76107229287
     ch7_events: 341777525
     ch7_poll: 803926505
     ch7_arm: 333717328
     ch7_aff_change: 42801530
     ch7_force_irq: 0
     ch7_eq_rearm: 0
     rx7_packets: 12428328737
     rx7_bytes: 1855149274408
     rx7_csum_unnecessary: 6484
     rx7_csum_none: 0
     rx7_xdp_drop: 0
     rx7_xdp_redirect: 0
     rx7_gro_packets: 0
     rx7_gro_bytes: 0
     rx7_gro_skbs: 0
     rx7_gro_large_hds: 0
 312:          0          0          0          0          0          0          0    2594141  316873090   19128440          0          0          0          0          0      22171          0          0          0          0          0          0          0          0          0          0          0          0          0          0          0          0          0          0          0          0          0          0          0          0     222299          0          0          0          0          0          0          0          0          0          0          0          0          0          0          0          0          0          0          0          0          0          0          0 IR-PCI-MSIX-0000:c3:00.0    8-edge      mlx5_comp7@pci:0000:c3:00.0
@ 245508.05
     rx_buff_alloc_err: 0
     rx_congst_umr: 0
     rx_out_of_buffer: 3959934579
     rx_packets_phy: 76107388990
     ch7_events: 341777525
     ch7_poll: 803926505
     ch7_arm: 333717328
     ch7_aff_change: 42801530
     ch7_force_irq: 0
     ch7_eq_rearm: 0
     rx7_packets: 12428328737
     rx7_bytes: 1855149274408
     rx7_csum_unnecessary: 6484
     rx7_csum_none: 0
     rx7_xdp_drop: 0
     rx7_xdp_redirect: 0
     rx7_gro_packets: 0
     rx7_gro_bytes: 0
     rx7_gro_skbs: 0
     rx7_gro_large_hds: 0
 312:          0          0          0          0          0          0          0    2594141  316873090   19128440          0          0          0          0          0      22171          0          0          0          0          0          0          0          0          0          0          0          0          0          0          0          0          0          0          0          0          0          0          0          0     222299          0          0          0          0          0          0          0          0          0          0          0          0          0          0          0          0          0          0          0          0          0          0          0 IR-PCI-MSIX-0000:c3:00.0    8-edge      mlx5_comp7@pci:0000:c3:00.0
@ 245509.06
     rx_buff_alloc_err: 0
     rx_congst_umr: 0
     rx_out_of_buffer: 3960094281
     rx_packets_phy: 76107548741
     ch7_events: 341777525
     ch7_poll: 803926505
     ch7_arm: 333717328
     ch7_aff_change: 42801530
     ch7_force_irq: 0
     ch7_eq_rearm: 0
     rx7_packets: 12428328737
     rx7_bytes: 1855149274408
     rx7_csum_unnecessary: 6484
     rx7_csum_none: 0
     rx7_xdp_drop: 0
     rx7_xdp_redirect: 0
     rx7_gro_packets: 0
     rx7_gro_bytes: 0
     rx7_gro_skbs: 0
     rx7_gro_large_hds: 0
 312:          0          0          0          0          0          0          0    2594141  316873090   19128440          0          0          0          0          0      22171          0          0          0          0          0          0          0          0          0          0          0          0          0          0          0          0          0          0          0          0          0          0          0          0     222299          0          0          0          0          0          0          0          0          0          0          0          0          0          0          0          0          0          0          0          0          0          0          0 IR-PCI-MSIX-0000:c3:00.0    8-edge      mlx5_comp7@pci:0000:c3:00.0
@ 245510.07
     rx_buff_alloc_err: 0
     rx_congst_umr: 0
     rx_out_of_buffer: 3960254004
     rx_packets_phy: 76107708461
     ch7_events: 341777525
     ch7_poll: 803926505
     ch7_arm: 333717328
     ch7_aff_change: 42801530
     ch7_force_irq: 0
     ch7_eq_rearm: 0
     rx7_packets: 12428328737
     rx7_bytes: 1855149274408
     rx7_csum_unnecessary: 6484
     rx7_csum_none: 0
     rx7_xdp_drop: 0
     rx7_xdp_redirect: 0
     rx7_gro_packets: 0
     rx7_gro_bytes: 0
     rx7_gro_skbs: 0
     rx7_gro_large_hds: 0
 312:          0          0          0          0          0          0          0    2594141  316873090   19128440          0          0          0          0          0      22171          0          0          0          0          0          0          0          0          0          0          0          0          0          0          0          0          0          0          0          0          0          0          0          0     222299          0          0          0          0          0          0          0          0          0          0          0          0          0          0          0          0          0          0          0          0          0          0          0 IR-PCI-MSIX-0000:c3:00.0    8-edge      mlx5_comp7@pci:0000:c3:00.0
@ 245511.08
     rx_buff_alloc_err: 0
     rx_congst_umr: 0
     rx_out_of_buffer: 3960413747
     rx_packets_phy: 76107868187
     ch7_events: 341777525
     ch7_poll: 803926505
     ch7_arm: 333717328
     ch7_aff_change: 42801530
     ch7_force_irq: 0
     ch7_eq_rearm: 0
     rx7_packets: 12428328737
     rx7_bytes: 1855149274408
     rx7_csum_unnecessary: 6484
     rx7_csum_none: 0
     rx7_xdp_drop: 0
     rx7_xdp_redirect: 0
     rx7_gro_packets: 0
     rx7_gro_bytes: 0
     rx7_gro_skbs: 0
     rx7_gro_large_hds: 0
 312:          0          0          0          0          0          0          0    2594141  316873090   19128440          0          0          0          0          0      22171          0          0          0          0          0          0          0          0          0          0          0          0          0          0          0          0          0          0          0          0          0          0          0          0     222299          0          0          0          0          0          0          0          0          0          0          0          0          0          0          0          0          0          0          0          0          0          0          0 IR-PCI-MSIX-0000:c3:00.0    8-edge      mlx5_comp7@pci:0000:c3:00.0
@ 245512.09
     rx_buff_alloc_err: 0
     rx_congst_umr: 0
     rx_out_of_buffer: 3960573437
     rx_packets_phy: 76108027934
     ch7_events: 341777525
     ch7_poll: 803926505
     ch7_arm: 333717328
     ch7_aff_change: 42801530
     ch7_force_irq: 0
     ch7_eq_rearm: 0
     rx7_packets: 12428328737
     rx7_bytes: 1855149274408
     rx7_csum_unnecessary: 6484
     rx7_csum_none: 0
     rx7_xdp_drop: 0
     rx7_xdp_redirect: 0
     rx7_gro_packets: 0
     rx7_gro_bytes: 0
     rx7_gro_skbs: 0
     rx7_gro_large_hds: 0
 312:          0          0          0          0          0          0          0    2594141  316873090   19128440          0          0          0          0          0      22171          0          0          0          0          0          0          0          0          0          0          0          0          0          0          0          0          0          0          0          0          0          0          0          0     222299          0          0          0          0          0          0          0          0          0          0          0          0          0          0          0          0          0          0          0          0          0          0          0 IR-PCI-MSIX-0000:c3:00.0    8-edge      mlx5_comp7@pci:0000:c3:00.0
@ 245513.10
     rx_buff_alloc_err: 0
     rx_congst_umr: 0
     rx_out_of_buffer: 3960733173
     rx_packets_phy: 76108187637
     ch7_events: 341777525
     ch7_poll: 803926505
     ch7_arm: 333717328
     ch7_aff_change: 42801530
     ch7_force_irq: 0
     ch7_eq_rearm: 0
     rx7_packets: 12428328737
     rx7_bytes: 1855149274408
     rx7_csum_unnecessary: 6484
     rx7_csum_none: 0
     rx7_xdp_drop: 0
     rx7_xdp_redirect: 0
     rx7_gro_packets: 0
     rx7_gro_bytes: 0
     rx7_gro_skbs: 0
     rx7_gro_large_hds: 0
 312:          0          0          0          0          0          0          0    2594141  316873090   19128440          0          0          0          0          0      22171          0          0          0          0          0          0          0          0          0          0          0          0          0          0          0          0          0          0          0          0          0          0          0          0     222299          0          0          0          0          0          0          0          0          0          0          0          0          0          0          0          0          0          0          0          0          0          0          0 IR-PCI-MSIX-0000:c3:00.0    8-edge      mlx5_comp7@pci:0000:c3:00.0
@ 245514.11
     rx_buff_alloc_err: 0
     rx_congst_umr: 0
     rx_out_of_buffer: 3960892891
     rx_packets_phy: 76108347383
     ch7_events: 341777525
     ch7_poll: 803926505
     ch7_arm: 333717328
     ch7_aff_change: 42801530
     ch7_force_irq: 0
     ch7_eq_rearm: 0
     rx7_packets: 12428328737
     rx7_bytes: 1855149274408
     rx7_csum_unnecessary: 6484
     rx7_csum_none: 0
     rx7_xdp_drop: 0
     rx7_xdp_redirect: 0
     rx7_gro_packets: 0
     rx7_gro_bytes: 0
     rx7_gro_skbs: 0
     rx7_gro_large_hds: 0
 312:          0          0          0          0          0          0          0    2594141  316873090   19128440          0          0          0          0          0      22171          0          0          0          0          0          0          0          0          0          0          0          0          0          0          0          0          0          0          0          0          0          0          0          0     222299          0          0          0          0          0          0          0          0          0          0          0          0          0          0          0          0          0          0          0          0          0          0          0 IR-PCI-MSIX-0000:c3:00.0    8-edge      mlx5_comp7@pci:0000:c3:00.0
@ 245515.12
     rx_buff_alloc_err: 0
     rx_congst_umr: 0
     rx_out_of_buffer: 3961052625
     rx_packets_phy: 76108507139
     ch7_events: 341777525
     ch7_poll: 803926505
     ch7_arm: 333717328
     ch7_aff_change: 42801530
     ch7_force_irq: 0
     ch7_eq_rearm: 0
     rx7_packets: 12428328737
     rx7_bytes: 1855149274408
     rx7_csum_unnecessary: 6484
     rx7_csum_none: 0
     rx7_xdp_drop: 0
     rx7_xdp_redirect: 0
     rx7_gro_packets: 0
     rx7_gro_bytes: 0
     rx7_gro_skbs: 0
     rx7_gro_large_hds: 0
 312:          0          0          0          0          0          0          0    2594141  316873090   19128440          0          0          0          0          0      22171          0          0          0          0          0          0          0          0          0          0          0          0          0          0          0          0          0          0          0          0          0          0          0          0     222299          0          0          0          0          0          0          0          0          0          0          0          0          0          0          0          0          0          0          0          0          0          0          0 IR-PCI-MSIX-0000:c3:00.0    8-edge      mlx5_comp7@pci:0000:c3:00.0
@ 245516.14
     rx_buff_alloc_err: 0
     rx_congst_umr: 0
     rx_out_of_buffer: 3961212367
     rx_packets_phy: 76108666887
     ch7_events: 341777525
     ch7_poll: 803926505
     ch7_arm: 333717328
     ch7_aff_change: 42801530
     ch7_force_irq: 0
     ch7_eq_rearm: 0
     rx7_packets: 12428328737
     rx7_bytes: 1855149274408
     rx7_csum_unnecessary: 6484
     rx7_csum_none: 0
     rx7_xdp_drop: 0
     rx7_xdp_redirect: 0
     rx7_gro_packets: 0
     rx7_gro_bytes: 0
     rx7_gro_skbs: 0
     rx7_gro_large_hds: 0
 312:          0          0          0          0          0          0          0    2594141  316873090   19128440          0          0          0          0          0      22171          0          0          0          0          0          0          0          0          0          0          0          0          0          0          0          0          0          0          0          0          0          0          0          0     222299          0          0          0          0          0          0          0          0          0          0          0          0          0          0          0          0          0          0          0          0          0          0          0 IR-PCI-MSIX-0000:c3:00.0    8-edge      mlx5_comp7@pci:0000:c3:00.0
@ 245517.15
     rx_buff_alloc_err: 0
     rx_congst_umr: 0
     rx_out_of_buffer: 3961372051
     rx_packets_phy: 76108826584
     ch7_events: 341777525
     ch7_poll: 803926505
     ch7_arm: 333717328
     ch7_aff_change: 42801530
     ch7_force_irq: 0
     ch7_eq_rearm: 0
     rx7_packets: 12428328737
     rx7_bytes: 1855149274408
     rx7_csum_unnecessary: 6484
     rx7_csum_none: 0
     rx7_xdp_drop: 0
     rx7_xdp_redirect: 0
     rx7_gro_packets: 0
     rx7_gro_bytes: 0
     rx7_gro_skbs: 0
     rx7_gro_large_hds: 0
 312:          0          0          0          0          0          0          0    2594141  316873090   19128440          0          0          0          0          0      22171          0          0          0          0          0          0          0          0          0          0          0          0          0          0          0          0          0          0          0          0          0          0          0          0     222299          0          0          0          0          0          0          0          0          0          0          0          0          0          0          0          0          0          0          0          0          0          0          0 IR-PCI-MSIX-0000:c3:00.0    8-edge      mlx5_comp7@pci:0000:c3:00.0
@ 245518.16
     rx_buff_alloc_err: 0
     rx_congst_umr: 0
     rx_out_of_buffer: 3961531823
     rx_packets_phy: 76108986334
     ch7_events: 341777525
     ch7_poll: 803926505
     ch7_arm: 333717328
     ch7_aff_change: 42801530
     ch7_force_irq: 0
     ch7_eq_rearm: 0
     rx7_packets: 12428328737
     rx7_bytes: 1855149274408
     rx7_csum_unnecessary: 6484
     rx7_csum_none: 0
     rx7_xdp_drop: 0
     rx7_xdp_redirect: 0
     rx7_gro_packets: 0
     rx7_gro_bytes: 0
     rx7_gro_skbs: 0
     rx7_gro_large_hds: 0
 312:          0          0          0          0          0          0          0    2594141  316873090   19128440          0          0          0          0          0      22171          0          0          0          0          0          0          0          0          0          0          0          0          0          0          0          0          0          0          0          0          0          0          0          0     222299          0          0          0          0          0          0          0          0          0          0          0          0          0          0          0          0          0          0          0          0          0          0          0 IR-PCI-MSIX-0000:c3:00.0    8-edge      mlx5_comp7@pci:0000:c3:00.0
@ 245519.17
     rx_buff_alloc_err: 0
     rx_congst_umr: 0
     rx_out_of_buffer: 3961691529
     rx_packets_phy: 76109146093
     ch7_events: 341777525
     ch7_poll: 803926505
     ch7_arm: 333717328
     ch7_aff_change: 42801530
     ch7_force_irq: 0
     ch7_eq_rearm: 0
     rx7_packets: 12428328737
     rx7_bytes: 1855149274408
     rx7_csum_unnecessary: 6484
     rx7_csum_none: 0
     rx7_xdp_drop: 0
     rx7_xdp_redirect: 0
     rx7_gro_packets: 0
     rx7_gro_bytes: 0
     rx7_gro_skbs: 0
     rx7_gro_large_hds: 0
 312:          0          0          0          0          0          0          0    2594141  316873090   19128440          0          0          0          0          0      22171          0          0          0          0          0          0          0          0          0          0          0          0          0          0          0          0          0          0          0          0          0          0          0          0     222299          0          0          0          0          0          0          0          0          0          0          0          0          0          0          0          0          0          0          0          0          0          0          0 IR-PCI-MSIX-0000:c3:00.0    8-edge      mlx5_comp7@pci:0000:c3:00.0
@ 245520.18
     rx_buff_alloc_err: 0
     rx_congst_umr: 0
     rx_out_of_buffer: 3961851257
     rx_packets_phy: 76109305827
     ch7_events: 341777525
     ch7_poll: 803926505
     ch7_arm: 333717328
     ch7_aff_change: 42801530
     ch7_force_irq: 0
     ch7_eq_rearm: 0
     rx7_packets: 12428328737
     rx7_bytes: 1855149274408
     rx7_csum_unnecessary: 6484
     rx7_csum_none: 0
     rx7_xdp_drop: 0
     rx7_xdp_redirect: 0
     rx7_gro_packets: 0
     rx7_gro_bytes: 0
     rx7_gro_skbs: 0
     rx7_gro_large_hds: 0
 312:          0          0          0          0          0          0          0    2594141  316873090   19128440          0          0          0          0          0      22171          0          0          0          0          0          0          0          0          0          0          0          0          0          0          0          0          0          0          0          0          0          0          0          0     222299          0          0          0          0          0          0          0          0          0          0          0          0          0          0          0          0          0          0          0          0          0          0          0 IR-PCI-MSIX-0000:c3:00.0    8-edge      mlx5_comp7@pci:0000:c3:00.0
@ 245521.19
     rx_buff_alloc_err: 0
     rx_congst_umr: 0
     rx_out_of_buffer: 3962010979
     rx_packets_phy: 76109465531
     ch7_events: 341777525
     ch7_poll: 803926505
     ch7_arm: 333717328
     ch7_aff_change: 42801530
     ch7_force_irq: 0
     ch7_eq_rearm: 0
     rx7_packets: 12428328737
     rx7_bytes: 1855149274408
     rx7_csum_unnecessary: 6484
     rx7_csum_none: 0
     rx7_xdp_drop: 0
     rx7_xdp_redirect: 0
     rx7_gro_packets: 0
     rx7_gro_bytes: 0
     rx7_gro_skbs: 0
     rx7_gro_large_hds: 0
 312:          0          0          0          0          0          0          0    2594141  316873090   19128440          0          0          0          0          0      22171          0          0          0          0          0          0          0          0          0          0          0          0          0          0          0          0          0          0          0          0          0          0          0          0     222299          0          0          0          0          0          0          0          0          0          0          0          0          0          0          0          0          0          0          0          0          0          0          0 IR-PCI-MSIX-0000:c3:00.0    8-edge      mlx5_comp7@pci:0000:c3:00.0
@ 245522.20
     rx_buff_alloc_err: 0
     rx_congst_umr: 0
     rx_out_of_buffer: 3962170679
     rx_packets_phy: 76109625261
     ch7_events: 341777525
     ch7_poll: 803926505
     ch7_arm: 333717328
     ch7_aff_change: 42801530
     ch7_force_irq: 0
     ch7_eq_rearm: 0
     rx7_packets: 12428328737
     rx7_bytes: 1855149274408
     rx7_csum_unnecessary: 6484
     rx7_csum_none: 0
     rx7_xdp_drop: 0
     rx7_xdp_redirect: 0
     rx7_gro_packets: 0
     rx7_gro_bytes: 0
     rx7_gro_skbs: 0
     rx7_gro_large_hds: 0
 312:          0          0          0          0          0          0          0    2594141  316873090   19128440          0          0          0          0          0      22171          0          0          0          0          0          0          0          0          0          0          0          0          0          0          0          0          0          0          0          0          0          0          0          0     222299          0          0          0          0          0          0          0          0          0          0          0          0          0          0          0          0          0          0          0          0          0          0          0 IR-PCI-MSIX-0000:c3:00.0    8-edge      mlx5_comp7@pci:0000:c3:00.0
@ 245523.21
     rx_buff_alloc_err: 0
     rx_congst_umr: 0
     rx_out_of_buffer: 3962330423
     rx_packets_phy: 76109784993
     ch7_events: 341777525
     ch7_poll: 803926505
     ch7_arm: 333717328
     ch7_aff_change: 42801530
     ch7_force_irq: 0
     ch7_eq_rearm: 0
     rx7_packets: 12428328737
     rx7_bytes: 1855149274408
     rx7_csum_unnecessary: 6484
     rx7_csum_none: 0
     rx7_xdp_drop: 0
     rx7_xdp_redirect: 0
     rx7_gro_packets: 0
     rx7_gro_bytes: 0
     rx7_gro_skbs: 0
     rx7_gro_large_hds: 0
 312:          0          0          0          0          0          0          0    2594141  316873090   19128440          0          0          0          0          0      22171          0          0          0          0          0          0          0          0          0          0          0          0          0          0          0          0          0          0          0          0          0          0          0          0     222299          0          0          0          0          0          0          0          0          0          0          0          0          0          0          0          0          0          0          0          0          0          0          0 IR-PCI-MSIX-0000:c3:00.0    8-edge      mlx5_comp7@pci:0000:c3:00.0
@ 245524.22
     rx_buff_alloc_err: 0
     rx_congst_umr: 0
     rx_out_of_buffer: 3962490154
     rx_packets_phy: 76109944726
     ch7_events: 341777525
     ch7_poll: 803926505
     ch7_arm: 333717328
     ch7_aff_change: 42801530
     ch7_force_irq: 0
     ch7_eq_rearm: 0
     rx7_packets: 12428328737
     rx7_bytes: 1855149274408
     rx7_csum_unnecessary: 6484
     rx7_csum_none: 0
     rx7_xdp_drop: 0
     rx7_xdp_redirect: 0
     rx7_gro_packets: 0
     rx7_gro_bytes: 0
     rx7_gro_skbs: 0
     rx7_gro_large_hds: 0
 312:          0          0          0          0          0          0          0    2594141  316873090   19128440          0          0          0          0          0      22171          0          0          0          0          0          0          0          0          0          0          0          0          0          0          0          0          0          0          0          0          0          0          0          0     222299          0          0          0          0          0          0          0          0          0          0          0          0          0          0          0          0          0          0          0          0          0          0          0 IR-PCI-MSIX-0000:c3:00.0    8-edge      mlx5_comp7@pci:0000:c3:00.0
@ 245525.23
     rx_buff_alloc_err: 0
     rx_congst_umr: 0
     rx_out_of_buffer: 3962649847
     rx_packets_phy: 76110104454
     ch7_events: 341777525
     ch7_poll: 803926505
     ch7_arm: 333717328
     ch7_aff_change: 42801530
     ch7_force_irq: 0
     ch7_eq_rearm: 0
     rx7_packets: 12428328737
     rx7_bytes: 1855149274408
     rx7_csum_unnecessary: 6484
     rx7_csum_none: 0
     rx7_xdp_drop: 0
     rx7_xdp_redirect: 0
     rx7_gro_packets: 0
     rx7_gro_bytes: 0
     rx7_gro_skbs: 0
     rx7_gro_large_hds: 0
 312:          0          0          0          0          0          0          0    2594141  316873090   19128440          0          0          0          0          0      22171          0          0          0          0          0          0          0          0          0          0          0          0          0          0          0          0          0          0          0          0          0          0          0          0     222299          0          0          0          0          0          0          0          0          0          0          0          0          0          0          0          0          0          0          0          0          0          0          0 IR-PCI-MSIX-0000:c3:00.0    8-edge      mlx5_comp7@pci:0000:c3:00.0
@ 245526.25
     rx_buff_alloc_err: 0
     rx_congst_umr: 0
     rx_out_of_buffer: 3962809591
     rx_packets_phy: 76110264173
     ch7_events: 341777525
     ch7_poll: 803926505
     ch7_arm: 333717328
     ch7_aff_change: 42801530
     ch7_force_irq: 0
     ch7_eq_rearm: 0
     rx7_packets: 12428328737
     rx7_bytes: 1855149274408
     rx7_csum_unnecessary: 6484
     rx7_csum_none: 0
     rx7_xdp_drop: 0
     rx7_xdp_redirect: 0
     rx7_gro_packets: 0
     rx7_gro_bytes: 0
     rx7_gro_skbs: 0
     rx7_gro_large_hds: 0
 312:          0          0          0          0          0          0          0    2594141  316873090   19128440          0          0          0          0          0      22171          0          0          0          0          0          0          0          0          0          0          0          0          0          0          0          0          0          0          0          0          0          0          0          0     222299          0          0          0          0          0          0          0          0          0          0          0          0          0          0          0          0          0          0          0          0          0          0          0 IR-PCI-MSIX-0000:c3:00.0    8-edge      mlx5_comp7@pci:0000:c3:00.0
@ 245527.26
     rx_buff_alloc_err: 0
     rx_congst_umr: 0
     rx_out_of_buffer: 3962969212
     rx_packets_phy: 76110423843
     ch7_events: 341777525
     ch7_poll: 803926505
     ch7_arm: 333717328
     ch7_aff_change: 42801530
     ch7_force_irq: 0
     ch7_eq_rearm: 0
     rx7_packets: 12428328737
     rx7_bytes: 1855149274408
     rx7_csum_unnecessary: 6484
     rx7_csum_none: 0
     rx7_xdp_drop: 0
     rx7_xdp_redirect: 0
     rx7_gro_packets: 0
     rx7_gro_bytes: 0
     rx7_gro_skbs: 0
     rx7_gro_large_hds: 0
 312:          0          0          0          0          0          0          0    2594141  316873090   19128440          0          0          0          0          0      22171          0          0          0          0          0          0          0          0          0          0          0          0          0          0          0          0          0          0          0          0          0          0          0          0     222299          0          0          0          0          0          0          0          0          0          0          0          0          0          0          0          0          0          0          0          0          0          0          0 IR-PCI-MSIX-0000:c3:00.0    8-edge      mlx5_comp7@pci:0000:c3:00.0
@ 245528.27
     rx_buff_alloc_err: 0
     rx_congst_umr: 0
     rx_out_of_buffer: 3963128968
     rx_packets_phy: 76110583611
     ch7_events: 341777525
     ch7_poll: 803926505
     ch7_arm: 333717328
     ch7_aff_change: 42801530
     ch7_force_irq: 0
     ch7_eq_rearm: 0
     rx7_packets: 12428328737
     rx7_bytes: 1855149274408
     rx7_csum_unnecessary: 6484
     rx7_csum_none: 0
     rx7_xdp_drop: 0
     rx7_xdp_redirect: 0
     rx7_gro_packets: 0
     rx7_gro_bytes: 0
     rx7_gro_skbs: 0
     rx7_gro_large_hds: 0
 312:          0          0          0          0          0          0          0    2594141  316873090   19128440          0          0          0          0          0      22171          0          0          0          0          0          0          0          0          0          0          0          0          0          0          0          0          0          0          0          0          0          0          0          0     222299          0          0          0          0          0          0          0          0          0          0          0          0          0          0          0          0          0          0          0          0          0          0          0 IR-PCI-MSIX-0000:c3:00.0    8-edge      mlx5_comp7@pci:0000:c3:00.0
@ 245529.28
     rx_buff_alloc_err: 0
     rx_congst_umr: 0
     rx_out_of_buffer: 3963288696
     rx_packets_phy: 76110743328
     ch7_events: 341777525
     ch7_poll: 803926505
     ch7_arm: 333717328
     ch7_aff_change: 42801530
     ch7_force_irq: 0
     ch7_eq_rearm: 0
     rx7_packets: 12428328737
     rx7_bytes: 1855149274408
     rx7_csum_unnecessary: 6484
     rx7_csum_none: 0
     rx7_xdp_drop: 0
     rx7_xdp_redirect: 0
     rx7_gro_packets: 0
     rx7_gro_bytes: 0
     rx7_gro_skbs: 0
     rx7_gro_large_hds: 0
 312:          0          0          0          0          0          0          0    2594141  316873090   19128440          0          0          0          0          0      22171          0          0          0          0          0          0          0          0          0          0          0          0          0          0          0          0          0          0          0          0          0          0          0          0     222299          0          0          0          0          0          0          0          0          0          0          0          0          0          0          0          0          0          0          0          0          0          0          0 IR-PCI-MSIX-0000:c3:00.0    8-edge      mlx5_comp7@pci:0000:c3:00.0
@ 245530.29
     rx_buff_alloc_err: 0
     rx_congst_umr: 0
     rx_out_of_buffer: 3963448442
     rx_packets_phy: 76110903079
     ch7_events: 341777525
     ch7_poll: 803926505
     ch7_arm: 333717328
     ch7_aff_change: 42801530
     ch7_force_irq: 0
     ch7_eq_rearm: 0
     rx7_packets: 12428328737
     rx7_bytes: 1855149274408
     rx7_csum_unnecessary: 6484
     rx7_csum_none: 0
     rx7_xdp_drop: 0
     rx7_xdp_redirect: 0
     rx7_gro_packets: 0
     rx7_gro_bytes: 0
     rx7_gro_skbs: 0
     rx7_gro_large_hds: 0
 312:          0          0          0          0          0          0          0    2594141  316873090   19128440          0          0          0          0          0      22171          0          0          0          0          0          0          0          0          0          0          0          0          0          0          0          0          0          0          0          0          0          0          0          0     222299          0          0          0          0          0          0          0          0          0          0          0          0          0          0          0          0          0          0          0          0          0          0          0 IR-PCI-MSIX-0000:c3:00.0    8-edge      mlx5_comp7@pci:0000:c3:00.0
@ 245531.30
     rx_buff_alloc_err: 0
     rx_congst_umr: 0
     rx_out_of_buffer: 3963608187
     rx_packets_phy: 76111062820
     ch7_events: 341777525
     ch7_poll: 803926505
     ch7_arm: 333717328
     ch7_aff_change: 42801530
     ch7_force_irq: 0
     ch7_eq_rearm: 0
     rx7_packets: 12428328737
     rx7_bytes: 1855149274408
     rx7_csum_unnecessary: 6484
     rx7_csum_none: 0
     rx7_xdp_drop: 0
     rx7_xdp_redirect: 0
     rx7_gro_packets: 0
     rx7_gro_bytes: 0
     rx7_gro_skbs: 0
     rx7_gro_large_hds: 0
 312:          0          0          0          0          0          0          0    2594141  316873090   19128440          0          0          0          0          0      22171          0          0          0          0          0          0          0          0          0          0          0          0          0          0          0          0          0          0          0          0          0          0          0          0     222299          0          0          0          0          0          0          0          0          0          0          0          0          0          0          0          0          0          0          0          0          0          0          0 IR-PCI-MSIX-0000:c3:00.0    8-edge      mlx5_comp7@pci:0000:c3:00.0
@ 245532.31
     rx_buff_alloc_err: 0
     rx_congst_umr: 0
     rx_out_of_buffer: 3963767932
     rx_packets_phy: 76111222585
     ch7_events: 341777525
     ch7_poll: 803926505
     ch7_arm: 333717328
     ch7_aff_change: 42801530
     ch7_force_irq: 0
     ch7_eq_rearm: 0
     rx7_packets: 12428328737
     rx7_bytes: 1855149274408
     rx7_csum_unnecessary: 6484
     rx7_csum_none: 0
     rx7_xdp_drop: 0
     rx7_xdp_redirect: 0
     rx7_gro_packets: 0
     rx7_gro_bytes: 0
     rx7_gro_skbs: 0
     rx7_gro_large_hds: 0
 312:          0          0          0          0          0          0          0    2594141  316873090   19128440          0          0          0          0          0      22171          0          0          0          0          0          0          0          0          0          0          0          0          0          0          0          0          0          0          0          0          0          0          0          0     222299          0          0          0          0          0          0          0          0          0          0          0          0          0          0          0          0          0          0          0          0          0          0          0 IR-PCI-MSIX-0000:c3:00.0    8-edge      mlx5_comp7@pci:0000:c3:00.0
@ 245533.32
     rx_buff_alloc_err: 0
     rx_congst_umr: 0
     rx_out_of_buffer: 3963927693
     rx_packets_phy: 76111382387
     ch7_events: 341777525
     ch7_poll: 803926505
     ch7_arm: 333717328
     ch7_aff_change: 42801530
     ch7_force_irq: 0
     ch7_eq_rearm: 0
     rx7_packets: 12428328737
     rx7_bytes: 1855149274408
     rx7_csum_unnecessary: 6484
     rx7_csum_none: 0
     rx7_xdp_drop: 0
     rx7_xdp_redirect: 0
     rx7_gro_packets: 0
     rx7_gro_bytes: 0
     rx7_gro_skbs: 0
     rx7_gro_large_hds: 0
 312:          0          0          0          0          0          0          0    2594141  316873090   19128440          0          0          0          0          0      22171          0          0          0          0          0          0          0          0          0          0          0          0          0          0          0          0          0          0          0          0          0          0          0          0     222299          0          0          0          0          0          0          0          0          0          0          0          0          0          0          0          0          0          0          0          0          0          0          0 IR-PCI-MSIX-0000:c3:00.0    8-edge      mlx5_comp7@pci:0000:c3:00.0
@ 245534.33
     rx_buff_alloc_err: 0
     rx_congst_umr: 0
     rx_out_of_buffer: 3964087422
     rx_packets_phy: 76111542114
     ch7_events: 341777525
     ch7_poll: 803926505
     ch7_arm: 333717328
     ch7_aff_change: 42801530
     ch7_force_irq: 0
     ch7_eq_rearm: 0
     rx7_packets: 12428328737
     rx7_bytes: 1855149274408
     rx7_csum_unnecessary: 6484
     rx7_csum_none: 0
     rx7_xdp_drop: 0
     rx7_xdp_redirect: 0
     rx7_gro_packets: 0
     rx7_gro_bytes: 0
     rx7_gro_skbs: 0
     rx7_gro_large_hds: 0
 312:          0          0          0          0          0          0          0    2594141  316873090   19128440          0          0          0          0          0      22171          0          0          0          0          0          0          0          0          0          0          0          0          0          0          0          0          0          0          0          0          0          0          0          0     222299          0          0          0          0          0          0          0          0          0          0          0          0          0          0          0          0          0          0          0          0          0          0          0 IR-PCI-MSIX-0000:c3:00.0    8-edge      mlx5_comp7@pci:0000:c3:00.0
@ 245535.34
     rx_buff_alloc_err: 0
     rx_congst_umr: 0
     rx_out_of_buffer: 3964247170
     rx_packets_phy: 76111701882
     ch7_events: 341777525
     ch7_poll: 803926505
     ch7_arm: 333717328
     ch7_aff_change: 42801530
     ch7_force_irq: 0
     ch7_eq_rearm: 0
     rx7_packets: 12428328737
     rx7_bytes: 1855149274408
     rx7_csum_unnecessary: 6484
     rx7_csum_none: 0
     rx7_xdp_drop: 0
     rx7_xdp_redirect: 0
     rx7_gro_packets: 0
     rx7_gro_bytes: 0
     rx7_gro_skbs: 0
     rx7_gro_large_hds: 0
 312:          0          0          0          0          0          0          0    2594141  316873090   19128440          0          0          0          0          0      22171          0          0          0          0          0          0          0          0          0          0          0          0          0          0          0          0          0          0          0          0          0          0          0          0     222299          0          0          0          0          0          0          0          0          0          0          0          0          0          0          0          0          0          0          0          0          0          0          0 IR-PCI-MSIX-0000:c3:00.0    8-edge      mlx5_comp7@pci:0000:c3:00.0
@ 245536.36
     rx_buff_alloc_err: 0
     rx_congst_umr: 0
     rx_out_of_buffer: 3964406912
     rx_packets_phy: 76111861586
     ch7_events: 341777525
     ch7_poll: 803926505
     ch7_arm: 333717328
     ch7_aff_change: 42801530
     ch7_force_irq: 0
     ch7_eq_rearm: 0
     rx7_packets: 12428328737
     rx7_bytes: 1855149274408
     rx7_csum_unnecessary: 6484
     rx7_csum_none: 0
     rx7_xdp_drop: 0
     rx7_xdp_redirect: 0
     rx7_gro_packets: 0
     rx7_gro_bytes: 0
     rx7_gro_skbs: 0
     rx7_gro_large_hds: 0
 312:          0          0          0          0          0          0          0    2594141  316873090   19128440          0          0          0          0          0      22171          0          0          0          0          0          0          0          0          0          0          0          0          0          0          0          0          0          0          0          0          0          0          0          0     222299          0          0          0          0          0          0          0          0          0          0          0          0          0          0          0          0          0          0          0          0          0          0          0 IR-PCI-MSIX-0000:c3:00.0    8-edge      mlx5_comp7@pci:0000:c3:00.0
@ 245537.37
     rx_buff_alloc_err: 0
     rx_congst_umr: 0
     rx_out_of_buffer: 3964566656
     rx_packets_phy: 76112021340
     ch7_events: 341777525
     ch7_poll: 803926505
     ch7_arm: 333717328
     ch7_aff_change: 42801530
     ch7_force_irq: 0
     ch7_eq_rearm: 0
     rx7_packets: 12428328737
     rx7_bytes: 1855149274408
     rx7_csum_unnecessary: 6484
     rx7_csum_none: 0
     rx7_xdp_drop: 0
     rx7_xdp_redirect: 0
     rx7_gro_packets: 0
     rx7_gro_bytes: 0
     rx7_gro_skbs: 0
     rx7_gro_large_hds: 0
 312:          0          0          0          0          0          0          0    2594141  316873090   19128440          0          0          0          0          0      22171          0          0          0          0          0          0          0          0          0          0          0          0          0          0          0          0          0          0          0          0          0          0          0          0     222299          0          0          0          0          0          0          0          0          0          0          0          0          0          0          0          0          0          0          0          0          0          0          0 IR-PCI-MSIX-0000:c3:00.0    8-edge      mlx5_comp7@pci:0000:c3:00.0
@ 245538.38
     rx_buff_alloc_err: 0
     rx_congst_umr: 0
     rx_out_of_buffer: 3964726297
     rx_packets_phy: 76112181023
     ch7_events: 341777525
     ch7_poll: 803926505
     ch7_arm: 333717328
     ch7_aff_change: 42801530
     ch7_force_irq: 0
     ch7_eq_rearm: 0
     rx7_packets: 12428328737
     rx7_bytes: 1855149274408
     rx7_csum_unnecessary: 6484
     rx7_csum_none: 0
     rx7_xdp_drop: 0
     rx7_xdp_redirect: 0
     rx7_gro_packets: 0
     rx7_gro_bytes: 0
     rx7_gro_skbs: 0
     rx7_gro_large_hds: 0
 312:          0          0          0          0          0          0          0    2594141  316873090   19128440          0          0          0          0          0      22171          0          0          0          0          0          0          0          0          0          0          0          0          0          0          0          0          0          0          0          0          0          0          0          0     222299          0          0          0          0          0          0          0          0          0          0          0          0          0          0          0          0          0          0          0          0          0          0          0 IR-PCI-MSIX-0000:c3:00.0    8-edge      mlx5_comp7@pci:0000:c3:00.0
@ 245539.39
     rx_buff_alloc_err: 0
     rx_congst_umr: 0
     rx_out_of_buffer: 3964886017
     rx_packets_phy: 76112340745
     ch7_events: 341777525
     ch7_poll: 803926505
     ch7_arm: 333717328
     ch7_aff_change: 42801530
     ch7_force_irq: 0
     ch7_eq_rearm: 0
     rx7_packets: 12428328737
     rx7_bytes: 1855149274408
     rx7_csum_unnecessary: 6484
     rx7_csum_none: 0
     rx7_xdp_drop: 0
     rx7_xdp_redirect: 0
     rx7_gro_packets: 0
     rx7_gro_bytes: 0
     rx7_gro_skbs: 0
     rx7_gro_large_hds: 0
 312:          0          0          0          0          0          0          0    2594141  316873090   19128440          0          0          0          0          0      22171          0          0          0          0          0          0          0          0          0          0          0          0          0          0          0          0          0          0          0          0          0          0          0          0     222299          0          0          0          0          0          0          0          0          0          0          0          0          0          0          0          0          0          0          0          0          0          0          0 IR-PCI-MSIX-0000:c3:00.0    8-edge      mlx5_comp7@pci:0000:c3:00.0
@ 245540.40
     rx_buff_alloc_err: 0
     rx_congst_umr: 0
     rx_out_of_buffer: 3965045750
     rx_packets_phy: 76112500468
     ch7_events: 341777525
     ch7_poll: 803926505
     ch7_arm: 333717328
     ch7_aff_change: 42801530
     ch7_force_irq: 0
     ch7_eq_rearm: 0
     rx7_packets: 12428328737
     rx7_bytes: 1855149274408
     rx7_csum_unnecessary: 6484
     rx7_csum_none: 0
     rx7_xdp_drop: 0
     rx7_xdp_redirect: 0
     rx7_gro_packets: 0
     rx7_gro_bytes: 0
     rx7_gro_skbs: 0
     rx7_gro_large_hds: 0
 312:          0          0          0          0          0          0          0    2594141  316873090   19128440          0          0          0          0          0      22171          0          0          0          0          0          0          0          0          0          0          0          0          0          0          0          0          0          0          0          0          0          0          0          0     222299          0          0          0          0          0          0          0          0          0          0          0          0          0          0          0          0          0          0          0          0          0          0          0 IR-PCI-MSIX-0000:c3:00.0    8-edge      mlx5_comp7@pci:0000:c3:00.0
@ 245541.41
     rx_buff_alloc_err: 0
     rx_congst_umr: 0
     rx_out_of_buffer: 3965205443
     rx_packets_phy: 76112660208
     ch7_events: 341777525
     ch7_poll: 803926505
     ch7_arm: 333717328
     ch7_aff_change: 42801530
     ch7_force_irq: 0
     ch7_eq_rearm: 0
     rx7_packets: 12428328737
     rx7_bytes: 1855149274408
     rx7_csum_unnecessary: 6484
     rx7_csum_none: 0
     rx7_xdp_drop: 0
     rx7_xdp_redirect: 0
     rx7_gro_packets: 0
     rx7_gro_bytes: 0
     rx7_gro_skbs: 0
     rx7_gro_large_hds: 0
 312:          0          0          0          0          0          0          0    2594141  316873090   19128440          0          0          0          0          0      22171          0          0          0          0          0          0          0          0          0          0          0          0          0          0          0          0          0          0          0          0          0          0          0          0     222299          0          0          0          0          0          0          0          0          0          0          0          0          0          0          0          0          0          0          0          0          0          0          0 IR-PCI-MSIX-0000:c3:00.0    8-edge      mlx5_comp7@pci:0000:c3:00.0
@ 245542.42
     rx_buff_alloc_err: 0
     rx_congst_umr: 0
     rx_out_of_buffer: 3965365185
     rx_packets_phy: 76112819920
     ch7_events: 341777525
     ch7_poll: 803926505
     ch7_arm: 333717328
     ch7_aff_change: 42801530
     ch7_force_irq: 0
     ch7_eq_rearm: 0
     rx7_packets: 12428328737
     rx7_bytes: 1855149274408
     rx7_csum_unnecessary: 6484
     rx7_csum_none: 0
     rx7_xdp_drop: 0
     rx7_xdp_redirect: 0
     rx7_gro_packets: 0
     rx7_gro_bytes: 0
     rx7_gro_skbs: 0
     rx7_gro_large_hds: 0
 312:          0          0          0          0          0          0          0    2594141  316873090   19128440          0          0          0          0          0      22171          0          0          0          0          0          0          0          0          0          0          0          0          0          0          0          0          0          0          0          0          0          0          0          0     222299          0          0          0          0          0          0          0          0          0          0          0          0          0          0          0          0          0          0          0          0          0          0          0 IR-PCI-MSIX-0000:c3:00.0    8-edge      mlx5_comp7@pci:0000:c3:00.0
@ 245543.43
     rx_buff_alloc_err: 0
     rx_congst_umr: 0
     rx_out_of_buffer: 3965524929
     rx_packets_phy: 76112979661
     ch7_events: 341777525
     ch7_poll: 803926505
     ch7_arm: 333717328
     ch7_aff_change: 42801530
     ch7_force_irq: 0
     ch7_eq_rearm: 0
     rx7_packets: 12428328737
     rx7_bytes: 1855149274408
     rx7_csum_unnecessary: 6484
     rx7_csum_none: 0
     rx7_xdp_drop: 0
     rx7_xdp_redirect: 0
     rx7_gro_packets: 0
     rx7_gro_bytes: 0
     rx7_gro_skbs: 0
     rx7_gro_large_hds: 0
 312:          0          0          0          0          0          0          0    2594141  316873090   19128440          0          0          0          0          0      22171          0          0          0          0          0          0          0          0          0          0          0          0          0          0          0          0          0          0          0          0          0          0          0          0     222299          0          0          0          0          0          0          0          0          0          0          0          0          0          0          0          0          0          0          0          0          0          0          0 IR-PCI-MSIX-0000:c3:00.0    8-edge      mlx5_comp7@pci:0000:c3:00.0
@ 245544.44
     rx_buff_alloc_err: 0
     rx_congst_umr: 0
     rx_out_of_buffer: 3965684643
     rx_packets_phy: 76113139417
     ch7_events: 341777525
     ch7_poll: 803926505
     ch7_arm: 333717328
     ch7_aff_change: 42801530
     ch7_force_irq: 0
     ch7_eq_rearm: 0
     rx7_packets: 12428328737
     rx7_bytes: 1855149274408
     rx7_csum_unnecessary: 6484
     rx7_csum_none: 0
     rx7_xdp_drop: 0
     rx7_xdp_redirect: 0
     rx7_gro_packets: 0
     rx7_gro_bytes: 0
     rx7_gro_skbs: 0
     rx7_gro_large_hds: 0
 312:          0          0          0          0          0          0          0    2594141  316873090   19128440          0          0          0          0          0      22171          0          0          0          0          0          0          0          0          0          0          0          0          0          0          0          0          0          0          0          0          0          0          0          0     222299          0          0          0          0          0          0          0          0          0          0          0          0          0          0          0          0          0          0          0          0          0          0          0 IR-PCI-MSIX-0000:c3:00.0    8-edge      mlx5_comp7@pci:0000:c3:00.0
@ 245545.45
     rx_buff_alloc_err: 0
     rx_congst_umr: 0
     rx_out_of_buffer: 3965844379
     rx_packets_phy: 76113299165
     ch7_events: 341777525
     ch7_poll: 803926505
     ch7_arm: 333717328
     ch7_aff_change: 42801530
     ch7_force_irq: 0
     ch7_eq_rearm: 0
     rx7_packets: 12428328737
     rx7_bytes: 1855149274408
     rx7_csum_unnecessary: 6484
     rx7_csum_none: 0
     rx7_xdp_drop: 0
     rx7_xdp_redirect: 0
     rx7_gro_packets: 0
     rx7_gro_bytes: 0
     rx7_gro_skbs: 0
     rx7_gro_large_hds: 0
 312:          0          0          0          0          0          0          0    2594141  316873090   19128440          0          0          0          0          0      22171          0          0          0          0          0          0          0          0          0          0          0          0          0          0          0          0          0          0          0          0          0          0          0          0     222299          0          0          0          0          0          0          0          0          0          0          0          0          0          0          0          0          0          0          0          0          0          0          0 IR-PCI-MSIX-0000:c3:00.0    8-edge      mlx5_comp7@pci:0000:c3:00.0
@ 245546.46
     rx_buff_alloc_err: 0
     rx_congst_umr: 0
     rx_out_of_buffer: 3966004097
     rx_packets_phy: 76113458878
     ch7_events: 341777525
     ch7_poll: 803926505
     ch7_arm: 333717328
     ch7_aff_change: 42801530
     ch7_force_irq: 0
     ch7_eq_rearm: 0
     rx7_packets: 12428328737
     rx7_bytes: 1855149274408
     rx7_csum_unnecessary: 6484
     rx7_csum_none: 0
     rx7_xdp_drop: 0
     rx7_xdp_redirect: 0
     rx7_gro_packets: 0
     rx7_gro_bytes: 0
     rx7_gro_skbs: 0
     rx7_gro_large_hds: 0
 312:          0          0          0          0          0          0          0    2594141  316873090   19128440          0          0          0          0          0      22171          0          0          0          0          0          0          0          0          0          0          0          0          0          0          0          0          0          0          0          0          0          0          0          0     222299          0          0          0          0          0          0          0          0          0          0          0          0          0          0          0          0          0          0          0          0          0          0          0 IR-PCI-MSIX-0000:c3:00.0    8-edge      mlx5_comp7@pci:0000:c3:00.0
@ 245547.48
     rx_buff_alloc_err: 0
     rx_congst_umr: 0
     rx_out_of_buffer: 3966163831
     rx_packets_phy: 76113618611
     ch7_events: 341777525
     ch7_poll: 803926505
     ch7_arm: 333717328
     ch7_aff_change: 42801530
     ch7_force_irq: 0
     ch7_eq_rearm: 0
     rx7_packets: 12428328737
     rx7_bytes: 1855149274408
     rx7_csum_unnecessary: 6484
     rx7_csum_none: 0
     rx7_xdp_drop: 0
     rx7_xdp_redirect: 0
     rx7_gro_packets: 0
     rx7_gro_bytes: 0
     rx7_gro_skbs: 0
     rx7_gro_large_hds: 0
 312:          0          0          0          0          0          0          0    2594141  316873090   19128440          0          0          0          0          0      22171          0          0          0          0          0          0          0          0          0          0          0          0          0          0          0          0          0          0          0          0          0          0          0          0     222299          0          0          0          0          0          0          0          0          0          0          0          0          0          0          0          0          0          0          0          0          0          0          0 IR-PCI-MSIX-0000:c3:00.0    8-edge      mlx5_comp7@pci:0000:c3:00.0
@ 245548.49
     rx_buff_alloc_err: 0
     rx_congst_umr: 0
     rx_out_of_buffer: 3966323471
     rx_packets_phy: 76113778292
     ch7_events: 341777525
     ch7_poll: 803926505
     ch7_arm: 333717328
     ch7_aff_change: 42801530
     ch7_force_irq: 0
     ch7_eq_rearm: 0
     rx7_packets: 12428328737
     rx7_bytes: 1855149274408
     rx7_csum_unnecessary: 6484
     rx7_csum_none: 0
     rx7_xdp_drop: 0
     rx7_xdp_redirect: 0
     rx7_gro_packets: 0
     rx7_gro_bytes: 0
     rx7_gro_skbs: 0
     rx7_gro_large_hds: 0
 312:          0          0          0          0          0          0          0    2594141  316873090   19128440          0          0          0          0          0      22171          0          0          0          0          0          0          0          0          0          0          0          0          0          0          0          0          0          0          0          0          0          0          0          0     222299          0          0          0          0          0          0          0          0          0          0          0          0          0          0          0          0          0          0          0          0          0          0          0 IR-PCI-MSIX-0000:c3:00.0    8-edge      mlx5_comp7@pci:0000:c3:00.0
@ 245549.50
     rx_buff_alloc_err: 0
     rx_congst_umr: 0
     rx_out_of_buffer: 3966483203
     rx_packets_phy: 76113938015
     ch7_events: 341777525
     ch7_poll: 803926505
     ch7_arm: 333717328
     ch7_aff_change: 42801530
     ch7_force_irq: 0
     ch7_eq_rearm: 0
     rx7_packets: 12428328737
     rx7_bytes: 1855149274408
     rx7_csum_unnecessary: 6484
     rx7_csum_none: 0
     rx7_xdp_drop: 0
     rx7_xdp_redirect: 0
     rx7_gro_packets: 0
     rx7_gro_bytes: 0
     rx7_gro_skbs: 0
     rx7_gro_large_hds: 0
 312:          0          0          0          0          0          0          0    2594141  316873090   19128440          0          0          0          0          0      22171          0          0          0          0          0          0          0          0          0          0          0          0          0          0          0          0          0          0          0          0          0          0          0          0     222299          0          0          0          0          0          0          0          0          0          0          0          0          0          0          0          0          0          0          0          0          0          0          0 IR-PCI-MSIX-0000:c3:00.0    8-edge      mlx5_comp7@pci:0000:c3:00.0
@ 245550.51
     rx_buff_alloc_err: 0
     rx_congst_umr: 0
     rx_out_of_buffer: 3966642947
     rx_packets_phy: 76114097741
     ch7_events: 341777525
     ch7_poll: 803926505
     ch7_arm: 333717328
     ch7_aff_change: 42801530
     ch7_force_irq: 0
     ch7_eq_rearm: 0
     rx7_packets: 12428328737
     rx7_bytes: 1855149274408
     rx7_csum_unnecessary: 6484
     rx7_csum_none: 0
     rx7_xdp_drop: 0
     rx7_xdp_redirect: 0
     rx7_gro_packets: 0
     rx7_gro_bytes: 0
     rx7_gro_skbs: 0
     rx7_gro_large_hds: 0
 312:          0          0          0          0          0          0          0    2594141  316873090   19128440          0          0          0          0          0      22171          0          0          0          0          0          0          0          0          0          0          0          0          0          0          0          0          0          0          0          0          0          0          0          0     222299          0          0          0          0          0          0          0          0          0          0          0          0          0          0          0          0          0          0          0          0          0          0          0 IR-PCI-MSIX-0000:c3:00.0    8-edge      mlx5_comp7@pci:0000:c3:00.0
@ 245551.52
     rx_buff_alloc_err: 0
     rx_congst_umr: 0
     rx_out_of_buffer: 3966802665
     rx_packets_phy: 76114257497
     ch7_events: 341777525
     ch7_poll: 803926505
     ch7_arm: 333717328
     ch7_aff_change: 42801530
     ch7_force_irq: 0
     ch7_eq_rearm: 0
     rx7_packets: 12428328737
     rx7_bytes: 1855149274408
     rx7_csum_unnecessary: 6484
     rx7_csum_none: 0
     rx7_xdp_drop: 0
     rx7_xdp_redirect: 0
     rx7_gro_packets: 0
     rx7_gro_bytes: 0
     rx7_gro_skbs: 0
     rx7_gro_large_hds: 0
 312:          0          0          0          0          0          0          0    2594141  316873090   19128440          0          0          0          0          0      22171          0          0          0          0          0          0          0          0          0          0          0          0          0          0          0          0          0          0          0          0          0          0          0          0     222299          0          0          0          0          0          0          0          0          0          0          0          0          0          0          0          0          0          0          0          0          0          0          0 IR-PCI-MSIX-0000:c3:00.0    8-edge      mlx5_comp7@pci:0000:c3:00.0
@ 245552.53
     rx_buff_alloc_err: 0
     rx_congst_umr: 0
     rx_out_of_buffer: 3966962375
     rx_packets_phy: 76114417196
     ch7_events: 341777525
     ch7_poll: 803926505
     ch7_arm: 333717328
     ch7_aff_change: 42801530
     ch7_force_irq: 0
     ch7_eq_rearm: 0
     rx7_packets: 12428328737
     rx7_bytes: 1855149274408
     rx7_csum_unnecessary: 6484
     rx7_csum_none: 0
     rx7_xdp_drop: 0
     rx7_xdp_redirect: 0
     rx7_gro_packets: 0
     rx7_gro_bytes: 0
     rx7_gro_skbs: 0
     rx7_gro_large_hds: 0
 312:          0          0          0          0          0          0          0    2594141  316873090   19128440          0          0          0          0          0      22171          0          0          0          0          0          0          0          0          0          0          0          0          0          0          0          0          0          0          0          0          0          0          0          0     222299          0          0          0          0          0          0          0          0          0          0          0          0          0          0          0          0          0          0          0          0          0          0          0 IR-PCI-MSIX-0000:c3:00.0    8-edge      mlx5_comp7@pci:0000:c3:00.0
@ 245553.54
     rx_buff_alloc_err: 0
     rx_congst_umr: 0
     rx_out_of_buffer: 3967122116
     rx_packets_phy: 76114576936
     ch7_events: 341777525
     ch7_poll: 803926505
     ch7_arm: 333717328
     ch7_aff_change: 42801530
     ch7_force_irq: 0
     ch7_eq_rearm: 0
     rx7_packets: 12428328737
     rx7_bytes: 1855149274408
     rx7_csum_unnecessary: 6484
     rx7_csum_none: 0
     rx7_xdp_drop: 0
     rx7_xdp_redirect: 0
     rx7_gro_packets: 0
     rx7_gro_bytes: 0
     rx7_gro_skbs: 0
     rx7_gro_large_hds: 0
 312:          0          0          0          0          0          0          0    2594141  316873090   19128440          0          0          0          0          0      22171          0          0          0          0          0          0          0          0          0          0          0          0          0          0          0          0          0          0          0          0          0          0          0          0     222299          0          0          0          0          0          0          0          0          0          0          0          0          0          0          0          0          0          0          0          0          0          0          0 IR-PCI-MSIX-0000:c3:00.0    8-edge      mlx5_comp7@pci:0000:c3:00.0
@ 245554.55
     rx_buff_alloc_err: 0
     rx_congst_umr: 0
     rx_out_of_buffer: 3967281840
     rx_packets_phy: 76114736696
     ch7_events: 341777525
     ch7_poll: 803926505
     ch7_arm: 333717328
     ch7_aff_change: 42801530
     ch7_force_irq: 0
     ch7_eq_rearm: 0
     rx7_packets: 12428328737
     rx7_bytes: 1855149274408
     rx7_csum_unnecessary: 6484
     rx7_csum_none: 0
     rx7_xdp_drop: 0
     rx7_xdp_redirect: 0
     rx7_gro_packets: 0
     rx7_gro_bytes: 0
     rx7_gro_skbs: 0
     rx7_gro_large_hds: 0
 312:          0          0          0          0          0          0          0    2594141  316873090   19128440          0          0          0          0          0      22171          0          0          0          0          0          0          0          0          0          0          0          0          0          0          0          0          0          0          0          0          0          0          0          0     222299          0          0          0          0          0          0          0          0          0          0          0          0          0          0          0          0          0          0          0          0          0          0          0 IR-PCI-MSIX-0000:c3:00.0    8-edge      mlx5_comp7@pci:0000:c3:00.0
@ 245555.56
     rx_buff_alloc_err: 0
     rx_congst_umr: 0
     rx_out_of_buffer: 3967441577
     rx_packets_phy: 76114896445
     ch7_events: 341777525
     ch7_poll: 803926505
     ch7_arm: 333717328
     ch7_aff_change: 42801530
     ch7_force_irq: 0
     ch7_eq_rearm: 0
     rx7_packets: 12428328737
     rx7_bytes: 1855149274408
     rx7_csum_unnecessary: 6484
     rx7_csum_none: 0
     rx7_xdp_drop: 0
     rx7_xdp_redirect: 0
     rx7_gro_packets: 0
     rx7_gro_bytes: 0
     rx7_gro_skbs: 0
     rx7_gro_large_hds: 0
 312:          0          0          0          0          0          0          0    2594141  316873090   19128440          0          0          0          0          0      22171          0          0          0          0          0          0          0          0          0          0          0          0          0          0          0          0          0          0          0          0          0          0          0          0     222299          0          0          0          0          0          0          0          0          0          0          0          0          0          0          0          0          0          0          0          0          0          0          0 IR-PCI-MSIX-0000:c3:00.0    8-edge      mlx5_comp7@pci:0000:c3:00.0
@ 245556.57
     rx_buff_alloc_err: 0
     rx_congst_umr: 0
     rx_out_of_buffer: 3967601289
     rx_packets_phy: 76115056157
     ch7_events: 341777525
     ch7_poll: 803926505
     ch7_arm: 333717328
     ch7_aff_change: 42801530
     ch7_force_irq: 0
     ch7_eq_rearm: 0
     rx7_packets: 12428328737
     rx7_bytes: 1855149274408
     rx7_csum_unnecessary: 6484
     rx7_csum_none: 0
     rx7_xdp_drop: 0
     rx7_xdp_redirect: 0
     rx7_gro_packets: 0
     rx7_gro_bytes: 0
     rx7_gro_skbs: 0
     rx7_gro_large_hds: 0
 312:          0          0          0          0          0          0          0    2594141  316873090   19128440          0          0          0          0          0      22171          0          0          0          0          0          0          0          0          0          0          0          0          0          0          0          0          0          0          0          0          0          0          0          0     222299          0          0          0          0          0          0          0          0          0          0          0          0          0          0          0          0          0          0          0          0          0          0          0 IR-PCI-MSIX-0000:c3:00.0    8-edge      mlx5_comp7@pci:0000:c3:00.0
@ 245557.58
     rx_buff_alloc_err: 0
     rx_congst_umr: 0
     rx_out_of_buffer: 3967761033
     rx_packets_phy: 76115215905
     ch7_events: 341777525
     ch7_poll: 803926505
     ch7_arm: 333717328
     ch7_aff_change: 42801530
     ch7_force_irq: 0
     ch7_eq_rearm: 0
     rx7_packets: 12428328737
     rx7_bytes: 1855149274408
     rx7_csum_unnecessary: 6484
     rx7_csum_none: 0
     rx7_xdp_drop: 0
     rx7_xdp_redirect: 0
     rx7_gro_packets: 0
     rx7_gro_bytes: 0
     rx7_gro_skbs: 0
     rx7_gro_large_hds: 0
 312:          0          0          0          0          0          0          0    2594141  316873090   19128440          0          0          0          0          0      22171          0          0          0          0          0          0          0          0          0          0          0          0          0          0          0          0          0          0          0          0          0          0          0          0     222299          0          0          0          0          0          0          0          0          0          0          0          0          0          0          0          0          0          0          0          0          0          0          0 IR-PCI-MSIX-0000:c3:00.0    8-edge      mlx5_comp7@pci:0000:c3:00.0
@ 245558.60
     rx_buff_alloc_err: 0
     rx_congst_umr: 0
     rx_out_of_buffer: 3967920729
     rx_packets_phy: 76115375635
     ch7_events: 341777525
     ch7_poll: 803926505
     ch7_arm: 333717328
     ch7_aff_change: 42801530
     ch7_force_irq: 0
     ch7_eq_rearm: 0
     rx7_packets: 12428328737
     rx7_bytes: 1855149274408
     rx7_csum_unnecessary: 6484
     rx7_csum_none: 0
     rx7_xdp_drop: 0
     rx7_xdp_redirect: 0
     rx7_gro_packets: 0
     rx7_gro_bytes: 0
     rx7_gro_skbs: 0
     rx7_gro_large_hds: 0
 312:          0          0          0          0          0          0          0    2594141  316873090   19128440          0          0          0          0          0      22171          0          0          0          0          0          0          0          0          0          0          0          0          0          0          0          0          0          0          0          0          0          0          0          0     222299          0          0          0          0          0          0          0          0          0          0          0          0          0          0          0          0          0          0          0          0          0          0          0 IR-PCI-MSIX-0000:c3:00.0    8-edge      mlx5_comp7@pci:0000:c3:00.0
@ 245559.61
     rx_buff_alloc_err: 0
     rx_congst_umr: 0
     rx_out_of_buffer: 3968080458
     rx_packets_phy: 76115535365
     ch7_events: 341777525
     ch7_poll: 803926505
     ch7_arm: 333717328
     ch7_aff_change: 42801530
     ch7_force_irq: 0
     ch7_eq_rearm: 0
     rx7_packets: 12428328737
     rx7_bytes: 1855149274408
     rx7_csum_unnecessary: 6484
     rx7_csum_none: 0
     rx7_xdp_drop: 0
     rx7_xdp_redirect: 0
     rx7_gro_packets: 0
     rx7_gro_bytes: 0
     rx7_gro_skbs: 0
     rx7_gro_large_hds: 0
 312:          0          0          0          0          0          0          0    2594141  316873090   19128440          0          0          0          0          0      22171          0          0          0          0          0          0          0          0          0          0          0          0          0          0          0          0          0          0          0          0          0          0          0          0     222299          0          0          0          0          0          0          0          0          0          0          0          0          0          0          0          0          0          0          0          0          0          0          0 IR-PCI-MSIX-0000:c3:00.0    8-edge      mlx5_comp7@pci:0000:c3:00.0
@ 245560.62
     rx_buff_alloc_err: 0
     rx_congst_umr: 0
     rx_out_of_buffer: 3968240202
     rx_packets_phy: 76115695082
     ch7_events: 341777525
     ch7_poll: 803926505
     ch7_arm: 333717328
     ch7_aff_change: 42801530
     ch7_force_irq: 0
     ch7_eq_rearm: 0
     rx7_packets: 12428328737
     rx7_bytes: 1855149274408
     rx7_csum_unnecessary: 6484
     rx7_csum_none: 0
     rx7_xdp_drop: 0
     rx7_xdp_redirect: 0
     rx7_gro_packets: 0
     rx7_gro_bytes: 0
     rx7_gro_skbs: 0
     rx7_gro_large_hds: 0
 312:          0          0          0          0          0          0          0    2594141  316873090   19128440          0          0          0          0          0      22171          0          0          0          0          0          0          0          0          0          0          0          0          0          0          0          0          0          0          0          0          0          0          0          0     222299          0          0          0          0          0          0          0          0          0          0          0          0          0          0          0          0          0          0          0          0          0          0          0 IR-PCI-MSIX-0000:c3:00.0    8-edge      mlx5_comp7@pci:0000:c3:00.0
@ 245561.63
     rx_buff_alloc_err: 0
     rx_congst_umr: 0
     rx_out_of_buffer: 3968399939
     rx_packets_phy: 76115854837
     ch7_events: 341777525
     ch7_poll: 803926505
     ch7_arm: 333717328
     ch7_aff_change: 42801530
     ch7_force_irq: 0
     ch7_eq_rearm: 0
     rx7_packets: 12428328737
     rx7_bytes: 1855149274408
     rx7_csum_unnecessary: 6484
     rx7_csum_none: 0
     rx7_xdp_drop: 0
     rx7_xdp_redirect: 0
     rx7_gro_packets: 0
     rx7_gro_bytes: 0
     rx7_gro_skbs: 0
     rx7_gro_large_hds: 0
 312:          0          0          0          0          0          0          0    2594141  316873090   19128440          0          0          0          0          0      22171          0          0          0          0          0          0          0          0          0          0          0          0          0          0          0          0          0          0          0          0          0          0          0          0     222299          0          0          0          0          0          0          0          0          0          0          0          0          0          0          0          0          0          0          0          0          0          0          0 IR-PCI-MSIX-0000:c3:00.0    8-edge      mlx5_comp7@pci:0000:c3:00.0
@ 245562.64
     rx_buff_alloc_err: 0
     rx_congst_umr: 0
     rx_out_of_buffer: 3968559645
     rx_packets_phy: 76116014591
     ch7_events: 341777525
     ch7_poll: 803926505
     ch7_arm: 333717328
     ch7_aff_change: 42801530
     ch7_force_irq: 0
     ch7_eq_rearm: 0
     rx7_packets: 12428328737
     rx7_bytes: 1855149274408
     rx7_csum_unnecessary: 6484
     rx7_csum_none: 0
     rx7_xdp_drop: 0
     rx7_xdp_redirect: 0
     rx7_gro_packets: 0
     rx7_gro_bytes: 0
     rx7_gro_skbs: 0
     rx7_gro_large_hds: 0
 312:          0          0          0          0          0          0          0    2594141  316873090   19128440          0          0          0          0          0      22171          0          0          0          0          0          0          0          0          0          0          0          0          0          0          0          0          0          0          0          0          0          0          0          0     222299          0          0          0          0          0          0          0          0          0          0          0          0          0          0          0          0          0          0          0          0          0          0          0 IR-PCI-MSIX-0000:c3:00.0    8-edge      mlx5_comp7@pci:0000:c3:00.0
@ 245563.65
     rx_buff_alloc_err: 0
     rx_congst_umr: 0
     rx_out_of_buffer: 3968719374
     rx_packets_phy: 76116174327
     ch7_events: 341777525
     ch7_poll: 803926505
     ch7_arm: 333717328
     ch7_aff_change: 42801530
     ch7_force_irq: 0
     ch7_eq_rearm: 0
     rx7_packets: 12428328737
     rx7_bytes: 1855149274408
     rx7_csum_unnecessary: 6484
     rx7_csum_none: 0
     rx7_xdp_drop: 0
     rx7_xdp_redirect: 0
     rx7_gro_packets: 0
     rx7_gro_bytes: 0
     rx7_gro_skbs: 0
     rx7_gro_large_hds: 0
 312:          0          0          0          0          0          0          0    2594141  316873090   19128440          0          0          0          0          0      22171          0          0          0          0          0          0          0          0          0          0          0          0          0          0          0          0          0          0          0          0          0          0          0          0     222299          0          0          0          0          0          0          0          0          0          0          0          0          0          0          0          0          0          0          0          0          0          0          0 IR-PCI-MSIX-0000:c3:00.0    8-edge      mlx5_comp7@pci:0000:c3:00.0
@ 245564.66
     rx_buff_alloc_err: 0
     rx_congst_umr: 0
     rx_out_of_buffer: 3968879115
     rx_packets_phy: 76116334040
     ch7_events: 341777525
     ch7_poll: 803926505
     ch7_arm: 333717328
     ch7_aff_change: 42801530
     ch7_force_irq: 0
     ch7_eq_rearm: 0
     rx7_packets: 12428328737
     rx7_bytes: 1855149274408
     rx7_csum_unnecessary: 6484
     rx7_csum_none: 0
     rx7_xdp_drop: 0
     rx7_xdp_redirect: 0
     rx7_gro_packets: 0
     rx7_gro_bytes: 0
     rx7_gro_skbs: 0
     rx7_gro_large_hds: 0
 312:          0          0          0          0          0          0          0    2594141  316873090   19128440          0          0          0          0          0      22171          0          0          0          0          0          0          0          0          0          0          0          0          0          0          0          0          0          0          0          0          0          0          0          0     222299          0          0          0          0          0          0          0          0          0          0          0          0          0          0          0          0          0          0          0          0          0          0          0 IR-PCI-MSIX-0000:c3:00.0    8-edge      mlx5_comp7@pci:0000:c3:00.0
@ 245565.67
     rx_buff_alloc_err: 0
     rx_congst_umr: 0
     rx_out_of_buffer: 3969038859
     rx_packets_phy: 76116493781
     ch7_events: 341777525
     ch7_poll: 803926505
     ch7_arm: 333717328
     ch7_aff_change: 42801530
     ch7_force_irq: 0
     ch7_eq_rearm: 0
     rx7_packets: 12428328737
     rx7_bytes: 1855149274408
     rx7_csum_unnecessary: 6484
     rx7_csum_none: 0
     rx7_xdp_drop: 0
     rx7_xdp_redirect: 0
     rx7_gro_packets: 0
     rx7_gro_bytes: 0
     rx7_gro_skbs: 0
     rx7_gro_large_hds: 0
 312:          0          0          0          0          0          0          0    2594141  316873090   19128440          0          0          0          0          0      22171          0          0          0          0          0          0          0          0          0          0          0          0          0          0          0          0          0          0          0          0          0          0          0          0     222299          0          0          0          0          0          0          0          0          0          0          0          0          0          0          0          0          0          0          0          0          0          0          0 IR-PCI-MSIX-0000:c3:00.0    8-edge      mlx5_comp7@pci:0000:c3:00.0
@ 245566.68
     rx_buff_alloc_err: 0
     rx_congst_umr: 0
     rx_out_of_buffer: 3969198539
     rx_packets_phy: 76116653526
     ch7_events: 341777525
     ch7_poll: 803926505
     ch7_arm: 333717328
     ch7_aff_change: 42801530
     ch7_force_irq: 0
     ch7_eq_rearm: 0
     rx7_packets: 12428328737
     rx7_bytes: 1855149274408
     rx7_csum_unnecessary: 6484
     rx7_csum_none: 0
     rx7_xdp_drop: 0
     rx7_xdp_redirect: 0
     rx7_gro_packets: 0
     rx7_gro_bytes: 0
     rx7_gro_skbs: 0
     rx7_gro_large_hds: 0
 312:          0          0          0          0          0          0          0    2594141  316873090   19128440          0          0          0          0          0      22171          0          0          0          0          0          0          0          0          0          0          0          0          0          0          0          0          0          0          0          0          0          0          0          0     222299          0          0          0          0          0          0          0          0          0          0          0          0          0          0          0          0          0          0          0          0          0          0          0 IR-PCI-MSIX-0000:c3:00.0    8-edge      mlx5_comp7@pci:0000:c3:00.0
@ 245567.69
     rx_buff_alloc_err: 0
     rx_congst_umr: 0
     rx_out_of_buffer: 3969358284
     rx_packets_phy: 76116813248
     ch7_events: 341777525
     ch7_poll: 803926505
     ch7_arm: 333717328
     ch7_aff_change: 42801530
     ch7_force_irq: 0
     ch7_eq_rearm: 0
     rx7_packets: 12428328737
     rx7_bytes: 1855149274408
     rx7_csum_unnecessary: 6484
     rx7_csum_none: 0
     rx7_xdp_drop: 0
     rx7_xdp_redirect: 0
     rx7_gro_packets: 0
     rx7_gro_bytes: 0
     rx7_gro_skbs: 0
     rx7_gro_large_hds: 0
 312:          0          0          0          0          0          0          0    2594141  316873090   19128440          0          0          0          0          0      22171          0          0          0          0          0          0          0          0          0          0          0          0          0          0          0          0          0          0          0          0          0          0          0          0     222299          0          0          0          0          0          0          0          0          0          0          0          0          0          0          0          0          0          0          0          0          0          0          0 IR-PCI-MSIX-0000:c3:00.0    8-edge      mlx5_comp7@pci:0000:c3:00.0
@ 245568.70
     rx_buff_alloc_err: 0
     rx_congst_umr: 0
     rx_out_of_buffer: 3969517964
     rx_packets_phy: 76116972911
     ch7_events: 341777525
     ch7_poll: 803926505
     ch7_arm: 333717328
     ch7_aff_change: 42801530
     ch7_force_irq: 0
     ch7_eq_rearm: 0
     rx7_packets: 12428328737
     rx7_bytes: 1855149274408
     rx7_csum_unnecessary: 6484
     rx7_csum_none: 0
     rx7_xdp_drop: 0
     rx7_xdp_redirect: 0
     rx7_gro_packets: 0
     rx7_gro_bytes: 0
     rx7_gro_skbs: 0
     rx7_gro_large_hds: 0
 312:          0          0          0          0          0          0          0    2594141  316873090   19128440          0          0          0          0          0      22171          0          0          0          0          0          0          0          0          0          0          0          0          0          0          0          0          0          0          0          0          0          0          0          0     222299          0          0          0          0          0          0          0          0          0          0          0          0          0          0          0          0          0          0          0          0          0          0          0 IR-PCI-MSIX-0000:c3:00.0    8-edge      mlx5_comp7@pci:0000:c3:00.0
@ 245569.72
     rx_buff_alloc_err: 0
     rx_congst_umr: 0
     rx_out_of_buffer: 3969677659
     rx_packets_phy: 76117132667
     ch7_events: 341777525
     ch7_poll: 803926505
     ch7_arm: 333717328
     ch7_aff_change: 42801530
     ch7_force_irq: 0
     ch7_eq_rearm: 0
     rx7_packets: 12428328737
     rx7_bytes: 1855149274408
     rx7_csum_unnecessary: 6484
     rx7_csum_none: 0
     rx7_xdp_drop: 0
     rx7_xdp_redirect: 0
     rx7_gro_packets: 0
     rx7_gro_bytes: 0
     rx7_gro_skbs: 0
     rx7_gro_large_hds: 0
 312:          0          0          0          0          0          0          0    2594141  316873090   19128440          0          0          0          0          0      22171          0          0          0          0          0          0          0          0          0          0          0          0          0          0          0          0          0          0          0          0          0          0          0          0     222299          0          0          0          0          0          0          0          0          0          0          0          0          0          0          0          0          0          0          0          0          0          0          0 IR-PCI-MSIX-0000:c3:00.0    8-edge      mlx5_comp7@pci:0000:c3:00.0
@ 245570.73
     rx_buff_alloc_err: 0
     rx_congst_umr: 0
     rx_out_of_buffer: 3969837390
     rx_packets_phy: 76117292378
     ch7_events: 341777525
     ch7_poll: 803926505
     ch7_arm: 333717328
     ch7_aff_change: 42801530
     ch7_force_irq: 0
     ch7_eq_rearm: 0
     rx7_packets: 12428328737
     rx7_bytes: 1855149274408
     rx7_csum_unnecessary: 6484
     rx7_csum_none: 0
     rx7_xdp_drop: 0
     rx7_xdp_redirect: 0
     rx7_gro_packets: 0
     rx7_gro_bytes: 0
     rx7_gro_skbs: 0
     rx7_gro_large_hds: 0
 312:          0          0          0          0          0          0          0    2594141  316873090   19128440          0          0          0          0          0      22171          0          0          0          0          0          0          0          0          0          0          0          0          0          0          0          0          0          0          0          0          0          0          0          0     222299          0          0          0          0          0          0          0          0          0          0          0          0          0          0          0          0          0          0          0          0          0          0          0 IR-PCI-MSIX-0000:c3:00.0    8-edge      mlx5_comp7@pci:0000:c3:00.0
@ 245571.74
     rx_buff_alloc_err: 0
     rx_congst_umr: 0
     rx_out_of_buffer: 3969997117
     rx_packets_phy: 76117452109
     ch7_events: 341777525
     ch7_poll: 803926505
     ch7_arm: 333717328
     ch7_aff_change: 42801530
     ch7_force_irq: 0
     ch7_eq_rearm: 0
     rx7_packets: 12428328737
     rx7_bytes: 1855149274408
     rx7_csum_unnecessary: 6484
     rx7_csum_none: 0
     rx7_xdp_drop: 0
     rx7_xdp_redirect: 0
     rx7_gro_packets: 0
     rx7_gro_bytes: 0
     rx7_gro_skbs: 0
     rx7_gro_large_hds: 0
 312:          0          0          0          0          0          0          0    2594141  316873090   19128440          0          0          0          0          0      22171          0          0          0          0          0          0          0          0          0          0          0          0          0          0          0          0          0          0          0          0          0          0          0          0     222299          0          0          0          0          0          0          0          0          0          0          0          0          0          0          0          0          0          0          0          0          0          0          0 IR-PCI-MSIX-0000:c3:00.0    8-edge      mlx5_comp7@pci:0000:c3:00.0
@ 245572.75
     rx_buff_alloc_err: 0
     rx_congst_umr: 0
     rx_out_of_buffer: 3970087824
     rx_packets_phy: 76117542909
     ch7_events: 341777525
     ch7_poll: 803926505
     ch7_arm: 333717328
     ch7_aff_change: 42801530
     ch7_force_irq: 0
     ch7_eq_rearm: 0
     rx7_packets: 12428328737
     rx7_bytes: 1855149274408
     rx7_csum_unnecessary: 6484
     rx7_csum_none: 0
     rx7_xdp_drop: 0
     rx7_xdp_redirect: 0
     rx7_gro_packets: 0
     rx7_gro_bytes: 0
     rx7_gro_skbs: 0
     rx7_gro_large_hds: 0
 312:          0          0          0          0          0          0          0    2594141  316873090   19128440          0          0          0          0          0      22171          0          0          0          0          0          0          0          0          0          0          0          0          0          0          0          0          0          0          0          0          0          0          0          0     222299          0          0          0          0          0          0          0          0          0          0          0          0          0          0          0          0          0          0          0          0          0          0          0 IR-PCI-MSIX-0000:c3:00.0    8-edge      mlx5_comp7@pci:0000:c3:00.0
@ 245573.76
     rx_buff_alloc_err: 0
     rx_congst_umr: 0
     rx_out_of_buffer: 3970087825
     rx_packets_phy: 76117542961
     ch7_events: 341777525
     ch7_poll: 803926505
     ch7_arm: 333717328
     ch7_aff_change: 42801530
     ch7_force_irq: 0
     ch7_eq_rearm: 0
     rx7_packets: 12428328737
     rx7_bytes: 1855149274408
     rx7_csum_unnecessary: 6484
     rx7_csum_none: 0
     rx7_xdp_drop: 0
     rx7_xdp_redirect: 0
     rx7_gro_packets: 0
     rx7_gro_bytes: 0
     rx7_gro_skbs: 0
     rx7_gro_large_hds: 0
 312:          0          0          0          0          0          0          0    2594141  316873090   19128440          0          0          0          0          0      22171          0          0          0          0          0          0          0          0          0          0          0          0          0          0          0          0          0          0          0          0          0          0          0          0     222299          0          0          0          0          0          0          0          0          0          0          0          0          0          0          0          0          0          0          0          0          0          0          0 IR-PCI-MSIX-0000:c3:00.0    8-edge      mlx5_comp7@pci:0000:c3:00.0
@ 245574.77
     rx_buff_alloc_err: 0
     rx_congst_umr: 0
     rx_out_of_buffer: 3970087826
     rx_packets_phy: 76117543007
     ch7_events: 341777525
     ch7_poll: 803926505
     ch7_arm: 333717328
     ch7_aff_change: 42801530
     ch7_force_irq: 0
     ch7_eq_rearm: 0
     rx7_packets: 12428328737
     rx7_bytes: 1855149274408
     rx7_csum_unnecessary: 6484
     rx7_csum_none: 0
     rx7_xdp_drop: 0
     rx7_xdp_redirect: 0
     rx7_gro_packets: 0
     rx7_gro_bytes: 0
     rx7_gro_skbs: 0
     rx7_gro_large_hds: 0
 312:          0          0          0          0          0          0          0    2594141  316873090   19128440          0          0          0          0          0      22171          0          0          0          0          0          0          0          0          0          0          0          0          0          0          0          0          0          0          0          0          0          0          0          0     222299          0          0          0          0          0          0          0          0          0          0          0          0          0          0          0          0          0          0          0          0          0          0          0 IR-PCI-MSIX-0000:c3:00.0    8-edge      mlx5_comp7@pci:0000:c3:00.0
@ 245575.78
     rx_buff_alloc_err: 0
     rx_congst_umr: 0
     rx_out_of_buffer: 3970087826
     rx_packets_phy: 76117543015
     ch7_events: 341777525
     ch7_poll: 803926505
     ch7_arm: 333717328
     ch7_aff_change: 42801530
     ch7_force_irq: 0
     ch7_eq_rearm: 0
     rx7_packets: 12428328737
     rx7_bytes: 1855149274408
     rx7_csum_unnecessary: 6484
     rx7_csum_none: 0
     rx7_xdp_drop: 0
     rx7_xdp_redirect: 0
     rx7_gro_packets: 0
     rx7_gro_bytes: 0
     rx7_gro_skbs: 0
     rx7_gro_large_hds: 0
 312:          0          0          0          0          0          0          0    2594141  316873090   19128440          0          0          0          0          0      22171          0          0          0          0          0          0          0          0          0          0          0          0          0          0          0          0          0          0          0          0          0          0          0          0     222299          0          0          0          0          0          0          0          0          0          0          0          0          0          0          0          0          0          0          0          0          0          0          0 IR-PCI-MSIX-0000:c3:00.0    8-edge      mlx5_comp7@pci:0000:c3:00.0
@ 245576.79
     rx_buff_alloc_err: 0
     rx_congst_umr: 0
     rx_out_of_buffer: 3970087827
     rx_packets_phy: 76117543031
     ch7_events: 341777525
     ch7_poll: 803926505
     ch7_arm: 333717328
     ch7_aff_change: 42801530
     ch7_force_irq: 0
     ch7_eq_rearm: 0
     rx7_packets: 12428328737
     rx7_bytes: 1855149274408
     rx7_csum_unnecessary: 6484
     rx7_csum_none: 0
     rx7_xdp_drop: 0
     rx7_xdp_redirect: 0
     rx7_gro_packets: 0
     rx7_gro_bytes: 0
     rx7_gro_skbs: 0
     rx7_gro_large_hds: 0
 312:          0          0          0          0          0          0          0    2594141  316873090   19128440          0          0          0          0          0      22171          0          0          0          0          0          0          0          0          0          0          0          0          0          0          0          0          0          0          0          0          0          0          0          0     222299          0          0          0          0          0          0          0          0          0          0          0          0          0          0          0          0          0          0          0          0          0          0          0 IR-PCI-MSIX-0000:c3:00.0    8-edge      mlx5_comp7@pci:0000:c3:00.0
@ 245577.80
     rx_buff_alloc_err: 0
     rx_congst_umr: 0
     rx_out_of_buffer: 3970087827
     rx_packets_phy: 76117543035
     ch7_events: 341777525
     ch7_poll: 803926505
     ch7_arm: 333717328
     ch7_aff_change: 42801530
     ch7_force_irq: 0
     ch7_eq_rearm: 0
     rx7_packets: 12428328737
     rx7_bytes: 1855149274408
     rx7_csum_unnecessary: 6484
     rx7_csum_none: 0
     rx7_xdp_drop: 0
     rx7_xdp_redirect: 0
     rx7_gro_packets: 0
     rx7_gro_bytes: 0
     rx7_gro_skbs: 0
     rx7_gro_large_hds: 0
 312:          0          0          0          0          0          0          0    2594141  316873090   19128440          0          0          0          0          0      22171          0          0          0          0          0          0          0          0          0          0          0          0          0          0          0          0          0          0          0          0          0          0          0          0     222299          0          0          0          0          0          0          0          0          0          0          0          0          0          0          0          0          0          0          0          0          0          0          0 IR-PCI-MSIX-0000:c3:00.0    8-edge      mlx5_comp7@pci:0000:c3:00.0
@ 245578.81
     rx_buff_alloc_err: 0
     rx_congst_umr: 0
     rx_out_of_buffer: 3970087827
     rx_packets_phy: 76117543042
     ch7_events: 341777525
     ch7_poll: 803926505
     ch7_arm: 333717328
     ch7_aff_change: 42801530
     ch7_force_irq: 0
     ch7_eq_rearm: 0
     rx7_packets: 12428328737
     rx7_bytes: 1855149274408
     rx7_csum_unnecessary: 6484
     rx7_csum_none: 0
     rx7_xdp_drop: 0
     rx7_xdp_redirect: 0
     rx7_gro_packets: 0
     rx7_gro_bytes: 0
     rx7_gro_skbs: 0
     rx7_gro_large_hds: 0
 312:          0          0          0          0          0          0          0    2594141  316873090   19128440          0          0          0          0          0      22171          0          0          0          0          0          0          0          0          0          0          0          0          0          0          0          0          0          0          0          0          0          0          0          0     222299          0          0          0          0          0          0          0          0          0          0          0          0          0          0          0          0          0          0          0          0          0          0          0 IR-PCI-MSIX-0000:c3:00.0    8-edge      mlx5_comp7@pci:0000:c3:00.0
@ 245579.82
     rx_buff_alloc_err: 0
     rx_congst_umr: 0
     rx_out_of_buffer: 3970087827
     rx_packets_phy: 76117543051
     ch7_events: 341777525
     ch7_poll: 803926505
     ch7_arm: 333717328
     ch7_aff_change: 42801530
     ch7_force_irq: 0
     ch7_eq_rearm: 0
     rx7_packets: 12428328737
     rx7_bytes: 1855149274408
     rx7_csum_unnecessary: 6484
     rx7_csum_none: 0
     rx7_xdp_drop: 0
     rx7_xdp_redirect: 0
     rx7_gro_packets: 0
     rx7_gro_bytes: 0
     rx7_gro_skbs: 0
     rx7_gro_large_hds: 0
 312:          0          0          0          0          0          0          0    2594141  316873090   19128440          0          0          0          0          0      22171          0          0          0          0          0          0          0          0          0          0          0          0          0          0          0          0          0          0          0          0          0          0          0          0     222299          0          0          0          0          0          0          0          0          0          0          0          0          0          0          0          0          0          0          0          0          0          0          0 IR-PCI-MSIX-0000:c3:00.0    8-edge      mlx5_comp7@pci:0000:c3:00.0
@ 245580.84
     rx_buff_alloc_err: 0
     rx_congst_umr: 0
     rx_out_of_buffer: 3970087828
     rx_packets_phy: 76117543057
     ch7_events: 341777525
     ch7_poll: 803926505
     ch7_arm: 333717328
     ch7_aff_change: 42801530
     ch7_force_irq: 0
     ch7_eq_rearm: 0
     rx7_packets: 12428328737
     rx7_bytes: 1855149274408
     rx7_csum_unnecessary: 6484
     rx7_csum_none: 0
     rx7_xdp_drop: 0
     rx7_xdp_redirect: 0
     rx7_gro_packets: 0
     rx7_gro_bytes: 0
     rx7_gro_skbs: 0
     rx7_gro_large_hds: 0
 312:          0          0          0          0          0          0          0    2594141  316873090   19128440          0          0          0          0          0      22171          0          0          0          0          0          0          0          0          0          0          0          0          0          0          0          0          0          0          0          0          0          0          0          0     222299          0          0          0          0          0          0          0          0          0          0          0          0          0          0          0          0          0          0          0          0          0          0          0 IR-PCI-MSIX-0000:c3:00.0    8-edge      mlx5_comp7@pci:0000:c3:00.0
@ 245581.85
     rx_buff_alloc_err: 0
     rx_congst_umr: 0
     rx_out_of_buffer: 3970087828
     rx_packets_phy: 76117543070
     ch7_events: 341777525
     ch7_poll: 803926505
     ch7_arm: 333717328
     ch7_aff_change: 42801530
     ch7_force_irq: 0
     ch7_eq_rearm: 0
     rx7_packets: 12428328737
     rx7_bytes: 1855149274408
     rx7_csum_unnecessary: 6484
     rx7_csum_none: 0
     rx7_xdp_drop: 0
     rx7_xdp_redirect: 0
     rx7_gro_packets: 0
     rx7_gro_bytes: 0
     rx7_gro_skbs: 0
     rx7_gro_large_hds: 0
 312:          0          0          0          0          0          0          0    2594141  316873090   19128440          0          0          0          0          0      22171          0          0          0          0          0          0          0          0          0          0          0          0          0          0          0          0          0          0          0          0          0          0          0          0     222299          0          0          0          0          0          0          0          0          0          0          0          0          0          0          0          0          0          0          0          0          0          0          0 IR-PCI-MSIX-0000:c3:00.0    8-edge      mlx5_comp7@pci:0000:c3:00.0
@ 245582.86
     rx_buff_alloc_err: 0
     rx_congst_umr: 0
     rx_out_of_buffer: 3970087828
     rx_packets_phy: 76117543077
     ch7_events: 341777525
     ch7_poll: 803926505
     ch7_arm: 333717328
     ch7_aff_change: 42801530
     ch7_force_irq: 0
     ch7_eq_rearm: 0
     rx7_packets: 12428328737
     rx7_bytes: 1855149274408
     rx7_csum_unnecessary: 6484
     rx7_csum_none: 0
     rx7_xdp_drop: 0
     rx7_xdp_redirect: 0
     rx7_gro_packets: 0
     rx7_gro_bytes: 0
     rx7_gro_skbs: 0
     rx7_gro_large_hds: 0
 312:          0          0          0          0          0          0          0    2594141  316873090   19128440          0          0          0          0          0      22171          0          0          0          0          0          0          0          0          0          0          0          0          0          0          0          0          0          0          0          0          0          0          0          0     222299          0          0          0          0          0          0          0          0          0          0          0          0          0          0          0          0          0          0          0          0          0          0          0 IR-PCI-MSIX-0000:c3:00.0    8-edge      mlx5_comp7@pci:0000:c3:00.0
@ 245583.87
     rx_buff_alloc_err: 0
     rx_congst_umr: 0
     rx_out_of_buffer: 3970087828
     rx_packets_phy: 76117543084
     ch7_events: 341777525
     ch7_poll: 803926505
     ch7_arm: 333717328
     ch7_aff_change: 42801530
     ch7_force_irq: 0
     ch7_eq_rearm: 0
     rx7_packets: 12428328737
     rx7_bytes: 1855149274408
     rx7_csum_unnecessary: 6484
     rx7_csum_none: 0
     rx7_xdp_drop: 0
     rx7_xdp_redirect: 0
     rx7_gro_packets: 0
     rx7_gro_bytes: 0
     rx7_gro_skbs: 0
     rx7_gro_large_hds: 0
 312:          0          0          0          0          0          0          0    2594141  316873090   19128440          0          0          0          0          0      22171          0          0          0          0          0          0          0          0          0          0          0          0          0          0          0          0          0          0          0          0          0          0          0          0     222299          0          0          0          0          0          0          0          0          0          0          0          0          0          0          0          0          0          0          0          0          0          0          0 IR-PCI-MSIX-0000:c3:00.0    8-edge      mlx5_comp7@pci:0000:c3:00.0
@ 245584.88
     rx_buff_alloc_err: 0
     rx_congst_umr: 0
     rx_out_of_buffer: 3970087829
     rx_packets_phy: 76117543095
     ch7_events: 341777525
     ch7_poll: 803926505
     ch7_arm: 333717328
     ch7_aff_change: 42801530
     ch7_force_irq: 0
     ch7_eq_rearm: 0
     rx7_packets: 12428328737
     rx7_bytes: 1855149274408
     rx7_csum_unnecessary: 6484
     rx7_csum_none: 0
     rx7_xdp_drop: 0
     rx7_xdp_redirect: 0
     rx7_gro_packets: 0
     rx7_gro_bytes: 0
     rx7_gro_skbs: 0
     rx7_gro_large_hds: 0
 312:          0          0          0          0          0          0          0    2594141  316873090   19128440          0          0          0          0          0      22171          0          0          0          0          0          0          0          0          0          0          0          0          0          0          0          0          0          0          0          0          0          0          0          0     222299          0          0          0          0          0          0          0          0          0          0          0          0          0          0          0          0          0          0          0          0          0          0          0 IR-PCI-MSIX-0000:c3:00.0    8-edge      mlx5_comp7@pci:0000:c3:00.0
@ 245585.89
     rx_buff_alloc_err: 0
     rx_congst_umr: 0
     rx_out_of_buffer: 3970087829
     rx_packets_phy: 76117543099
     ch7_events: 341777525
     ch7_poll: 803926505
     ch7_arm: 333717328
     ch7_aff_change: 42801530
     ch7_force_irq: 0
     ch7_eq_rearm: 0
     rx7_packets: 12428328737
     rx7_bytes: 1855149274408
     rx7_csum_unnecessary: 6484
     rx7_csum_none: 0
     rx7_xdp_drop: 0
     rx7_xdp_redirect: 0
     rx7_gro_packets: 0
     rx7_gro_bytes: 0
     rx7_gro_skbs: 0
     rx7_gro_large_hds: 0
 312:          0          0          0          0          0          0          0    2594141  316873090   19128440          0          0          0          0          0      22171          0          0          0          0          0          0          0          0          0          0          0          0          0          0          0          0          0          0          0          0          0          0          0          0     222299          0          0          0          0          0          0          0          0          0          0          0          0          0          0          0          0          0          0          0          0          0          0          0 IR-PCI-MSIX-0000:c3:00.0    8-edge      mlx5_comp7@pci:0000:c3:00.0
@ 245586.90
     rx_buff_alloc_err: 0
     rx_congst_umr: 0
     rx_out_of_buffer: 3970087829
     rx_packets_phy: 76117543109
     ch7_events: 341777525
     ch7_poll: 803926505
     ch7_arm: 333717328
     ch7_aff_change: 42801530
     ch7_force_irq: 0
     ch7_eq_rearm: 0
     rx7_packets: 12428328737
     rx7_bytes: 1855149274408
     rx7_csum_unnecessary: 6484
     rx7_csum_none: 0
     rx7_xdp_drop: 0
     rx7_xdp_redirect: 0
     rx7_gro_packets: 0
     rx7_gro_bytes: 0
     rx7_gro_skbs: 0
     rx7_gro_large_hds: 0
 312:          0          0          0          0          0          0          0    2594141  316873090   19128440          0          0          0          0          0      22171          0          0          0          0          0          0          0          0          0          0          0          0          0          0          0          0          0          0          0          0          0          0          0          0     222299          0          0          0          0          0          0          0          0          0          0          0          0          0          0          0          0          0          0          0          0          0          0          0 IR-PCI-MSIX-0000:c3:00.0    8-edge      mlx5_comp7@pci:0000:c3:00.0
@ 245587.91
     rx_buff_alloc_err: 0
     rx_congst_umr: 0
     rx_out_of_buffer: 3970087829
     rx_packets_phy: 76117543115
     ch7_events: 341777525
     ch7_poll: 803926505
     ch7_arm: 333717328
     ch7_aff_change: 42801530
     ch7_force_irq: 0
     ch7_eq_rearm: 0
     rx7_packets: 12428328737
     rx7_bytes: 1855149274408
     rx7_csum_unnecessary: 6484
     rx7_csum_none: 0
     rx7_xdp_drop: 0
     rx7_xdp_redirect: 0
     rx7_gro_packets: 0
     rx7_gro_bytes: 0
     rx7_gro_skbs: 0
     rx7_gro_large_hds: 0
 312:          0          0          0          0          0          0          0    2594141  316873090   19128440          0          0          0          0          0      22171          0          0          0          0          0          0          0          0          0          0          0          0          0          0          0          0          0          0          0          0          0          0          0          0     222299          0          0          0          0          0          0          0          0          0          0          0          0          0          0          0          0          0          0          0          0          0          0          0 IR-PCI-MSIX-0000:c3:00.0    8-edge      mlx5_comp7@pci:0000:c3:00.0
@ 245588.92
     rx_buff_alloc_err: 0
     rx_congst_umr: 0
     rx_out_of_buffer: 3970087830
     rx_packets_phy: 76117543122
     ch7_events: 341777525
     ch7_poll: 803926505
     ch7_arm: 333717328
     ch7_aff_change: 42801530
     ch7_force_irq: 0
     ch7_eq_rearm: 0
     rx7_packets: 12428328737
     rx7_bytes: 1855149274408
     rx7_csum_unnecessary: 6484
     rx7_csum_none: 0
     rx7_xdp_drop: 0
     rx7_xdp_redirect: 0
     rx7_gro_packets: 0
     rx7_gro_bytes: 0
     rx7_gro_skbs: 0
     rx7_gro_large_hds: 0
 312:          0          0          0          0          0          0          0    2594141  316873090   19128440          0          0          0          0          0      22171          0          0          0          0          0          0          0          0          0          0          0          0          0          0          0          0          0          0          0          0          0          0          0          0     222299          0          0          0          0          0          0          0          0          0          0          0          0          0          0          0          0          0          0          0          0          0          0          0 IR-PCI-MSIX-0000:c3:00.0    8-edge      mlx5_comp7@pci:0000:c3:00.0
@ 245589.93
     rx_buff_alloc_err: 0
     rx_congst_umr: 0
     rx_out_of_buffer: 3970087830
     rx_packets_phy: 76117543134
     ch7_events: 341777525
     ch7_poll: 803926505
     ch7_arm: 333717328
     ch7_aff_change: 42801530
     ch7_force_irq: 0
     ch7_eq_rearm: 0
     rx7_packets: 12428328737
     rx7_bytes: 1855149274408
     rx7_csum_unnecessary: 6484
     rx7_csum_none: 0
     rx7_xdp_drop: 0
     rx7_xdp_redirect: 0
     rx7_gro_packets: 0
     rx7_gro_bytes: 0
     rx7_gro_skbs: 0
     rx7_gro_large_hds: 0
 312:          0          0          0          0          0          0          0    2594141  316873090   19128440          0          0          0          0          0      22171          0          0          0          0          0          0          0          0          0          0          0          0          0          0          0          0          0          0          0          0          0          0          0          0     222299          0          0          0          0          0          0          0          0          0          0          0          0          0          0          0          0          0          0          0          0          0          0          0 IR-PCI-MSIX-0000:c3:00.0    8-edge      mlx5_comp7@pci:0000:c3:00.0
@ 245590.95
     rx_buff_alloc_err: 0
     rx_congst_umr: 0
     rx_out_of_buffer: 3970087830
     rx_packets_phy: 76117543143
     ch7_events: 341777525
     ch7_poll: 803926505
     ch7_arm: 333717328
     ch7_aff_change: 42801530
     ch7_force_irq: 0
     ch7_eq_rearm: 0
     rx7_packets: 12428328737
     rx7_bytes: 1855149274408
     rx7_csum_unnecessary: 6484
     rx7_csum_none: 0
     rx7_xdp_drop: 0
     rx7_xdp_redirect: 0
     rx7_gro_packets: 0
     rx7_gro_bytes: 0
     rx7_gro_skbs: 0
     rx7_gro_large_hds: 0
 312:          0          0          0          0          0          0          0    2594141  316873090   19128440          0          0          0          0          0      22171          0          0          0          0          0          0          0          0          0          0          0          0          0          0          0          0          0          0          0          0          0          0          0          0     222299          0          0          0          0          0          0          0          0          0          0          0          0          0          0          0          0          0          0          0          0          0          0          0 IR-PCI-MSIX-0000:c3:00.0    8-edge      mlx5_comp7@pci:0000:c3:00.0
@ 245591.96
     rx_buff_alloc_err: 0
     rx_congst_umr: 0
     rx_out_of_buffer: 3970087830
     rx_packets_phy: 76117543154
     ch7_events: 341777525
     ch7_poll: 803926505
     ch7_arm: 333717328
     ch7_aff_change: 42801530
     ch7_force_irq: 0
     ch7_eq_rearm: 0
     rx7_packets: 12428328737
     rx7_bytes: 1855149274408
     rx7_csum_unnecessary: 6484
     rx7_csum_none: 0
     rx7_xdp_drop: 0
     rx7_xdp_redirect: 0
     rx7_gro_packets: 0
     rx7_gro_bytes: 0
     rx7_gro_skbs: 0
     rx7_gro_large_hds: 0
 312:          0          0          0          0          0          0          0    2594141  316873090   19128440          0          0          0          0          0      22171          0          0          0          0          0          0          0          0          0          0          0          0          0          0          0          0          0          0          0          0          0          0          0          0     222299          0          0          0          0          0          0          0          0          0          0          0          0          0          0          0          0          0          0          0          0          0          0          0 IR-PCI-MSIX-0000:c3:00.0    8-edge      mlx5_comp7@pci:0000:c3:00.0
@ 245592.97
     rx_buff_alloc_err: 0
     rx_congst_umr: 0
     rx_out_of_buffer: 3970087830
     rx_packets_phy: 76117543161
     ch7_events: 341777525
     ch7_poll: 803926505
     ch7_arm: 333717328
     ch7_aff_change: 42801530
     ch7_force_irq: 0
     ch7_eq_rearm: 0
     rx7_packets: 12428328737
     rx7_bytes: 1855149274408
     rx7_csum_unnecessary: 6484
     rx7_csum_none: 0
     rx7_xdp_drop: 0
     rx7_xdp_redirect: 0
     rx7_gro_packets: 0
     rx7_gro_bytes: 0
     rx7_gro_skbs: 0
     rx7_gro_large_hds: 0
 312:          0          0          0          0          0          0          0    2594141  316873090   19128440          0          0          0          0          0      22171          0          0          0          0          0          0          0          0          0          0          0          0          0          0          0          0          0          0          0          0          0          0          0          0     222299          0          0          0          0          0          0          0          0          0          0          0          0          0          0          0          0          0          0          0          0          0          0          0 IR-PCI-MSIX-0000:c3:00.0    8-edge      mlx5_comp7@pci:0000:c3:00.0
@ 245593.98
     rx_buff_alloc_err: 0
     rx_congst_umr: 0
     rx_out_of_buffer: 3970087830
     rx_packets_phy: 76117543166
     ch7_events: 341777525
     ch7_poll: 803926505
     ch7_arm: 333717328
     ch7_aff_change: 42801530
     ch7_force_irq: 0
     ch7_eq_rearm: 0
     rx7_packets: 12428328737
     rx7_bytes: 1855149274408
     rx7_csum_unnecessary: 6484
     rx7_csum_none: 0
     rx7_xdp_drop: 0
     rx7_xdp_redirect: 0
     rx7_gro_packets: 0
     rx7_gro_bytes: 0
     rx7_gro_skbs: 0
     rx7_gro_large_hds: 0
 312:          0          0          0          0          0          0          0    2594141  316873090   19128440          0          0          0          0          0      22171          0          0          0          0          0          0          0          0          0          0          0          0          0          0          0          0          0          0          0          0          0          0          0          0     222299          0          0          0          0          0          0          0          0          0          0          0          0          0          0          0          0          0          0          0          0          0          0          0 IR-PCI-MSIX-0000:c3:00.0    8-edge      mlx5_comp7@pci:0000:c3:00.0
@ 245594.99
     rx_buff_alloc_err: 0
     rx_congst_umr: 0
     rx_out_of_buffer: 3970091478
     rx_packets_phy: 76117546849
     ch7_events: 341777525
     ch7_poll: 803926505
     ch7_arm: 333717328
     ch7_aff_change: 42801530
     ch7_force_irq: 0
     ch7_eq_rearm: 0
     rx7_packets: 12428328737
     rx7_bytes: 1855149274408
     rx7_csum_unnecessary: 6484
     rx7_csum_none: 0
     rx7_xdp_drop: 0
     rx7_xdp_redirect: 0
     rx7_gro_packets: 0
     rx7_gro_bytes: 0
     rx7_gro_skbs: 0
     rx7_gro_large_hds: 0
 312:          0          0          0          0          0          0          0    2594141  316873090   19128440          0          0          0          0          0      22171          0          0          0          0          0          0          0          0          0          0          0          0          0          0          0          0          0          0          0          0          0          0          0          0     222299          0          0          0          0          0          0          0          0          0          0          0          0          0          0          0          0          0          0          0          0          0          0          0 IR-PCI-MSIX-0000:c3:00.0    8-edge      mlx5_comp7@pci:0000:c3:00.0
@ 245596.00
     rx_buff_alloc_err: 0
     rx_congst_umr: 0
     rx_out_of_buffer: 3970101590
     rx_packets_phy: 76117556964
     ch7_events: 341777525
     ch7_poll: 803926505
     ch7_arm: 333717328
     ch7_aff_change: 42801530
     ch7_force_irq: 0
     ch7_eq_rearm: 0
     rx7_packets: 12428328737
     rx7_bytes: 1855149274408
     rx7_csum_unnecessary: 6484
     rx7_csum_none: 0
     rx7_xdp_drop: 0
     rx7_xdp_redirect: 0
     rx7_gro_packets: 0
     rx7_gro_bytes: 0
     rx7_gro_skbs: 0
     rx7_gro_large_hds: 0
 312:          0          0          0          0          0          0          0    2594141  316873090   19128440          0          0          0          0          0      22171          0          0          0          0          0          0          0          0          0          0          0          0          0          0          0          0          0          0          0          0          0          0          0          0     222299          0          0          0          0          0          0          0          0          0          0          0          0          0          0          0          0          0          0          0          0          0          0          0 IR-PCI-MSIX-0000:c3:00.0    8-edge      mlx5_comp7@pci:0000:c3:00.0
@ 245597.01
     rx_buff_alloc_err: 0
     rx_congst_umr: 0
     rx_out_of_buffer: 3970111702
     rx_packets_phy: 76117567091
     ch7_events: 341777525
     ch7_poll: 803926505
     ch7_arm: 333717328
     ch7_aff_change: 42801530
     ch7_force_irq: 0
     ch7_eq_rearm: 0
     rx7_packets: 12428328737
     rx7_bytes: 1855149274408
     rx7_csum_unnecessary: 6484
     rx7_csum_none: 0
     rx7_xdp_drop: 0
     rx7_xdp_redirect: 0
     rx7_gro_packets: 0
     rx7_gro_bytes: 0
     rx7_gro_skbs: 0
     rx7_gro_large_hds: 0
 312:          0          0          0          0          0          0          0    2594141  316873090   19128440          0          0          0          0          0      22171          0          0          0          0          0          0          0          0          0          0          0          0          0          0          0          0          0          0          0          0          0          0          0          0     222299          0          0          0          0          0          0          0          0          0          0          0          0          0          0          0          0          0          0          0          0          0          0          0 IR-PCI-MSIX-0000:c3:00.0    8-edge      mlx5_comp7@pci:0000:c3:00.0
@ 245598.02
     rx_buff_alloc_err: 0
     rx_congst_umr: 0
     rx_out_of_buffer: 3970121814
     rx_packets_phy: 76117577207
     ch7_events: 341777525
     ch7_poll: 803926505
     ch7_arm: 333717328
     ch7_aff_change: 42801530
     ch7_force_irq: 0
     ch7_eq_rearm: 0
     rx7_packets: 12428328737
     rx7_bytes: 1855149274408
     rx7_csum_unnecessary: 6484
     rx7_csum_none: 0
     rx7_xdp_drop: 0
     rx7_xdp_redirect: 0
     rx7_gro_packets: 0
     rx7_gro_bytes: 0
     rx7_gro_skbs: 0
     rx7_gro_large_hds: 0
 312:          0          0          0          0          0          0          0    2594141  316873090   19128440          0          0          0          0          0      22171          0          0          0          0          0          0          0          0          0          0          0          0          0          0          0          0          0          0          0          0          0          0          0          0     222299          0          0          0          0          0          0          0          0          0          0          0          0          0          0          0          0          0          0          0          0          0          0          0 IR-PCI-MSIX-0000:c3:00.0    8-edge      mlx5_comp7@pci:0000:c3:00.0
@ 245599.03
     rx_buff_alloc_err: 0
     rx_congst_umr: 0
     rx_out_of_buffer: 3970131926
     rx_packets_phy: 76117587327
     ch7_events: 341777525
     ch7_poll: 803926505
     ch7_arm: 333717328
     ch7_aff_change: 42801530
     ch7_force_irq: 0
     ch7_eq_rearm: 0
     rx7_packets: 12428328737
     rx7_bytes: 1855149274408
     rx7_csum_unnecessary: 6484
     rx7_csum_none: 0
     rx7_xdp_drop: 0
     rx7_xdp_redirect: 0
     rx7_gro_packets: 0
     rx7_gro_bytes: 0
     rx7_gro_skbs: 0
     rx7_gro_large_hds: 0
 312:          0          0          0          0          0          0          0    2594141  316873090   19128440          0          0          0          0          0      22171          0          0          0          0          0          0          0          0          0          0          0          0          0          0          0          0          0          0          0          0          0          0          0          0     222299          0          0          0          0          0          0          0          0          0          0          0          0          0          0          0          0          0          0          0          0          0          0          0 IR-PCI-MSIX-0000:c3:00.0    8-edge      mlx5_comp7@pci:0000:c3:00.0
@ 245600.04
     rx_buff_alloc_err: 0
     rx_congst_umr: 0
     rx_out_of_buffer: 3970142038
     rx_packets_phy: 76117597451
     ch7_events: 341777525
     ch7_poll: 803926505
     ch7_arm: 333717328
     ch7_aff_change: 42801530
     ch7_force_irq: 0
     ch7_eq_rearm: 0
     rx7_packets: 12428328737
     rx7_bytes: 1855149274408
     rx7_csum_unnecessary: 6484
     rx7_csum_none: 0
     rx7_xdp_drop: 0
     rx7_xdp_redirect: 0
     rx7_gro_packets: 0
     rx7_gro_bytes: 0
     rx7_gro_skbs: 0
     rx7_gro_large_hds: 0
 312:          0          0          0          0          0          0          0    2594141  316873090   19128440          0          0          0          0          0      22171          0          0          0          0          0          0          0          0          0          0          0          0          0          0          0          0          0          0          0          0          0          0          0          0     222299          0          0          0          0          0          0          0          0          0          0          0          0          0          0          0          0          0          0          0          0          0          0          0 IR-PCI-MSIX-0000:c3:00.0    8-edge      mlx5_comp7@pci:0000:c3:00.0
@ 245601.05
     rx_buff_alloc_err: 0
     rx_congst_umr: 0
     rx_out_of_buffer: 3970152150
     rx_packets_phy: 76117607567
     ch7_events: 341777525
     ch7_poll: 803926505
     ch7_arm: 333717328
     ch7_aff_change: 42801530
     ch7_force_irq: 0
     ch7_eq_rearm: 0
     rx7_packets: 12428328737
     rx7_bytes: 1855149274408
     rx7_csum_unnecessary: 6484
     rx7_csum_none: 0
     rx7_xdp_drop: 0
     rx7_xdp_redirect: 0
     rx7_gro_packets: 0
     rx7_gro_bytes: 0
     rx7_gro_skbs: 0
     rx7_gro_large_hds: 0
 312:          0          0          0          0          0          0          0    2594141  316873090   19128440          0          0          0          0          0      22171          0          0          0          0          0          0          0          0          0          0          0          0          0          0          0          0          0          0          0          0          0          0          0          0     222299          0          0          0          0          0          0          0          0          0          0          0          0          0          0          0          0          0          0          0          0          0          0          0 IR-PCI-MSIX-0000:c3:00.0    8-edge      mlx5_comp7@pci:0000:c3:00.0
@ 245602.07
     rx_buff_alloc_err: 0
     rx_congst_umr: 0
     rx_out_of_buffer: 3970162262
     rx_packets_phy: 76117617690
     ch7_events: 341777525
     ch7_poll: 803926505
     ch7_arm: 333717328
     ch7_aff_change: 42801530
     ch7_force_irq: 0
     ch7_eq_rearm: 0
     rx7_packets: 12428328737
     rx7_bytes: 1855149274408
     rx7_csum_unnecessary: 6484
     rx7_csum_none: 0
     rx7_xdp_drop: 0
     rx7_xdp_redirect: 0
     rx7_gro_packets: 0
     rx7_gro_bytes: 0
     rx7_gro_skbs: 0
     rx7_gro_large_hds: 0
 312:          0          0          0          0          0          0          0    2594141  316873090   19128440          0          0          0          0          0      22171          0          0          0          0          0          0          0          0          0          0          0          0          0          0          0          0          0          0          0          0          0          0          0          0     222299          0          0          0          0          0          0          0          0          0          0          0          0          0          0          0          0          0          0          0          0          0          0          0 IR-PCI-MSIX-0000:c3:00.0    8-edge      mlx5_comp7@pci:0000:c3:00.0
@ 245603.08
     rx_buff_alloc_err: 0
     rx_congst_umr: 0
     rx_out_of_buffer: 3970172374
     rx_packets_phy: 76117627810
     ch7_events: 341777525
     ch7_poll: 803926505
     ch7_arm: 333717328
     ch7_aff_change: 42801530
     ch7_force_irq: 0
     ch7_eq_rearm: 0
     rx7_packets: 12428328737
     rx7_bytes: 1855149274408
     rx7_csum_unnecessary: 6484
     rx7_csum_none: 0
     rx7_xdp_drop: 0
     rx7_xdp_redirect: 0
     rx7_gro_packets: 0
     rx7_gro_bytes: 0
     rx7_gro_skbs: 0
     rx7_gro_large_hds: 0
 312:          0          0          0          0          0          0          0    2594141  316873090   19128440          0          0          0          0          0      22171          0          0          0          0          0          0          0          0          0          0          0          0          0          0          0          0          0          0          0          0          0          0          0          0     222299          0          0          0          0          0          0          0          0          0          0          0          0          0          0          0          0          0          0          0          0          0          0          0 IR-PCI-MSIX-0000:c3:00.0    8-edge      mlx5_comp7@pci:0000:c3:00.0
@ 245604.09
     rx_buff_alloc_err: 0
     rx_congst_umr: 0
     rx_out_of_buffer: 3970182486
     rx_packets_phy: 76117637931
     ch7_events: 341777525
     ch7_poll: 803926505
     ch7_arm: 333717328
     ch7_aff_change: 42801530
     ch7_force_irq: 0
     ch7_eq_rearm: 0
     rx7_packets: 12428328737
     rx7_bytes: 1855149274408
     rx7_csum_unnecessary: 6484
     rx7_csum_none: 0
     rx7_xdp_drop: 0
     rx7_xdp_redirect: 0
     rx7_gro_packets: 0
     rx7_gro_bytes: 0
     rx7_gro_skbs: 0
     rx7_gro_large_hds: 0
 312:          0          0          0          0          0          0          0    2594141  316873090   19128440          0          0          0          0          0      22171          0          0          0          0          0          0          0          0          0          0          0          0          0          0          0          0          0          0          0          0          0          0          0          0     222299          0          0          0          0          0          0          0          0          0          0          0          0          0          0          0          0          0          0          0          0          0          0          0 IR-PCI-MSIX-0000:c3:00.0    8-edge      mlx5_comp7@pci:0000:c3:00.0
@ 245605.10
     rx_buff_alloc_err: 0
     rx_congst_umr: 0
     rx_out_of_buffer: 3970192599
     rx_packets_phy: 76117648055
     ch7_events: 341777525
     ch7_poll: 803926505
     ch7_arm: 333717328
     ch7_aff_change: 42801530
     ch7_force_irq: 0
     ch7_eq_rearm: 0
     rx7_packets: 12428328737
     rx7_bytes: 1855149274408
     rx7_csum_unnecessary: 6484
     rx7_csum_none: 0
     rx7_xdp_drop: 0
     rx7_xdp_redirect: 0
     rx7_gro_packets: 0
     rx7_gro_bytes: 0
     rx7_gro_skbs: 0
     rx7_gro_large_hds: 0
 312:          0          0          0          0          0          0          0    2594141  316873090   19128440          0          0          0          0          0      22171          0          0          0          0          0          0          0          0          0          0          0          0          0          0          0          0          0          0          0          0          0          0          0          0     222299          0          0          0          0          0          0          0          0          0          0          0          0          0          0          0          0          0          0          0          0          0          0          0 IR-PCI-MSIX-0000:c3:00.0    8-edge      mlx5_comp7@pci:0000:c3:00.0
@ 245606.11
     rx_buff_alloc_err: 0
     rx_congst_umr: 0
     rx_out_of_buffer: 3970202711
     rx_packets_phy: 76117658173
     ch7_events: 341777525
     ch7_poll: 803926505
     ch7_arm: 333717328
     ch7_aff_change: 42801530
     ch7_force_irq: 0
     ch7_eq_rearm: 0
     rx7_packets: 12428328737
     rx7_bytes: 1855149274408
     rx7_csum_unnecessary: 6484
     rx7_csum_none: 0
     rx7_xdp_drop: 0
     rx7_xdp_redirect: 0
     rx7_gro_packets: 0
     rx7_gro_bytes: 0
     rx7_gro_skbs: 0
     rx7_gro_large_hds: 0
 312:          0          0          0          0          0          0          0    2594141  316873090   19128440          0          0          0          0          0      22171          0          0          0          0          0          0          0          0          0          0          0          0          0          0          0          0          0          0          0          0          0          0          0          0     222299          0          0          0          0          0          0          0          0          0          0          0          0          0          0          0          0          0          0          0          0          0          0          0 IR-PCI-MSIX-0000:c3:00.0    8-edge      mlx5_comp7@pci:0000:c3:00.0
@ 245607.12
     rx_buff_alloc_err: 0
     rx_congst_umr: 0
     rx_out_of_buffer: 3970212824
     rx_packets_phy: 76117668297
     ch7_events: 341777525
     ch7_poll: 803926505
     ch7_arm: 333717328
     ch7_aff_change: 42801530
     ch7_force_irq: 0
     ch7_eq_rearm: 0
     rx7_packets: 12428328737
     rx7_bytes: 1855149274408
     rx7_csum_unnecessary: 6484
     rx7_csum_none: 0
     rx7_xdp_drop: 0
     rx7_xdp_redirect: 0
     rx7_gro_packets: 0
     rx7_gro_bytes: 0
     rx7_gro_skbs: 0
     rx7_gro_large_hds: 0
 312:          0          0          0          0          0          0          0    2594141  316873090   19128440          0          0          0          0          0      22171          0          0          0          0          0          0          0          0          0          0          0          0          0          0          0          0          0          0          0          0          0          0          0          0     222299          0          0          0          0          0          0          0          0          0          0          0          0          0          0          0          0          0          0          0          0          0          0          0 IR-PCI-MSIX-0000:c3:00.0    8-edge      mlx5_comp7@pci:0000:c3:00.0
@ 245608.13
     rx_buff_alloc_err: 0
     rx_congst_umr: 0
     rx_out_of_buffer: 3970222937
     rx_packets_phy: 76117678418
     ch7_events: 341777525
     ch7_poll: 803926505
     ch7_arm: 333717328
     ch7_aff_change: 42801530
     ch7_force_irq: 0
     ch7_eq_rearm: 0
     rx7_packets: 12428328737
     rx7_bytes: 1855149274408
     rx7_csum_unnecessary: 6484
     rx7_csum_none: 0
     rx7_xdp_drop: 0
     rx7_xdp_redirect: 0
     rx7_gro_packets: 0
     rx7_gro_bytes: 0
     rx7_gro_skbs: 0
     rx7_gro_large_hds: 0
 312:          0          0          0          0          0          0          0    2594141  316873090   19128440          0          0          0          0          0      22171          0          0          0          0          0          0          0          0          0          0          0          0          0          0          0          0          0          0          0          0          0          0          0          0     222299          0          0          0          0          0          0          0          0          0          0          0          0          0          0          0          0          0          0          0          0          0          0          0 IR-PCI-MSIX-0000:c3:00.0    8-edge      mlx5_comp7@pci:0000:c3:00.0
@ 245609.14
     rx_buff_alloc_err: 0
     rx_congst_umr: 0
     rx_out_of_buffer: 3970233050
     rx_packets_phy: 76117688537
     ch7_events: 341777525
     ch7_poll: 803926505
     ch7_arm: 333717328
     ch7_aff_change: 42801530
     ch7_force_irq: 0
     ch7_eq_rearm: 0
     rx7_packets: 12428328737
     rx7_bytes: 1855149274408
     rx7_csum_unnecessary: 6484
     rx7_csum_none: 0
     rx7_xdp_drop: 0
     rx7_xdp_redirect: 0
     rx7_gro_packets: 0
     rx7_gro_bytes: 0
     rx7_gro_skbs: 0
     rx7_gro_large_hds: 0
 312:          0          0          0          0          0          0          0    2594141  316873090   19128440          0          0          0          0          0      22171          0          0          0          0          0          0          0          0          0          0          0          0          0          0          0          0          0          0          0          0          0          0          0          0     222299          0          0          0          0          0          0          0          0          0          0          0          0          0          0          0          0          0          0          0          0          0          0          0 IR-PCI-MSIX-0000:c3:00.0    8-edge      mlx5_comp7@pci:0000:c3:00.0
@ 245610.15
     rx_buff_alloc_err: 0
     rx_congst_umr: 0
     rx_out_of_buffer: 3970243164
     rx_packets_phy: 76117698659
     ch7_events: 341777525
     ch7_poll: 803926505
     ch7_arm: 333717328
     ch7_aff_change: 42801530
     ch7_force_irq: 0
     ch7_eq_rearm: 0
     rx7_packets: 12428328737
     rx7_bytes: 1855149274408
     rx7_csum_unnecessary: 6484
     rx7_csum_none: 0
     rx7_xdp_drop: 0
     rx7_xdp_redirect: 0
     rx7_gro_packets: 0
     rx7_gro_bytes: 0
     rx7_gro_skbs: 0
     rx7_gro_large_hds: 0
 312:          0          0          0          0          0          0          0    2594141  316873090   19128440          0          0          0          0          0      22171          0          0          0          0          0          0          0          0          0          0          0          0          0          0          0          0          0          0          0          0          0          0          0          0     222299          0          0          0          0          0          0          0          0          0          0          0          0          0          0          0          0          0          0          0          0          0          0          0 IR-PCI-MSIX-0000:c3:00.0    8-edge      mlx5_comp7@pci:0000:c3:00.0
@ 245611.16
     rx_buff_alloc_err: 0
     rx_congst_umr: 0
     rx_out_of_buffer: 3970253279
     rx_packets_phy: 76117708781
     ch7_events: 341777525
     ch7_poll: 803926505
     ch7_arm: 333717328
     ch7_aff_change: 42801530
     ch7_force_irq: 0
     ch7_eq_rearm: 0
     rx7_packets: 12428328737
     rx7_bytes: 1855149274408
     rx7_csum_unnecessary: 6484
     rx7_csum_none: 0
     rx7_xdp_drop: 0
     rx7_xdp_redirect: 0
     rx7_gro_packets: 0
     rx7_gro_bytes: 0
     rx7_gro_skbs: 0
     rx7_gro_large_hds: 0
 312:          0          0          0          0          0          0          0    2594141  316873090   19128440          0          0          0          0          0      22171          0          0          0          0          0          0          0          0          0          0          0          0          0          0          0          0          0          0          0          0          0          0          0          0     222299          0          0          0          0          0          0          0          0          0          0          0          0          0          0          0          0          0          0          0          0          0          0          0 IR-PCI-MSIX-0000:c3:00.0    8-edge      mlx5_comp7@pci:0000:c3:00.0
@ 245612.17
     rx_buff_alloc_err: 0
     rx_congst_umr: 0
     rx_out_of_buffer: 3970263393
     rx_packets_phy: 76117718904
     ch7_events: 341777525
     ch7_poll: 803926505
     ch7_arm: 333717328
     ch7_aff_change: 42801530
     ch7_force_irq: 0
     ch7_eq_rearm: 0
     rx7_packets: 12428328737
     rx7_bytes: 1855149274408
     rx7_csum_unnecessary: 6484
     rx7_csum_none: 0
     rx7_xdp_drop: 0
     rx7_xdp_redirect: 0
     rx7_gro_packets: 0
     rx7_gro_bytes: 0
     rx7_gro_skbs: 0
     rx7_gro_large_hds: 0
 312:          0          0          0          0          0          0          0    2594141  316873090   19128440          0          0          0          0          0      22171          0          0          0          0          0          0          0          0          0          0          0          0          0          0          0          0          0          0          0          0          0          0          0          0     222299          0          0          0          0          0          0          0          0          0          0          0          0          0          0          0          0          0          0          0          0          0          0          0 IR-PCI-MSIX-0000:c3:00.0    8-edge      mlx5_comp7@pci:0000:c3:00.0
@ 245613.19
     rx_buff_alloc_err: 0
     rx_congst_umr: 0
     rx_out_of_buffer: 3970273506
     rx_packets_phy: 76117728956
     ch7_events: 341777525
     ch7_poll: 803926505
     ch7_arm: 333717328
     ch7_aff_change: 42801530
     ch7_force_irq: 0
     ch7_eq_rearm: 0
     rx7_packets: 12428328737
     rx7_bytes: 1855149274408
     rx7_csum_unnecessary: 6484
     rx7_csum_none: 0
     rx7_xdp_drop: 0
     rx7_xdp_redirect: 0
     rx7_gro_packets: 0
     rx7_gro_bytes: 0
     rx7_gro_skbs: 0
     rx7_gro_large_hds: 0
 312:          0          0          0          0          0          0          0    2594141  316873090   19128440          0          0          0          0          0      22171          0          0          0          0          0          0          0          0          0          0          0          0          0          0          0          0          0          0          0          0          0          0          0          0     222299          0          0          0          0          0          0          0          0          0          0          0          0          0          0          0          0          0          0          0          0          0          0          0 IR-PCI-MSIX-0000:c3:00.0    8-edge      mlx5_comp7@pci:0000:c3:00.0
@ 245614.20
     rx_buff_alloc_err: 0
     rx_congst_umr: 0
     rx_out_of_buffer: 3970283557
     rx_packets_phy: 76117739079
     ch7_events: 341777525
     ch7_poll: 803926505
     ch7_arm: 333717328
     ch7_aff_change: 42801530
     ch7_force_irq: 0
     ch7_eq_rearm: 0
     rx7_packets: 12428328737
     rx7_bytes: 1855149274408
     rx7_csum_unnecessary: 6484
     rx7_csum_none: 0
     rx7_xdp_drop: 0
     rx7_xdp_redirect: 0
     rx7_gro_packets: 0
     rx7_gro_bytes: 0
     rx7_gro_skbs: 0
     rx7_gro_large_hds: 0
 312:          0          0          0          0          0          0          0    2594141  316873090   19128440          0          0          0          0          0      22171          0          0          0          0          0          0          0          0          0          0          0          0          0          0          0          0          0          0          0          0          0          0          0          0     222299          0          0          0          0          0          0          0          0          0          0          0          0          0          0          0          0          0          0          0          0          0          0          0 IR-PCI-MSIX-0000:c3:00.0    8-edge      mlx5_comp7@pci:0000:c3:00.0
@ 245615.21
     rx_buff_alloc_err: 0
     rx_congst_umr: 0
     rx_out_of_buffer: 3970293670
     rx_packets_phy: 76117749200
     ch7_events: 341777525
     ch7_poll: 803926505
     ch7_arm: 333717328
     ch7_aff_change: 42801530
     ch7_force_irq: 0
     ch7_eq_rearm: 0
     rx7_packets: 12428328737
     rx7_bytes: 1855149274408
     rx7_csum_unnecessary: 6484
     rx7_csum_none: 0
     rx7_xdp_drop: 0
     rx7_xdp_redirect: 0
     rx7_gro_packets: 0
     rx7_gro_bytes: 0
     rx7_gro_skbs: 0
     rx7_gro_large_hds: 0
 312:          0          0          0          0          0          0          0    2594141  316873090   19128440          0          0          0          0          0      22171          0          0          0          0          0          0          0          0          0          0          0          0          0          0          0          0          0          0          0          0          0          0          0          0     222299          0          0          0          0          0          0          0          0          0          0          0          0          0          0          0          0          0          0          0          0          0          0          0 IR-PCI-MSIX-0000:c3:00.0    8-edge      mlx5_comp7@pci:0000:c3:00.0
@ 245616.22
     rx_buff_alloc_err: 0
     rx_congst_umr: 0
     rx_out_of_buffer: 3970303784
     rx_packets_phy: 76117759319
     ch7_events: 341777525
     ch7_poll: 803926505
     ch7_arm: 333717328
     ch7_aff_change: 42801530
     ch7_force_irq: 0
     ch7_eq_rearm: 0
     rx7_packets: 12428328737
     rx7_bytes: 1855149274408
     rx7_csum_unnecessary: 6484
     rx7_csum_none: 0
     rx7_xdp_drop: 0
     rx7_xdp_redirect: 0
     rx7_gro_packets: 0
     rx7_gro_bytes: 0
     rx7_gro_skbs: 0
     rx7_gro_large_hds: 0
 312:          0          0          0          0          0          0          0    2594141  316873090   19128440          0          0          0          0          0      22171          0          0          0          0          0          0          0          0          0          0          0          0          0          0          0          0          0          0          0          0          0          0          0          0     222299          0          0          0          0          0          0          0          0          0          0          0          0          0          0          0          0          0          0          0          0          0          0          0 IR-PCI-MSIX-0000:c3:00.0    8-edge      mlx5_comp7@pci:0000:c3:00.0
@ 245617.23
     rx_buff_alloc_err: 0
     rx_congst_umr: 0
     rx_out_of_buffer: 3970313898
     rx_packets_phy: 76117769445
     ch7_events: 341777525
     ch7_poll: 803926505
     ch7_arm: 333717328
     ch7_aff_change: 42801530
     ch7_force_irq: 0
     ch7_eq_rearm: 0
     rx7_packets: 12428328737
     rx7_bytes: 1855149274408
     rx7_csum_unnecessary: 6484
     rx7_csum_none: 0
     rx7_xdp_drop: 0
     rx7_xdp_redirect: 0
     rx7_gro_packets: 0
     rx7_gro_bytes: 0
     rx7_gro_skbs: 0
     rx7_gro_large_hds: 0
 312:          0          0          0          0          0          0          0    2594141  316873090   19128440          0          0          0          0          0      22171          0          0          0          0          0          0          0          0          0          0          0          0          0          0          0          0          0          0          0          0          0          0          0          0     222299          0          0          0          0          0          0          0          0          0          0          0          0          0          0          0          0          0          0          0          0          0          0          0 IR-PCI-MSIX-0000:c3:00.0    8-edge      mlx5_comp7@pci:0000:c3:00.0
@ 245618.24
     rx_buff_alloc_err: 0
     rx_congst_umr: 0
     rx_out_of_buffer: 3970324014
     rx_packets_phy: 76117779565
     ch7_events: 341777525
     ch7_poll: 803926505
     ch7_arm: 333717328
     ch7_aff_change: 42801530
     ch7_force_irq: 0
     ch7_eq_rearm: 0
     rx7_packets: 12428328737
     rx7_bytes: 1855149274408
     rx7_csum_unnecessary: 6484
     rx7_csum_none: 0
     rx7_xdp_drop: 0
     rx7_xdp_redirect: 0
     rx7_gro_packets: 0
     rx7_gro_bytes: 0
     rx7_gro_skbs: 0
     rx7_gro_large_hds: 0
 312:          0          0          0          0          0          0          0    2594141  316873090   19128440          0          0          0          0          0      22171          0          0          0          0          0          0          0          0          0          0          0          0          0          0          0          0          0          0          0          0          0          0          0          0     222299          0          0          0          0          0          0          0          0          0          0          0          0          0          0          0          0          0          0          0          0          0          0          0 IR-PCI-MSIX-0000:c3:00.0    8-edge      mlx5_comp7@pci:0000:c3:00.0
@ 245619.25
     rx_buff_alloc_err: 0
     rx_congst_umr: 0
     rx_out_of_buffer: 3970334128
     rx_packets_phy: 76117789694
     ch7_events: 341777525
     ch7_poll: 803926505
     ch7_arm: 333717328
     ch7_aff_change: 42801530
     ch7_force_irq: 0
     ch7_eq_rearm: 0
     rx7_packets: 12428328737
     rx7_bytes: 1855149274408
     rx7_csum_unnecessary: 6484
     rx7_csum_none: 0
     rx7_xdp_drop: 0
     rx7_xdp_redirect: 0
     rx7_gro_packets: 0
     rx7_gro_bytes: 0
     rx7_gro_skbs: 0
     rx7_gro_large_hds: 0
 312:          0          0          0          0          0          0          0    2594141  316873090   19128440          0          0          0          0          0      22171          0          0          0          0          0          0          0          0          0          0          0          0          0          0          0          0          0          0          0          0          0          0          0          0     222299          0          0          0          0          0          0          0          0          0          0          0          0          0          0          0          0          0          0          0          0          0          0          0 IR-PCI-MSIX-0000:c3:00.0    8-edge      mlx5_comp7@pci:0000:c3:00.0
@ 245620.26
     rx_buff_alloc_err: 0
     rx_congst_umr: 0
     rx_out_of_buffer: 3970344242
     rx_packets_phy: 76117799815
     ch7_events: 341777525
     ch7_poll: 803926505
     ch7_arm: 333717328
     ch7_aff_change: 42801530
     ch7_force_irq: 0
     ch7_eq_rearm: 0
     rx7_packets: 12428328737
     rx7_bytes: 1855149274408
     rx7_csum_unnecessary: 6484
     rx7_csum_none: 0
     rx7_xdp_drop: 0
     rx7_xdp_redirect: 0
     rx7_gro_packets: 0
     rx7_gro_bytes: 0
     rx7_gro_skbs: 0
     rx7_gro_large_hds: 0
 312:          0          0          0          0          0          0          0    2594141  316873090   19128440          0          0          0          0          0      22171          0          0          0          0          0          0          0          0          0          0          0          0          0          0          0          0          0          0          0          0          0          0          0          0     222299          0          0          0          0          0          0          0          0          0          0          0          0          0          0          0          0          0          0          0          0          0          0          0 IR-PCI-MSIX-0000:c3:00.0    8-edge      mlx5_comp7@pci:0000:c3:00.0
@ 245621.27
     rx_buff_alloc_err: 0
     rx_congst_umr: 0
     rx_out_of_buffer: 3970354356
     rx_packets_phy: 76117809941
     ch7_events: 341777525
     ch7_poll: 803926505
     ch7_arm: 333717328
     ch7_aff_change: 42801530
     ch7_force_irq: 0
     ch7_eq_rearm: 0
     rx7_packets: 12428328737
     rx7_bytes: 1855149274408
     rx7_csum_unnecessary: 6484
     rx7_csum_none: 0
     rx7_xdp_drop: 0
     rx7_xdp_redirect: 0
     rx7_gro_packets: 0
     rx7_gro_bytes: 0
     rx7_gro_skbs: 0
     rx7_gro_large_hds: 0
 312:          0          0          0          0          0          0          0    2594141  316873090   19128440          0          0          0          0          0      22171          0          0          0          0          0          0          0          0          0          0          0          0          0          0          0          0          0          0          0          0          0          0          0          0     222299          0          0          0          0          0          0          0          0          0          0          0          0          0          0          0          0          0          0          0          0          0          0          0 IR-PCI-MSIX-0000:c3:00.0    8-edge      mlx5_comp7@pci:0000:c3:00.0
@ 245622.28
     rx_buff_alloc_err: 0
     rx_congst_umr: 0
     rx_out_of_buffer: 3970364468
     rx_packets_phy: 76117820058
     ch7_events: 341777525
     ch7_poll: 803926505
     ch7_arm: 333717328
     ch7_aff_change: 42801530
     ch7_force_irq: 0
     ch7_eq_rearm: 0
     rx7_packets: 12428328737
     rx7_bytes: 1855149274408
     rx7_csum_unnecessary: 6484
     rx7_csum_none: 0
     rx7_xdp_drop: 0
     rx7_xdp_redirect: 0
     rx7_gro_packets: 0
     rx7_gro_bytes: 0
     rx7_gro_skbs: 0
     rx7_gro_large_hds: 0
 312:          0          0          0          0          0          0          0    2594141  316873090   19128440          0          0          0          0          0      22171          0          0          0          0          0          0          0          0          0          0          0          0          0          0          0          0          0          0          0          0          0          0          0          0     222299          0          0          0          0          0          0          0          0          0          0          0          0          0          0          0          0          0          0          0          0          0          0          0 IR-PCI-MSIX-0000:c3:00.0    8-edge      mlx5_comp7@pci:0000:c3:00.0
@ 245623.29
     rx_buff_alloc_err: 0
     rx_congst_umr: 0
     rx_out_of_buffer: 3970374581
     rx_packets_phy: 76117830177
     ch7_events: 341777525
     ch7_poll: 803926505
     ch7_arm: 333717328
     ch7_aff_change: 42801530
     ch7_force_irq: 0
     ch7_eq_rearm: 0
     rx7_packets: 12428328737
     rx7_bytes: 1855149274408
     rx7_csum_unnecessary: 6484
     rx7_csum_none: 0
     rx7_xdp_drop: 0
     rx7_xdp_redirect: 0
     rx7_gro_packets: 0
     rx7_gro_bytes: 0
     rx7_gro_skbs: 0
     rx7_gro_large_hds: 0
 312:          0          0          0          0          0          0          0    2594141  316873090   19128440          0          0          0          0          0      22171          0          0          0          0          0          0          0          0          0          0          0          0          0          0          0          0          0          0          0          0          0          0          0          0     222299          0          0          0          0          0          0          0          0          0          0          0          0          0          0          0          0          0          0          0          0          0          0          0 IR-PCI-MSIX-0000:c3:00.0    8-edge      mlx5_comp7@pci:0000:c3:00.0
@ 245624.31
     rx_buff_alloc_err: 0
     rx_congst_umr: 0
     rx_out_of_buffer: 3970384693
     rx_packets_phy: 76117840304
     ch7_events: 341777525
     ch7_poll: 803926505
     ch7_arm: 333717328
     ch7_aff_change: 42801530
     ch7_force_irq: 0
     ch7_eq_rearm: 0
     rx7_packets: 12428328737
     rx7_bytes: 1855149274408
     rx7_csum_unnecessary: 6484
     rx7_csum_none: 0
     rx7_xdp_drop: 0
     rx7_xdp_redirect: 0
     rx7_gro_packets: 0
     rx7_gro_bytes: 0
     rx7_gro_skbs: 0
     rx7_gro_large_hds: 0
 312:          0          0          0          0          0          0          0    2594141  316873090   19128440          0          0          0          0          0      22171          0          0          0          0          0          0          0          0          0          0          0          0          0          0          0          0          0          0          0          0          0          0          0          0     222299          0          0          0          0          0          0          0          0          0          0          0          0          0          0          0          0          0          0          0          0          0          0          0 IR-PCI-MSIX-0000:c3:00.0    8-edge      mlx5_comp7@pci:0000:c3:00.0
@ 245625.32
     rx_buff_alloc_err: 0
     rx_congst_umr: 0
     rx_out_of_buffer: 3970387958
     rx_packets_phy: 76117843574
     ch7_events: 341777525
     ch7_poll: 803926505
     ch7_arm: 333717328
     ch7_aff_change: 42801530
     ch7_force_irq: 0
     ch7_eq_rearm: 0
     rx7_packets: 12428328737
     rx7_bytes: 1855149274408
     rx7_csum_unnecessary: 6484
     rx7_csum_none: 0
     rx7_xdp_drop: 0
     rx7_xdp_redirect: 0
     rx7_gro_packets: 0
     rx7_gro_bytes: 0
     rx7_gro_skbs: 0
     rx7_gro_large_hds: 0
 312:          0          0          0          0          0          0          0    2594141  316873090   19128440          0          0          0          0          0      22171          0          0          0          0          0          0          0          0          0          0          0          0          0          0          0          0          0          0          0          0          0          0          0          0     222299          0          0          0          0          0          0          0          0          0          0          0          0          0          0          0          0          0          0          0          0          0          0          0 IR-PCI-MSIX-0000:c3:00.0    8-edge      mlx5_comp7@pci:0000:c3:00.0
@ 245626.33
     rx_buff_alloc_err: 0
     rx_congst_umr: 0
     rx_out_of_buffer: 3970387960
     rx_packets_phy: 76117843585
     ch7_events: 341777525
     ch7_poll: 803926505
     ch7_arm: 333717328
     ch7_aff_change: 42801530
     ch7_force_irq: 0
     ch7_eq_rearm: 0
     rx7_packets: 12428328737
     rx7_bytes: 1855149274408
     rx7_csum_unnecessary: 6484
     rx7_csum_none: 0
     rx7_xdp_drop: 0
     rx7_xdp_redirect: 0
     rx7_gro_packets: 0
     rx7_gro_bytes: 0
     rx7_gro_skbs: 0
     rx7_gro_large_hds: 0
 312:          0          0          0          0          0          0          0    2594141  316873090   19128440          0          0          0          0          0      22171          0          0          0          0          0          0          0          0          0          0          0          0          0          0          0          0          0          0          0          0          0          0          0          0     222299          0          0          0          0          0          0          0          0          0          0          0          0          0          0          0          0          0          0          0          0          0          0          0 IR-PCI-MSIX-0000:c3:00.0    8-edge      mlx5_comp7@pci:0000:c3:00.0
