@ 245652.13
     rx_buff_alloc_err: 0
     rx_congst_umr: 0
     rx_out_of_buffer: 3970387970
     rx_packets_phy: 76117924128
     ch7_events: 341780252
     ch7_poll: 803930210
     ch7_arm: 333720026
     ch7_aff_change: 42801530
     ch7_force_irq: 0
     ch7_eq_rearm: 0
     rx7_packets: 12428471460
     rx7_bytes: 1855164402758
     rx7_csum_unnecessary: 6484
     rx7_csum_none: 0
     rx7_xdp_drop: 0
     rx7_xdp_redirect: 0
     rx7_gro_packets: 0
     rx7_gro_bytes: 0
     rx7_gro_skbs: 0
     rx7_gro_large_hds: 0
 312:          0          0          0          0          0          0          0    2594141  316875817   19128440          0          0          0          0          0      22171          0          0          0          0          0          0          0          0          0          0          0          0          0          0          0          0          0          0          0          0          0          0          0          0     222299          0          0          0          0          0          0          0          0          0          0          0          0          0          0          0          0          0          0          0          0          0          0          0 IR-PCI-MSIX-0000:c3:00.0    8-edge      mlx5_comp7@pci:0000:c3:00.0
@ 245653.14
     rx_buff_alloc_err: 0
     rx_congst_umr: 0
     rx_out_of_buffer: 3970387970
     rx_packets_phy: 76117924139
     ch7_events: 341780252
     ch7_poll: 803930210
     ch7_arm: 333720026
     ch7_aff_change: 42801530
     ch7_force_irq: 0
     ch7_eq_rearm: 0
     rx7_packets: 12428471460
     rx7_bytes: 1855164402758
     rx7_csum_unnecessary: 6484
     rx7_csum_none: 0
     rx7_xdp_drop: 0
     rx7_xdp_redirect: 0
     rx7_gro_packets: 0
     rx7_gro_bytes: 0
     rx7_gro_skbs: 0
     rx7_gro_large_hds: 0
 312:          0          0          0          0          0          0          0    2594141  316875817   19128440          0          0          0          0          0      22171          0          0          0          0          0          0          0          0          0          0          0          0          0          0          0          0          0          0          0          0          0          0          0          0     222299          0          0          0          0          0          0          0          0          0          0          0          0          0          0          0          0          0          0          0          0          0          0          0 IR-PCI-MSIX-0000:c3:00.0    8-edge      mlx5_comp7@pci:0000:c3:00.0
@ 245654.15
     rx_buff_alloc_err: 0
     rx_congst_umr: 0
     rx_out_of_buffer: 3970387970
     rx_packets_phy: 76118065621
     ch7_events: 341784318
     ch7_poll: 803934276
     ch7_arm: 333724042
     ch7_aff_change: 42802071
     ch7_force_irq: 0
     ch7_eq_rearm: 0
     rx7_packets: 12428613031
     rx7_bytes: 1855179409284
     rx7_csum_unnecessary: 6484
     rx7_csum_none: 0
     rx7_xdp_drop: 0
     rx7_xdp_redirect: 0
     rx7_gro_packets: 0
     rx7_gro_bytes: 0
     rx7_gro_skbs: 0
     rx7_gro_large_hds: 0
 312:          0          0          0          0          0          0          0    2594141  316879899   19128440          0          0          0          0          0      22171          0          0          0          0          0          0          0          0          0          0          0          0          0          0          0          0          0          0          0          0          0          0          0          0     222299          0          0          0          0          0          0          0          0          0          0          0          0          0          0          0          0          0          0          0          0          0          0          0 IR-PCI-MSIX-0000:c3:00.0    8-edge      mlx5_comp7@pci:0000:c3:00.0
@ 245655.16
     rx_buff_alloc_err: 0
     rx_congst_umr: 0
     rx_out_of_buffer: 3970387970
     rx_packets_phy: 76118458318
     ch7_events: 341790625
     ch7_poll: 803940583
     ch7_arm: 333730156
     ch7_aff_change: 42808116
     ch7_force_irq: 0
     ch7_eq_rearm: 0
     rx7_packets: 12429005760
     rx7_bytes: 1855221038526
     rx7_csum_unnecessary: 6484
     rx7_csum_none: 0
     rx7_xdp_drop: 0
     rx7_xdp_redirect: 0
     rx7_gro_packets: 0
     rx7_gro_bytes: 0
     rx7_gro_skbs: 0
     rx7_gro_large_hds: 0
 312:          0          0          0          0          0          0          0    2594141  316886163   19128440          0          0          0          0          0      22171          0          0          0          0          0          0          0          0          0          0          0          0          0          0          0          0          0          0          0          0          0          0          0          0     222299          0          0          0          0          0          0          0          0          0          0          0          0          0          0          0          0          0          0          0          0          0          0          0 IR-PCI-MSIX-0000:c3:00.0    8-edge      mlx5_comp7@pci:0000:c3:00.0
@ 245656.17
     rx_buff_alloc_err: 0
     rx_congst_umr: 0
     rx_out_of_buffer: 3970526477
     rx_packets_phy: 76119088351
     ch7_events: 341797328
     ch7_poll: 803947285
     ch7_arm: 333736642
     ch7_aff_change: 42814819
     ch7_force_irq: 0
     ch7_eq_rearm: 0
     rx7_packets: 12429434730
     rx7_bytes: 1855266509346
     rx7_csum_unnecessary: 6484
     rx7_csum_none: 0
     rx7_xdp_drop: 0
     rx7_xdp_redirect: 0
     rx7_gro_packets: 0
     rx7_gro_bytes: 0
     rx7_gro_skbs: 0
     rx7_gro_large_hds: 0
 312:          0          0          0          0          0          0          0    2594141  316892686   19128440          0          0          0          0          0      22171          0          0          0          0          0          0          0          0          0          0          0          0          0          0          0          0          0          0          0          0          0          0          0          0     222299          0          0          0          0          0          0          0          0          0          0          0          0          0          0          0          0          0          0          0          0          0          0          0 IR-PCI-MSIX-0000:c3:00.0    8-edge      mlx5_comp7@pci:0000:c3:00.0
@ 245657.18
     rx_buff_alloc_err: 0
     rx_congst_umr: 0
     rx_out_of_buffer: 3971325142
     rx_packets_phy: 76119887084
     ch7_events: 341797328
     ch7_poll: 803947285
     ch7_arm: 333736642
     ch7_aff_change: 42814819
     ch7_force_irq: 0
     ch7_eq_rearm: 0
     rx7_packets: 12429434730
     rx7_bytes: 1855266509346
     rx7_csum_unnecessary: 6484
     rx7_csum_none: 0
     rx7_xdp_drop: 0
     rx7_xdp_redirect: 0
     rx7_gro_packets: 0
     rx7_gro_bytes: 0
     rx7_gro_skbs: 0
     rx7_gro_large_hds: 0
 312:          0          0          0          0          0          0          0    2594141  316892686   19128440          0          0          0          0          0      22171          0          0          0          0          0          0          0          0          0          0          0          0          0          0          0          0          0          0          0          0          0          0          0          0     222299          0          0          0          0          0          0          0          0          0          0          0          0          0          0          0          0          0          0          0          0          0          0          0 IR-PCI-MSIX-0000:c3:00.0    8-edge      mlx5_comp7@pci:0000:c3:00.0
@ 245658.19
     rx_buff_alloc_err: 0
     rx_congst_umr: 0
     rx_out_of_buffer: 3972123958
     rx_packets_phy: 76120685811
     ch7_events: 341797328
     ch7_poll: 803947285
     ch7_arm: 333736642
     ch7_aff_change: 42814819
     ch7_force_irq: 0
     ch7_eq_rearm: 0
     rx7_packets: 12429434730
     rx7_bytes: 1855266509346
     rx7_csum_unnecessary: 6484
     rx7_csum_none: 0
     rx7_xdp_drop: 0
     rx7_xdp_redirect: 0
     rx7_gro_packets: 0
     rx7_gro_bytes: 0
     rx7_gro_skbs: 0
     rx7_gro_large_hds: 0
 312:          0          0          0          0          0          0          0    2594141  316892686   19128440          0          0          0          0          0      22171          0          0          0          0          0          0          0          0          0          0          0          0          0          0          0          0          0          0          0          0          0          0          0          0     222299          0          0          0          0          0          0          0          0          0          0          0          0          0          0          0          0          0          0          0          0          0          0          0 IR-PCI-MSIX-0000:c3:00.0    8-edge      mlx5_comp7@pci:0000:c3:00.0
@ 245659.20
     rx_buff_alloc_err: 0
     rx_congst_umr: 0
     rx_out_of_buffer: 3972922462
     rx_packets_phy: 76121484494
     ch7_events: 341797328
     ch7_poll: 803947285
     ch7_arm: 333736642
     ch7_aff_change: 42814819
     ch7_force_irq: 0
     ch7_eq_rearm: 0
     rx7_packets: 12429434730
     rx7_bytes: 1855266509346
     rx7_csum_unnecessary: 6484
     rx7_csum_none: 0
     rx7_xdp_drop: 0
     rx7_xdp_redirect: 0
     rx7_gro_packets: 0
     rx7_gro_bytes: 0
     rx7_gro_skbs: 0
     rx7_gro_large_hds: 0
 312:          0          0          0          0          0          0          0    2594141  316892686   19128440          0          0          0          0          0      22171          0          0          0          0          0          0          0          0          0          0          0          0          0          0          0          0          0          0          0          0          0          0          0          0     222299          0          0          0          0          0          0          0          0          0          0          0          0          0          0          0          0          0          0          0          0          0          0          0 IR-PCI-MSIX-0000:c3:00.0    8-edge      mlx5_comp7@pci:0000:c3:00.0
@ 245660.21
     rx_buff_alloc_err: 0
     rx_congst_umr: 0
     rx_out_of_buffer: 3973720972
     rx_packets_phy: 76122282909
     ch7_events: 341797328
     ch7_poll: 803947285
     ch7_arm: 333736642
     ch7_aff_change: 42814819
     ch7_force_irq: 0
     ch7_eq_rearm: 0
     rx7_packets: 12429434730
     rx7_bytes: 1855266509346
     rx7_csum_unnecessary: 6484
     rx7_csum_none: 0
     rx7_xdp_drop: 0
     rx7_xdp_redirect: 0
     rx7_gro_packets: 0
     rx7_gro_bytes: 0
     rx7_gro_skbs: 0
     rx7_gro_large_hds: 0
 312:          0          0          0          0          0          0          0    2594141  316892686   19128440          0          0          0          0          0      22171          0          0          0          0          0          0          0          0          0          0          0          0          0          0          0          0          0          0          0          0          0          0          0          0     222299          0          0          0          0          0          0          0          0          0          0          0          0          0          0          0          0          0          0          0          0          0          0          0 IR-PCI-MSIX-0000:c3:00.0    8-edge      mlx5_comp7@pci:0000:c3:00.0
@ 245661.22
     rx_buff_alloc_err: 0
     rx_congst_umr: 0
     rx_out_of_buffer: 3974519458
     rx_packets_phy: 76123081400
     ch7_events: 341797328
     ch7_poll: 803947285
     ch7_arm: 333736642
     ch7_aff_change: 42814819
     ch7_force_irq: 0
     ch7_eq_rearm: 0
     rx7_packets: 12429434730
     rx7_bytes: 1855266509346
     rx7_csum_unnecessary: 6484
     rx7_csum_none: 0
     rx7_xdp_drop: 0
     rx7_xdp_redirect: 0
     rx7_gro_packets: 0
     rx7_gro_bytes: 0
     rx7_gro_skbs: 0
     rx7_gro_large_hds: 0
 312:          0          0          0          0          0          0          0    2594141  316892686   19128440          0          0          0          0          0      22171          0          0          0          0          0          0          0          0          0          0          0          0          0          0          0          0          0          0          0          0          0          0          0          0     222299          0          0          0          0          0          0          0          0          0          0          0          0          0          0          0          0          0          0          0          0          0          0          0 IR-PCI-MSIX-0000:c3:00.0    8-edge      mlx5_comp7@pci:0000:c3:00.0
@ 245662.23
     rx_buff_alloc_err: 0
     rx_congst_umr: 0
     rx_out_of_buffer: 3975318007
     rx_packets_phy: 76123879973
     ch7_events: 341797328
     ch7_poll: 803947285
     ch7_arm: 333736642
     ch7_aff_change: 42814819
     ch7_force_irq: 0
     ch7_eq_rearm: 0
     rx7_packets: 12429434730
     rx7_bytes: 1855266509346
     rx7_csum_unnecessary: 6484
     rx7_csum_none: 0
     rx7_xdp_drop: 0
     rx7_xdp_redirect: 0
     rx7_gro_packets: 0
     rx7_gro_bytes: 0
     rx7_gro_skbs: 0
     rx7_gro_large_hds: 0
 312:          0          0          0          0          0          0          0    2594141  316892686   19128440          0          0          0          0          0      22171          0          0          0          0          0          0          0          0          0          0          0          0          0          0          0          0          0          0          0          0          0          0          0          0     222299          0          0          0          0          0          0          0          0          0          0          0          0          0          0          0          0          0          0          0          0          0          0          0 IR-PCI-MSIX-0000:c3:00.0    8-edge      mlx5_comp7@pci:0000:c3:00.0
@ 245663.25
     rx_buff_alloc_err: 0
     rx_congst_umr: 0
     rx_out_of_buffer: 3976116395
     rx_packets_phy: 76124678345
     ch7_events: 341797328
     ch7_poll: 803947285
     ch7_arm: 333736642
     ch7_aff_change: 42814819
     ch7_force_irq: 0
     ch7_eq_rearm: 0
     rx7_packets: 12429434730
     rx7_bytes: 1855266509346
     rx7_csum_unnecessary: 6484
     rx7_csum_none: 0
     rx7_xdp_drop: 0
     rx7_xdp_redirect: 0
     rx7_gro_packets: 0
     rx7_gro_bytes: 0
     rx7_gro_skbs: 0
     rx7_gro_large_hds: 0
 312:          0          0          0          0          0          0          0    2594141  316892686   19128440          0          0          0          0          0      22171          0          0          0          0          0          0          0          0          0          0          0          0          0          0          0          0          0          0          0          0          0          0          0          0     222299          0          0          0          0          0          0          0          0          0          0          0          0          0          0          0          0          0          0          0          0          0          0          0 IR-PCI-MSIX-0000:c3:00.0    8-edge      mlx5_comp7@pci:0000:c3:00.0
@ 245664.26
     rx_buff_alloc_err: 0
     rx_congst_umr: 0
     rx_out_of_buffer: 3976914961
     rx_packets_phy: 76125476978
     ch7_events: 341797328
     ch7_poll: 803947285
     ch7_arm: 333736642
     ch7_aff_change: 42814819
     ch7_force_irq: 0
     ch7_eq_rearm: 0
     rx7_packets: 12429434730
     rx7_bytes: 1855266509346
     rx7_csum_unnecessary: 6484
     rx7_csum_none: 0
     rx7_xdp_drop: 0
     rx7_xdp_redirect: 0
     rx7_gro_packets: 0
     rx7_gro_bytes: 0
     rx7_gro_skbs: 0
     rx7_gro_large_hds: 0
 312:          0          0          0          0          0          0          0    2594141  316892686   19128440          0          0          0          0          0      22171          0          0          0          0          0          0          0          0          0          0          0          0          0          0          0          0          0          0          0          0          0          0          0          0     222299          0          0          0          0          0          0          0          0          0          0          0          0          0          0          0          0          0          0          0          0          0          0          0 IR-PCI-MSIX-0000:c3:00.0    8-edge      mlx5_comp7@pci:0000:c3:00.0
@ 245665.27
     rx_buff_alloc_err: 0
     rx_congst_umr: 0
     rx_out_of_buffer: 3977713591
     rx_packets_phy: 76126275627
     ch7_events: 341797328
     ch7_poll: 803947285
     ch7_arm: 333736642
     ch7_aff_change: 42814819
     ch7_force_irq: 0
     ch7_eq_rearm: 0
     rx7_packets: 12429434730
     rx7_bytes: 1855266509346
     rx7_csum_unnecessary: 6484
     rx7_csum_none: 0
     rx7_xdp_drop: 0
     rx7_xdp_redirect: 0
     rx7_gro_packets: 0
     rx7_gro_bytes: 0
     rx7_gro_skbs: 0
     rx7_gro_large_hds: 0
 312:          0          0          0          0          0          0          0    2594141  316892686   19128440          0          0          0          0          0      22171          0          0          0          0          0          0          0          0          0          0          0          0          0          0          0          0          0          0          0          0          0          0          0          0     222299          0          0          0          0          0          0          0          0          0          0          0          0          0          0          0          0          0          0          0          0          0          0          0 IR-PCI-MSIX-0000:c3:00.0    8-edge      mlx5_comp7@pci:0000:c3:00.0
@ 245666.28
     rx_buff_alloc_err: 0
     rx_congst_umr: 0
     rx_out_of_buffer: 3978512179
     rx_packets_phy: 76127074153
     ch7_events: 341797328
     ch7_poll: 803947285
     ch7_arm: 333736642
     ch7_aff_change: 42814819
     ch7_force_irq: 0
     ch7_eq_rearm: 0
     rx7_packets: 12429434730
     rx7_bytes: 1855266509346
     rx7_csum_unnecessary: 6484
     rx7_csum_none: 0
     rx7_xdp_drop: 0
     rx7_xdp_redirect: 0
     rx7_gro_packets: 0
     rx7_gro_bytes: 0
     rx7_gro_skbs: 0
     rx7_gro_large_hds: 0
 312:          0          0          0          0          0          0          0    2594141  316892686   19128440          0          0          0          0          0      22171          0          0          0          0          0          0          0          0          0          0          0          0          0          0          0          0          0          0          0          0          0          0          0          0     222299          0          0          0          0          0          0          0          0          0          0          0          0          0          0          0          0          0          0          0          0          0          0          0 IR-PCI-MSIX-0000:c3:00.0    8-edge      mlx5_comp7@pci:0000:c3:00.0
@ 245667.29
     rx_buff_alloc_err: 0
     rx_congst_umr: 0
     rx_out_of_buffer: 3979310695
     rx_packets_phy: 76127872717
     ch7_events: 341797328
     ch7_poll: 803947285
     ch7_arm: 333736642
     ch7_aff_change: 42814819
     ch7_force_irq: 0
     ch7_eq_rearm: 0
     rx7_packets: 12429434730
     rx7_bytes: 1855266509346
     rx7_csum_unnecessary: 6484
     rx7_csum_none: 0
     rx7_xdp_drop: 0
     rx7_xdp_redirect: 0
     rx7_gro_packets: 0
     rx7_gro_bytes: 0
     rx7_gro_skbs: 0
     rx7_gro_large_hds: 0
 312:          0          0          0          0          0          0          0    2594141  316892686   19128440          0          0          0          0          0      22171          0          0          0          0          0          0          0          0          0          0          0          0          0          0          0          0          0          0          0          0          0          0          0          0     222299          0          0          0          0          0          0          0          0          0          0          0          0          0          0          0          0          0          0          0          0          0          0          0 IR-PCI-MSIX-0000:c3:00.0    8-edge      mlx5_comp7@pci:0000:c3:00.0
@ 245668.30
     rx_buff_alloc_err: 0
     rx_congst_umr: 0
     rx_out_of_buffer: 3980109360
     rx_packets_phy: 76128671352
     ch7_events: 341797328
     ch7_poll: 803947285
     ch7_arm: 333736642
     ch7_aff_change: 42814819
     ch7_force_irq: 0
     ch7_eq_rearm: 0
     rx7_packets: 12429434730
     rx7_bytes: 1855266509346
     rx7_csum_unnecessary: 6484
     rx7_csum_none: 0
     rx7_xdp_drop: 0
     rx7_xdp_redirect: 0
     rx7_gro_packets: 0
     rx7_gro_bytes: 0
     rx7_gro_skbs: 0
     rx7_gro_large_hds: 0
 312:          0          0          0          0          0          0          0    2594141  316892686   19128440          0          0          0          0          0      22171          0          0          0          0          0          0          0          0          0          0          0          0          0          0          0          0          0          0          0          0          0          0          0          0     222299          0          0          0          0          0          0          0          0          0          0          0          0          0          0          0          0          0          0          0          0          0          0          0 IR-PCI-MSIX-0000:c3:00.0    8-edge      mlx5_comp7@pci:0000:c3:00.0
@ 245669.31
     rx_buff_alloc_err: 0
     rx_congst_umr: 0
     rx_out_of_buffer: 3980907967
     rx_packets_phy: 76129470001
     ch7_events: 341797328
     ch7_poll: 803947285
     ch7_arm: 333736642
     ch7_aff_change: 42814819
     ch7_force_irq: 0
     ch7_eq_rearm: 0
     rx7_packets: 12429434730
     rx7_bytes: 1855266509346
     rx7_csum_unnecessary: 6484
     rx7_csum_none: 0
     rx7_xdp_drop: 0
     rx7_xdp_redirect: 0
     rx7_gro_packets: 0
     rx7_gro_bytes: 0
     rx7_gro_skbs: 0
     rx7_gro_large_hds: 0
 312:          0          0          0          0          0          0          0    2594141  316892686   19128440          0          0          0          0          0      22171          0          0          0          0          0          0          0          0          0          0          0          0          0          0          0          0          0          0          0          0          0          0          0          0     222299          0          0          0          0          0          0          0          0          0          0          0          0          0          0          0          0          0          0          0          0          0          0          0 IR-PCI-MSIX-0000:c3:00.0    8-edge      mlx5_comp7@pci:0000:c3:00.0
@ 245670.32
     rx_buff_alloc_err: 0
     rx_congst_umr: 0
     rx_out_of_buffer: 3981706536
     rx_packets_phy: 76130268584
     ch7_events: 341797328
     ch7_poll: 803947285
     ch7_arm: 333736642
     ch7_aff_change: 42814819
     ch7_force_irq: 0
     ch7_eq_rearm: 0
     rx7_packets: 12429434730
     rx7_bytes: 1855266509346
     rx7_csum_unnecessary: 6484
     rx7_csum_none: 0
     rx7_xdp_drop: 0
     rx7_xdp_redirect: 0
     rx7_gro_packets: 0
     rx7_gro_bytes: 0
     rx7_gro_skbs: 0
     rx7_gro_large_hds: 0
 312:          0          0          0          0          0          0          0    2594141  316892686   19128440          0          0          0          0          0      22171          0          0          0          0          0          0          0          0          0          0          0          0          0          0          0          0          0          0          0          0          0          0          0          0     222299          0          0          0          0          0          0          0          0          0          0          0          0          0          0          0          0          0          0          0          0          0          0          0 IR-PCI-MSIX-0000:c3:00.0    8-edge      mlx5_comp7@pci:0000:c3:00.0
@ 245671.33
     rx_buff_alloc_err: 0
     rx_congst_umr: 0
     rx_out_of_buffer: 3982504971
     rx_packets_phy: 76131066993
     ch7_events: 341797328
     ch7_poll: 803947285
     ch7_arm: 333736642
     ch7_aff_change: 42814819
     ch7_force_irq: 0
     ch7_eq_rearm: 0
     rx7_packets: 12429434730
     rx7_bytes: 1855266509346
     rx7_csum_unnecessary: 6484
     rx7_csum_none: 0
     rx7_xdp_drop: 0
     rx7_xdp_redirect: 0
     rx7_gro_packets: 0
     rx7_gro_bytes: 0
     rx7_gro_skbs: 0
     rx7_gro_large_hds: 0
 312:          0          0          0          0          0          0          0    2594141  316892686   19128440          0          0          0          0          0      22171          0          0          0          0          0          0          0          0          0          0          0          0          0          0          0          0          0          0          0          0          0          0          0          0     222299          0          0          0          0          0          0          0          0          0          0          0          0          0          0          0          0          0          0          0          0          0          0          0 IR-PCI-MSIX-0000:c3:00.0    8-edge      mlx5_comp7@pci:0000:c3:00.0
@ 245672.34
     rx_buff_alloc_err: 0
     rx_congst_umr: 0
     rx_out_of_buffer: 3983303620
     rx_packets_phy: 76131865664
     ch7_events: 341797328
     ch7_poll: 803947285
     ch7_arm: 333736642
     ch7_aff_change: 42814819
     ch7_force_irq: 0
     ch7_eq_rearm: 0
     rx7_packets: 12429434730
     rx7_bytes: 1855266509346
     rx7_csum_unnecessary: 6484
     rx7_csum_none: 0
     rx7_xdp_drop: 0
     rx7_xdp_redirect: 0
     rx7_gro_packets: 0
     rx7_gro_bytes: 0
     rx7_gro_skbs: 0
     rx7_gro_large_hds: 0
 312:          0          0          0          0          0          0          0    2594141  316892686   19128440          0          0          0          0          0      22171          0          0          0          0          0          0          0          0          0          0          0          0          0          0          0          0          0          0          0          0          0          0          0          0     222299          0          0          0          0          0          0          0          0          0          0          0          0          0          0          0          0          0          0          0          0          0          0          0 IR-PCI-MSIX-0000:c3:00.0    8-edge      mlx5_comp7@pci:0000:c3:00.0
@ 245673.35
     rx_buff_alloc_err: 0
     rx_congst_umr: 0
     rx_out_of_buffer: 3984102126
     rx_packets_phy: 76132664206
     ch7_events: 341797328
     ch7_poll: 803947285
     ch7_arm: 333736642
     ch7_aff_change: 42814819
     ch7_force_irq: 0
     ch7_eq_rearm: 0
     rx7_packets: 12429434730
     rx7_bytes: 1855266509346
     rx7_csum_unnecessary: 6484
     rx7_csum_none: 0
     rx7_xdp_drop: 0
     rx7_xdp_redirect: 0
     rx7_gro_packets: 0
     rx7_gro_bytes: 0
     rx7_gro_skbs: 0
     rx7_gro_large_hds: 0
 312:          0          0          0          0          0          0          0    2594141  316892686   19128440          0          0          0          0          0      22171          0          0          0          0          0          0          0          0          0          0          0          0          0          0          0          0          0          0          0          0          0          0          0          0     222299          0          0          0          0          0          0          0          0          0          0          0          0          0          0          0          0          0          0          0          0          0          0          0 IR-PCI-MSIX-0000:c3:00.0    8-edge      mlx5_comp7@pci:0000:c3:00.0
@ 245674.37
     rx_buff_alloc_err: 0
     rx_congst_umr: 0
     rx_out_of_buffer: 3984900732
     rx_packets_phy: 76133462799
     ch7_events: 341797328
     ch7_poll: 803947285
     ch7_arm: 333736642
     ch7_aff_change: 42814819
     ch7_force_irq: 0
     ch7_eq_rearm: 0
     rx7_packets: 12429434730
     rx7_bytes: 1855266509346
     rx7_csum_unnecessary: 6484
     rx7_csum_none: 0
     rx7_xdp_drop: 0
     rx7_xdp_redirect: 0
     rx7_gro_packets: 0
     rx7_gro_bytes: 0
     rx7_gro_skbs: 0
     rx7_gro_large_hds: 0
 312:          0          0          0          0          0          0          0    2594141  316892686   19128440          0          0          0          0          0      22171          0          0          0          0          0          0          0          0          0          0          0          0          0          0          0          0          0          0          0          0          0          0          0          0     222299          0          0          0          0          0          0          0          0          0          0          0          0          0          0          0          0          0          0          0          0          0          0          0 IR-PCI-MSIX-0000:c3:00.0    8-edge      mlx5_comp7@pci:0000:c3:00.0
@ 245675.38
     rx_buff_alloc_err: 0
     rx_congst_umr: 0
     rx_out_of_buffer: 3985699285
     rx_packets_phy: 76134261376
     ch7_events: 341797328
     ch7_poll: 803947285
     ch7_arm: 333736642
     ch7_aff_change: 42814819
     ch7_force_irq: 0
     ch7_eq_rearm: 0
     rx7_packets: 12429434730
     rx7_bytes: 1855266509346
     rx7_csum_unnecessary: 6484
     rx7_csum_none: 0
     rx7_xdp_drop: 0
     rx7_xdp_redirect: 0
     rx7_gro_packets: 0
     rx7_gro_bytes: 0
     rx7_gro_skbs: 0
     rx7_gro_large_hds: 0
 312:          0          0          0          0          0          0          0    2594141  316892686   19128440          0          0          0          0          0      22171          0          0          0          0          0          0          0          0          0          0          0          0          0          0          0          0          0          0          0          0          0          0          0          0     222299          0          0          0          0          0          0          0          0          0          0          0          0          0          0          0          0          0          0          0          0          0          0          0 IR-PCI-MSIX-0000:c3:00.0    8-edge      mlx5_comp7@pci:0000:c3:00.0
@ 245676.39
     rx_buff_alloc_err: 0
     rx_congst_umr: 0
     rx_out_of_buffer: 3986497896
     rx_packets_phy: 76135060013
     ch7_events: 341797328
     ch7_poll: 803947285
     ch7_arm: 333736642
     ch7_aff_change: 42814819
     ch7_force_irq: 0
     ch7_eq_rearm: 0
     rx7_packets: 12429434730
     rx7_bytes: 1855266509346
     rx7_csum_unnecessary: 6484
     rx7_csum_none: 0
     rx7_xdp_drop: 0
     rx7_xdp_redirect: 0
     rx7_gro_packets: 0
     rx7_gro_bytes: 0
     rx7_gro_skbs: 0
     rx7_gro_large_hds: 0
 312:          0          0          0          0          0          0          0    2594141  316892686   19128440          0          0          0          0          0      22171          0          0          0          0          0          0          0          0          0          0          0          0          0          0          0          0          0          0          0          0          0          0          0          0     222299          0          0          0          0          0          0          0          0          0          0          0          0          0          0          0          0          0          0          0          0          0          0          0 IR-PCI-MSIX-0000:c3:00.0    8-edge      mlx5_comp7@pci:0000:c3:00.0
@ 245677.40
     rx_buff_alloc_err: 0
     rx_congst_umr: 0
     rx_out_of_buffer: 3987296567
     rx_packets_phy: 76135858636
     ch7_events: 341797328
     ch7_poll: 803947285
     ch7_arm: 333736642
     ch7_aff_change: 42814819
     ch7_force_irq: 0
     ch7_eq_rearm: 0
     rx7_packets: 12429434730
     rx7_bytes: 1855266509346
     rx7_csum_unnecessary: 6484
     rx7_csum_none: 0
     rx7_xdp_drop: 0
     rx7_xdp_redirect: 0
     rx7_gro_packets: 0
     rx7_gro_bytes: 0
     rx7_gro_skbs: 0
     rx7_gro_large_hds: 0
 312:          0          0          0          0          0          0          0    2594141  316892686   19128440          0          0          0          0          0      22171          0          0          0          0          0          0          0          0          0          0          0          0          0          0          0          0          0          0          0          0          0          0          0          0     222299          0          0          0          0          0          0          0          0          0          0          0          0          0          0          0          0          0          0          0          0          0          0          0 IR-PCI-MSIX-0000:c3:00.0    8-edge      mlx5_comp7@pci:0000:c3:00.0
@ 245678.41
     rx_buff_alloc_err: 0
     rx_congst_umr: 0
     rx_out_of_buffer: 3988095148
     rx_packets_phy: 76136657266
     ch7_events: 341797328
     ch7_poll: 803947285
     ch7_arm: 333736642
     ch7_aff_change: 42814819
     ch7_force_irq: 0
     ch7_eq_rearm: 0
     rx7_packets: 12429434730
     rx7_bytes: 1855266509346
     rx7_csum_unnecessary: 6484
     rx7_csum_none: 0
     rx7_xdp_drop: 0
     rx7_xdp_redirect: 0
     rx7_gro_packets: 0
     rx7_gro_bytes: 0
     rx7_gro_skbs: 0
     rx7_gro_large_hds: 0
 312:          0          0          0          0          0          0          0    2594141  316892686   19128440          0          0          0          0          0      22171          0          0          0          0          0          0          0          0          0          0          0          0          0          0          0          0          0          0          0          0          0          0          0          0     222299          0          0          0          0          0          0          0          0          0          0          0          0          0          0          0          0          0          0          0          0          0          0          0 IR-PCI-MSIX-0000:c3:00.0    8-edge      mlx5_comp7@pci:0000:c3:00.0
@ 245679.42
     rx_buff_alloc_err: 0
     rx_congst_umr: 0
     rx_out_of_buffer: 3988893704
     rx_packets_phy: 76137455812
     ch7_events: 341797328
     ch7_poll: 803947285
     ch7_arm: 333736642
     ch7_aff_change: 42814819
     ch7_force_irq: 0
     ch7_eq_rearm: 0
     rx7_packets: 12429434730
     rx7_bytes: 1855266509346
     rx7_csum_unnecessary: 6484
     rx7_csum_none: 0
     rx7_xdp_drop: 0
     rx7_xdp_redirect: 0
     rx7_gro_packets: 0
     rx7_gro_bytes: 0
     rx7_gro_skbs: 0
     rx7_gro_large_hds: 0
 312:          0          0          0          0          0          0          0    2594141  316892686   19128440          0          0          0          0          0      22171          0          0          0          0          0          0          0          0          0          0          0          0          0          0          0          0          0          0          0          0          0          0          0          0     222299          0          0          0          0          0          0          0          0          0          0          0          0          0          0          0          0          0          0          0          0          0          0          0 IR-PCI-MSIX-0000:c3:00.0    8-edge      mlx5_comp7@pci:0000:c3:00.0
@ 245680.43
     rx_buff_alloc_err: 0
     rx_congst_umr: 0
     rx_out_of_buffer: 3989692319
     rx_packets_phy: 76138254435
     ch7_events: 341797328
     ch7_poll: 803947285
     ch7_arm: 333736642
     ch7_aff_change: 42814819
     ch7_force_irq: 0
     ch7_eq_rearm: 0
     rx7_packets: 12429434730
     rx7_bytes: 1855266509346
     rx7_csum_unnecessary: 6484
     rx7_csum_none: 0
     rx7_xdp_drop: 0
     rx7_xdp_redirect: 0
     rx7_gro_packets: 0
     rx7_gro_bytes: 0
     rx7_gro_skbs: 0
     rx7_gro_large_hds: 0
 312:          0          0          0          0          0          0          0    2594141  316892686   19128440          0          0          0          0          0      22171          0          0          0          0          0          0          0          0          0          0          0          0          0          0          0          0          0          0          0          0          0          0          0          0     222299          0          0          0          0          0          0          0          0          0          0          0          0          0          0          0          0          0          0          0          0          0          0          0 IR-PCI-MSIX-0000:c3:00.0    8-edge      mlx5_comp7@pci:0000:c3:00.0
@ 245681.44
     rx_buff_alloc_err: 0
     rx_congst_umr: 0
     rx_out_of_buffer: 3990490793
     rx_packets_phy: 76139052995
     ch7_events: 341797328
     ch7_poll: 803947285
     ch7_arm: 333736642
     ch7_aff_change: 42814819
     ch7_force_irq: 0
     ch7_eq_rearm: 0
     rx7_packets: 12429434730
     rx7_bytes: 1855266509346
     rx7_csum_unnecessary: 6484
     rx7_csum_none: 0
     rx7_xdp_drop: 0
     rx7_xdp_redirect: 0
     rx7_gro_packets: 0
     rx7_gro_bytes: 0
     rx7_gro_skbs: 0
     rx7_gro_large_hds: 0
 312:          0          0          0          0          0          0          0    2594141  316892686   19128440          0          0          0          0          0      22171          0          0          0          0          0          0          0          0          0          0          0          0          0          0          0          0          0          0          0          0          0          0          0          0     222299          0          0          0          0          0          0          0          0          0          0          0          0          0          0          0          0          0          0          0          0          0          0          0 IR-PCI-MSIX-0000:c3:00.0    8-edge      mlx5_comp7@pci:0000:c3:00.0
@ 245682.45
     rx_buff_alloc_err: 0
     rx_congst_umr: 0
     rx_out_of_buffer: 3991289395
     rx_packets_phy: 76139851477
     ch7_events: 341797328
     ch7_poll: 803947285
     ch7_arm: 333736642
     ch7_aff_change: 42814819
     ch7_force_irq: 0
     ch7_eq_rearm: 0
     rx7_packets: 12429434730
     rx7_bytes: 1855266509346
     rx7_csum_unnecessary: 6484
     rx7_csum_none: 0
     rx7_xdp_drop: 0
     rx7_xdp_redirect: 0
     rx7_gro_packets: 0
     rx7_gro_bytes: 0
     rx7_gro_skbs: 0
     rx7_gro_large_hds: 0
 312:          0          0          0          0          0          0          0    2594141  316892686   19128440          0          0          0          0          0      22171          0          0          0          0          0          0          0          0          0          0          0          0          0          0          0          0          0          0          0          0          0          0          0          0     222299          0          0          0          0          0          0          0          0          0          0          0          0          0          0          0          0          0          0          0          0          0          0          0 IR-PCI-MSIX-0000:c3:00.0    8-edge      mlx5_comp7@pci:0000:c3:00.0
@ 245683.46
     rx_buff_alloc_err: 0
     rx_congst_umr: 0
     rx_out_of_buffer: 3991918328
     rx_packets_phy: 76140480669
     ch7_events: 341797328
     ch7_poll: 803947285
     ch7_arm: 333736642
     ch7_aff_change: 42814819
     ch7_force_irq: 0
     ch7_eq_rearm: 0
     rx7_packets: 12429434730
     rx7_bytes: 1855266509346
     rx7_csum_unnecessary: 6484
     rx7_csum_none: 0
     rx7_xdp_drop: 0
     rx7_xdp_redirect: 0
     rx7_gro_packets: 0
     rx7_gro_bytes: 0
     rx7_gro_skbs: 0
     rx7_gro_large_hds: 0
 312:          0          0          0          0          0          0          0    2594141  316892686   19128440          0          0          0          0          0      22171          0          0          0          0          0          0          0          0          0          0          0          0          0          0          0          0          0          0          0          0          0          0          0          0     222299          0          0          0          0          0          0          0          0          0          0          0          0          0          0          0          0          0          0          0          0          0          0          0 IR-PCI-MSIX-0000:c3:00.0    8-edge      mlx5_comp7@pci:0000:c3:00.0
@ 245684.47
     rx_buff_alloc_err: 0
     rx_congst_umr: 0
     rx_out_of_buffer: 3992116961
     rx_packets_phy: 76140679385
     ch7_events: 341797328
     ch7_poll: 803947285
     ch7_arm: 333736642
     ch7_aff_change: 42814819
     ch7_force_irq: 0
     ch7_eq_rearm: 0
     rx7_packets: 12429434730
     rx7_bytes: 1855266509346
     rx7_csum_unnecessary: 6484
     rx7_csum_none: 0
     rx7_xdp_drop: 0
     rx7_xdp_redirect: 0
     rx7_gro_packets: 0
     rx7_gro_bytes: 0
     rx7_gro_skbs: 0
     rx7_gro_large_hds: 0
 312:          0          0          0          0          0          0          0    2594141  316892686   19128440          0          0          0          0          0      22171          0          0          0          0          0          0          0          0          0          0          0          0          0          0          0          0          0          0          0          0          0          0          0          0     222299          0          0          0          0          0          0          0          0          0          0          0          0          0          0          0          0          0          0          0          0          0          0          0 IR-PCI-MSIX-0000:c3:00.0    8-edge      mlx5_comp7@pci:0000:c3:00.0
@ 245685.48
     rx_buff_alloc_err: 0
     rx_congst_umr: 0
     rx_out_of_buffer: 3992276701
     rx_packets_phy: 76140839111
     ch7_events: 341797328
     ch7_poll: 803947285
     ch7_arm: 333736642
     ch7_aff_change: 42814819
     ch7_force_irq: 0
     ch7_eq_rearm: 0
     rx7_packets: 12429434730
     rx7_bytes: 1855266509346
     rx7_csum_unnecessary: 6484
     rx7_csum_none: 0
     rx7_xdp_drop: 0
     rx7_xdp_redirect: 0
     rx7_gro_packets: 0
     rx7_gro_bytes: 0
     rx7_gro_skbs: 0
     rx7_gro_large_hds: 0
 312:          0          0          0          0          0          0          0    2594141  316892686   19128440          0          0          0          0          0      22171          0          0          0          0          0          0          0          0          0          0          0          0          0          0          0          0          0          0          0          0          0          0          0          0     222299          0          0          0          0          0          0          0          0          0          0          0          0          0          0          0          0          0          0          0          0          0          0          0 IR-PCI-MSIX-0000:c3:00.0    8-edge      mlx5_comp7@pci:0000:c3:00.0
@ 245686.50
     rx_buff_alloc_err: 0
     rx_congst_umr: 0
     rx_out_of_buffer: 3992436387
     rx_packets_phy: 76140998853
     ch7_events: 341797328
     ch7_poll: 803947285
     ch7_arm: 333736642
     ch7_aff_change: 42814819
     ch7_force_irq: 0
     ch7_eq_rearm: 0
     rx7_packets: 12429434730
     rx7_bytes: 1855266509346
     rx7_csum_unnecessary: 6484
     rx7_csum_none: 0
     rx7_xdp_drop: 0
     rx7_xdp_redirect: 0
     rx7_gro_packets: 0
     rx7_gro_bytes: 0
     rx7_gro_skbs: 0
     rx7_gro_large_hds: 0
 312:          0          0          0          0          0          0          0    2594141  316892686   19128440          0          0          0          0          0      22171          0          0          0          0          0          0          0          0          0          0          0          0          0          0          0          0          0          0          0          0          0          0          0          0     222299          0          0          0          0          0          0          0          0          0          0          0          0          0          0          0          0          0          0          0          0          0          0          0 IR-PCI-MSIX-0000:c3:00.0    8-edge      mlx5_comp7@pci:0000:c3:00.0
@ 245687.51
     rx_buff_alloc_err: 0
     rx_congst_umr: 0
     rx_out_of_buffer: 3992596131
     rx_packets_phy: 76141158555
     ch7_events: 341797328
     ch7_poll: 803947285
     ch7_arm: 333736642
     ch7_aff_change: 42814819
     ch7_force_irq: 0
     ch7_eq_rearm: 0
     rx7_packets: 12429434730
     rx7_bytes: 1855266509346
     rx7_csum_unnecessary: 6484
     rx7_csum_none: 0
     rx7_xdp_drop: 0
     rx7_xdp_redirect: 0
     rx7_gro_packets: 0
     rx7_gro_bytes: 0
     rx7_gro_skbs: 0
     rx7_gro_large_hds: 0
 312:          0          0          0          0          0          0          0    2594141  316892686   19128440          0          0          0          0          0      22171          0          0          0          0          0          0          0          0          0          0          0          0          0          0          0          0          0          0          0          0          0          0          0          0     222299          0          0          0          0          0          0          0          0          0          0          0          0          0          0          0          0          0          0          0          0          0          0          0 IR-PCI-MSIX-0000:c3:00.0    8-edge      mlx5_comp7@pci:0000:c3:00.0
@ 245688.52
     rx_buff_alloc_err: 0
     rx_congst_umr: 0
     rx_out_of_buffer: 3992755848
     rx_packets_phy: 76141318308
     ch7_events: 341797328
     ch7_poll: 803947285
     ch7_arm: 333736642
     ch7_aff_change: 42814819
     ch7_force_irq: 0
     ch7_eq_rearm: 0
     rx7_packets: 12429434730
     rx7_bytes: 1855266509346
     rx7_csum_unnecessary: 6484
     rx7_csum_none: 0
     rx7_xdp_drop: 0
     rx7_xdp_redirect: 0
     rx7_gro_packets: 0
     rx7_gro_bytes: 0
     rx7_gro_skbs: 0
     rx7_gro_large_hds: 0
 312:          0          0          0          0          0          0          0    2594141  316892686   19128440          0          0          0          0          0      22171          0          0          0          0          0          0          0          0          0          0          0          0          0          0          0          0          0          0          0          0          0          0          0          0     222299          0          0          0          0          0          0          0          0          0          0          0          0          0          0          0          0          0          0          0          0          0          0          0 IR-PCI-MSIX-0000:c3:00.0    8-edge      mlx5_comp7@pci:0000:c3:00.0
@ 245689.53
     rx_buff_alloc_err: 0
     rx_congst_umr: 0
     rx_out_of_buffer: 3992915556
     rx_packets_phy: 76141478033
     ch7_events: 341797328
     ch7_poll: 803947285
     ch7_arm: 333736642
     ch7_aff_change: 42814819
     ch7_force_irq: 0
     ch7_eq_rearm: 0
     rx7_packets: 12429434730
     rx7_bytes: 1855266509346
     rx7_csum_unnecessary: 6484
     rx7_csum_none: 0
     rx7_xdp_drop: 0
     rx7_xdp_redirect: 0
     rx7_gro_packets: 0
     rx7_gro_bytes: 0
     rx7_gro_skbs: 0
     rx7_gro_large_hds: 0
 312:          0          0          0          0          0          0          0    2594141  316892686   19128440          0          0          0          0          0      22171          0          0          0          0          0          0          0          0          0          0          0          0          0          0          0          0          0          0          0          0          0          0          0          0     222299          0          0          0          0          0          0          0          0          0          0          0          0          0          0          0          0          0          0          0          0          0          0          0 IR-PCI-MSIX-0000:c3:00.0    8-edge      mlx5_comp7@pci:0000:c3:00.0
@ 245690.54
     rx_buff_alloc_err: 0
     rx_congst_umr: 0
     rx_out_of_buffer: 3993075300
     rx_packets_phy: 76141637746
     ch7_events: 341797328
     ch7_poll: 803947285
     ch7_arm: 333736642
     ch7_aff_change: 42814819
     ch7_force_irq: 0
     ch7_eq_rearm: 0
     rx7_packets: 12429434730
     rx7_bytes: 1855266509346
     rx7_csum_unnecessary: 6484
     rx7_csum_none: 0
     rx7_xdp_drop: 0
     rx7_xdp_redirect: 0
     rx7_gro_packets: 0
     rx7_gro_bytes: 0
     rx7_gro_skbs: 0
     rx7_gro_large_hds: 0
 312:          0          0          0          0          0          0          0    2594141  316892686   19128440          0          0          0          0          0      22171          0          0          0          0          0          0          0          0          0          0          0          0          0          0          0          0          0          0          0          0          0          0          0          0     222299          0          0          0          0          0          0          0          0          0          0          0          0          0          0          0          0          0          0          0          0          0          0          0 IR-PCI-MSIX-0000:c3:00.0    8-edge      mlx5_comp7@pci:0000:c3:00.0
@ 245691.55
     rx_buff_alloc_err: 0
     rx_congst_umr: 0
     rx_out_of_buffer: 3993234916
     rx_packets_phy: 76141797373
     ch7_events: 341797328
     ch7_poll: 803947285
     ch7_arm: 333736642
     ch7_aff_change: 42814819
     ch7_force_irq: 0
     ch7_eq_rearm: 0
     rx7_packets: 12429434730
     rx7_bytes: 1855266509346
     rx7_csum_unnecessary: 6484
     rx7_csum_none: 0
     rx7_xdp_drop: 0
     rx7_xdp_redirect: 0
     rx7_gro_packets: 0
     rx7_gro_bytes: 0
     rx7_gro_skbs: 0
     rx7_gro_large_hds: 0
 312:          0          0          0          0          0          0          0    2594141  316892686   19128440          0          0          0          0          0      22171          0          0          0          0          0          0          0          0          0          0          0          0          0          0          0          0          0          0          0          0          0          0          0          0     222299          0          0          0          0          0          0          0          0          0          0          0          0          0          0          0          0          0          0          0          0          0          0          0 IR-PCI-MSIX-0000:c3:00.0    8-edge      mlx5_comp7@pci:0000:c3:00.0
@ 245692.56
     rx_buff_alloc_err: 0
     rx_congst_umr: 0
     rx_out_of_buffer: 3993394617
     rx_packets_phy: 76141957126
     ch7_events: 341797328
     ch7_poll: 803947285
     ch7_arm: 333736642
     ch7_aff_change: 42814819
     ch7_force_irq: 0
     ch7_eq_rearm: 0
     rx7_packets: 12429434730
     rx7_bytes: 1855266509346
     rx7_csum_unnecessary: 6484
     rx7_csum_none: 0
     rx7_xdp_drop: 0
     rx7_xdp_redirect: 0
     rx7_gro_packets: 0
     rx7_gro_bytes: 0
     rx7_gro_skbs: 0
     rx7_gro_large_hds: 0
 312:          0          0          0          0          0          0          0    2594141  316892686   19128440          0          0          0          0          0      22171          0          0          0          0          0          0          0          0          0          0          0          0          0          0          0          0          0          0          0          0          0          0          0          0     222299          0          0          0          0          0          0          0          0          0          0          0          0          0          0          0          0          0          0          0          0          0          0          0 IR-PCI-MSIX-0000:c3:00.0    8-edge      mlx5_comp7@pci:0000:c3:00.0
@ 245693.57
     rx_buff_alloc_err: 0
     rx_congst_umr: 0
     rx_out_of_buffer: 3993554342
     rx_packets_phy: 76142116826
     ch7_events: 341797328
     ch7_poll: 803947285
     ch7_arm: 333736642
     ch7_aff_change: 42814819
     ch7_force_irq: 0
     ch7_eq_rearm: 0
     rx7_packets: 12429434730
     rx7_bytes: 1855266509346
     rx7_csum_unnecessary: 6484
     rx7_csum_none: 0
     rx7_xdp_drop: 0
     rx7_xdp_redirect: 0
     rx7_gro_packets: 0
     rx7_gro_bytes: 0
     rx7_gro_skbs: 0
     rx7_gro_large_hds: 0
 312:          0          0          0          0          0          0          0    2594141  316892686   19128440          0          0          0          0          0      22171          0          0          0          0          0          0          0          0          0          0          0          0          0          0          0          0          0          0          0          0          0          0          0          0     222299          0          0          0          0          0          0          0          0          0          0          0          0          0          0          0          0          0          0          0          0          0          0          0 IR-PCI-MSIX-0000:c3:00.0    8-edge      mlx5_comp7@pci:0000:c3:00.0
@ 245694.58
     rx_buff_alloc_err: 0
     rx_congst_umr: 0
     rx_out_of_buffer: 3993714057
     rx_packets_phy: 76142276567
     ch7_events: 341797328
     ch7_poll: 803947285
     ch7_arm: 333736642
     ch7_aff_change: 42814819
     ch7_force_irq: 0
     ch7_eq_rearm: 0
     rx7_packets: 12429434730
     rx7_bytes: 1855266509346
     rx7_csum_unnecessary: 6484
     rx7_csum_none: 0
     rx7_xdp_drop: 0
     rx7_xdp_redirect: 0
     rx7_gro_packets: 0
     rx7_gro_bytes: 0
     rx7_gro_skbs: 0
     rx7_gro_large_hds: 0
 312:          0          0          0          0          0          0          0    2594141  316892686   19128440          0          0          0          0          0      22171          0          0          0          0          0          0          0          0          0          0          0          0          0          0          0          0          0          0          0          0          0          0          0          0     222299          0          0          0          0          0          0          0          0          0          0          0          0          0          0          0          0          0          0          0          0          0          0          0 IR-PCI-MSIX-0000:c3:00.0    8-edge      mlx5_comp7@pci:0000:c3:00.0
@ 245695.59
     rx_buff_alloc_err: 0
     rx_congst_umr: 0
     rx_out_of_buffer: 3993873766
     rx_packets_phy: 76142436255
     ch7_events: 341797328
     ch7_poll: 803947285
     ch7_arm: 333736642
     ch7_aff_change: 42814819
     ch7_force_irq: 0
     ch7_eq_rearm: 0
     rx7_packets: 12429434730
     rx7_bytes: 1855266509346
     rx7_csum_unnecessary: 6484
     rx7_csum_none: 0
     rx7_xdp_drop: 0
     rx7_xdp_redirect: 0
     rx7_gro_packets: 0
     rx7_gro_bytes: 0
     rx7_gro_skbs: 0
     rx7_gro_large_hds: 0
 312:          0          0          0          0          0          0          0    2594141  316892686   19128440          0          0          0          0          0      22171          0          0          0          0          0          0          0          0          0          0          0          0          0          0          0          0          0          0          0          0          0          0          0          0     222299          0          0          0          0          0          0          0          0          0          0          0          0          0          0          0          0          0          0          0          0          0          0          0 IR-PCI-MSIX-0000:c3:00.0    8-edge      mlx5_comp7@pci:0000:c3:00.0
@ 245696.60
     rx_buff_alloc_err: 0
     rx_congst_umr: 0
     rx_out_of_buffer: 3994033500
     rx_packets_phy: 76142596012
     ch7_events: 341797328
     ch7_poll: 803947285
     ch7_arm: 333736642
     ch7_aff_change: 42814819
     ch7_force_irq: 0
     ch7_eq_rearm: 0
     rx7_packets: 12429434730
     rx7_bytes: 1855266509346
     rx7_csum_unnecessary: 6484
     rx7_csum_none: 0
     rx7_xdp_drop: 0
     rx7_xdp_redirect: 0
     rx7_gro_packets: 0
     rx7_gro_bytes: 0
     rx7_gro_skbs: 0
     rx7_gro_large_hds: 0
 312:          0          0          0          0          0          0          0    2594141  316892686   19128440          0          0          0          0          0      22171          0          0          0          0          0          0          0          0          0          0          0          0          0          0          0          0          0          0          0          0          0          0          0          0     222299          0          0          0          0          0          0          0          0          0          0          0          0          0          0          0          0          0          0          0          0          0          0          0 IR-PCI-MSIX-0000:c3:00.0    8-edge      mlx5_comp7@pci:0000:c3:00.0
@ 245697.62
     rx_buff_alloc_err: 0
     rx_congst_umr: 0
     rx_out_of_buffer: 3994193192
     rx_packets_phy: 76142755750
     ch7_events: 341797328
     ch7_poll: 803947285
     ch7_arm: 333736642
     ch7_aff_change: 42814819
     ch7_force_irq: 0
     ch7_eq_rearm: 0
     rx7_packets: 12429434730
     rx7_bytes: 1855266509346
     rx7_csum_unnecessary: 6484
     rx7_csum_none: 0
     rx7_xdp_drop: 0
     rx7_xdp_redirect: 0
     rx7_gro_packets: 0
     rx7_gro_bytes: 0
     rx7_gro_skbs: 0
     rx7_gro_large_hds: 0
 312:          0          0          0          0          0          0          0    2594141  316892686   19128440          0          0          0          0          0      22171          0          0          0          0          0          0          0          0          0          0          0          0          0          0          0          0          0          0          0          0          0          0          0          0     222299          0          0          0          0          0          0          0          0          0          0          0          0          0          0          0          0          0          0          0          0          0          0          0 IR-PCI-MSIX-0000:c3:00.0    8-edge      mlx5_comp7@pci:0000:c3:00.0
@ 245698.63
     rx_buff_alloc_err: 0
     rx_congst_umr: 0
     rx_out_of_buffer: 3994352937
     rx_packets_phy: 76142915452
     ch7_events: 341797328
     ch7_poll: 803947285
     ch7_arm: 333736642
     ch7_aff_change: 42814819
     ch7_force_irq: 0
     ch7_eq_rearm: 0
     rx7_packets: 12429434730
     rx7_bytes: 1855266509346
     rx7_csum_unnecessary: 6484
     rx7_csum_none: 0
     rx7_xdp_drop: 0
     rx7_xdp_redirect: 0
     rx7_gro_packets: 0
     rx7_gro_bytes: 0
     rx7_gro_skbs: 0
     rx7_gro_large_hds: 0
 312:          0          0          0          0          0          0          0    2594141  316892686   19128440          0          0          0          0          0      22171          0          0          0          0          0          0          0          0          0          0          0          0          0          0          0          0          0          0          0          0          0          0          0          0     222299          0          0          0          0          0          0          0          0          0          0          0          0          0          0          0          0          0          0          0          0          0          0          0 IR-PCI-MSIX-0000:c3:00.0    8-edge      mlx5_comp7@pci:0000:c3:00.0
@ 245699.64
     rx_buff_alloc_err: 0
     rx_congst_umr: 0
     rx_out_of_buffer: 3994512651
     rx_packets_phy: 76143075209
     ch7_events: 341797328
     ch7_poll: 803947285
     ch7_arm: 333736642
     ch7_aff_change: 42814819
     ch7_force_irq: 0
     ch7_eq_rearm: 0
     rx7_packets: 12429434730
     rx7_bytes: 1855266509346
     rx7_csum_unnecessary: 6484
     rx7_csum_none: 0
     rx7_xdp_drop: 0
     rx7_xdp_redirect: 0
     rx7_gro_packets: 0
     rx7_gro_bytes: 0
     rx7_gro_skbs: 0
     rx7_gro_large_hds: 0
 312:          0          0          0          0          0          0          0    2594141  316892686   19128440          0          0          0          0          0      22171          0          0          0          0          0          0          0          0          0          0          0          0          0          0          0          0          0          0          0          0          0          0          0          0     222299          0          0          0          0          0          0          0          0          0          0          0          0          0          0          0          0          0          0          0          0          0          0          0 IR-PCI-MSIX-0000:c3:00.0    8-edge      mlx5_comp7@pci:0000:c3:00.0
@ 245700.65
     rx_buff_alloc_err: 0
     rx_congst_umr: 0
     rx_out_of_buffer: 3994672365
     rx_packets_phy: 76143234906
     ch7_events: 341797328
     ch7_poll: 803947285
     ch7_arm: 333736642
     ch7_aff_change: 42814819
     ch7_force_irq: 0
     ch7_eq_rearm: 0
     rx7_packets: 12429434730
     rx7_bytes: 1855266509346
     rx7_csum_unnecessary: 6484
     rx7_csum_none: 0
     rx7_xdp_drop: 0
     rx7_xdp_redirect: 0
     rx7_gro_packets: 0
     rx7_gro_bytes: 0
     rx7_gro_skbs: 0
     rx7_gro_large_hds: 0
 312:          0          0          0          0          0          0          0    2594141  316892686   19128440          0          0          0          0          0      22171          0          0          0          0          0          0          0          0          0          0          0          0          0          0          0          0          0          0          0          0          0          0          0          0     222299          0          0          0          0          0          0          0          0          0          0          0          0          0          0          0          0          0          0          0          0          0          0          0 IR-PCI-MSIX-0000:c3:00.0    8-edge      mlx5_comp7@pci:0000:c3:00.0
@ 245701.66
     rx_buff_alloc_err: 0
     rx_congst_umr: 0
     rx_out_of_buffer: 3994832045
     rx_packets_phy: 76143394587
     ch7_events: 341797328
     ch7_poll: 803947285
     ch7_arm: 333736642
     ch7_aff_change: 42814819
     ch7_force_irq: 0
     ch7_eq_rearm: 0
     rx7_packets: 12429434730
     rx7_bytes: 1855266509346
     rx7_csum_unnecessary: 6484
     rx7_csum_none: 0
     rx7_xdp_drop: 0
     rx7_xdp_redirect: 0
     rx7_gro_packets: 0
     rx7_gro_bytes: 0
     rx7_gro_skbs: 0
     rx7_gro_large_hds: 0
 312:          0          0          0          0          0          0          0    2594141  316892686   19128440          0          0          0          0          0      22171          0          0          0          0          0          0          0          0          0          0          0          0          0          0          0          0          0          0          0          0          0          0          0          0     222299          0          0          0          0          0          0          0          0          0          0          0          0          0          0          0          0          0          0          0          0          0          0          0 IR-PCI-MSIX-0000:c3:00.0    8-edge      mlx5_comp7@pci:0000:c3:00.0
@ 245702.67
     rx_buff_alloc_err: 0
     rx_congst_umr: 0
     rx_out_of_buffer: 3994991726
     rx_packets_phy: 76143554314
     ch7_events: 341797328
     ch7_poll: 803947285
     ch7_arm: 333736642
     ch7_aff_change: 42814819
     ch7_force_irq: 0
     ch7_eq_rearm: 0
     rx7_packets: 12429434730
     rx7_bytes: 1855266509346
     rx7_csum_unnecessary: 6484
     rx7_csum_none: 0
     rx7_xdp_drop: 0
     rx7_xdp_redirect: 0
     rx7_gro_packets: 0
     rx7_gro_bytes: 0
     rx7_gro_skbs: 0
     rx7_gro_large_hds: 0
 312:          0          0          0          0          0          0          0    2594141  316892686   19128440          0          0          0          0          0      22171          0          0          0          0          0          0          0          0          0          0          0          0          0          0          0          0          0          0          0          0          0          0          0          0     222299          0          0          0          0          0          0          0          0          0          0          0          0          0          0          0          0          0          0          0          0          0          0          0 IR-PCI-MSIX-0000:c3:00.0    8-edge      mlx5_comp7@pci:0000:c3:00.0
@ 245703.68
     rx_buff_alloc_err: 0
     rx_congst_umr: 0
     rx_out_of_buffer: 3995151407
     rx_packets_phy: 76143713992
     ch7_events: 341797328
     ch7_poll: 803947285
     ch7_arm: 333736642
     ch7_aff_change: 42814819
     ch7_force_irq: 0
     ch7_eq_rearm: 0
     rx7_packets: 12429434730
     rx7_bytes: 1855266509346
     rx7_csum_unnecessary: 6484
     rx7_csum_none: 0
     rx7_xdp_drop: 0
     rx7_xdp_redirect: 0
     rx7_gro_packets: 0
     rx7_gro_bytes: 0
     rx7_gro_skbs: 0
     rx7_gro_large_hds: 0
 312:          0          0          0          0          0          0          0    2594141  316892686   19128440          0          0          0          0          0      22171          0          0          0          0          0          0          0          0          0          0          0          0          0          0          0          0          0          0          0          0          0          0          0          0     222299          0          0          0          0          0          0          0          0          0          0          0          0          0          0          0          0          0          0          0          0          0          0          0 IR-PCI-MSIX-0000:c3:00.0    8-edge      mlx5_comp7@pci:0000:c3:00.0
@ 245704.69
     rx_buff_alloc_err: 0
     rx_congst_umr: 0
     rx_out_of_buffer: 3995311139
     rx_packets_phy: 76143873714
     ch7_events: 341797328
     ch7_poll: 803947285
     ch7_arm: 333736642
     ch7_aff_change: 42814819
     ch7_force_irq: 0
     ch7_eq_rearm: 0
     rx7_packets: 12429434730
     rx7_bytes: 1855266509346
     rx7_csum_unnecessary: 6484
     rx7_csum_none: 0
     rx7_xdp_drop: 0
     rx7_xdp_redirect: 0
     rx7_gro_packets: 0
     rx7_gro_bytes: 0
     rx7_gro_skbs: 0
     rx7_gro_large_hds: 0
 312:          0          0          0          0          0          0          0    2594141  316892686   19128440          0          0          0          0          0      22171          0          0          0          0          0          0          0          0          0          0          0          0          0          0          0          0          0          0          0          0          0          0          0          0     222299          0          0          0          0          0          0          0          0          0          0          0          0          0          0          0          0          0          0          0          0          0          0          0 IR-PCI-MSIX-0000:c3:00.0    8-edge      mlx5_comp7@pci:0000:c3:00.0
@ 245705.70
     rx_buff_alloc_err: 0
     rx_congst_umr: 0
     rx_out_of_buffer: 3995470834
     rx_packets_phy: 76144033451
     ch7_events: 341797328
     ch7_poll: 803947285
     ch7_arm: 333736642
     ch7_aff_change: 42814819
     ch7_force_irq: 0
     ch7_eq_rearm: 0
     rx7_packets: 12429434730
     rx7_bytes: 1855266509346
     rx7_csum_unnecessary: 6484
     rx7_csum_none: 0
     rx7_xdp_drop: 0
     rx7_xdp_redirect: 0
     rx7_gro_packets: 0
     rx7_gro_bytes: 0
     rx7_gro_skbs: 0
     rx7_gro_large_hds: 0
 312:          0          0          0          0          0          0          0    2594141  316892686   19128440          0          0          0          0          0      22171          0          0          0          0          0          0          0          0          0          0          0          0          0          0          0          0          0          0          0          0          0          0          0          0     222299          0          0          0          0          0          0          0          0          0          0          0          0          0          0          0          0          0          0          0          0          0          0          0 IR-PCI-MSIX-0000:c3:00.0    8-edge      mlx5_comp7@pci:0000:c3:00.0
@ 245706.71
     rx_buff_alloc_err: 0
     rx_congst_umr: 0
     rx_out_of_buffer: 3995630579
     rx_packets_phy: 76144193164
     ch7_events: 341797328
     ch7_poll: 803947285
     ch7_arm: 333736642
     ch7_aff_change: 42814819
     ch7_force_irq: 0
     ch7_eq_rearm: 0
     rx7_packets: 12429434730
     rx7_bytes: 1855266509346
     rx7_csum_unnecessary: 6484
     rx7_csum_none: 0
     rx7_xdp_drop: 0
     rx7_xdp_redirect: 0
     rx7_gro_packets: 0
     rx7_gro_bytes: 0
     rx7_gro_skbs: 0
     rx7_gro_large_hds: 0
 312:          0          0          0          0          0          0          0    2594141  316892686   19128440          0          0          0          0          0      22171          0          0          0          0          0          0          0          0          0          0          0          0          0          0          0          0          0          0          0          0          0          0          0          0     222299          0          0          0          0          0          0          0          0          0          0          0          0          0          0          0          0          0          0          0          0          0          0          0 IR-PCI-MSIX-0000:c3:00.0    8-edge      mlx5_comp7@pci:0000:c3:00.0
@ 245707.72
     rx_buff_alloc_err: 0
     rx_congst_umr: 0
     rx_out_of_buffer: 3995790262
     rx_packets_phy: 76144352908
     ch7_events: 341797328
     ch7_poll: 803947285
     ch7_arm: 333736642
     ch7_aff_change: 42814819
     ch7_force_irq: 0
     ch7_eq_rearm: 0
     rx7_packets: 12429434730
     rx7_bytes: 1855266509346
     rx7_csum_unnecessary: 6484
     rx7_csum_none: 0
     rx7_xdp_drop: 0
     rx7_xdp_redirect: 0
     rx7_gro_packets: 0
     rx7_gro_bytes: 0
     rx7_gro_skbs: 0
     rx7_gro_large_hds: 0
 312:          0          0          0          0          0          0          0    2594141  316892686   19128440          0          0          0          0          0      22171          0          0          0          0          0          0          0          0          0          0          0          0          0          0          0          0          0          0          0          0          0          0          0          0     222299          0          0          0          0          0          0          0          0          0          0          0          0          0          0          0          0          0          0          0          0          0          0          0 IR-PCI-MSIX-0000:c3:00.0    8-edge      mlx5_comp7@pci:0000:c3:00.0
@ 245708.73
     rx_buff_alloc_err: 0
     rx_congst_umr: 0
     rx_out_of_buffer: 3995950008
     rx_packets_phy: 76144512605
     ch7_events: 341797328
     ch7_poll: 803947285
     ch7_arm: 333736642
     ch7_aff_change: 42814819
     ch7_force_irq: 0
     ch7_eq_rearm: 0
     rx7_packets: 12429434730
     rx7_bytes: 1855266509346
     rx7_csum_unnecessary: 6484
     rx7_csum_none: 0
     rx7_xdp_drop: 0
     rx7_xdp_redirect: 0
     rx7_gro_packets: 0
     rx7_gro_bytes: 0
     rx7_gro_skbs: 0
     rx7_gro_large_hds: 0
 312:          0          0          0          0          0          0          0    2594141  316892686   19128440          0          0          0          0          0      22171          0          0          0          0          0          0          0          0          0          0          0          0          0          0          0          0          0          0          0          0          0          0          0          0     222299          0          0          0          0          0          0          0          0          0          0          0          0          0          0          0          0          0          0          0          0          0          0          0 IR-PCI-MSIX-0000:c3:00.0    8-edge      mlx5_comp7@pci:0000:c3:00.0
@ 245709.75
     rx_buff_alloc_err: 0
     rx_congst_umr: 0
     rx_out_of_buffer: 3996109721
     rx_packets_phy: 76144672363
     ch7_events: 341797328
     ch7_poll: 803947285
     ch7_arm: 333736642
     ch7_aff_change: 42814819
     ch7_force_irq: 0
     ch7_eq_rearm: 0
     rx7_packets: 12429434730
     rx7_bytes: 1855266509346
     rx7_csum_unnecessary: 6484
     rx7_csum_none: 0
     rx7_xdp_drop: 0
     rx7_xdp_redirect: 0
     rx7_gro_packets: 0
     rx7_gro_bytes: 0
     rx7_gro_skbs: 0
     rx7_gro_large_hds: 0
 312:          0          0          0          0          0          0          0    2594141  316892686   19128440          0          0          0          0          0      22171          0          0          0          0          0          0          0          0          0          0          0          0          0          0          0          0          0          0          0          0          0          0          0          0     222299          0          0          0          0          0          0          0          0          0          0          0          0          0          0          0          0          0          0          0          0          0          0          0 IR-PCI-MSIX-0000:c3:00.0    8-edge      mlx5_comp7@pci:0000:c3:00.0
@ 245710.76
     rx_buff_alloc_err: 0
     rx_congst_umr: 0
     rx_out_of_buffer: 3996269436
     rx_packets_phy: 76144832051
     ch7_events: 341797328
     ch7_poll: 803947285
     ch7_arm: 333736642
     ch7_aff_change: 42814819
     ch7_force_irq: 0
     ch7_eq_rearm: 0
     rx7_packets: 12429434730
     rx7_bytes: 1855266509346
     rx7_csum_unnecessary: 6484
     rx7_csum_none: 0
     rx7_xdp_drop: 0
     rx7_xdp_redirect: 0
     rx7_gro_packets: 0
     rx7_gro_bytes: 0
     rx7_gro_skbs: 0
     rx7_gro_large_hds: 0
 312:          0          0          0          0          0          0          0    2594141  316892686   19128440          0          0          0          0          0      22171          0          0          0          0          0          0          0          0          0          0          0          0          0          0          0          0          0          0          0          0          0          0          0          0     222299          0          0          0          0          0          0          0          0          0          0          0          0          0          0          0          0          0          0          0          0          0          0          0 IR-PCI-MSIX-0000:c3:00.0    8-edge      mlx5_comp7@pci:0000:c3:00.0
@ 245711.77
     rx_buff_alloc_err: 0
     rx_congst_umr: 0
     rx_out_of_buffer: 3996429117
     rx_packets_phy: 76144991758
     ch7_events: 341797328
     ch7_poll: 803947285
     ch7_arm: 333736642
     ch7_aff_change: 42814819
     ch7_force_irq: 0
     ch7_eq_rearm: 0
     rx7_packets: 12429434730
     rx7_bytes: 1855266509346
     rx7_csum_unnecessary: 6484
     rx7_csum_none: 0
     rx7_xdp_drop: 0
     rx7_xdp_redirect: 0
     rx7_gro_packets: 0
     rx7_gro_bytes: 0
     rx7_gro_skbs: 0
     rx7_gro_large_hds: 0
 312:          0          0          0          0          0          0          0    2594141  316892686   19128440          0          0          0          0          0      22171          0          0          0          0          0          0          0          0          0          0          0          0          0          0          0          0          0          0          0          0          0          0          0          0     222299          0          0          0          0          0          0          0          0          0          0          0          0          0          0          0          0          0          0          0          0          0          0          0 IR-PCI-MSIX-0000:c3:00.0    8-edge      mlx5_comp7@pci:0000:c3:00.0
@ 245712.78
     rx_buff_alloc_err: 0
     rx_congst_umr: 0
     rx_out_of_buffer: 3996588849
     rx_packets_phy: 76145151495
     ch7_events: 341797328
     ch7_poll: 803947285
     ch7_arm: 333736642
     ch7_aff_change: 42814819
     ch7_force_irq: 0
     ch7_eq_rearm: 0
     rx7_packets: 12429434730
     rx7_bytes: 1855266509346
     rx7_csum_unnecessary: 6484
     rx7_csum_none: 0
     rx7_xdp_drop: 0
     rx7_xdp_redirect: 0
     rx7_gro_packets: 0
     rx7_gro_bytes: 0
     rx7_gro_skbs: 0
     rx7_gro_large_hds: 0
 312:          0          0          0          0          0          0          0    2594141  316892686   19128440          0          0          0          0          0      22171          0          0          0          0          0          0          0          0          0          0          0          0          0          0          0          0          0          0          0          0          0          0          0          0     222299          0          0          0          0          0          0          0          0          0          0          0          0          0          0          0          0          0          0          0          0          0          0          0 IR-PCI-MSIX-0000:c3:00.0    8-edge      mlx5_comp7@pci:0000:c3:00.0
@ 245713.79
     rx_buff_alloc_err: 0
     rx_congst_umr: 0
     rx_out_of_buffer: 3996748570
     rx_packets_phy: 76145311247
     ch7_events: 341797328
     ch7_poll: 803947285
     ch7_arm: 333736642
     ch7_aff_change: 42814819
     ch7_force_irq: 0
     ch7_eq_rearm: 0
     rx7_packets: 12429434730
     rx7_bytes: 1855266509346
     rx7_csum_unnecessary: 6484
     rx7_csum_none: 0
     rx7_xdp_drop: 0
     rx7_xdp_redirect: 0
     rx7_gro_packets: 0
     rx7_gro_bytes: 0
     rx7_gro_skbs: 0
     rx7_gro_large_hds: 0
 312:          0          0          0          0          0          0          0    2594141  316892686   19128440          0          0          0          0          0      22171          0          0          0          0          0          0          0          0          0          0          0          0          0          0          0          0          0          0          0          0          0          0          0          0     222299          0          0          0          0          0          0          0          0          0          0          0          0          0          0          0          0          0          0          0          0          0          0          0 IR-PCI-MSIX-0000:c3:00.0    8-edge      mlx5_comp7@pci:0000:c3:00.0
@ 245714.80
     rx_buff_alloc_err: 0
     rx_congst_umr: 0
     rx_out_of_buffer: 3996908338
     rx_packets_phy: 76145471004
     ch7_events: 341797328
     ch7_poll: 803947285
     ch7_arm: 333736642
     ch7_aff_change: 42814819
     ch7_force_irq: 0
     ch7_eq_rearm: 0
     rx7_packets: 12429434730
     rx7_bytes: 1855266509346
     rx7_csum_unnecessary: 6484
     rx7_csum_none: 0
     rx7_xdp_drop: 0
     rx7_xdp_redirect: 0
     rx7_gro_packets: 0
     rx7_gro_bytes: 0
     rx7_gro_skbs: 0
     rx7_gro_large_hds: 0
 312:          0          0          0          0          0          0          0    2594141  316892686   19128440          0          0          0          0          0      22171          0          0          0          0          0          0          0          0          0          0          0          0          0          0          0          0          0          0          0          0          0          0          0          0     222299          0          0          0          0          0          0          0          0          0          0          0          0          0          0          0          0          0          0          0          0          0          0          0 IR-PCI-MSIX-0000:c3:00.0    8-edge      mlx5_comp7@pci:0000:c3:00.0
@ 245715.81
     rx_buff_alloc_err: 0
     rx_congst_umr: 0
     rx_out_of_buffer: 3997068041
     rx_packets_phy: 76145630748
     ch7_events: 341797328
     ch7_poll: 803947285
     ch7_arm: 333736642
     ch7_aff_change: 42814819
     ch7_force_irq: 0
     ch7_eq_rearm: 0
     rx7_packets: 12429434730
     rx7_bytes: 1855266509346
     rx7_csum_unnecessary: 6484
     rx7_csum_none: 0
     rx7_xdp_drop: 0
     rx7_xdp_redirect: 0
     rx7_gro_packets: 0
     rx7_gro_bytes: 0
     rx7_gro_skbs: 0
     rx7_gro_large_hds: 0
 312:          0          0          0          0          0          0          0    2594141  316892686   19128440          0          0          0          0          0      22171          0          0          0          0          0          0          0          0          0          0          0          0          0          0          0          0          0          0          0          0          0          0          0          0     222299          0          0          0          0          0          0          0          0          0          0          0          0          0          0          0          0          0          0          0          0          0          0          0 IR-PCI-MSIX-0000:c3:00.0    8-edge      mlx5_comp7@pci:0000:c3:00.0
@ 245716.82
     rx_buff_alloc_err: 0
     rx_congst_umr: 0
     rx_out_of_buffer: 3997227837
     rx_packets_phy: 76145790508
     ch7_events: 341797328
     ch7_poll: 803947285
     ch7_arm: 333736642
     ch7_aff_change: 42814819
     ch7_force_irq: 0
     ch7_eq_rearm: 0
     rx7_packets: 12429434730
     rx7_bytes: 1855266509346
     rx7_csum_unnecessary: 6484
     rx7_csum_none: 0
     rx7_xdp_drop: 0
     rx7_xdp_redirect: 0
     rx7_gro_packets: 0
     rx7_gro_bytes: 0
     rx7_gro_skbs: 0
     rx7_gro_large_hds: 0
 312:          0          0          0          0          0          0          0    2594141  316892686   19128440          0          0          0          0          0      22171          0          0          0          0          0          0          0          0          0          0          0          0          0          0          0          0          0          0          0          0          0          0          0          0     222299          0          0          0          0          0          0          0          0          0          0          0          0          0          0          0          0          0          0          0          0          0          0          0 IR-PCI-MSIX-0000:c3:00.0    8-edge      mlx5_comp7@pci:0000:c3:00.0
@ 245717.83
     rx_buff_alloc_err: 0
     rx_congst_umr: 0
     rx_out_of_buffer: 3997387541
     rx_packets_phy: 76145950260
     ch7_events: 341797328
     ch7_poll: 803947285
     ch7_arm: 333736642
     ch7_aff_change: 42814819
     ch7_force_irq: 0
     ch7_eq_rearm: 0
     rx7_packets: 12429434730
     rx7_bytes: 1855266509346
     rx7_csum_unnecessary: 6484
     rx7_csum_none: 0
     rx7_xdp_drop: 0
     rx7_xdp_redirect: 0
     rx7_gro_packets: 0
     rx7_gro_bytes: 0
     rx7_gro_skbs: 0
     rx7_gro_large_hds: 0
 312:          0          0          0          0          0          0          0    2594141  316892686   19128440          0          0          0          0          0      22171          0          0          0          0          0          0          0          0          0          0          0          0          0          0          0          0          0          0          0          0          0          0          0          0     222299          0          0          0          0          0          0          0          0          0          0          0          0          0          0          0          0          0          0          0          0          0          0          0 IR-PCI-MSIX-0000:c3:00.0    8-edge      mlx5_comp7@pci:0000:c3:00.0
@ 245718.84
     rx_buff_alloc_err: 0
     rx_congst_umr: 0
     rx_out_of_buffer: 3997547267
     rx_packets_phy: 76146109999
     ch7_events: 341797328
     ch7_poll: 803947285
     ch7_arm: 333736642
     ch7_aff_change: 42814819
     ch7_force_irq: 0
     ch7_eq_rearm: 0
     rx7_packets: 12429434730
     rx7_bytes: 1855266509346
     rx7_csum_unnecessary: 6484
     rx7_csum_none: 0
     rx7_xdp_drop: 0
     rx7_xdp_redirect: 0
     rx7_gro_packets: 0
     rx7_gro_bytes: 0
     rx7_gro_skbs: 0
     rx7_gro_large_hds: 0
 312:          0          0          0          0          0          0          0    2594141  316892686   19128440          0          0          0          0          0      22171          0          0          0          0          0          0          0          0          0          0          0          0          0          0          0          0          0          0          0          0          0          0          0          0     222299          0          0          0          0          0          0          0          0          0          0          0          0          0          0          0          0          0          0          0          0          0          0          0 IR-PCI-MSIX-0000:c3:00.0    8-edge      mlx5_comp7@pci:0000:c3:00.0
@ 245719.85
     rx_buff_alloc_err: 0
     rx_congst_umr: 0
     rx_out_of_buffer: 3997707012
     rx_packets_phy: 76146269756
     ch7_events: 341797328
     ch7_poll: 803947285
     ch7_arm: 333736642
     ch7_aff_change: 42814819
     ch7_force_irq: 0
     ch7_eq_rearm: 0
     rx7_packets: 12429434730
     rx7_bytes: 1855266509346
     rx7_csum_unnecessary: 6484
     rx7_csum_none: 0
     rx7_xdp_drop: 0
     rx7_xdp_redirect: 0
     rx7_gro_packets: 0
     rx7_gro_bytes: 0
     rx7_gro_skbs: 0
     rx7_gro_large_hds: 0
 312:          0          0          0          0          0          0          0    2594141  316892686   19128440          0          0          0          0          0      22171          0          0          0          0          0          0          0          0          0          0          0          0          0          0          0          0          0          0          0          0          0          0          0          0     222299          0          0          0          0          0          0          0          0          0          0          0          0          0          0          0          0          0          0          0          0          0          0          0 IR-PCI-MSIX-0000:c3:00.0    8-edge      mlx5_comp7@pci:0000:c3:00.0
@ 245720.87
     rx_buff_alloc_err: 0
     rx_congst_umr: 0
     rx_out_of_buffer: 3997866755
     rx_packets_phy: 76146429451
     ch7_events: 341797328
     ch7_poll: 803947285
     ch7_arm: 333736642
     ch7_aff_change: 42814819
     ch7_force_irq: 0
     ch7_eq_rearm: 0
     rx7_packets: 12429434730
     rx7_bytes: 1855266509346
     rx7_csum_unnecessary: 6484
     rx7_csum_none: 0
     rx7_xdp_drop: 0
     rx7_xdp_redirect: 0
     rx7_gro_packets: 0
     rx7_gro_bytes: 0
     rx7_gro_skbs: 0
     rx7_gro_large_hds: 0
 312:          0          0          0          0          0          0          0    2594141  316892686   19128440          0          0          0          0          0      22171          0          0          0          0          0          0          0          0          0          0          0          0          0          0          0          0          0          0          0          0          0          0          0          0     222299          0          0          0          0          0          0          0          0          0          0          0          0          0          0          0          0          0          0          0          0          0          0          0 IR-PCI-MSIX-0000:c3:00.0    8-edge      mlx5_comp7@pci:0000:c3:00.0
@ 245721.88
     rx_buff_alloc_err: 0
     rx_congst_umr: 0
     rx_out_of_buffer: 3998026435
     rx_packets_phy: 76146589143
     ch7_events: 341797328
     ch7_poll: 803947285
     ch7_arm: 333736642
     ch7_aff_change: 42814819
     ch7_force_irq: 0
     ch7_eq_rearm: 0
     rx7_packets: 12429434730
     rx7_bytes: 1855266509346
     rx7_csum_unnecessary: 6484
     rx7_csum_none: 0
     rx7_xdp_drop: 0
     rx7_xdp_redirect: 0
     rx7_gro_packets: 0
     rx7_gro_bytes: 0
     rx7_gro_skbs: 0
     rx7_gro_large_hds: 0
 312:          0          0          0          0          0          0          0    2594141  316892686   19128440          0          0          0          0          0      22171          0          0          0          0          0          0          0          0          0          0          0          0          0          0          0          0          0          0          0          0          0          0          0          0     222299          0          0          0          0          0          0          0          0          0          0          0          0          0          0          0          0          0          0          0          0          0          0          0 IR-PCI-MSIX-0000:c3:00.0    8-edge      mlx5_comp7@pci:0000:c3:00.0
@ 245722.89
     rx_buff_alloc_err: 0
     rx_congst_umr: 0
     rx_out_of_buffer: 3998186117
     rx_packets_phy: 76146748884
     ch7_events: 341797328
     ch7_poll: 803947285
     ch7_arm: 333736642
     ch7_aff_change: 42814819
     ch7_force_irq: 0
     ch7_eq_rearm: 0
     rx7_packets: 12429434730
     rx7_bytes: 1855266509346
     rx7_csum_unnecessary: 6484
     rx7_csum_none: 0
     rx7_xdp_drop: 0
     rx7_xdp_redirect: 0
     rx7_gro_packets: 0
     rx7_gro_bytes: 0
     rx7_gro_skbs: 0
     rx7_gro_large_hds: 0
 312:          0          0          0          0          0          0          0    2594141  316892686   19128440          0          0          0          0          0      22171          0          0          0          0          0          0          0          0          0          0          0          0          0          0          0          0          0          0          0          0          0          0          0          0     222299          0          0          0          0          0          0          0          0          0          0          0          0          0          0          0          0          0          0          0          0          0          0          0 IR-PCI-MSIX-0000:c3:00.0    8-edge      mlx5_comp7@pci:0000:c3:00.0
@ 245723.90
     rx_buff_alloc_err: 0
     rx_congst_umr: 0
     rx_out_of_buffer: 3998345860
     rx_packets_phy: 76146908581
     ch7_events: 341797328
     ch7_poll: 803947285
     ch7_arm: 333736642
     ch7_aff_change: 42814819
     ch7_force_irq: 0
     ch7_eq_rearm: 0
     rx7_packets: 12429434730
     rx7_bytes: 1855266509346
     rx7_csum_unnecessary: 6484
     rx7_csum_none: 0
     rx7_xdp_drop: 0
     rx7_xdp_redirect: 0
     rx7_gro_packets: 0
     rx7_gro_bytes: 0
     rx7_gro_skbs: 0
     rx7_gro_large_hds: 0
 312:          0          0          0          0          0          0          0    2594141  316892686   19128440          0          0          0          0          0      22171          0          0          0          0          0          0          0          0          0          0          0          0          0          0          0          0          0          0          0          0          0          0          0          0     222299          0          0          0          0          0          0          0          0          0          0          0          0          0          0          0          0          0          0          0          0          0          0          0 IR-PCI-MSIX-0000:c3:00.0    8-edge      mlx5_comp7@pci:0000:c3:00.0
@ 245724.91
     rx_buff_alloc_err: 0
     rx_congst_umr: 0
     rx_out_of_buffer: 3998505540
     rx_packets_phy: 76147068324
     ch7_events: 341797328
     ch7_poll: 803947285
     ch7_arm: 333736642
     ch7_aff_change: 42814819
     ch7_force_irq: 0
     ch7_eq_rearm: 0
     rx7_packets: 12429434730
     rx7_bytes: 1855266509346
     rx7_csum_unnecessary: 6484
     rx7_csum_none: 0
     rx7_xdp_drop: 0
     rx7_xdp_redirect: 0
     rx7_gro_packets: 0
     rx7_gro_bytes: 0
     rx7_gro_skbs: 0
     rx7_gro_large_hds: 0
 312:          0          0          0          0          0          0          0    2594141  316892686   19128440          0          0          0          0          0      22171          0          0          0          0          0          0          0          0          0          0          0          0          0          0          0          0          0          0          0          0          0          0          0          0     222299          0          0          0          0          0          0          0          0          0          0          0          0          0          0          0          0          0          0          0          0          0          0          0 IR-PCI-MSIX-0000:c3:00.0    8-edge      mlx5_comp7@pci:0000:c3:00.0
@ 245725.92
     rx_buff_alloc_err: 0
     rx_congst_umr: 0
     rx_out_of_buffer: 3998665284
     rx_packets_phy: 76147228033
     ch7_events: 341797328
     ch7_poll: 803947285
     ch7_arm: 333736642
     ch7_aff_change: 42814819
     ch7_force_irq: 0
     ch7_eq_rearm: 0
     rx7_packets: 12429434730
     rx7_bytes: 1855266509346
     rx7_csum_unnecessary: 6484
     rx7_csum_none: 0
     rx7_xdp_drop: 0
     rx7_xdp_redirect: 0
     rx7_gro_packets: 0
     rx7_gro_bytes: 0
     rx7_gro_skbs: 0
     rx7_gro_large_hds: 0
 312:          0          0          0          0          0          0          0    2594141  316892686   19128440          0          0          0          0          0      22171          0          0          0          0          0          0          0          0          0          0          0          0          0          0          0          0          0          0          0          0          0          0          0          0     222299          0          0          0          0          0          0          0          0          0          0          0          0          0          0          0          0          0          0          0          0          0          0          0 IR-PCI-MSIX-0000:c3:00.0    8-edge      mlx5_comp7@pci:0000:c3:00.0
@ 245726.93
     rx_buff_alloc_err: 0
     rx_congst_umr: 0
     rx_out_of_buffer: 3998824990
     rx_packets_phy: 76147387776
     ch7_events: 341797328
     ch7_poll: 803947285
     ch7_arm: 333736642
     ch7_aff_change: 42814819
     ch7_force_irq: 0
     ch7_eq_rearm: 0
     rx7_packets: 12429434730
     rx7_bytes: 1855266509346
     rx7_csum_unnecessary: 6484
     rx7_csum_none: 0
     rx7_xdp_drop: 0
     rx7_xdp_redirect: 0
     rx7_gro_packets: 0
     rx7_gro_bytes: 0
     rx7_gro_skbs: 0
     rx7_gro_large_hds: 0
 312:          0          0          0          0          0          0          0    2594141  316892686   19128440          0          0          0          0          0      22171          0          0          0          0          0          0          0          0          0          0          0          0          0          0          0          0          0          0          0          0          0          0          0          0     222299          0          0          0          0          0          0          0          0          0          0          0          0          0          0          0          0          0          0          0          0          0          0          0 IR-PCI-MSIX-0000:c3:00.0    8-edge      mlx5_comp7@pci:0000:c3:00.0
@ 245727.94
     rx_buff_alloc_err: 0
     rx_congst_umr: 0
     rx_out_of_buffer: 3998984709
     rx_packets_phy: 76147547484
     ch7_events: 341797328
     ch7_poll: 803947285
     ch7_arm: 333736642
     ch7_aff_change: 42814819
     ch7_force_irq: 0
     ch7_eq_rearm: 0
     rx7_packets: 12429434730
     rx7_bytes: 1855266509346
     rx7_csum_unnecessary: 6484
     rx7_csum_none: 0
     rx7_xdp_drop: 0
     rx7_xdp_redirect: 0
     rx7_gro_packets: 0
     rx7_gro_bytes: 0
     rx7_gro_skbs: 0
     rx7_gro_large_hds: 0
 312:          0          0          0          0          0          0          0    2594141  316892686   19128440          0          0          0          0          0      22171          0          0          0          0          0          0          0          0          0          0          0          0          0          0          0          0          0          0          0          0          0          0          0          0     222299          0          0          0          0          0          0          0          0          0          0          0          0          0          0          0          0          0          0          0          0          0          0          0 IR-PCI-MSIX-0000:c3:00.0    8-edge      mlx5_comp7@pci:0000:c3:00.0
@ 245728.95
     rx_buff_alloc_err: 0
     rx_congst_umr: 0
     rx_out_of_buffer: 3999144446
     rx_packets_phy: 76147707215
     ch7_events: 341797328
     ch7_poll: 803947285
     ch7_arm: 333736642
     ch7_aff_change: 42814819
     ch7_force_irq: 0
     ch7_eq_rearm: 0
     rx7_packets: 12429434730
     rx7_bytes: 1855266509346
     rx7_csum_unnecessary: 6484
     rx7_csum_none: 0
     rx7_xdp_drop: 0
     rx7_xdp_redirect: 0
     rx7_gro_packets: 0
     rx7_gro_bytes: 0
     rx7_gro_skbs: 0
     rx7_gro_large_hds: 0
 312:          0          0          0          0          0          0          0    2594141  316892686   19128440          0          0          0          0          0      22171          0          0          0          0          0          0          0          0          0          0          0          0          0          0          0          0          0          0          0          0          0          0          0          0     222299          0          0          0          0          0          0          0          0          0          0          0          0          0          0          0          0          0          0          0          0          0          0          0 IR-PCI-MSIX-0000:c3:00.0    8-edge      mlx5_comp7@pci:0000:c3:00.0
@ 245729.96
     rx_buff_alloc_err: 0
     rx_congst_umr: 0
     rx_out_of_buffer: 3999304156
     rx_packets_phy: 76147866972
     ch7_events: 341797328
     ch7_poll: 803947285
     ch7_arm: 333736642
     ch7_aff_change: 42814819
     ch7_force_irq: 0
     ch7_eq_rearm: 0
     rx7_packets: 12429434730
     rx7_bytes: 1855266509346
     rx7_csum_unnecessary: 6484
     rx7_csum_none: 0
     rx7_xdp_drop: 0
     rx7_xdp_redirect: 0
     rx7_gro_packets: 0
     rx7_gro_bytes: 0
     rx7_gro_skbs: 0
     rx7_gro_large_hds: 0
 312:          0          0          0          0          0          0          0    2594141  316892686   19128440          0          0          0          0          0      22171          0          0          0          0          0          0          0          0          0          0          0          0          0          0          0          0          0          0          0          0          0          0          0          0     222299          0          0          0          0          0          0          0          0          0          0          0          0          0          0          0          0          0          0          0          0          0          0          0 IR-PCI-MSIX-0000:c3:00.0    8-edge      mlx5_comp7@pci:0000:c3:00.0
@ 245730.97
     rx_buff_alloc_err: 0
     rx_congst_umr: 0
     rx_out_of_buffer: 3999463941
     rx_packets_phy: 76148026724
     ch7_events: 341797328
     ch7_poll: 803947285
     ch7_arm: 333736642
     ch7_aff_change: 42814819
     ch7_force_irq: 0
     ch7_eq_rearm: 0
     rx7_packets: 12429434730
     rx7_bytes: 1855266509346
     rx7_csum_unnecessary: 6484
     rx7_csum_none: 0
     rx7_xdp_drop: 0
     rx7_xdp_redirect: 0
     rx7_gro_packets: 0
     rx7_gro_bytes: 0
     rx7_gro_skbs: 0
     rx7_gro_large_hds: 0
 312:          0          0          0          0          0          0          0    2594141  316892686   19128440          0          0          0          0          0      22171          0          0          0          0          0          0          0          0          0          0          0          0          0          0          0          0          0          0          0          0          0          0          0          0     222299          0          0          0          0          0          0          0          0          0          0          0          0          0          0          0          0          0          0          0          0          0          0          0 IR-PCI-MSIX-0000:c3:00.0    8-edge      mlx5_comp7@pci:0000:c3:00.0
@ 245731.99
     rx_buff_alloc_err: 0
     rx_congst_umr: 0
     rx_out_of_buffer: 3999623631
     rx_packets_phy: 76148186473
     ch7_events: 341797328
     ch7_poll: 803947285
     ch7_arm: 333736642
     ch7_aff_change: 42814819
     ch7_force_irq: 0
     ch7_eq_rearm: 0
     rx7_packets: 12429434730
     rx7_bytes: 1855266509346
     rx7_csum_unnecessary: 6484
     rx7_csum_none: 0
     rx7_xdp_drop: 0
     rx7_xdp_redirect: 0
     rx7_gro_packets: 0
     rx7_gro_bytes: 0
     rx7_gro_skbs: 0
     rx7_gro_large_hds: 0
 312:          0          0          0          0          0          0          0    2594141  316892686   19128440          0          0          0          0          0      22171          0          0          0          0          0          0          0          0          0          0          0          0          0          0          0          0          0          0          0          0          0          0          0          0     222299          0          0          0          0          0          0          0          0          0          0          0          0          0          0          0          0          0          0          0          0          0          0          0 IR-PCI-MSIX-0000:c3:00.0    8-edge      mlx5_comp7@pci:0000:c3:00.0
@ 245733.00
     rx_buff_alloc_err: 0
     rx_congst_umr: 0
     rx_out_of_buffer: 3999783368
     rx_packets_phy: 76148346170
     ch7_events: 341797328
     ch7_poll: 803947285
     ch7_arm: 333736642
     ch7_aff_change: 42814819
     ch7_force_irq: 0
     ch7_eq_rearm: 0
     rx7_packets: 12429434730
     rx7_bytes: 1855266509346
     rx7_csum_unnecessary: 6484
     rx7_csum_none: 0
     rx7_xdp_drop: 0
     rx7_xdp_redirect: 0
     rx7_gro_packets: 0
     rx7_gro_bytes: 0
     rx7_gro_skbs: 0
     rx7_gro_large_hds: 0
 312:          0          0          0          0          0          0          0    2594141  316892686   19128440          0          0          0          0          0      22171          0          0          0          0          0          0          0          0          0          0          0          0          0          0          0          0          0          0          0          0          0          0          0          0     222299          0          0          0          0          0          0          0          0          0          0          0          0          0          0          0          0          0          0          0          0          0          0          0 IR-PCI-MSIX-0000:c3:00.0    8-edge      mlx5_comp7@pci:0000:c3:00.0
@ 245734.01
     rx_buff_alloc_err: 0
     rx_congst_umr: 0
     rx_out_of_buffer: 3999943060
     rx_packets_phy: 76148505917
     ch7_events: 341797328
     ch7_poll: 803947285
     ch7_arm: 333736642
     ch7_aff_change: 42814819
     ch7_force_irq: 0
     ch7_eq_rearm: 0
     rx7_packets: 12429434730
     rx7_bytes: 1855266509346
     rx7_csum_unnecessary: 6484
     rx7_csum_none: 0
     rx7_xdp_drop: 0
     rx7_xdp_redirect: 0
     rx7_gro_packets: 0
     rx7_gro_bytes: 0
     rx7_gro_skbs: 0
     rx7_gro_large_hds: 0
 312:          0          0          0          0          0          0          0    2594141  316892686   19128440          0          0          0          0          0      22171          0          0          0          0          0          0          0          0          0          0          0          0          0          0          0          0          0          0          0          0          0          0          0          0     222299          0          0          0          0          0          0          0          0          0          0          0          0          0          0          0          0          0          0          0          0          0          0          0 IR-PCI-MSIX-0000:c3:00.0    8-edge      mlx5_comp7@pci:0000:c3:00.0
@ 245735.02
     rx_buff_alloc_err: 0
     rx_congst_umr: 0
     rx_out_of_buffer: 4000102795
     rx_packets_phy: 76148665618
     ch7_events: 341797328
     ch7_poll: 803947285
     ch7_arm: 333736642
     ch7_aff_change: 42814819
     ch7_force_irq: 0
     ch7_eq_rearm: 0
     rx7_packets: 12429434730
     rx7_bytes: 1855266509346
     rx7_csum_unnecessary: 6484
     rx7_csum_none: 0
     rx7_xdp_drop: 0
     rx7_xdp_redirect: 0
     rx7_gro_packets: 0
     rx7_gro_bytes: 0
     rx7_gro_skbs: 0
     rx7_gro_large_hds: 0
 312:          0          0          0          0          0          0          0    2594141  316892686   19128440          0          0          0          0          0      22171          0          0          0          0          0          0          0          0          0          0          0          0          0          0          0          0          0          0          0          0          0          0          0          0     222299          0          0          0          0          0          0          0          0          0          0          0          0          0          0          0          0          0          0          0          0          0          0          0 IR-PCI-MSIX-0000:c3:00.0    8-edge      mlx5_comp7@pci:0000:c3:00.0
@ 245736.03
     rx_buff_alloc_err: 0
     rx_congst_umr: 0
     rx_out_of_buffer: 4000262521
     rx_packets_phy: 76148825368
     ch7_events: 341797328
     ch7_poll: 803947285
     ch7_arm: 333736642
     ch7_aff_change: 42814819
     ch7_force_irq: 0
     ch7_eq_rearm: 0
     rx7_packets: 12429434730
     rx7_bytes: 1855266509346
     rx7_csum_unnecessary: 6484
     rx7_csum_none: 0
     rx7_xdp_drop: 0
     rx7_xdp_redirect: 0
     rx7_gro_packets: 0
     rx7_gro_bytes: 0
     rx7_gro_skbs: 0
     rx7_gro_large_hds: 0
 312:          0          0          0          0          0          0          0    2594141  316892686   19128440          0          0          0          0          0      22171          0          0          0          0          0          0          0          0          0          0          0          0          0          0          0          0          0          0          0          0          0          0          0          0     222299          0          0          0          0          0          0          0          0          0          0          0          0          0          0          0          0          0          0          0          0          0          0          0 IR-PCI-MSIX-0000:c3:00.0    8-edge      mlx5_comp7@pci:0000:c3:00.0
@ 245737.04
     rx_buff_alloc_err: 0
     rx_congst_umr: 0
     rx_out_of_buffer: 4000422227
     rx_packets_phy: 76148985112
     ch7_events: 341797328
     ch7_poll: 803947285
     ch7_arm: 333736642
     ch7_aff_change: 42814819
     ch7_force_irq: 0
     ch7_eq_rearm: 0
     rx7_packets: 12429434730
     rx7_bytes: 1855266509346
     rx7_csum_unnecessary: 6484
     rx7_csum_none: 0
     rx7_xdp_drop: 0
     rx7_xdp_redirect: 0
     rx7_gro_packets: 0
     rx7_gro_bytes: 0
     rx7_gro_skbs: 0
     rx7_gro_large_hds: 0
 312:          0          0          0          0          0          0          0    2594141  316892686   19128440          0          0          0          0          0      22171          0          0          0          0          0          0          0          0          0          0          0          0          0          0          0          0          0          0          0          0          0          0          0          0     222299          0          0          0          0          0          0          0          0          0          0          0          0          0          0          0          0          0          0          0          0          0          0          0 IR-PCI-MSIX-0000:c3:00.0    8-edge      mlx5_comp7@pci:0000:c3:00.0
@ 245738.05
     rx_buff_alloc_err: 0
     rx_congst_umr: 0
     rx_out_of_buffer: 4000581965
     rx_packets_phy: 76149144812
     ch7_events: 341797328
     ch7_poll: 803947285
     ch7_arm: 333736642
     ch7_aff_change: 42814819
     ch7_force_irq: 0
     ch7_eq_rearm: 0
     rx7_packets: 12429434730
     rx7_bytes: 1855266509346
     rx7_csum_unnecessary: 6484
     rx7_csum_none: 0
     rx7_xdp_drop: 0
     rx7_xdp_redirect: 0
     rx7_gro_packets: 0
     rx7_gro_bytes: 0
     rx7_gro_skbs: 0
     rx7_gro_large_hds: 0
 312:          0          0          0          0          0          0          0    2594141  316892686   19128440          0          0          0          0          0      22171          0          0          0          0          0          0          0          0          0          0          0          0          0          0          0          0          0          0          0          0          0          0          0          0     222299          0          0          0          0          0          0          0          0          0          0          0          0          0          0          0          0          0          0          0          0          0          0          0 IR-PCI-MSIX-0000:c3:00.0    8-edge      mlx5_comp7@pci:0000:c3:00.0
@ 245739.06
     rx_buff_alloc_err: 0
     rx_congst_umr: 0
     rx_out_of_buffer: 4000741661
     rx_packets_phy: 76149304554
     ch7_events: 341797328
     ch7_poll: 803947285
     ch7_arm: 333736642
     ch7_aff_change: 42814819
     ch7_force_irq: 0
     ch7_eq_rearm: 0
     rx7_packets: 12429434730
     rx7_bytes: 1855266509346
     rx7_csum_unnecessary: 6484
     rx7_csum_none: 0
     rx7_xdp_drop: 0
     rx7_xdp_redirect: 0
     rx7_gro_packets: 0
     rx7_gro_bytes: 0
     rx7_gro_skbs: 0
     rx7_gro_large_hds: 0
 312:          0          0          0          0          0          0          0    2594141  316892686   19128440          0          0          0          0          0      22171          0          0          0          0          0          0          0          0          0          0          0          0          0          0          0          0          0          0          0          0          0          0          0          0     222299          0          0          0          0          0          0          0          0          0          0          0          0          0          0          0          0          0          0          0          0          0          0          0 IR-PCI-MSIX-0000:c3:00.0    8-edge      mlx5_comp7@pci:0000:c3:00.0
@ 245740.07
     rx_buff_alloc_err: 0
     rx_congst_umr: 0
     rx_out_of_buffer: 4000901390
     rx_packets_phy: 76149464272
     ch7_events: 341797328
     ch7_poll: 803947285
     ch7_arm: 333736642
     ch7_aff_change: 42814819
     ch7_force_irq: 0
     ch7_eq_rearm: 0
     rx7_packets: 12429434730
     rx7_bytes: 1855266509346
     rx7_csum_unnecessary: 6484
     rx7_csum_none: 0
     rx7_xdp_drop: 0
     rx7_xdp_redirect: 0
     rx7_gro_packets: 0
     rx7_gro_bytes: 0
     rx7_gro_skbs: 0
     rx7_gro_large_hds: 0
 312:          0          0          0          0          0          0          0    2594141  316892686   19128440          0          0          0          0          0      22171          0          0          0          0          0          0          0          0          0          0          0          0          0          0          0          0          0          0          0          0          0          0          0          0     222299          0          0          0          0          0          0          0          0          0          0          0          0          0          0          0          0          0          0          0          0          0          0          0 IR-PCI-MSIX-0000:c3:00.0    8-edge      mlx5_comp7@pci:0000:c3:00.0
@ 245741.08
     rx_buff_alloc_err: 0
     rx_congst_umr: 0
     rx_out_of_buffer: 4001061134
     rx_packets_phy: 76149624018
     ch7_events: 341797328
     ch7_poll: 803947285
     ch7_arm: 333736642
     ch7_aff_change: 42814819
     ch7_force_irq: 0
     ch7_eq_rearm: 0
     rx7_packets: 12429434730
     rx7_bytes: 1855266509346
     rx7_csum_unnecessary: 6484
     rx7_csum_none: 0
     rx7_xdp_drop: 0
     rx7_xdp_redirect: 0
     rx7_gro_packets: 0
     rx7_gro_bytes: 0
     rx7_gro_skbs: 0
     rx7_gro_large_hds: 0
 312:          0          0          0          0          0          0          0    2594141  316892686   19128440          0          0          0          0          0      22171          0          0          0          0          0          0          0          0          0          0          0          0          0          0          0          0          0          0          0          0          0          0          0          0     222299          0          0          0          0          0          0          0          0          0          0          0          0          0          0          0          0          0          0          0          0          0          0          0 IR-PCI-MSIX-0000:c3:00.0    8-edge      mlx5_comp7@pci:0000:c3:00.0
@ 245742.09
     rx_buff_alloc_err: 0
     rx_congst_umr: 0
     rx_out_of_buffer: 4001220879
     rx_packets_phy: 76149783763
     ch7_events: 341797328
     ch7_poll: 803947285
     ch7_arm: 333736642
     ch7_aff_change: 42814819
     ch7_force_irq: 0
     ch7_eq_rearm: 0
     rx7_packets: 12429434730
     rx7_bytes: 1855266509346
     rx7_csum_unnecessary: 6484
     rx7_csum_none: 0
     rx7_xdp_drop: 0
     rx7_xdp_redirect: 0
     rx7_gro_packets: 0
     rx7_gro_bytes: 0
     rx7_gro_skbs: 0
     rx7_gro_large_hds: 0
 312:          0          0          0          0          0          0          0    2594141  316892686   19128440          0          0          0          0          0      22171          0          0          0          0          0          0          0          0          0          0          0          0          0          0          0          0          0          0          0          0          0          0          0          0     222299          0          0          0          0          0          0          0          0          0          0          0          0          0          0          0          0          0          0          0          0          0          0          0 IR-PCI-MSIX-0000:c3:00.0    8-edge      mlx5_comp7@pci:0000:c3:00.0
@ 245743.11
     rx_buff_alloc_err: 0
     rx_congst_umr: 0
     rx_out_of_buffer: 4001380560
     rx_packets_phy: 76149943454
     ch7_events: 341797328
     ch7_poll: 803947285
     ch7_arm: 333736642
     ch7_aff_change: 42814819
     ch7_force_irq: 0
     ch7_eq_rearm: 0
     rx7_packets: 12429434730
     rx7_bytes: 1855266509346
     rx7_csum_unnecessary: 6484
     rx7_csum_none: 0
     rx7_xdp_drop: 0
     rx7_xdp_redirect: 0
     rx7_gro_packets: 0
     rx7_gro_bytes: 0
     rx7_gro_skbs: 0
     rx7_gro_large_hds: 0
 312:          0          0          0          0          0          0          0    2594141  316892686   19128440          0          0          0          0          0      22171          0          0          0          0          0          0          0          0          0          0          0          0          0          0          0          0          0          0          0          0          0          0          0          0     222299          0          0          0          0          0          0          0          0          0          0          0          0          0          0          0          0          0          0          0          0          0          0          0 IR-PCI-MSIX-0000:c3:00.0    8-edge      mlx5_comp7@pci:0000:c3:00.0
@ 245744.12
     rx_buff_alloc_err: 0
     rx_congst_umr: 0
     rx_out_of_buffer: 4001540300
     rx_packets_phy: 76150103200
     ch7_events: 341797328
     ch7_poll: 803947285
     ch7_arm: 333736642
     ch7_aff_change: 42814819
     ch7_force_irq: 0
     ch7_eq_rearm: 0
     rx7_packets: 12429434730
     rx7_bytes: 1855266509346
     rx7_csum_unnecessary: 6484
     rx7_csum_none: 0
     rx7_xdp_drop: 0
     rx7_xdp_redirect: 0
     rx7_gro_packets: 0
     rx7_gro_bytes: 0
     rx7_gro_skbs: 0
     rx7_gro_large_hds: 0
 312:          0          0          0          0          0          0          0    2594141  316892686   19128440          0          0          0          0          0      22171          0          0          0          0          0          0          0          0          0          0          0          0          0          0          0          0          0          0          0          0          0          0          0          0     222299          0          0          0          0          0          0          0          0          0          0          0          0          0          0          0          0          0          0          0          0          0          0          0 IR-PCI-MSIX-0000:c3:00.0    8-edge      mlx5_comp7@pci:0000:c3:00.0
@ 245745.13
     rx_buff_alloc_err: 0
     rx_congst_umr: 0
     rx_out_of_buffer: 4001699988
     rx_packets_phy: 76150262930
     ch7_events: 341797328
     ch7_poll: 803947285
     ch7_arm: 333736642
     ch7_aff_change: 42814819
     ch7_force_irq: 0
     ch7_eq_rearm: 0
     rx7_packets: 12429434730
     rx7_bytes: 1855266509346
     rx7_csum_unnecessary: 6484
     rx7_csum_none: 0
     rx7_xdp_drop: 0
     rx7_xdp_redirect: 0
     rx7_gro_packets: 0
     rx7_gro_bytes: 0
     rx7_gro_skbs: 0
     rx7_gro_large_hds: 0
 312:          0          0          0          0          0          0          0    2594141  316892686   19128440          0          0          0          0          0      22171          0          0          0          0          0          0          0          0          0          0          0          0          0          0          0          0          0          0          0          0          0          0          0          0     222299          0          0          0          0          0          0          0          0          0          0          0          0          0          0          0          0          0          0          0          0          0          0          0 IR-PCI-MSIX-0000:c3:00.0    8-edge      mlx5_comp7@pci:0000:c3:00.0
@ 245746.14
     rx_buff_alloc_err: 0
     rx_congst_umr: 0
     rx_out_of_buffer: 4001859669
     rx_packets_phy: 76150422593
     ch7_events: 341797328
     ch7_poll: 803947285
     ch7_arm: 333736642
     ch7_aff_change: 42814819
     ch7_force_irq: 0
     ch7_eq_rearm: 0
     rx7_packets: 12429434730
     rx7_bytes: 1855266509346
     rx7_csum_unnecessary: 6484
     rx7_csum_none: 0
     rx7_xdp_drop: 0
     rx7_xdp_redirect: 0
     rx7_gro_packets: 0
     rx7_gro_bytes: 0
     rx7_gro_skbs: 0
     rx7_gro_large_hds: 0
 312:          0          0          0          0          0          0          0    2594141  316892686   19128440          0          0          0          0          0      22171          0          0          0          0          0          0          0          0          0          0          0          0          0          0          0          0          0          0          0          0          0          0          0          0     222299          0          0          0          0          0          0          0          0          0          0          0          0          0          0          0          0          0          0          0          0          0          0          0 IR-PCI-MSIX-0000:c3:00.0    8-edge      mlx5_comp7@pci:0000:c3:00.0
@ 245747.15
     rx_buff_alloc_err: 0
     rx_congst_umr: 0
     rx_out_of_buffer: 4002019403
     rx_packets_phy: 76150582335
     ch7_events: 341797328
     ch7_poll: 803947285
     ch7_arm: 333736642
     ch7_aff_change: 42814819
     ch7_force_irq: 0
     ch7_eq_rearm: 0
     rx7_packets: 12429434730
     rx7_bytes: 1855266509346
     rx7_csum_unnecessary: 6484
     rx7_csum_none: 0
     rx7_xdp_drop: 0
     rx7_xdp_redirect: 0
     rx7_gro_packets: 0
     rx7_gro_bytes: 0
     rx7_gro_skbs: 0
     rx7_gro_large_hds: 0
 312:          0          0          0          0          0          0          0    2594141  316892686   19128440          0          0          0          0          0      22171          0          0          0          0          0          0          0          0          0          0          0          0          0          0          0          0          0          0          0          0          0          0          0          0     222299          0          0          0          0          0          0          0          0          0          0          0          0          0          0          0          0          0          0          0          0          0          0          0 IR-PCI-MSIX-0000:c3:00.0    8-edge      mlx5_comp7@pci:0000:c3:00.0
@ 245748.16
     rx_buff_alloc_err: 0
     rx_congst_umr: 0
     rx_out_of_buffer: 4002179161
     rx_packets_phy: 76150742120
     ch7_events: 341797328
     ch7_poll: 803947285
     ch7_arm: 333736642
     ch7_aff_change: 42814819
     ch7_force_irq: 0
     ch7_eq_rearm: 0
     rx7_packets: 12429434730
     rx7_bytes: 1855266509346
     rx7_csum_unnecessary: 6484
     rx7_csum_none: 0
     rx7_xdp_drop: 0
     rx7_xdp_redirect: 0
     rx7_gro_packets: 0
     rx7_gro_bytes: 0
     rx7_gro_skbs: 0
     rx7_gro_large_hds: 0
 312:          0          0          0          0          0          0          0    2594141  316892686   19128440          0          0          0          0          0      22171          0          0          0          0          0          0          0          0          0          0          0          0          0          0          0          0          0          0          0          0          0          0          0          0     222299          0          0          0          0          0          0          0          0          0          0          0          0          0          0          0          0          0          0          0          0          0          0          0 IR-PCI-MSIX-0000:c3:00.0    8-edge      mlx5_comp7@pci:0000:c3:00.0
@ 245749.17
     rx_buff_alloc_err: 0
     rx_congst_umr: 0
     rx_out_of_buffer: 4002338907
     rx_packets_phy: 76150901841
     ch7_events: 341797328
     ch7_poll: 803947285
     ch7_arm: 333736642
     ch7_aff_change: 42814819
     ch7_force_irq: 0
     ch7_eq_rearm: 0
     rx7_packets: 12429434730
     rx7_bytes: 1855266509346
     rx7_csum_unnecessary: 6484
     rx7_csum_none: 0
     rx7_xdp_drop: 0
     rx7_xdp_redirect: 0
     rx7_gro_packets: 0
     rx7_gro_bytes: 0
     rx7_gro_skbs: 0
     rx7_gro_large_hds: 0
 312:          0          0          0          0          0          0          0    2594141  316892686   19128440          0          0          0          0          0      22171          0          0          0          0          0          0          0          0          0          0          0          0          0          0          0          0          0          0          0          0          0          0          0          0     222299          0          0          0          0          0          0          0          0          0          0          0          0          0          0          0          0          0          0          0          0          0          0          0 IR-PCI-MSIX-0000:c3:00.0    8-edge      mlx5_comp7@pci:0000:c3:00.0
@ 245750.18
     rx_buff_alloc_err: 0
     rx_congst_umr: 0
     rx_out_of_buffer: 4002498635
     rx_packets_phy: 76151061600
     ch7_events: 341797328
     ch7_poll: 803947285
     ch7_arm: 333736642
     ch7_aff_change: 42814819
     ch7_force_irq: 0
     ch7_eq_rearm: 0
     rx7_packets: 12429434730
     rx7_bytes: 1855266509346
     rx7_csum_unnecessary: 6484
     rx7_csum_none: 0
     rx7_xdp_drop: 0
     rx7_xdp_redirect: 0
     rx7_gro_packets: 0
     rx7_gro_bytes: 0
     rx7_gro_skbs: 0
     rx7_gro_large_hds: 0
 312:          0          0          0          0          0          0          0    2594141  316892686   19128440          0          0          0          0          0      22171          0          0          0          0          0          0          0          0          0          0          0          0          0          0          0          0          0          0          0          0          0          0          0          0     222299          0          0          0          0          0          0          0          0          0          0          0          0          0          0          0          0          0          0          0          0          0          0          0 IR-PCI-MSIX-0000:c3:00.0    8-edge      mlx5_comp7@pci:0000:c3:00.0
@ 245751.19
     rx_buff_alloc_err: 0
     rx_congst_umr: 0
     rx_out_of_buffer: 4002658346
     rx_packets_phy: 76151221344
     ch7_events: 341797328
     ch7_poll: 803947285
     ch7_arm: 333736642
     ch7_aff_change: 42814819
     ch7_force_irq: 0
     ch7_eq_rearm: 0
     rx7_packets: 12429434730
     rx7_bytes: 1855266509346
     rx7_csum_unnecessary: 6484
     rx7_csum_none: 0
     rx7_xdp_drop: 0
     rx7_xdp_redirect: 0
     rx7_gro_packets: 0
     rx7_gro_bytes: 0
     rx7_gro_skbs: 0
     rx7_gro_large_hds: 0
 312:          0          0          0          0          0          0          0    2594141  316892686   19128440          0          0          0          0          0      22171          0          0          0          0          0          0          0          0          0          0          0          0          0          0          0          0          0          0          0          0          0          0          0          0     222299          0          0          0          0          0          0          0          0          0          0          0          0          0          0          0          0          0          0          0          0          0          0          0 IR-PCI-MSIX-0000:c3:00.0    8-edge      mlx5_comp7@pci:0000:c3:00.0
@ 245752.20
     rx_buff_alloc_err: 0
     rx_congst_umr: 0
     rx_out_of_buffer: 4002818101
     rx_packets_phy: 76151381106
     ch7_events: 341797328
     ch7_poll: 803947285
     ch7_arm: 333736642
     ch7_aff_change: 42814819
     ch7_force_irq: 0
     ch7_eq_rearm: 0
     rx7_packets: 12429434730
     rx7_bytes: 1855266509346
     rx7_csum_unnecessary: 6484
     rx7_csum_none: 0
     rx7_xdp_drop: 0
     rx7_xdp_redirect: 0
     rx7_gro_packets: 0
     rx7_gro_bytes: 0
     rx7_gro_skbs: 0
     rx7_gro_large_hds: 0
 312:          0          0          0          0          0          0          0    2594141  316892686   19128440          0          0          0          0          0      22171          0          0          0          0          0          0          0          0          0          0          0          0          0          0          0          0          0          0          0          0          0          0          0          0     222299          0          0          0          0          0          0          0          0          0          0          0          0          0          0          0          0          0          0          0          0          0          0          0 IR-PCI-MSIX-0000:c3:00.0    8-edge      mlx5_comp7@pci:0000:c3:00.0
@ 245753.21
     rx_buff_alloc_err: 0
     rx_congst_umr: 0
     rx_out_of_buffer: 4002977775
     rx_packets_phy: 76151540793
     ch7_events: 341797328
     ch7_poll: 803947285
     ch7_arm: 333736642
     ch7_aff_change: 42814819
     ch7_force_irq: 0
     ch7_eq_rearm: 0
     rx7_packets: 12429434730
     rx7_bytes: 1855266509346
     rx7_csum_unnecessary: 6484
     rx7_csum_none: 0
     rx7_xdp_drop: 0
     rx7_xdp_redirect: 0
     rx7_gro_packets: 0
     rx7_gro_bytes: 0
     rx7_gro_skbs: 0
     rx7_gro_large_hds: 0
 312:          0          0          0          0          0          0          0    2594141  316892686   19128440          0          0          0          0          0      22171          0          0          0          0          0          0          0          0          0          0          0          0          0          0          0          0          0          0          0          0          0          0          0          0     222299          0          0          0          0          0          0          0          0          0          0          0          0          0          0          0          0          0          0          0          0          0          0          0 IR-PCI-MSIX-0000:c3:00.0    8-edge      mlx5_comp7@pci:0000:c3:00.0
@ 245754.23
     rx_buff_alloc_err: 0
     rx_congst_umr: 0
     rx_out_of_buffer: 4003137545
     rx_packets_phy: 76151700548
     ch7_events: 341797328
     ch7_poll: 803947285
     ch7_arm: 333736642
     ch7_aff_change: 42814819
     ch7_force_irq: 0
     ch7_eq_rearm: 0
     rx7_packets: 12429434730
     rx7_bytes: 1855266509346
     rx7_csum_unnecessary: 6484
     rx7_csum_none: 0
     rx7_xdp_drop: 0
     rx7_xdp_redirect: 0
     rx7_gro_packets: 0
     rx7_gro_bytes: 0
     rx7_gro_skbs: 0
     rx7_gro_large_hds: 0
 312:          0          0          0          0          0          0          0    2594141  316892686   19128440          0          0          0          0          0      22171          0          0          0          0          0          0          0          0          0          0          0          0          0          0          0          0          0          0          0          0          0          0          0          0     222299          0          0          0          0          0          0          0          0          0          0          0          0          0          0          0          0          0          0          0          0          0          0          0 IR-PCI-MSIX-0000:c3:00.0    8-edge      mlx5_comp7@pci:0000:c3:00.0
@ 245755.24
     rx_buff_alloc_err: 0
     rx_congst_umr: 0
     rx_out_of_buffer: 4003297254
     rx_packets_phy: 76151860260
     ch7_events: 341797328
     ch7_poll: 803947285
     ch7_arm: 333736642
     ch7_aff_change: 42814819
     ch7_force_irq: 0
     ch7_eq_rearm: 0
     rx7_packets: 12429434730
     rx7_bytes: 1855266509346
     rx7_csum_unnecessary: 6484
     rx7_csum_none: 0
     rx7_xdp_drop: 0
     rx7_xdp_redirect: 0
     rx7_gro_packets: 0
     rx7_gro_bytes: 0
     rx7_gro_skbs: 0
     rx7_gro_large_hds: 0
 312:          0          0          0          0          0          0          0    2594141  316892686   19128440          0          0          0          0          0      22171          0          0          0          0          0          0          0          0          0          0          0          0          0          0          0          0          0          0          0          0          0          0          0          0     222299          0          0          0          0          0          0          0          0          0          0          0          0          0          0          0          0          0          0          0          0          0          0          0 IR-PCI-MSIX-0000:c3:00.0    8-edge      mlx5_comp7@pci:0000:c3:00.0
@ 245756.25
     rx_buff_alloc_err: 0
     rx_congst_umr: 0
     rx_out_of_buffer: 4003457000
     rx_packets_phy: 76152020041
     ch7_events: 341797328
     ch7_poll: 803947285
     ch7_arm: 333736642
     ch7_aff_change: 42814819
     ch7_force_irq: 0
     ch7_eq_rearm: 0
     rx7_packets: 12429434730
     rx7_bytes: 1855266509346
     rx7_csum_unnecessary: 6484
     rx7_csum_none: 0
     rx7_xdp_drop: 0
     rx7_xdp_redirect: 0
     rx7_gro_packets: 0
     rx7_gro_bytes: 0
     rx7_gro_skbs: 0
     rx7_gro_large_hds: 0
 312:          0          0          0          0          0          0          0    2594141  316892686   19128440          0          0          0          0          0      22171          0          0          0          0          0          0          0          0          0          0          0          0          0          0          0          0          0          0          0          0          0          0          0          0     222299          0          0          0          0          0          0          0          0          0          0          0          0          0          0          0          0          0          0          0          0          0          0          0 IR-PCI-MSIX-0000:c3:00.0    8-edge      mlx5_comp7@pci:0000:c3:00.0
@ 245757.26
     rx_buff_alloc_err: 0
     rx_congst_umr: 0
     rx_out_of_buffer: 4003616746
     rx_packets_phy: 76152179804
     ch7_events: 341797328
     ch7_poll: 803947285
     ch7_arm: 333736642
     ch7_aff_change: 42814819
     ch7_force_irq: 0
     ch7_eq_rearm: 0
     rx7_packets: 12429434730
     rx7_bytes: 1855266509346
     rx7_csum_unnecessary: 6484
     rx7_csum_none: 0
     rx7_xdp_drop: 0
     rx7_xdp_redirect: 0
     rx7_gro_packets: 0
     rx7_gro_bytes: 0
     rx7_gro_skbs: 0
     rx7_gro_large_hds: 0
 312:          0          0          0          0          0          0          0    2594141  316892686   19128440          0          0          0          0          0      22171          0          0          0          0          0          0          0          0          0          0          0          0          0          0          0          0          0          0          0          0          0          0          0          0     222299          0          0          0          0          0          0          0          0          0          0          0          0          0          0          0          0          0          0          0          0          0          0          0 IR-PCI-MSIX-0000:c3:00.0    8-edge      mlx5_comp7@pci:0000:c3:00.0
@ 245758.27
     rx_buff_alloc_err: 0
     rx_congst_umr: 0
     rx_out_of_buffer: 4003776492
     rx_packets_phy: 76152339529
     ch7_events: 341797328
     ch7_poll: 803947285
     ch7_arm: 333736642
     ch7_aff_change: 42814819
     ch7_force_irq: 0
     ch7_eq_rearm: 0
     rx7_packets: 12429434730
     rx7_bytes: 1855266509346
     rx7_csum_unnecessary: 6484
     rx7_csum_none: 0
     rx7_xdp_drop: 0
     rx7_xdp_redirect: 0
     rx7_gro_packets: 0
     rx7_gro_bytes: 0
     rx7_gro_skbs: 0
     rx7_gro_large_hds: 0
 312:          0          0          0          0          0          0          0    2594141  316892686   19128440          0          0          0          0          0      22171          0          0          0          0          0          0          0          0          0          0          0          0          0          0          0          0          0          0          0          0          0          0          0          0     222299          0          0          0          0          0          0          0          0          0          0          0          0          0          0          0          0          0          0          0          0          0          0          0 IR-PCI-MSIX-0000:c3:00.0    8-edge      mlx5_comp7@pci:0000:c3:00.0
@ 245759.28
     rx_buff_alloc_err: 0
     rx_congst_umr: 0
     rx_out_of_buffer: 4003936237
     rx_packets_phy: 76152499287
     ch7_events: 341797328
     ch7_poll: 803947285
     ch7_arm: 333736642
     ch7_aff_change: 42814819
     ch7_force_irq: 0
     ch7_eq_rearm: 0
     rx7_packets: 12429434730
     rx7_bytes: 1855266509346
     rx7_csum_unnecessary: 6484
     rx7_csum_none: 0
     rx7_xdp_drop: 0
     rx7_xdp_redirect: 0
     rx7_gro_packets: 0
     rx7_gro_bytes: 0
     rx7_gro_skbs: 0
     rx7_gro_large_hds: 0
 312:          0          0          0          0          0          0          0    2594141  316892686   19128440          0          0          0          0          0      22171          0          0          0          0          0          0          0          0          0          0          0          0          0          0          0          0          0          0          0          0          0          0          0          0     222299          0          0          0          0          0          0          0          0          0          0          0          0          0          0          0          0          0          0          0          0          0          0          0 IR-PCI-MSIX-0000:c3:00.0    8-edge      mlx5_comp7@pci:0000:c3:00.0
@ 245760.29
     rx_buff_alloc_err: 0
     rx_congst_umr: 0
     rx_out_of_buffer: 4004095982
     rx_packets_phy: 76152659010
     ch7_events: 341797328
     ch7_poll: 803947285
     ch7_arm: 333736642
     ch7_aff_change: 42814819
     ch7_force_irq: 0
     ch7_eq_rearm: 0
     rx7_packets: 12429434730
     rx7_bytes: 1855266509346
     rx7_csum_unnecessary: 6484
     rx7_csum_none: 0
     rx7_xdp_drop: 0
     rx7_xdp_redirect: 0
     rx7_gro_packets: 0
     rx7_gro_bytes: 0
     rx7_gro_skbs: 0
     rx7_gro_large_hds: 0
 312:          0          0          0          0          0          0          0    2594141  316892686   19128440          0          0          0          0          0      22171          0          0          0          0          0          0          0          0          0          0          0          0          0          0          0          0          0          0          0          0          0          0          0          0     222299          0          0          0          0          0          0          0          0          0          0          0          0          0          0          0          0          0          0          0          0          0          0          0 IR-PCI-MSIX-0000:c3:00.0    8-edge      mlx5_comp7@pci:0000:c3:00.0
@ 245761.30
     rx_buff_alloc_err: 0
     rx_congst_umr: 0
     rx_out_of_buffer: 4004255711
     rx_packets_phy: 76152818767
     ch7_events: 341797328
     ch7_poll: 803947285
     ch7_arm: 333736642
     ch7_aff_change: 42814819
     ch7_force_irq: 0
     ch7_eq_rearm: 0
     rx7_packets: 12429434730
     rx7_bytes: 1855266509346
     rx7_csum_unnecessary: 6484
     rx7_csum_none: 0
     rx7_xdp_drop: 0
     rx7_xdp_redirect: 0
     rx7_gro_packets: 0
     rx7_gro_bytes: 0
     rx7_gro_skbs: 0
     rx7_gro_large_hds: 0
 312:          0          0          0          0          0          0          0    2594141  316892686   19128440          0          0          0          0          0      22171          0          0          0          0          0          0          0          0          0          0          0          0          0          0          0          0          0          0          0          0          0          0          0          0     222299          0          0          0          0          0          0          0          0          0          0          0          0          0          0          0          0          0          0          0          0          0          0          0 IR-PCI-MSIX-0000:c3:00.0    8-edge      mlx5_comp7@pci:0000:c3:00.0
@ 245762.31
     rx_buff_alloc_err: 0
     rx_congst_umr: 0
     rx_out_of_buffer: 4004415409
     rx_packets_phy: 76152978488
     ch7_events: 341797328
     ch7_poll: 803947285
     ch7_arm: 333736642
     ch7_aff_change: 42814819
     ch7_force_irq: 0
     ch7_eq_rearm: 0
     rx7_packets: 12429434730
     rx7_bytes: 1855266509346
     rx7_csum_unnecessary: 6484
     rx7_csum_none: 0
     rx7_xdp_drop: 0
     rx7_xdp_redirect: 0
     rx7_gro_packets: 0
     rx7_gro_bytes: 0
     rx7_gro_skbs: 0
     rx7_gro_large_hds: 0
 312:          0          0          0          0          0          0          0    2594141  316892686   19128440          0          0          0          0          0      22171          0          0          0          0          0          0          0          0          0          0          0          0          0          0          0          0          0          0          0          0          0          0          0          0     222299          0          0          0          0          0          0          0          0          0          0          0          0          0          0          0          0          0          0          0          0          0          0          0 IR-PCI-MSIX-0000:c3:00.0    8-edge      mlx5_comp7@pci:0000:c3:00.0
@ 245763.32
     rx_buff_alloc_err: 0
     rx_congst_umr: 0
     rx_out_of_buffer: 4004575089
     rx_packets_phy: 76153138151
     ch7_events: 341797328
     ch7_poll: 803947285
     ch7_arm: 333736642
     ch7_aff_change: 42814819
     ch7_force_irq: 0
     ch7_eq_rearm: 0
     rx7_packets: 12429434730
     rx7_bytes: 1855266509346
     rx7_csum_unnecessary: 6484
     rx7_csum_none: 0
     rx7_xdp_drop: 0
     rx7_xdp_redirect: 0
     rx7_gro_packets: 0
     rx7_gro_bytes: 0
     rx7_gro_skbs: 0
     rx7_gro_large_hds: 0
 312:          0          0          0          0          0          0          0    2594141  316892686   19128440          0          0          0          0          0      22171          0          0          0          0          0          0          0          0          0          0          0          0          0          0          0          0          0          0          0          0          0          0          0          0     222299          0          0          0          0          0          0          0          0          0          0          0          0          0          0          0          0          0          0          0          0          0          0          0 IR-PCI-MSIX-0000:c3:00.0    8-edge      mlx5_comp7@pci:0000:c3:00.0
@ 245764.34
     rx_buff_alloc_err: 0
     rx_congst_umr: 0
     rx_out_of_buffer: 4004734799
     rx_packets_phy: 76153297897
     ch7_events: 341797328
     ch7_poll: 803947285
     ch7_arm: 333736642
     ch7_aff_change: 42814819
     ch7_force_irq: 0
     ch7_eq_rearm: 0
     rx7_packets: 12429434730
     rx7_bytes: 1855266509346
     rx7_csum_unnecessary: 6484
     rx7_csum_none: 0
     rx7_xdp_drop: 0
     rx7_xdp_redirect: 0
     rx7_gro_packets: 0
     rx7_gro_bytes: 0
     rx7_gro_skbs: 0
     rx7_gro_large_hds: 0
 312:          0          0          0          0          0          0          0    2594141  316892686   19128440          0          0          0          0          0      22171          0          0          0          0          0          0          0          0          0          0          0          0          0          0          0          0          0          0          0          0          0          0          0          0     222299          0          0          0          0          0          0          0          0          0          0          0          0          0          0          0          0          0          0          0          0          0          0          0 IR-PCI-MSIX-0000:c3:00.0    8-edge      mlx5_comp7@pci:0000:c3:00.0
@ 245765.35
     rx_buff_alloc_err: 0
     rx_congst_umr: 0
     rx_out_of_buffer: 4004894514
     rx_packets_phy: 76153457585
     ch7_events: 341797328
     ch7_poll: 803947285
     ch7_arm: 333736642
     ch7_aff_change: 42814819
     ch7_force_irq: 0
     ch7_eq_rearm: 0
     rx7_packets: 12429434730
     rx7_bytes: 1855266509346
     rx7_csum_unnecessary: 6484
     rx7_csum_none: 0
     rx7_xdp_drop: 0
     rx7_xdp_redirect: 0
     rx7_gro_packets: 0
     rx7_gro_bytes: 0
     rx7_gro_skbs: 0
     rx7_gro_large_hds: 0
 312:          0          0          0          0          0          0          0    2594141  316892686   19128440          0          0          0          0          0      22171          0          0          0          0          0          0          0          0          0          0          0          0          0          0          0          0          0          0          0          0          0          0          0          0     222299          0          0          0          0          0          0          0          0          0          0          0          0          0          0          0          0          0          0          0          0          0          0          0 IR-PCI-MSIX-0000:c3:00.0    8-edge      mlx5_comp7@pci:0000:c3:00.0
@ 245766.36
     rx_buff_alloc_err: 0
     rx_congst_umr: 0
     rx_out_of_buffer: 4005054211
     rx_packets_phy: 76153617344
     ch7_events: 341797328
     ch7_poll: 803947285
     ch7_arm: 333736642
     ch7_aff_change: 42814819
     ch7_force_irq: 0
     ch7_eq_rearm: 0
     rx7_packets: 12429434730
     rx7_bytes: 1855266509346
     rx7_csum_unnecessary: 6484
     rx7_csum_none: 0
     rx7_xdp_drop: 0
     rx7_xdp_redirect: 0
     rx7_gro_packets: 0
     rx7_gro_bytes: 0
     rx7_gro_skbs: 0
     rx7_gro_large_hds: 0
 312:          0          0          0          0          0          0          0    2594141  316892686   19128440          0          0          0          0          0      22171          0          0          0          0          0          0          0          0          0          0          0          0          0          0          0          0          0          0          0          0          0          0          0          0     222299          0          0          0          0          0          0          0          0          0          0          0          0          0          0          0          0          0          0          0          0          0          0          0 IR-PCI-MSIX-0000:c3:00.0    8-edge      mlx5_comp7@pci:0000:c3:00.0
@ 245767.37
     rx_buff_alloc_err: 0
     rx_congst_umr: 0
     rx_out_of_buffer: 4005213940
     rx_packets_phy: 76153777034
     ch7_events: 341797328
     ch7_poll: 803947285
     ch7_arm: 333736642
     ch7_aff_change: 42814819
     ch7_force_irq: 0
     ch7_eq_rearm: 0
     rx7_packets: 12429434730
     rx7_bytes: 1855266509346
     rx7_csum_unnecessary: 6484
     rx7_csum_none: 0
     rx7_xdp_drop: 0
     rx7_xdp_redirect: 0
     rx7_gro_packets: 0
     rx7_gro_bytes: 0
     rx7_gro_skbs: 0
     rx7_gro_large_hds: 0
 312:          0          0          0          0          0          0          0    2594141  316892686   19128440          0          0          0          0          0      22171          0          0          0          0          0          0          0          0          0          0          0          0          0          0          0          0          0          0          0          0          0          0          0          0     222299          0          0          0          0          0          0          0          0          0          0          0          0          0          0          0          0          0          0          0          0          0          0          0 IR-PCI-MSIX-0000:c3:00.0    8-edge      mlx5_comp7@pci:0000:c3:00.0
@ 245768.38
     rx_buff_alloc_err: 0
     rx_congst_umr: 0
     rx_out_of_buffer: 4005373676
     rx_packets_phy: 76153936789
     ch7_events: 341797328
     ch7_poll: 803947285
     ch7_arm: 333736642
     ch7_aff_change: 42814819
     ch7_force_irq: 0
     ch7_eq_rearm: 0
     rx7_packets: 12429434730
     rx7_bytes: 1855266509346
     rx7_csum_unnecessary: 6484
     rx7_csum_none: 0
     rx7_xdp_drop: 0
     rx7_xdp_redirect: 0
     rx7_gro_packets: 0
     rx7_gro_bytes: 0
     rx7_gro_skbs: 0
     rx7_gro_large_hds: 0
 312:          0          0          0          0          0          0          0    2594141  316892686   19128440          0          0          0          0          0      22171          0          0          0          0          0          0          0          0          0          0          0          0          0          0          0          0          0          0          0          0          0          0          0          0     222299          0          0          0          0          0          0          0          0          0          0          0          0          0          0          0          0          0          0          0          0          0          0          0 IR-PCI-MSIX-0000:c3:00.0    8-edge      mlx5_comp7@pci:0000:c3:00.0
@ 245769.39
     rx_buff_alloc_err: 0
     rx_congst_umr: 0
     rx_out_of_buffer: 4005533428
     rx_packets_phy: 76154096545
     ch7_events: 341797328
     ch7_poll: 803947285
     ch7_arm: 333736642
     ch7_aff_change: 42814819
     ch7_force_irq: 0
     ch7_eq_rearm: 0
     rx7_packets: 12429434730
     rx7_bytes: 1855266509346
     rx7_csum_unnecessary: 6484
     rx7_csum_none: 0
     rx7_xdp_drop: 0
     rx7_xdp_redirect: 0
     rx7_gro_packets: 0
     rx7_gro_bytes: 0
     rx7_gro_skbs: 0
     rx7_gro_large_hds: 0
 312:          0          0          0          0          0          0          0    2594141  316892686   19128440          0          0          0          0          0      22171          0          0          0          0          0          0          0          0          0          0          0          0          0          0          0          0          0          0          0          0          0          0          0          0     222299          0          0          0          0          0          0          0          0          0          0          0          0          0          0          0          0          0          0          0          0          0          0          0 IR-PCI-MSIX-0000:c3:00.0    8-edge      mlx5_comp7@pci:0000:c3:00.0
@ 245770.40
     rx_buff_alloc_err: 0
     rx_congst_umr: 0
     rx_out_of_buffer: 4005693161
     rx_packets_phy: 76154256295
     ch7_events: 341797328
     ch7_poll: 803947285
     ch7_arm: 333736642
     ch7_aff_change: 42814819
     ch7_force_irq: 0
     ch7_eq_rearm: 0
     rx7_packets: 12429434730
     rx7_bytes: 1855266509346
     rx7_csum_unnecessary: 6484
     rx7_csum_none: 0
     rx7_xdp_drop: 0
     rx7_xdp_redirect: 0
     rx7_gro_packets: 0
     rx7_gro_bytes: 0
     rx7_gro_skbs: 0
     rx7_gro_large_hds: 0
 312:          0          0          0          0          0          0          0    2594141  316892686   19128440          0          0          0          0          0      22171          0          0          0          0          0          0          0          0          0          0          0          0          0          0          0          0          0          0          0          0          0          0          0          0     222299          0          0          0          0          0          0          0          0          0          0          0          0          0          0          0          0          0          0          0          0          0          0          0 IR-PCI-MSIX-0000:c3:00.0    8-edge      mlx5_comp7@pci:0000:c3:00.0
@ 245771.41
     rx_buff_alloc_err: 0
     rx_congst_umr: 0
     rx_out_of_buffer: 4005852869
     rx_packets_phy: 76154416046
     ch7_events: 341797328
     ch7_poll: 803947285
     ch7_arm: 333736642
     ch7_aff_change: 42814819
     ch7_force_irq: 0
     ch7_eq_rearm: 0
     rx7_packets: 12429434730
     rx7_bytes: 1855266509346
     rx7_csum_unnecessary: 6484
     rx7_csum_none: 0
     rx7_xdp_drop: 0
     rx7_xdp_redirect: 0
     rx7_gro_packets: 0
     rx7_gro_bytes: 0
     rx7_gro_skbs: 0
     rx7_gro_large_hds: 0
 312:          0          0          0          0          0          0          0    2594141  316892686   19128440          0          0          0          0          0      22171          0          0          0          0          0          0          0          0          0          0          0          0          0          0          0          0          0          0          0          0          0          0          0          0     222299          0          0          0          0          0          0          0          0          0          0          0          0          0          0          0          0          0          0          0          0          0          0          0 IR-PCI-MSIX-0000:c3:00.0    8-edge      mlx5_comp7@pci:0000:c3:00.0
@ 245772.42
     rx_buff_alloc_err: 0
     rx_congst_umr: 0
     rx_out_of_buffer: 4006012600
     rx_packets_phy: 76154575735
     ch7_events: 341797328
     ch7_poll: 803947285
     ch7_arm: 333736642
     ch7_aff_change: 42814819
     ch7_force_irq: 0
     ch7_eq_rearm: 0
     rx7_packets: 12429434730
     rx7_bytes: 1855266509346
     rx7_csum_unnecessary: 6484
     rx7_csum_none: 0
     rx7_xdp_drop: 0
     rx7_xdp_redirect: 0
     rx7_gro_packets: 0
     rx7_gro_bytes: 0
     rx7_gro_skbs: 0
     rx7_gro_large_hds: 0
 312:          0          0          0          0          0          0          0    2594141  316892686   19128440          0          0          0          0          0      22171          0          0          0          0          0          0          0          0          0          0          0          0          0          0          0          0          0          0          0          0          0          0          0          0     222299          0          0          0          0          0          0          0          0          0          0          0          0          0          0          0          0          0          0          0          0          0          0          0 IR-PCI-MSIX-0000:c3:00.0    8-edge      mlx5_comp7@pci:0000:c3:00.0
@ 245773.43
     rx_buff_alloc_err: 0
     rx_congst_umr: 0
     rx_out_of_buffer: 4006172217
     rx_packets_phy: 76154735404
     ch7_events: 341797328
     ch7_poll: 803947285
     ch7_arm: 333736642
     ch7_aff_change: 42814819
     ch7_force_irq: 0
     ch7_eq_rearm: 0
     rx7_packets: 12429434730
     rx7_bytes: 1855266509346
     rx7_csum_unnecessary: 6484
     rx7_csum_none: 0
     rx7_xdp_drop: 0
     rx7_xdp_redirect: 0
     rx7_gro_packets: 0
     rx7_gro_bytes: 0
     rx7_gro_skbs: 0
     rx7_gro_large_hds: 0
 312:          0          0          0          0          0          0          0    2594141  316892686   19128440          0          0          0          0          0      22171          0          0          0          0          0          0          0          0          0          0          0          0          0          0          0          0          0          0          0          0          0          0          0          0     222299          0          0          0          0          0          0          0          0          0          0          0          0          0          0          0          0          0          0          0          0          0          0          0 IR-PCI-MSIX-0000:c3:00.0    8-edge      mlx5_comp7@pci:0000:c3:00.0
@ 245774.44
     rx_buff_alloc_err: 0
     rx_congst_umr: 0
     rx_out_of_buffer: 4006331963
     rx_packets_phy: 76154895120
     ch7_events: 341797328
     ch7_poll: 803947285
     ch7_arm: 333736642
     ch7_aff_change: 42814819
     ch7_force_irq: 0
     ch7_eq_rearm: 0
     rx7_packets: 12429434730
     rx7_bytes: 1855266509346
     rx7_csum_unnecessary: 6484
     rx7_csum_none: 0
     rx7_xdp_drop: 0
     rx7_xdp_redirect: 0
     rx7_gro_packets: 0
     rx7_gro_bytes: 0
     rx7_gro_skbs: 0
     rx7_gro_large_hds: 0
 312:          0          0          0          0          0          0          0    2594141  316892686   19128440          0          0          0          0          0      22171          0          0          0          0          0          0          0          0          0          0          0          0          0          0          0          0          0          0          0          0          0          0          0          0     222299          0          0          0          0          0          0          0          0          0          0          0          0          0          0          0          0          0          0          0          0          0          0          0 IR-PCI-MSIX-0000:c3:00.0    8-edge      mlx5_comp7@pci:0000:c3:00.0
@ 245775.46
     rx_buff_alloc_err: 0
     rx_congst_umr: 0
     rx_out_of_buffer: 4006491674
     rx_packets_phy: 76155054871
     ch7_events: 341797328
     ch7_poll: 803947285
     ch7_arm: 333736642
     ch7_aff_change: 42814819
     ch7_force_irq: 0
     ch7_eq_rearm: 0
     rx7_packets: 12429434730
     rx7_bytes: 1855266509346
     rx7_csum_unnecessary: 6484
     rx7_csum_none: 0
     rx7_xdp_drop: 0
     rx7_xdp_redirect: 0
     rx7_gro_packets: 0
     rx7_gro_bytes: 0
     rx7_gro_skbs: 0
     rx7_gro_large_hds: 0
 312:          0          0          0          0          0          0          0    2594141  316892686   19128440          0          0          0          0          0      22171          0          0          0          0          0          0          0          0          0          0          0          0          0          0          0          0          0          0          0          0          0          0          0          0     222299          0          0          0          0          0          0          0          0          0          0          0          0          0          0          0          0          0          0          0          0          0          0          0 IR-PCI-MSIX-0000:c3:00.0    8-edge      mlx5_comp7@pci:0000:c3:00.0
@ 245776.47
     rx_buff_alloc_err: 0
     rx_congst_umr: 0
     rx_out_of_buffer: 4006651404
     rx_packets_phy: 76155214622
     ch7_events: 341797328
     ch7_poll: 803947285
     ch7_arm: 333736642
     ch7_aff_change: 42814819
     ch7_force_irq: 0
     ch7_eq_rearm: 0
     rx7_packets: 12429434730
     rx7_bytes: 1855266509346
     rx7_csum_unnecessary: 6484
     rx7_csum_none: 0
     rx7_xdp_drop: 0
     rx7_xdp_redirect: 0
     rx7_gro_packets: 0
     rx7_gro_bytes: 0
     rx7_gro_skbs: 0
     rx7_gro_large_hds: 0
 312:          0          0          0          0          0          0          0    2594141  316892686   19128440          0          0          0          0          0      22171          0          0          0          0          0          0          0          0          0          0          0          0          0          0          0          0          0          0          0          0          0          0          0          0     222299          0          0          0          0          0          0          0          0          0          0          0          0          0          0          0          0          0          0          0          0          0          0          0 IR-PCI-MSIX-0000:c3:00.0    8-edge      mlx5_comp7@pci:0000:c3:00.0
@ 245777.48
     rx_buff_alloc_err: 0
     rx_congst_umr: 0
     rx_out_of_buffer: 4006811134
     rx_packets_phy: 76155374312
     ch7_events: 341797328
     ch7_poll: 803947285
     ch7_arm: 333736642
     ch7_aff_change: 42814819
     ch7_force_irq: 0
     ch7_eq_rearm: 0
     rx7_packets: 12429434730
     rx7_bytes: 1855266509346
     rx7_csum_unnecessary: 6484
     rx7_csum_none: 0
     rx7_xdp_drop: 0
     rx7_xdp_redirect: 0
     rx7_gro_packets: 0
     rx7_gro_bytes: 0
     rx7_gro_skbs: 0
     rx7_gro_large_hds: 0
 312:          0          0          0          0          0          0          0    2594141  316892686   19128440          0          0          0          0          0      22171          0          0          0          0          0          0          0          0          0          0          0          0          0          0          0          0          0          0          0          0          0          0          0          0     222299          0          0          0          0          0          0          0          0          0          0          0          0          0          0          0          0          0          0          0          0          0          0          0 IR-PCI-MSIX-0000:c3:00.0    8-edge      mlx5_comp7@pci:0000:c3:00.0
@ 245778.49
     rx_buff_alloc_err: 0
     rx_congst_umr: 0
     rx_out_of_buffer: 4006970819
     rx_packets_phy: 76155534054
     ch7_events: 341797328
     ch7_poll: 803947285
     ch7_arm: 333736642
     ch7_aff_change: 42814819
     ch7_force_irq: 0
     ch7_eq_rearm: 0
     rx7_packets: 12429434730
     rx7_bytes: 1855266509346
     rx7_csum_unnecessary: 6484
     rx7_csum_none: 0
     rx7_xdp_drop: 0
     rx7_xdp_redirect: 0
     rx7_gro_packets: 0
     rx7_gro_bytes: 0
     rx7_gro_skbs: 0
     rx7_gro_large_hds: 0
 312:          0          0          0          0          0          0          0    2594141  316892686   19128440          0          0          0          0          0      22171          0          0          0          0          0          0          0          0          0          0          0          0          0          0          0          0          0          0          0          0          0          0          0          0     222299          0          0          0          0          0          0          0          0          0          0          0          0          0          0          0          0          0          0          0          0          0          0          0 IR-PCI-MSIX-0000:c3:00.0    8-edge      mlx5_comp7@pci:0000:c3:00.0
@ 245779.50
     rx_buff_alloc_err: 0
     rx_congst_umr: 0
     rx_out_of_buffer: 4007130558
     rx_packets_phy: 76155693760
     ch7_events: 341797328
     ch7_poll: 803947285
     ch7_arm: 333736642
     ch7_aff_change: 42814819
     ch7_force_irq: 0
     ch7_eq_rearm: 0
     rx7_packets: 12429434730
     rx7_bytes: 1855266509346
     rx7_csum_unnecessary: 6484
     rx7_csum_none: 0
     rx7_xdp_drop: 0
     rx7_xdp_redirect: 0
     rx7_gro_packets: 0
     rx7_gro_bytes: 0
     rx7_gro_skbs: 0
     rx7_gro_large_hds: 0
 312:          0          0          0          0          0          0          0    2594141  316892686   19128440          0          0          0          0          0      22171          0          0          0          0          0          0          0          0          0          0          0          0          0          0          0          0          0          0          0          0          0          0          0          0     222299          0          0          0          0          0          0          0          0          0          0          0          0          0          0          0          0          0          0          0          0          0          0          0 IR-PCI-MSIX-0000:c3:00.0    8-edge      mlx5_comp7@pci:0000:c3:00.0
@ 245780.51
     rx_buff_alloc_err: 0
     rx_congst_umr: 0
     rx_out_of_buffer: 4007290238
     rx_packets_phy: 76155853470
     ch7_events: 341797328
     ch7_poll: 803947285
     ch7_arm: 333736642
     ch7_aff_change: 42814819
     ch7_force_irq: 0
     ch7_eq_rearm: 0
     rx7_packets: 12429434730
     rx7_bytes: 1855266509346
     rx7_csum_unnecessary: 6484
     rx7_csum_none: 0
     rx7_xdp_drop: 0
     rx7_xdp_redirect: 0
     rx7_gro_packets: 0
     rx7_gro_bytes: 0
     rx7_gro_skbs: 0
     rx7_gro_large_hds: 0
 312:          0          0          0          0          0          0          0    2594141  316892686   19128440          0          0          0          0          0      22171          0          0          0          0          0          0          0          0          0          0          0          0          0          0          0          0          0          0          0          0          0          0          0          0     222299          0          0          0          0          0          0          0          0          0          0          0          0          0          0          0          0          0          0          0          0          0          0          0 IR-PCI-MSIX-0000:c3:00.0    8-edge      mlx5_comp7@pci:0000:c3:00.0
@ 245781.52
     rx_buff_alloc_err: 0
     rx_congst_umr: 0
     rx_out_of_buffer: 4007449974
     rx_packets_phy: 76156013196
     ch7_events: 341797328
     ch7_poll: 803947285
     ch7_arm: 333736642
     ch7_aff_change: 42814819
     ch7_force_irq: 0
     ch7_eq_rearm: 0
     rx7_packets: 12429434730
     rx7_bytes: 1855266509346
     rx7_csum_unnecessary: 6484
     rx7_csum_none: 0
     rx7_xdp_drop: 0
     rx7_xdp_redirect: 0
     rx7_gro_packets: 0
     rx7_gro_bytes: 0
     rx7_gro_skbs: 0
     rx7_gro_large_hds: 0
 312:          0          0          0          0          0          0          0    2594141  316892686   19128440          0          0          0          0          0      22171          0          0          0          0          0          0          0          0          0          0          0          0          0          0          0          0          0          0          0          0          0          0          0          0     222299          0          0          0          0          0          0          0          0          0          0          0          0          0          0          0          0          0          0          0          0          0          0          0 IR-PCI-MSIX-0000:c3:00.0    8-edge      mlx5_comp7@pci:0000:c3:00.0
@ 245782.53
     rx_buff_alloc_err: 0
     rx_congst_umr: 0
     rx_out_of_buffer: 4007609664
     rx_packets_phy: 76156172931
     ch7_events: 341797328
     ch7_poll: 803947285
     ch7_arm: 333736642
     ch7_aff_change: 42814819
     ch7_force_irq: 0
     ch7_eq_rearm: 0
     rx7_packets: 12429434730
     rx7_bytes: 1855266509346
     rx7_csum_unnecessary: 6484
     rx7_csum_none: 0
     rx7_xdp_drop: 0
     rx7_xdp_redirect: 0
     rx7_gro_packets: 0
     rx7_gro_bytes: 0
     rx7_gro_skbs: 0
     rx7_gro_large_hds: 0
 312:          0          0          0          0          0          0          0    2594141  316892686   19128440          0          0          0          0          0      22171          0          0          0          0          0          0          0          0          0          0          0          0          0          0          0          0          0          0          0          0          0          0          0          0     222299          0          0          0          0          0          0          0          0          0          0          0          0          0          0          0          0          0          0          0          0          0          0          0 IR-PCI-MSIX-0000:c3:00.0    8-edge      mlx5_comp7@pci:0000:c3:00.0
@ 245783.54
     rx_buff_alloc_err: 0
     rx_congst_umr: 0
     rx_out_of_buffer: 4007769371
     rx_packets_phy: 76156332635
     ch7_events: 341797328
     ch7_poll: 803947285
     ch7_arm: 333736642
     ch7_aff_change: 42814819
     ch7_force_irq: 0
     ch7_eq_rearm: 0
     rx7_packets: 12429434730
     rx7_bytes: 1855266509346
     rx7_csum_unnecessary: 6484
     rx7_csum_none: 0
     rx7_xdp_drop: 0
     rx7_xdp_redirect: 0
     rx7_gro_packets: 0
     rx7_gro_bytes: 0
     rx7_gro_skbs: 0
     rx7_gro_large_hds: 0
 312:          0          0          0          0          0          0          0    2594141  316892686   19128440          0          0          0          0          0      22171          0          0          0          0          0          0          0          0          0          0          0          0          0          0          0          0          0          0          0          0          0          0          0          0     222299          0          0          0          0          0          0          0          0          0          0          0          0          0          0          0          0          0          0          0          0          0          0          0 IR-PCI-MSIX-0000:c3:00.0    8-edge      mlx5_comp7@pci:0000:c3:00.0
@ 245784.55
     rx_buff_alloc_err: 0
     rx_congst_umr: 0
     rx_out_of_buffer: 4007929088
     rx_packets_phy: 76156492326
     ch7_events: 341797328
     ch7_poll: 803947285
     ch7_arm: 333736642
     ch7_aff_change: 42814819
     ch7_force_irq: 0
     ch7_eq_rearm: 0
     rx7_packets: 12429434730
     rx7_bytes: 1855266509346
     rx7_csum_unnecessary: 6484
     rx7_csum_none: 0
     rx7_xdp_drop: 0
     rx7_xdp_redirect: 0
     rx7_gro_packets: 0
     rx7_gro_bytes: 0
     rx7_gro_skbs: 0
     rx7_gro_large_hds: 0
 312:          0          0          0          0          0          0          0    2594141  316892686   19128440          0          0          0          0          0      22171          0          0          0          0          0          0          0          0          0          0          0          0          0          0          0          0          0          0          0          0          0          0          0          0     222299          0          0          0          0          0          0          0          0          0          0          0          0          0          0          0          0          0          0          0          0          0          0          0 IR-PCI-MSIX-0000:c3:00.0    8-edge      mlx5_comp7@pci:0000:c3:00.0
@ 245785.56
     rx_buff_alloc_err: 0
     rx_congst_umr: 0
     rx_out_of_buffer: 4008088782
     rx_packets_phy: 76156652072
     ch7_events: 341797328
     ch7_poll: 803947285
     ch7_arm: 333736642
     ch7_aff_change: 42814819
     ch7_force_irq: 0
     ch7_eq_rearm: 0
     rx7_packets: 12429434730
     rx7_bytes: 1855266509346
     rx7_csum_unnecessary: 6484
     rx7_csum_none: 0
     rx7_xdp_drop: 0
     rx7_xdp_redirect: 0
     rx7_gro_packets: 0
     rx7_gro_bytes: 0
     rx7_gro_skbs: 0
     rx7_gro_large_hds: 0
 312:          0          0          0          0          0          0          0    2594141  316892686   19128440          0          0          0          0          0      22171          0          0          0          0          0          0          0          0          0          0          0          0          0          0          0          0          0          0          0          0          0          0          0          0     222299          0          0          0          0          0          0          0          0          0          0          0          0          0          0          0          0          0          0          0          0          0          0          0 IR-PCI-MSIX-0000:c3:00.0    8-edge      mlx5_comp7@pci:0000:c3:00.0
@ 245786.57
     rx_buff_alloc_err: 0
     rx_congst_umr: 0
     rx_out_of_buffer: 4008248513
     rx_packets_phy: 76156811771
     ch7_events: 341797328
     ch7_poll: 803947285
     ch7_arm: 333736642
     ch7_aff_change: 42814819
     ch7_force_irq: 0
     ch7_eq_rearm: 0
     rx7_packets: 12429434730
     rx7_bytes: 1855266509346
     rx7_csum_unnecessary: 6484
     rx7_csum_none: 0
     rx7_xdp_drop: 0
     rx7_xdp_redirect: 0
     rx7_gro_packets: 0
     rx7_gro_bytes: 0
     rx7_gro_skbs: 0
     rx7_gro_large_hds: 0
 312:          0          0          0          0          0          0          0    2594141  316892686   19128440          0          0          0          0          0      22171          0          0          0          0          0          0          0          0          0          0          0          0          0          0          0          0          0          0          0          0          0          0          0          0     222299          0          0          0          0          0          0          0          0          0          0          0          0          0          0          0          0          0          0          0          0          0          0          0 IR-PCI-MSIX-0000:c3:00.0    8-edge      mlx5_comp7@pci:0000:c3:00.0
@ 245787.59
     rx_buff_alloc_err: 0
     rx_congst_umr: 0
     rx_out_of_buffer: 4008408219
     rx_packets_phy: 76156971521
     ch7_events: 341797328
     ch7_poll: 803947285
     ch7_arm: 333736642
     ch7_aff_change: 42814819
     ch7_force_irq: 0
     ch7_eq_rearm: 0
     rx7_packets: 12429434730
     rx7_bytes: 1855266509346
     rx7_csum_unnecessary: 6484
     rx7_csum_none: 0
     rx7_xdp_drop: 0
     rx7_xdp_redirect: 0
     rx7_gro_packets: 0
     rx7_gro_bytes: 0
     rx7_gro_skbs: 0
     rx7_gro_large_hds: 0
 312:          0          0          0          0          0          0          0    2594141  316892686   19128440          0          0          0          0          0      22171          0          0          0          0          0          0          0          0          0          0          0          0          0          0          0          0          0          0          0          0          0          0          0          0     222299          0          0          0          0          0          0          0          0          0          0          0          0          0          0          0          0          0          0          0          0          0          0          0 IR-PCI-MSIX-0000:c3:00.0    8-edge      mlx5_comp7@pci:0000:c3:00.0
@ 245788.60
     rx_buff_alloc_err: 0
     rx_congst_umr: 0
     rx_out_of_buffer: 4008567937
     rx_packets_phy: 76157131242
     ch7_events: 341797328
     ch7_poll: 803947285
     ch7_arm: 333736642
     ch7_aff_change: 42814819
     ch7_force_irq: 0
     ch7_eq_rearm: 0
     rx7_packets: 12429434730
     rx7_bytes: 1855266509346
     rx7_csum_unnecessary: 6484
     rx7_csum_none: 0
     rx7_xdp_drop: 0
     rx7_xdp_redirect: 0
     rx7_gro_packets: 0
     rx7_gro_bytes: 0
     rx7_gro_skbs: 0
     rx7_gro_large_hds: 0
 312:          0          0          0          0          0          0          0    2594141  316892686   19128440          0          0          0          0          0      22171          0          0          0          0          0          0          0          0          0          0          0          0          0          0          0          0          0          0          0          0          0          0          0          0     222299          0          0          0          0          0          0          0          0          0          0          0          0          0          0          0          0          0          0          0          0          0          0          0 IR-PCI-MSIX-0000:c3:00.0    8-edge      mlx5_comp7@pci:0000:c3:00.0
@ 245789.61
     rx_buff_alloc_err: 0
     rx_congst_umr: 0
     rx_out_of_buffer: 4008727681
     rx_packets_phy: 76157290961
     ch7_events: 341797328
     ch7_poll: 803947285
     ch7_arm: 333736642
     ch7_aff_change: 42814819
     ch7_force_irq: 0
     ch7_eq_rearm: 0
     rx7_packets: 12429434730
     rx7_bytes: 1855266509346
     rx7_csum_unnecessary: 6484
     rx7_csum_none: 0
     rx7_xdp_drop: 0
     rx7_xdp_redirect: 0
     rx7_gro_packets: 0
     rx7_gro_bytes: 0
     rx7_gro_skbs: 0
     rx7_gro_large_hds: 0
 312:          0          0          0          0          0          0          0    2594141  316892686   19128440          0          0          0          0          0      22171          0          0          0          0          0          0          0          0          0          0          0          0          0          0          0          0          0          0          0          0          0          0          0          0     222299          0          0          0          0          0          0          0          0          0          0          0          0          0          0          0          0          0          0          0          0          0          0          0 IR-PCI-MSIX-0000:c3:00.0    8-edge      mlx5_comp7@pci:0000:c3:00.0
@ 245790.62
     rx_buff_alloc_err: 0
     rx_congst_umr: 0
     rx_out_of_buffer: 4008887391
     rx_packets_phy: 76157450715
     ch7_events: 341797328
     ch7_poll: 803947285
     ch7_arm: 333736642
     ch7_aff_change: 42814819
     ch7_force_irq: 0
     ch7_eq_rearm: 0
     rx7_packets: 12429434730
     rx7_bytes: 1855266509346
     rx7_csum_unnecessary: 6484
     rx7_csum_none: 0
     rx7_xdp_drop: 0
     rx7_xdp_redirect: 0
     rx7_gro_packets: 0
     rx7_gro_bytes: 0
     rx7_gro_skbs: 0
     rx7_gro_large_hds: 0
 312:          0          0          0          0          0          0          0    2594141  316892686   19128440          0          0          0          0          0      22171          0          0          0          0          0          0          0          0          0          0          0          0          0          0          0          0          0          0          0          0          0          0          0          0     222299          0          0          0          0          0          0          0          0          0          0          0          0          0          0          0          0          0          0          0          0          0          0          0 IR-PCI-MSIX-0000:c3:00.0    8-edge      mlx5_comp7@pci:0000:c3:00.0
@ 245791.63
     rx_buff_alloc_err: 0
     rx_congst_umr: 0
     rx_out_of_buffer: 4009047107
     rx_packets_phy: 76157610449
     ch7_events: 341797328
     ch7_poll: 803947285
     ch7_arm: 333736642
     ch7_aff_change: 42814819
     ch7_force_irq: 0
     ch7_eq_rearm: 0
     rx7_packets: 12429434730
     rx7_bytes: 1855266509346
     rx7_csum_unnecessary: 6484
     rx7_csum_none: 0
     rx7_xdp_drop: 0
     rx7_xdp_redirect: 0
     rx7_gro_packets: 0
     rx7_gro_bytes: 0
     rx7_gro_skbs: 0
     rx7_gro_large_hds: 0
 312:          0          0          0          0          0          0          0    2594141  316892686   19128440          0          0          0          0          0      22171          0          0          0          0          0          0          0          0          0          0          0          0          0          0          0          0          0          0          0          0          0          0          0          0     222299          0          0          0          0          0          0          0          0          0          0          0          0          0          0          0          0          0          0          0          0          0          0          0 IR-PCI-MSIX-0000:c3:00.0    8-edge      mlx5_comp7@pci:0000:c3:00.0
@ 245792.64
     rx_buff_alloc_err: 0
     rx_congst_umr: 0
     rx_out_of_buffer: 4009206851
     rx_packets_phy: 76157770157
     ch7_events: 341797328
     ch7_poll: 803947285
     ch7_arm: 333736642
     ch7_aff_change: 42814819
     ch7_force_irq: 0
     ch7_eq_rearm: 0
     rx7_packets: 12429434730
     rx7_bytes: 1855266509346
     rx7_csum_unnecessary: 6484
     rx7_csum_none: 0
     rx7_xdp_drop: 0
     rx7_xdp_redirect: 0
     rx7_gro_packets: 0
     rx7_gro_bytes: 0
     rx7_gro_skbs: 0
     rx7_gro_large_hds: 0
 312:          0          0          0          0          0          0          0    2594141  316892686   19128440          0          0          0          0          0      22171          0          0          0          0          0          0          0          0          0          0          0          0          0          0          0          0          0          0          0          0          0          0          0          0     222299          0          0          0          0          0          0          0          0          0          0          0          0          0          0          0          0          0          0          0          0          0          0          0 IR-PCI-MSIX-0000:c3:00.0    8-edge      mlx5_comp7@pci:0000:c3:00.0
@ 245793.65
     rx_buff_alloc_err: 0
     rx_congst_umr: 0
     rx_out_of_buffer: 4009366531
     rx_packets_phy: 76157929849
     ch7_events: 341797328
     ch7_poll: 803947285
     ch7_arm: 333736642
     ch7_aff_change: 42814819
     ch7_force_irq: 0
     ch7_eq_rearm: 0
     rx7_packets: 12429434730
     rx7_bytes: 1855266509346
     rx7_csum_unnecessary: 6484
     rx7_csum_none: 0
     rx7_xdp_drop: 0
     rx7_xdp_redirect: 0
     rx7_gro_packets: 0
     rx7_gro_bytes: 0
     rx7_gro_skbs: 0
     rx7_gro_large_hds: 0
 312:          0          0          0          0          0          0          0    2594141  316892686   19128440          0          0          0          0          0      22171          0          0          0          0          0          0          0          0          0          0          0          0          0          0          0          0          0          0          0          0          0          0          0          0     222299          0          0          0          0          0          0          0          0          0          0          0          0          0          0          0          0          0          0          0          0          0          0          0 IR-PCI-MSIX-0000:c3:00.0    8-edge      mlx5_comp7@pci:0000:c3:00.0
@ 245794.66
     rx_buff_alloc_err: 0
     rx_congst_umr: 0
     rx_out_of_buffer: 4009526276
     rx_packets_phy: 76158089630
     ch7_events: 341797328
     ch7_poll: 803947285
     ch7_arm: 333736642
     ch7_aff_change: 42814819
     ch7_force_irq: 0
     ch7_eq_rearm: 0
     rx7_packets: 12429434730
     rx7_bytes: 1855266509346
     rx7_csum_unnecessary: 6484
     rx7_csum_none: 0
     rx7_xdp_drop: 0
     rx7_xdp_redirect: 0
     rx7_gro_packets: 0
     rx7_gro_bytes: 0
     rx7_gro_skbs: 0
     rx7_gro_large_hds: 0
 312:          0          0          0          0          0          0          0    2594141  316892686   19128440          0          0          0          0          0      22171          0          0          0          0          0          0          0          0          0          0          0          0          0          0          0          0          0          0          0          0          0          0          0          0     222299          0          0          0          0          0          0          0          0          0          0          0          0          0          0          0          0          0          0          0          0          0          0          0 IR-PCI-MSIX-0000:c3:00.0    8-edge      mlx5_comp7@pci:0000:c3:00.0
@ 245795.67
     rx_buff_alloc_err: 0
     rx_congst_umr: 0
     rx_out_of_buffer: 4009686022
     rx_packets_phy: 76158249349
     ch7_events: 341797328
     ch7_poll: 803947285
     ch7_arm: 333736642
     ch7_aff_change: 42814819
     ch7_force_irq: 0
     ch7_eq_rearm: 0
     rx7_packets: 12429434730
     rx7_bytes: 1855266509346
     rx7_csum_unnecessary: 6484
     rx7_csum_none: 0
     rx7_xdp_drop: 0
     rx7_xdp_redirect: 0
     rx7_gro_packets: 0
     rx7_gro_bytes: 0
     rx7_gro_skbs: 0
     rx7_gro_large_hds: 0
 312:          0          0          0          0          0          0          0    2594141  316892686   19128440          0          0          0          0          0      22171          0          0          0          0          0          0          0          0          0          0          0          0          0          0          0          0          0          0          0          0          0          0          0          0     222299          0          0          0          0          0          0          0          0          0          0          0          0          0          0          0          0          0          0          0          0          0          0          0 IR-PCI-MSIX-0000:c3:00.0    8-edge      mlx5_comp7@pci:0000:c3:00.0
@ 245796.68
     rx_buff_alloc_err: 0
     rx_congst_umr: 0
     rx_out_of_buffer: 4009845761
     rx_packets_phy: 76158409110
     ch7_events: 341797328
     ch7_poll: 803947285
     ch7_arm: 333736642
     ch7_aff_change: 42814819
     ch7_force_irq: 0
     ch7_eq_rearm: 0
     rx7_packets: 12429434730
     rx7_bytes: 1855266509346
     rx7_csum_unnecessary: 6484
     rx7_csum_none: 0
     rx7_xdp_drop: 0
     rx7_xdp_redirect: 0
     rx7_gro_packets: 0
     rx7_gro_bytes: 0
     rx7_gro_skbs: 0
     rx7_gro_large_hds: 0
 312:          0          0          0          0          0          0          0    2594141  316892686   19128440          0          0          0          0          0      22171          0          0          0          0          0          0          0          0          0          0          0          0          0          0          0          0          0          0          0          0          0          0          0          0     222299          0          0          0          0          0          0          0          0          0          0          0          0          0          0          0          0          0          0          0          0          0          0          0 IR-PCI-MSIX-0000:c3:00.0    8-edge      mlx5_comp7@pci:0000:c3:00.0
@ 245797.69
     rx_buff_alloc_err: 0
     rx_congst_umr: 0
     rx_out_of_buffer: 4010005481
     rx_packets_phy: 76158568861
     ch7_events: 341797328
     ch7_poll: 803947285
     ch7_arm: 333736642
     ch7_aff_change: 42814819
     ch7_force_irq: 0
     ch7_eq_rearm: 0
     rx7_packets: 12429434730
     rx7_bytes: 1855266509346
     rx7_csum_unnecessary: 6484
     rx7_csum_none: 0
     rx7_xdp_drop: 0
     rx7_xdp_redirect: 0
     rx7_gro_packets: 0
     rx7_gro_bytes: 0
     rx7_gro_skbs: 0
     rx7_gro_large_hds: 0
 312:          0          0          0          0          0          0          0    2594141  316892686   19128440          0          0          0          0          0      22171          0          0          0          0          0          0          0          0          0          0          0          0          0          0          0          0          0          0          0          0          0          0          0          0     222299          0          0          0          0          0          0          0          0          0          0          0          0          0          0          0          0          0          0          0          0          0          0          0 IR-PCI-MSIX-0000:c3:00.0    8-edge      mlx5_comp7@pci:0000:c3:00.0
@ 245798.71
     rx_buff_alloc_err: 0
     rx_congst_umr: 0
     rx_out_of_buffer: 4010165241
     rx_packets_phy: 76158728611
     ch7_events: 341797328
     ch7_poll: 803947285
     ch7_arm: 333736642
     ch7_aff_change: 42814819
     ch7_force_irq: 0
     ch7_eq_rearm: 0
     rx7_packets: 12429434730
     rx7_bytes: 1855266509346
     rx7_csum_unnecessary: 6484
     rx7_csum_none: 0
     rx7_xdp_drop: 0
     rx7_xdp_redirect: 0
     rx7_gro_packets: 0
     rx7_gro_bytes: 0
     rx7_gro_skbs: 0
     rx7_gro_large_hds: 0
 312:          0          0          0          0          0          0          0    2594141  316892686   19128440          0          0          0          0          0      22171          0          0          0          0          0          0          0          0          0          0          0          0          0          0          0          0          0          0          0          0          0          0          0          0     222299          0          0          0          0          0          0          0          0          0          0          0          0          0          0          0          0          0          0          0          0          0          0          0 IR-PCI-MSIX-0000:c3:00.0    8-edge      mlx5_comp7@pci:0000:c3:00.0
@ 245799.72
     rx_buff_alloc_err: 0
     rx_congst_umr: 0
     rx_out_of_buffer: 4010324986
     rx_packets_phy: 76158888363
     ch7_events: 341797328
     ch7_poll: 803947285
     ch7_arm: 333736642
     ch7_aff_change: 42814819
     ch7_force_irq: 0
     ch7_eq_rearm: 0
     rx7_packets: 12429434730
     rx7_bytes: 1855266509346
     rx7_csum_unnecessary: 6484
     rx7_csum_none: 0
     rx7_xdp_drop: 0
     rx7_xdp_redirect: 0
     rx7_gro_packets: 0
     rx7_gro_bytes: 0
     rx7_gro_skbs: 0
     rx7_gro_large_hds: 0
 312:          0          0          0          0          0          0          0    2594141  316892686   19128440          0          0          0          0          0      22171          0          0          0          0          0          0          0          0          0          0          0          0          0          0          0          0          0          0          0          0          0          0          0          0     222299          0          0          0          0          0          0          0          0          0          0          0          0          0          0          0          0          0          0          0          0          0          0          0 IR-PCI-MSIX-0000:c3:00.0    8-edge      mlx5_comp7@pci:0000:c3:00.0
@ 245800.73
     rx_buff_alloc_err: 0
     rx_congst_umr: 0
     rx_out_of_buffer: 4010484730
     rx_packets_phy: 76159048114
     ch7_events: 341797328
     ch7_poll: 803947285
     ch7_arm: 333736642
     ch7_aff_change: 42814819
     ch7_force_irq: 0
     ch7_eq_rearm: 0
     rx7_packets: 12429434730
     rx7_bytes: 1855266509346
     rx7_csum_unnecessary: 6484
     rx7_csum_none: 0
     rx7_xdp_drop: 0
     rx7_xdp_redirect: 0
     rx7_gro_packets: 0
     rx7_gro_bytes: 0
     rx7_gro_skbs: 0
     rx7_gro_large_hds: 0
 312:          0          0          0          0          0          0          0    2594141  316892686   19128440          0          0          0          0          0      22171          0          0          0          0          0          0          0          0          0          0          0          0          0          0          0          0          0          0          0          0          0          0          0          0     222299          0          0          0          0          0          0          0          0          0          0          0          0          0          0          0          0          0          0          0          0          0          0          0 IR-PCI-MSIX-0000:c3:00.0    8-edge      mlx5_comp7@pci:0000:c3:00.0
@ 245801.74
     rx_buff_alloc_err: 0
     rx_congst_umr: 0
     rx_out_of_buffer: 4010644426
     rx_packets_phy: 76159207826
     ch7_events: 341797328
     ch7_poll: 803947285
     ch7_arm: 333736642
     ch7_aff_change: 42814819
     ch7_force_irq: 0
     ch7_eq_rearm: 0
     rx7_packets: 12429434730
     rx7_bytes: 1855266509346
     rx7_csum_unnecessary: 6484
     rx7_csum_none: 0
     rx7_xdp_drop: 0
     rx7_xdp_redirect: 0
     rx7_gro_packets: 0
     rx7_gro_bytes: 0
     rx7_gro_skbs: 0
     rx7_gro_large_hds: 0
 312:          0          0          0          0          0          0          0    2594141  316892686   19128440          0          0          0          0          0      22171          0          0          0          0          0          0          0          0          0          0          0          0          0          0          0          0          0          0          0          0          0          0          0          0     222299          0          0          0          0          0          0          0          0          0          0          0          0          0          0          0          0          0          0          0          0          0          0          0 IR-PCI-MSIX-0000:c3:00.0    8-edge      mlx5_comp7@pci:0000:c3:00.0
@ 245802.75
     rx_buff_alloc_err: 0
     rx_congst_umr: 0
     rx_out_of_buffer: 4010804134
     rx_packets_phy: 76159367558
     ch7_events: 341797328
     ch7_poll: 803947285
     ch7_arm: 333736642
     ch7_aff_change: 42814819
     ch7_force_irq: 0
     ch7_eq_rearm: 0
     rx7_packets: 12429434730
     rx7_bytes: 1855266509346
     rx7_csum_unnecessary: 6484
     rx7_csum_none: 0
     rx7_xdp_drop: 0
     rx7_xdp_redirect: 0
     rx7_gro_packets: 0
     rx7_gro_bytes: 0
     rx7_gro_skbs: 0
     rx7_gro_large_hds: 0
 312:          0          0          0          0          0          0          0    2594141  316892686   19128440          0          0          0          0          0      22171          0          0          0          0          0          0          0          0          0          0          0          0          0          0          0          0          0          0          0          0          0          0          0          0     222299          0          0          0          0          0          0          0          0          0          0          0          0          0          0          0          0          0          0          0          0          0          0          0 IR-PCI-MSIX-0000:c3:00.0    8-edge      mlx5_comp7@pci:0000:c3:00.0
@ 245803.76
     rx_buff_alloc_err: 0
     rx_congst_umr: 0
     rx_out_of_buffer: 4010963786
     rx_packets_phy: 76159527178
     ch7_events: 341797328
     ch7_poll: 803947285
     ch7_arm: 333736642
     ch7_aff_change: 42814819
     ch7_force_irq: 0
     ch7_eq_rearm: 0
     rx7_packets: 12429434730
     rx7_bytes: 1855266509346
     rx7_csum_unnecessary: 6484
     rx7_csum_none: 0
     rx7_xdp_drop: 0
     rx7_xdp_redirect: 0
     rx7_gro_packets: 0
     rx7_gro_bytes: 0
     rx7_gro_skbs: 0
     rx7_gro_large_hds: 0
 312:          0          0          0          0          0          0          0    2594141  316892686   19128440          0          0          0          0          0      22171          0          0          0          0          0          0          0          0          0          0          0          0          0          0          0          0          0          0          0          0          0          0          0          0     222299          0          0          0          0          0          0          0          0          0          0          0          0          0          0          0          0          0          0          0          0          0          0          0 IR-PCI-MSIX-0000:c3:00.0    8-edge      mlx5_comp7@pci:0000:c3:00.0
@ 245804.77
     rx_buff_alloc_err: 0
     rx_congst_umr: 0
     rx_out_of_buffer: 4011123496
     rx_packets_phy: 76159686935
     ch7_events: 341797328
     ch7_poll: 803947285
     ch7_arm: 333736642
     ch7_aff_change: 42814819
     ch7_force_irq: 0
     ch7_eq_rearm: 0
     rx7_packets: 12429434730
     rx7_bytes: 1855266509346
     rx7_csum_unnecessary: 6484
     rx7_csum_none: 0
     rx7_xdp_drop: 0
     rx7_xdp_redirect: 0
     rx7_gro_packets: 0
     rx7_gro_bytes: 0
     rx7_gro_skbs: 0
     rx7_gro_large_hds: 0
 312:          0          0          0          0          0          0          0    2594141  316892686   19128440          0          0          0          0          0      22171          0          0          0          0          0          0          0          0          0          0          0          0          0          0          0          0          0          0          0          0          0          0          0          0     222299          0          0          0          0          0          0          0          0          0          0          0          0          0          0          0          0          0          0          0          0          0          0          0 IR-PCI-MSIX-0000:c3:00.0    8-edge      mlx5_comp7@pci:0000:c3:00.0
@ 245805.78
     rx_buff_alloc_err: 0
     rx_congst_umr: 0
     rx_out_of_buffer: 4011283213
     rx_packets_phy: 76159846622
     ch7_events: 341797328
     ch7_poll: 803947285
     ch7_arm: 333736642
     ch7_aff_change: 42814819
     ch7_force_irq: 0
     ch7_eq_rearm: 0
     rx7_packets: 12429434730
     rx7_bytes: 1855266509346
     rx7_csum_unnecessary: 6484
     rx7_csum_none: 0
     rx7_xdp_drop: 0
     rx7_xdp_redirect: 0
     rx7_gro_packets: 0
     rx7_gro_bytes: 0
     rx7_gro_skbs: 0
     rx7_gro_large_hds: 0
 312:          0          0          0          0          0          0          0    2594141  316892686   19128440          0          0          0          0          0      22171          0          0          0          0          0          0          0          0          0          0          0          0          0          0          0          0          0          0          0          0          0          0          0          0     222299          0          0          0          0          0          0          0          0          0          0          0          0          0          0          0          0          0          0          0          0          0          0          0 IR-PCI-MSIX-0000:c3:00.0    8-edge      mlx5_comp7@pci:0000:c3:00.0
@ 245806.79
     rx_buff_alloc_err: 0
     rx_congst_umr: 0
     rx_out_of_buffer: 4011442906
     rx_packets_phy: 76160006372
     ch7_events: 341797328
     ch7_poll: 803947285
     ch7_arm: 333736642
     ch7_aff_change: 42814819
     ch7_force_irq: 0
     ch7_eq_rearm: 0
     rx7_packets: 12429434730
     rx7_bytes: 1855266509346
     rx7_csum_unnecessary: 6484
     rx7_csum_none: 0
     rx7_xdp_drop: 0
     rx7_xdp_redirect: 0
     rx7_gro_packets: 0
     rx7_gro_bytes: 0
     rx7_gro_skbs: 0
     rx7_gro_large_hds: 0
 312:          0          0          0          0          0          0          0    2594141  316892686   19128440          0          0          0          0          0      22171          0          0          0          0          0          0          0          0          0          0          0          0          0          0          0          0          0          0          0          0          0          0          0          0     222299          0          0          0          0          0          0          0          0          0          0          0          0          0          0          0          0          0          0          0          0          0          0          0 IR-PCI-MSIX-0000:c3:00.0    8-edge      mlx5_comp7@pci:0000:c3:00.0
@ 245807.80
     rx_buff_alloc_err: 0
     rx_congst_umr: 0
     rx_out_of_buffer: 4011602640
     rx_packets_phy: 76160166076
     ch7_events: 341797328
     ch7_poll: 803947285
     ch7_arm: 333736642
     ch7_aff_change: 42814819
     ch7_force_irq: 0
     ch7_eq_rearm: 0
     rx7_packets: 12429434730
     rx7_bytes: 1855266509346
     rx7_csum_unnecessary: 6484
     rx7_csum_none: 0
     rx7_xdp_drop: 0
     rx7_xdp_redirect: 0
     rx7_gro_packets: 0
     rx7_gro_bytes: 0
     rx7_gro_skbs: 0
     rx7_gro_large_hds: 0
 312:          0          0          0          0          0          0          0    2594141  316892686   19128440          0          0          0          0          0      22171          0          0          0          0          0          0          0          0          0          0          0          0          0          0          0          0          0          0          0          0          0          0          0          0     222299          0          0          0          0          0          0          0          0          0          0          0          0          0          0          0          0          0          0          0          0          0          0          0 IR-PCI-MSIX-0000:c3:00.0    8-edge      mlx5_comp7@pci:0000:c3:00.0
@ 245808.81
     rx_buff_alloc_err: 0
     rx_congst_umr: 0
     rx_out_of_buffer: 4011762354
     rx_packets_phy: 76160325822
     ch7_events: 341797328
     ch7_poll: 803947285
     ch7_arm: 333736642
     ch7_aff_change: 42814819
     ch7_force_irq: 0
     ch7_eq_rearm: 0
     rx7_packets: 12429434730
     rx7_bytes: 1855266509346
     rx7_csum_unnecessary: 6484
     rx7_csum_none: 0
     rx7_xdp_drop: 0
     rx7_xdp_redirect: 0
     rx7_gro_packets: 0
     rx7_gro_bytes: 0
     rx7_gro_skbs: 0
     rx7_gro_large_hds: 0
 312:          0          0          0          0          0          0          0    2594141  316892686   19128440          0          0          0          0          0      22171          0          0          0          0          0          0          0          0          0          0          0          0          0          0          0          0          0          0          0          0          0          0          0          0     222299          0          0          0          0          0          0          0          0          0          0          0          0          0          0          0          0          0          0          0          0          0          0          0 IR-PCI-MSIX-0000:c3:00.0    8-edge      mlx5_comp7@pci:0000:c3:00.0
@ 245809.83
     rx_buff_alloc_err: 0
     rx_congst_umr: 0
     rx_out_of_buffer: 4011922066
     rx_packets_phy: 76160485530
     ch7_events: 341797328
     ch7_poll: 803947285
     ch7_arm: 333736642
     ch7_aff_change: 42814819
     ch7_force_irq: 0
     ch7_eq_rearm: 0
     rx7_packets: 12429434730
     rx7_bytes: 1855266509346
     rx7_csum_unnecessary: 6484
     rx7_csum_none: 0
     rx7_xdp_drop: 0
     rx7_xdp_redirect: 0
     rx7_gro_packets: 0
     rx7_gro_bytes: 0
     rx7_gro_skbs: 0
     rx7_gro_large_hds: 0
 312:          0          0          0          0          0          0          0    2594141  316892686   19128440          0          0          0          0          0      22171          0          0          0          0          0          0          0          0          0          0          0          0          0          0          0          0          0          0          0          0          0          0          0          0     222299          0          0          0          0          0          0          0          0          0          0          0          0          0          0          0          0          0          0          0          0          0          0          0 IR-PCI-MSIX-0000:c3:00.0    8-edge      mlx5_comp7@pci:0000:c3:00.0
@ 245810.84
     rx_buff_alloc_err: 0
     rx_congst_umr: 0
     rx_out_of_buffer: 4012081806
     rx_packets_phy: 76160645261
     ch7_events: 341797328
     ch7_poll: 803947285
     ch7_arm: 333736642
     ch7_aff_change: 42814819
     ch7_force_irq: 0
     ch7_eq_rearm: 0
     rx7_packets: 12429434730
     rx7_bytes: 1855266509346
     rx7_csum_unnecessary: 6484
     rx7_csum_none: 0
     rx7_xdp_drop: 0
     rx7_xdp_redirect: 0
     rx7_gro_packets: 0
     rx7_gro_bytes: 0
     rx7_gro_skbs: 0
     rx7_gro_large_hds: 0
 312:          0          0          0          0          0          0          0    2594141  316892686   19128440          0          0          0          0          0      22171          0          0          0          0          0          0          0          0          0          0          0          0          0          0          0          0          0          0          0          0          0          0          0          0     222299          0          0          0          0          0          0          0          0          0          0          0          0          0          0          0          0          0          0          0          0          0          0          0 IR-PCI-MSIX-0000:c3:00.0    8-edge      mlx5_comp7@pci:0000:c3:00.0
@ 245811.85
     rx_buff_alloc_err: 0
     rx_congst_umr: 0
     rx_out_of_buffer: 4012241499
     rx_packets_phy: 76160805006
     ch7_events: 341797328
     ch7_poll: 803947285
     ch7_arm: 333736642
     ch7_aff_change: 42814819
     ch7_force_irq: 0
     ch7_eq_rearm: 0
     rx7_packets: 12429434730
     rx7_bytes: 1855266509346
     rx7_csum_unnecessary: 6484
     rx7_csum_none: 0
     rx7_xdp_drop: 0
     rx7_xdp_redirect: 0
     rx7_gro_packets: 0
     rx7_gro_bytes: 0
     rx7_gro_skbs: 0
     rx7_gro_large_hds: 0
 312:          0          0          0          0          0          0          0    2594141  316892686   19128440          0          0          0          0          0      22171          0          0          0          0          0          0          0          0          0          0          0          0          0          0          0          0          0          0          0          0          0          0          0          0     222299          0          0          0          0          0          0          0          0          0          0          0          0          0          0          0          0          0          0          0          0          0          0          0 IR-PCI-MSIX-0000:c3:00.0    8-edge      mlx5_comp7@pci:0000:c3:00.0
@ 245812.86
     rx_buff_alloc_err: 0
     rx_congst_umr: 0
     rx_out_of_buffer: 4012401236
     rx_packets_phy: 76160964711
     ch7_events: 341797328
     ch7_poll: 803947285
     ch7_arm: 333736642
     ch7_aff_change: 42814819
     ch7_force_irq: 0
     ch7_eq_rearm: 0
     rx7_packets: 12429434730
     rx7_bytes: 1855266509346
     rx7_csum_unnecessary: 6484
     rx7_csum_none: 0
     rx7_xdp_drop: 0
     rx7_xdp_redirect: 0
     rx7_gro_packets: 0
     rx7_gro_bytes: 0
     rx7_gro_skbs: 0
     rx7_gro_large_hds: 0
 312:          0          0          0          0          0          0          0    2594141  316892686   19128440          0          0          0          0          0      22171          0          0          0          0          0          0          0          0          0          0          0          0          0          0          0          0          0          0          0          0          0          0          0          0     222299          0          0          0          0          0          0          0          0          0          0          0          0          0          0          0          0          0          0          0          0          0          0          0 IR-PCI-MSIX-0000:c3:00.0    8-edge      mlx5_comp7@pci:0000:c3:00.0
@ 245813.87
     rx_buff_alloc_err: 0
     rx_congst_umr: 0
     rx_out_of_buffer: 4012560916
     rx_packets_phy: 76161124443
     ch7_events: 341797328
     ch7_poll: 803947285
     ch7_arm: 333736642
     ch7_aff_change: 42814819
     ch7_force_irq: 0
     ch7_eq_rearm: 0
     rx7_packets: 12429434730
     rx7_bytes: 1855266509346
     rx7_csum_unnecessary: 6484
     rx7_csum_none: 0
     rx7_xdp_drop: 0
     rx7_xdp_redirect: 0
     rx7_gro_packets: 0
     rx7_gro_bytes: 0
     rx7_gro_skbs: 0
     rx7_gro_large_hds: 0
 312:          0          0          0          0          0          0          0    2594141  316892686   19128440          0          0          0          0          0      22171          0          0          0          0          0          0          0          0          0          0          0          0          0          0          0          0          0          0          0          0          0          0          0          0     222299          0          0          0          0          0          0          0          0          0          0          0          0          0          0          0          0          0          0          0          0          0          0          0 IR-PCI-MSIX-0000:c3:00.0    8-edge      mlx5_comp7@pci:0000:c3:00.0
@ 245814.88
     rx_buff_alloc_err: 0
     rx_congst_umr: 0
     rx_out_of_buffer: 4012720596
     rx_packets_phy: 76161284114
     ch7_events: 341797328
     ch7_poll: 803947285
     ch7_arm: 333736642
     ch7_aff_change: 42814819
     ch7_force_irq: 0
     ch7_eq_rearm: 0
     rx7_packets: 12429434730
     rx7_bytes: 1855266509346
     rx7_csum_unnecessary: 6484
     rx7_csum_none: 0
     rx7_xdp_drop: 0
     rx7_xdp_redirect: 0
     rx7_gro_packets: 0
     rx7_gro_bytes: 0
     rx7_gro_skbs: 0
     rx7_gro_large_hds: 0
 312:          0          0          0          0          0          0          0    2594141  316892686   19128440          0          0          0          0          0      22171          0          0          0          0          0          0          0          0          0          0          0          0          0          0          0          0          0          0          0          0          0          0          0          0     222299          0          0          0          0          0          0          0          0          0          0          0          0          0          0          0          0          0          0          0          0          0          0          0 IR-PCI-MSIX-0000:c3:00.0    8-edge      mlx5_comp7@pci:0000:c3:00.0
@ 245815.89
     rx_buff_alloc_err: 0
     rx_congst_umr: 0
     rx_out_of_buffer: 4012880341
     rx_packets_phy: 76161443835
     ch7_events: 341797328
     ch7_poll: 803947285
     ch7_arm: 333736642
     ch7_aff_change: 42814819
     ch7_force_irq: 0
     ch7_eq_rearm: 0
     rx7_packets: 12429434730
     rx7_bytes: 1855266509346
     rx7_csum_unnecessary: 6484
     rx7_csum_none: 0
     rx7_xdp_drop: 0
     rx7_xdp_redirect: 0
     rx7_gro_packets: 0
     rx7_gro_bytes: 0
     rx7_gro_skbs: 0
     rx7_gro_large_hds: 0
 312:          0          0          0          0          0          0          0    2594141  316892686   19128440          0          0          0          0          0      22171          0          0          0          0          0          0          0          0          0          0          0          0          0          0          0          0          0          0          0          0          0          0          0          0     222299          0          0          0          0          0          0          0          0          0          0          0          0          0          0          0          0          0          0          0          0          0          0          0 IR-PCI-MSIX-0000:c3:00.0    8-edge      mlx5_comp7@pci:0000:c3:00.0
@ 245816.90
     rx_buff_alloc_err: 0
     rx_congst_umr: 0
     rx_out_of_buffer: 4013040071
     rx_packets_phy: 76161603593
     ch7_events: 341797328
     ch7_poll: 803947285
     ch7_arm: 333736642
     ch7_aff_change: 42814819
     ch7_force_irq: 0
     ch7_eq_rearm: 0
     rx7_packets: 12429434730
     rx7_bytes: 1855266509346
     rx7_csum_unnecessary: 6484
     rx7_csum_none: 0
     rx7_xdp_drop: 0
     rx7_xdp_redirect: 0
     rx7_gro_packets: 0
     rx7_gro_bytes: 0
     rx7_gro_skbs: 0
     rx7_gro_large_hds: 0
 312:          0          0          0          0          0          0          0    2594141  316892686   19128440          0          0          0          0          0      22171          0          0          0          0          0          0          0          0          0          0          0          0          0          0          0          0          0          0          0          0          0          0          0          0     222299          0          0          0          0          0          0          0          0          0          0          0          0          0          0          0          0          0          0          0          0          0          0          0 IR-PCI-MSIX-0000:c3:00.0    8-edge      mlx5_comp7@pci:0000:c3:00.0
@ 245817.91
     rx_buff_alloc_err: 0
     rx_congst_umr: 0
     rx_out_of_buffer: 4013199768
     rx_packets_phy: 76161763303
     ch7_events: 341797328
     ch7_poll: 803947285
     ch7_arm: 333736642
     ch7_aff_change: 42814819
     ch7_force_irq: 0
     ch7_eq_rearm: 0
     rx7_packets: 12429434730
     rx7_bytes: 1855266509346
     rx7_csum_unnecessary: 6484
     rx7_csum_none: 0
     rx7_xdp_drop: 0
     rx7_xdp_redirect: 0
     rx7_gro_packets: 0
     rx7_gro_bytes: 0
     rx7_gro_skbs: 0
     rx7_gro_large_hds: 0
 312:          0          0          0          0          0          0          0    2594141  316892686   19128440          0          0          0          0          0      22171          0          0          0          0          0          0          0          0          0          0          0          0          0          0          0          0          0          0          0          0          0          0          0          0     222299          0          0          0          0          0          0          0          0          0          0          0          0          0          0          0          0          0          0          0          0          0          0          0 IR-PCI-MSIX-0000:c3:00.0    8-edge      mlx5_comp7@pci:0000:c3:00.0
@ 245818.92
     rx_buff_alloc_err: 0
     rx_congst_umr: 0
     rx_out_of_buffer: 4013359499
     rx_packets_phy: 76161923031
     ch7_events: 341797328
     ch7_poll: 803947285
     ch7_arm: 333736642
     ch7_aff_change: 42814819
     ch7_force_irq: 0
     ch7_eq_rearm: 0
     rx7_packets: 12429434730
     rx7_bytes: 1855266509346
     rx7_csum_unnecessary: 6484
     rx7_csum_none: 0
     rx7_xdp_drop: 0
     rx7_xdp_redirect: 0
     rx7_gro_packets: 0
     rx7_gro_bytes: 0
     rx7_gro_skbs: 0
     rx7_gro_large_hds: 0
 312:          0          0          0          0          0          0          0    2594141  316892686   19128440          0          0          0          0          0      22171          0          0          0          0          0          0          0          0          0          0          0          0          0          0          0          0          0          0          0          0          0          0          0          0     222299          0          0          0          0          0          0          0          0          0          0          0          0          0          0          0          0          0          0          0          0          0          0          0 IR-PCI-MSIX-0000:c3:00.0    8-edge      mlx5_comp7@pci:0000:c3:00.0
@ 245819.93
     rx_buff_alloc_err: 0
     rx_congst_umr: 0
     rx_out_of_buffer: 4013519194
     rx_packets_phy: 76162082727
     ch7_events: 341797328
     ch7_poll: 803947285
     ch7_arm: 333736642
     ch7_aff_change: 42814819
     ch7_force_irq: 0
     ch7_eq_rearm: 0
     rx7_packets: 12429434730
     rx7_bytes: 1855266509346
     rx7_csum_unnecessary: 6484
     rx7_csum_none: 0
     rx7_xdp_drop: 0
     rx7_xdp_redirect: 0
     rx7_gro_packets: 0
     rx7_gro_bytes: 0
     rx7_gro_skbs: 0
     rx7_gro_large_hds: 0
 312:          0          0          0          0          0          0          0    2594141  316892686   19128440          0          0          0          0          0      22171          0          0          0          0          0          0          0          0          0          0          0          0          0          0          0          0          0          0          0          0          0          0          0          0     222299          0          0          0          0          0          0          0          0          0          0          0          0          0          0          0          0          0          0          0          0          0          0          0 IR-PCI-MSIX-0000:c3:00.0    8-edge      mlx5_comp7@pci:0000:c3:00.0
@ 245820.94
     rx_buff_alloc_err: 0
     rx_congst_umr: 0
     rx_out_of_buffer: 4013678903
     rx_packets_phy: 76162242478
     ch7_events: 341797328
     ch7_poll: 803947285
     ch7_arm: 333736642
     ch7_aff_change: 42814819
     ch7_force_irq: 0
     ch7_eq_rearm: 0
     rx7_packets: 12429434730
     rx7_bytes: 1855266509346
     rx7_csum_unnecessary: 6484
     rx7_csum_none: 0
     rx7_xdp_drop: 0
     rx7_xdp_redirect: 0
     rx7_gro_packets: 0
     rx7_gro_bytes: 0
     rx7_gro_skbs: 0
     rx7_gro_large_hds: 0
 312:          0          0          0          0          0          0          0    2594141  316892686   19128440          0          0          0          0          0      22171          0          0          0          0          0          0          0          0          0          0          0          0          0          0          0          0          0          0          0          0          0          0          0          0     222299          0          0          0          0          0          0          0          0          0          0          0          0          0          0          0          0          0          0          0          0          0          0          0 IR-PCI-MSIX-0000:c3:00.0    8-edge      mlx5_comp7@pci:0000:c3:00.0
@ 245821.96
     rx_buff_alloc_err: 0
     rx_congst_umr: 0
     rx_out_of_buffer: 4013838619
     rx_packets_phy: 76162402167
     ch7_events: 341797328
     ch7_poll: 803947285
     ch7_arm: 333736642
     ch7_aff_change: 42814819
     ch7_force_irq: 0
     ch7_eq_rearm: 0
     rx7_packets: 12429434730
     rx7_bytes: 1855266509346
     rx7_csum_unnecessary: 6484
     rx7_csum_none: 0
     rx7_xdp_drop: 0
     rx7_xdp_redirect: 0
     rx7_gro_packets: 0
     rx7_gro_bytes: 0
     rx7_gro_skbs: 0
     rx7_gro_large_hds: 0
 312:          0          0          0          0          0          0          0    2594141  316892686   19128440          0          0          0          0          0      22171          0          0          0          0          0          0          0          0          0          0          0          0          0          0          0          0          0          0          0          0          0          0          0          0     222299          0          0          0          0          0          0          0          0          0          0          0          0          0          0          0          0          0          0          0          0          0          0          0 IR-PCI-MSIX-0000:c3:00.0    8-edge      mlx5_comp7@pci:0000:c3:00.0
@ 245822.97
     rx_buff_alloc_err: 0
     rx_congst_umr: 0
     rx_out_of_buffer: 4013998301
     rx_packets_phy: 76162561903
     ch7_events: 341797328
     ch7_poll: 803947285
     ch7_arm: 333736642
     ch7_aff_change: 42814819
     ch7_force_irq: 0
     ch7_eq_rearm: 0
     rx7_packets: 12429434730
     rx7_bytes: 1855266509346
     rx7_csum_unnecessary: 6484
     rx7_csum_none: 0
     rx7_xdp_drop: 0
     rx7_xdp_redirect: 0
     rx7_gro_packets: 0
     rx7_gro_bytes: 0
     rx7_gro_skbs: 0
     rx7_gro_large_hds: 0
 312:          0          0          0          0          0          0          0    2594141  316892686   19128440          0          0          0          0          0      22171          0          0          0          0          0          0          0          0          0          0          0          0          0          0          0          0          0          0          0          0          0          0          0          0     222299          0          0          0          0          0          0          0          0          0          0          0          0          0          0          0          0          0          0          0          0          0          0          0 IR-PCI-MSIX-0000:c3:00.0    8-edge      mlx5_comp7@pci:0000:c3:00.0
@ 245823.98
     rx_buff_alloc_err: 0
     rx_congst_umr: 0
     rx_out_of_buffer: 4014158037
     rx_packets_phy: 76162721603
     ch7_events: 341797328
     ch7_poll: 803947285
     ch7_arm: 333736642
     ch7_aff_change: 42814819
     ch7_force_irq: 0
     ch7_eq_rearm: 0
     rx7_packets: 12429434730
     rx7_bytes: 1855266509346
     rx7_csum_unnecessary: 6484
     rx7_csum_none: 0
     rx7_xdp_drop: 0
     rx7_xdp_redirect: 0
     rx7_gro_packets: 0
     rx7_gro_bytes: 0
     rx7_gro_skbs: 0
     rx7_gro_large_hds: 0
 312:          0          0          0          0          0          0          0    2594141  316892686   19128440          0          0          0          0          0      22171          0          0          0          0          0          0          0          0          0          0          0          0          0          0          0          0          0          0          0          0          0          0          0          0     222299          0          0          0          0          0          0          0          0          0          0          0          0          0          0          0          0          0          0          0          0          0          0          0 IR-PCI-MSIX-0000:c3:00.0    8-edge      mlx5_comp7@pci:0000:c3:00.0
@ 245824.99
     rx_buff_alloc_err: 0
     rx_congst_umr: 0
     rx_out_of_buffer: 4014317663
     rx_packets_phy: 76162881285
     ch7_events: 341797328
     ch7_poll: 803947285
     ch7_arm: 333736642
     ch7_aff_change: 42814819
     ch7_force_irq: 0
     ch7_eq_rearm: 0
     rx7_packets: 12429434730
     rx7_bytes: 1855266509346
     rx7_csum_unnecessary: 6484
     rx7_csum_none: 0
     rx7_xdp_drop: 0
     rx7_xdp_redirect: 0
     rx7_gro_packets: 0
     rx7_gro_bytes: 0
     rx7_gro_skbs: 0
     rx7_gro_large_hds: 0
 312:          0          0          0          0          0          0          0    2594141  316892686   19128440          0          0          0          0          0      22171          0          0          0          0          0          0          0          0          0          0          0          0          0          0          0          0          0          0          0          0          0          0          0          0     222299          0          0          0          0          0          0          0          0          0          0          0          0          0          0          0          0          0          0          0          0          0          0          0 IR-PCI-MSIX-0000:c3:00.0    8-edge      mlx5_comp7@pci:0000:c3:00.0
@ 245826.00
     rx_buff_alloc_err: 0
     rx_congst_umr: 0
     rx_out_of_buffer: 4014477410
     rx_packets_phy: 76163041035
     ch7_events: 341797328
     ch7_poll: 803947285
     ch7_arm: 333736642
     ch7_aff_change: 42814819
     ch7_force_irq: 0
     ch7_eq_rearm: 0
     rx7_packets: 12429434730
     rx7_bytes: 1855266509346
     rx7_csum_unnecessary: 6484
     rx7_csum_none: 0
     rx7_xdp_drop: 0
     rx7_xdp_redirect: 0
     rx7_gro_packets: 0
     rx7_gro_bytes: 0
     rx7_gro_skbs: 0
     rx7_gro_large_hds: 0
 312:          0          0          0          0          0          0          0    2594141  316892686   19128440          0          0          0          0          0      22171          0          0          0          0          0          0          0          0          0          0          0          0          0          0          0          0          0          0          0          0          0          0          0          0     222299          0          0          0          0          0          0          0          0          0          0          0          0          0          0          0          0          0          0          0          0          0          0          0 IR-PCI-MSIX-0000:c3:00.0    8-edge      mlx5_comp7@pci:0000:c3:00.0
@ 245827.01
     rx_buff_alloc_err: 0
     rx_congst_umr: 0
     rx_out_of_buffer: 4014637150
     rx_packets_phy: 76163200755
     ch7_events: 341797328
     ch7_poll: 803947285
     ch7_arm: 333736642
     ch7_aff_change: 42814819
     ch7_force_irq: 0
     ch7_eq_rearm: 0
     rx7_packets: 12429434730
     rx7_bytes: 1855266509346
     rx7_csum_unnecessary: 6484
     rx7_csum_none: 0
     rx7_xdp_drop: 0
     rx7_xdp_redirect: 0
     rx7_gro_packets: 0
     rx7_gro_bytes: 0
     rx7_gro_skbs: 0
     rx7_gro_large_hds: 0
 312:          0          0          0          0          0          0          0    2594141  316892686   19128440          0          0          0          0          0      22171          0          0          0          0          0          0          0          0          0          0          0          0          0          0          0          0          0          0          0          0          0          0          0          0     222299          0          0          0          0          0          0          0          0          0          0          0          0          0          0          0          0          0          0          0          0          0          0          0 IR-PCI-MSIX-0000:c3:00.0    8-edge      mlx5_comp7@pci:0000:c3:00.0
@ 245828.02
     rx_buff_alloc_err: 0
     rx_congst_umr: 0
     rx_out_of_buffer: 4014796894
     rx_packets_phy: 76163360506
     ch7_events: 341797328
     ch7_poll: 803947285
     ch7_arm: 333736642
     ch7_aff_change: 42814819
     ch7_force_irq: 0
     ch7_eq_rearm: 0
     rx7_packets: 12429434730
     rx7_bytes: 1855266509346
     rx7_csum_unnecessary: 6484
     rx7_csum_none: 0
     rx7_xdp_drop: 0
     rx7_xdp_redirect: 0
     rx7_gro_packets: 0
     rx7_gro_bytes: 0
     rx7_gro_skbs: 0
     rx7_gro_large_hds: 0
 312:          0          0          0          0          0          0          0    2594141  316892686   19128440          0          0          0          0          0      22171          0          0          0          0          0          0          0          0          0          0          0          0          0          0          0          0          0          0          0          0          0          0          0          0     222299          0          0          0          0          0          0          0          0          0          0          0          0          0          0          0          0          0          0          0          0          0          0          0 IR-PCI-MSIX-0000:c3:00.0    8-edge      mlx5_comp7@pci:0000:c3:00.0
@ 245829.03
     rx_buff_alloc_err: 0
     rx_congst_umr: 0
     rx_out_of_buffer: 4014956638
     rx_packets_phy: 76163520243
     ch7_events: 341797328
     ch7_poll: 803947285
     ch7_arm: 333736642
     ch7_aff_change: 42814819
     ch7_force_irq: 0
     ch7_eq_rearm: 0
     rx7_packets: 12429434730
     rx7_bytes: 1855266509346
     rx7_csum_unnecessary: 6484
     rx7_csum_none: 0
     rx7_xdp_drop: 0
     rx7_xdp_redirect: 0
     rx7_gro_packets: 0
     rx7_gro_bytes: 0
     rx7_gro_skbs: 0
     rx7_gro_large_hds: 0
 312:          0          0          0          0          0          0          0    2594141  316892686   19128440          0          0          0          0          0      22171          0          0          0          0          0          0          0          0          0          0          0          0          0          0          0          0          0          0          0          0          0          0          0          0     222299          0          0          0          0          0          0          0          0          0          0          0          0          0          0          0          0          0          0          0          0          0          0          0 IR-PCI-MSIX-0000:c3:00.0    8-edge      mlx5_comp7@pci:0000:c3:00.0
@ 245830.04
     rx_buff_alloc_err: 0
     rx_congst_umr: 0
     rx_out_of_buffer: 4015116361
     rx_packets_phy: 76163680000
     ch7_events: 341797328
     ch7_poll: 803947285
     ch7_arm: 333736642
     ch7_aff_change: 42814819
     ch7_force_irq: 0
     ch7_eq_rearm: 0
     rx7_packets: 12429434730
     rx7_bytes: 1855266509346
     rx7_csum_unnecessary: 6484
     rx7_csum_none: 0
     rx7_xdp_drop: 0
     rx7_xdp_redirect: 0
     rx7_gro_packets: 0
     rx7_gro_bytes: 0
     rx7_gro_skbs: 0
     rx7_gro_large_hds: 0
 312:          0          0          0          0          0          0          0    2594141  316892686   19128440          0          0          0          0          0      22171          0          0          0          0          0          0          0          0          0          0          0          0          0          0          0          0          0          0          0          0          0          0          0          0     222299          0          0          0          0          0          0          0          0          0          0          0          0          0          0          0          0          0          0          0          0          0          0          0 IR-PCI-MSIX-0000:c3:00.0    8-edge      mlx5_comp7@pci:0000:c3:00.0
@ 245831.05
     rx_buff_alloc_err: 0
     rx_congst_umr: 0
     rx_out_of_buffer: 4015276090
     rx_packets_phy: 76163839748
     ch7_events: 341797328
     ch7_poll: 803947285
     ch7_arm: 333736642
     ch7_aff_change: 42814819
     ch7_force_irq: 0
     ch7_eq_rearm: 0
     rx7_packets: 12429434730
     rx7_bytes: 1855266509346
     rx7_csum_unnecessary: 6484
     rx7_csum_none: 0
     rx7_xdp_drop: 0
     rx7_xdp_redirect: 0
     rx7_gro_packets: 0
     rx7_gro_bytes: 0
     rx7_gro_skbs: 0
     rx7_gro_large_hds: 0
 312:          0          0          0          0          0          0          0    2594141  316892686   19128440          0          0          0          0          0      22171          0          0          0          0          0          0          0          0          0          0          0          0          0          0          0          0          0          0          0          0          0          0          0          0     222299          0          0          0          0          0          0          0          0          0          0          0          0          0          0          0          0          0          0          0          0          0          0          0 IR-PCI-MSIX-0000:c3:00.0    8-edge      mlx5_comp7@pci:0000:c3:00.0
@ 245832.06
     rx_buff_alloc_err: 0
     rx_congst_umr: 0
     rx_out_of_buffer: 4015435807
     rx_packets_phy: 76163999475
     ch7_events: 341797328
     ch7_poll: 803947285
     ch7_arm: 333736642
     ch7_aff_change: 42814819
     ch7_force_irq: 0
     ch7_eq_rearm: 0
     rx7_packets: 12429434730
     rx7_bytes: 1855266509346
     rx7_csum_unnecessary: 6484
     rx7_csum_none: 0
     rx7_xdp_drop: 0
     rx7_xdp_redirect: 0
     rx7_gro_packets: 0
     rx7_gro_bytes: 0
     rx7_gro_skbs: 0
     rx7_gro_large_hds: 0
 312:          0          0          0          0          0          0          0    2594141  316892686   19128440          0          0          0          0          0      22171          0          0          0          0          0          0          0          0          0          0          0          0          0          0          0          0          0          0          0          0          0          0          0          0     222299          0          0          0          0          0          0          0          0          0          0          0          0          0          0          0          0          0          0          0          0          0          0          0 IR-PCI-MSIX-0000:c3:00.0    8-edge      mlx5_comp7@pci:0000:c3:00.0
@ 245833.08
     rx_buff_alloc_err: 0
     rx_congst_umr: 0
     rx_out_of_buffer: 4015595551
     rx_packets_phy: 76164159211
     ch7_events: 341797328
     ch7_poll: 803947285
     ch7_arm: 333736642
     ch7_aff_change: 42814819
     ch7_force_irq: 0
     ch7_eq_rearm: 0
     rx7_packets: 12429434730
     rx7_bytes: 1855266509346
     rx7_csum_unnecessary: 6484
     rx7_csum_none: 0
     rx7_xdp_drop: 0
     rx7_xdp_redirect: 0
     rx7_gro_packets: 0
     rx7_gro_bytes: 0
     rx7_gro_skbs: 0
     rx7_gro_large_hds: 0
 312:          0          0          0          0          0          0          0    2594141  316892686   19128440          0          0          0          0          0      22171          0          0          0          0          0          0          0          0          0          0          0          0          0          0          0          0          0          0          0          0          0          0          0          0     222299          0          0          0          0          0          0          0          0          0          0          0          0          0          0          0          0          0          0          0          0          0          0          0 IR-PCI-MSIX-0000:c3:00.0    8-edge      mlx5_comp7@pci:0000:c3:00.0
@ 245834.09
     rx_buff_alloc_err: 0
     rx_congst_umr: 0
     rx_out_of_buffer: 4015755295
     rx_packets_phy: 76164318940
     ch7_events: 341797328
     ch7_poll: 803947285
     ch7_arm: 333736642
     ch7_aff_change: 42814819
     ch7_force_irq: 0
     ch7_eq_rearm: 0
     rx7_packets: 12429434730
     rx7_bytes: 1855266509346
     rx7_csum_unnecessary: 6484
     rx7_csum_none: 0
     rx7_xdp_drop: 0
     rx7_xdp_redirect: 0
     rx7_gro_packets: 0
     rx7_gro_bytes: 0
     rx7_gro_skbs: 0
     rx7_gro_large_hds: 0
 312:          0          0          0          0          0          0          0    2594141  316892686   19128440          0          0          0          0          0      22171          0          0          0          0          0          0          0          0          0          0          0          0          0          0          0          0          0          0          0          0          0          0          0          0     222299          0          0          0          0          0          0          0          0          0          0          0          0          0          0          0          0          0          0          0          0          0          0          0 IR-PCI-MSIX-0000:c3:00.0    8-edge      mlx5_comp7@pci:0000:c3:00.0
@ 245835.10
     rx_buff_alloc_err: 0
     rx_congst_umr: 0
     rx_out_of_buffer: 4015846177
     rx_packets_phy: 76164409933
     ch7_events: 341797328
     ch7_poll: 803947285
     ch7_arm: 333736642
     ch7_aff_change: 42814819
     ch7_force_irq: 0
     ch7_eq_rearm: 0
     rx7_packets: 12429434730
     rx7_bytes: 1855266509346
     rx7_csum_unnecessary: 6484
     rx7_csum_none: 0
     rx7_xdp_drop: 0
     rx7_xdp_redirect: 0
     rx7_gro_packets: 0
     rx7_gro_bytes: 0
     rx7_gro_skbs: 0
     rx7_gro_large_hds: 0
 312:          0          0          0          0          0          0          0    2594141  316892686   19128440          0          0          0          0          0      22171          0          0          0          0          0          0          0          0          0          0          0          0          0          0          0          0          0          0          0          0          0          0          0          0     222299          0          0          0          0          0          0          0          0          0          0          0          0          0          0          0          0          0          0          0          0          0          0          0 IR-PCI-MSIX-0000:c3:00.0    8-edge      mlx5_comp7@pci:0000:c3:00.0
@ 245836.11
     rx_buff_alloc_err: 0
     rx_congst_umr: 0
     rx_out_of_buffer: 4015846179
     rx_packets_phy: 76164409985
     ch7_events: 341797328
     ch7_poll: 803947285
     ch7_arm: 333736642
     ch7_aff_change: 42814819
     ch7_force_irq: 0
     ch7_eq_rearm: 0
     rx7_packets: 12429434730
     rx7_bytes: 1855266509346
     rx7_csum_unnecessary: 6484
     rx7_csum_none: 0
     rx7_xdp_drop: 0
     rx7_xdp_redirect: 0
     rx7_gro_packets: 0
     rx7_gro_bytes: 0
     rx7_gro_skbs: 0
     rx7_gro_large_hds: 0
 312:          0          0          0          0          0          0          0    2594141  316892686   19128440          0          0          0          0          0      22171          0          0          0          0          0          0          0          0          0          0          0          0          0          0          0          0          0          0          0          0          0          0          0          0     222299          0          0          0          0          0          0          0          0          0          0          0          0          0          0          0          0          0          0          0          0          0          0          0 IR-PCI-MSIX-0000:c3:00.0    8-edge      mlx5_comp7@pci:0000:c3:00.0
@ 245837.12
     rx_buff_alloc_err: 0
     rx_congst_umr: 0
     rx_out_of_buffer: 4015846180
     rx_packets_phy: 76164410033
     ch7_events: 341797328
     ch7_poll: 803947285
     ch7_arm: 333736642
     ch7_aff_change: 42814819
     ch7_force_irq: 0
     ch7_eq_rearm: 0
     rx7_packets: 12429434730
     rx7_bytes: 1855266509346
     rx7_csum_unnecessary: 6484
     rx7_csum_none: 0
     rx7_xdp_drop: 0
     rx7_xdp_redirect: 0
     rx7_gro_packets: 0
     rx7_gro_bytes: 0
     rx7_gro_skbs: 0
     rx7_gro_large_hds: 0
 312:          0          0          0          0          0          0          0    2594141  316892686   19128440          0          0          0          0          0      22171          0          0          0          0          0          0          0          0          0          0          0          0          0          0          0          0          0          0          0          0          0          0          0          0     222299          0          0          0          0          0          0          0          0          0          0          0          0          0          0          0          0          0          0          0          0          0          0          0 IR-PCI-MSIX-0000:c3:00.0    8-edge      mlx5_comp7@pci:0000:c3:00.0
@ 245838.13
     rx_buff_alloc_err: 0
     rx_congst_umr: 0
     rx_out_of_buffer: 4015846181
     rx_packets_phy: 76164410042
     ch7_events: 341797328
     ch7_poll: 803947285
     ch7_arm: 333736642
     ch7_aff_change: 42814819
     ch7_force_irq: 0
     ch7_eq_rearm: 0
     rx7_packets: 12429434730
     rx7_bytes: 1855266509346
     rx7_csum_unnecessary: 6484
     rx7_csum_none: 0
     rx7_xdp_drop: 0
     rx7_xdp_redirect: 0
     rx7_gro_packets: 0
     rx7_gro_bytes: 0
     rx7_gro_skbs: 0
     rx7_gro_large_hds: 0
 312:          0          0          0          0          0          0          0    2594141  316892686   19128440          0          0          0          0          0      22171          0          0          0          0          0          0          0          0          0          0          0          0          0          0          0          0          0          0          0          0          0          0          0          0     222299          0          0          0          0          0          0          0          0          0          0          0          0          0          0          0          0          0          0          0          0          0          0          0 IR-PCI-MSIX-0000:c3:00.0    8-edge      mlx5_comp7@pci:0000:c3:00.0
@ 245839.14
     rx_buff_alloc_err: 0
     rx_congst_umr: 0
     rx_out_of_buffer: 4015846182
     rx_packets_phy: 76164410051
     ch7_events: 341797328
     ch7_poll: 803947285
     ch7_arm: 333736642
     ch7_aff_change: 42814819
     ch7_force_irq: 0
     ch7_eq_rearm: 0
     rx7_packets: 12429434730
     rx7_bytes: 1855266509346
     rx7_csum_unnecessary: 6484
     rx7_csum_none: 0
     rx7_xdp_drop: 0
     rx7_xdp_redirect: 0
     rx7_gro_packets: 0
     rx7_gro_bytes: 0
     rx7_gro_skbs: 0
     rx7_gro_large_hds: 0
 312:          0          0          0          0          0          0          0    2594141  316892686   19128440          0          0          0          0          0      22171          0          0          0          0          0          0          0          0          0          0          0          0          0          0          0          0          0          0          0          0          0          0          0          0     222299          0          0          0          0          0          0          0          0          0          0          0          0          0          0          0          0          0          0          0          0          0          0          0 IR-PCI-MSIX-0000:c3:00.0    8-edge      mlx5_comp7@pci:0000:c3:00.0
@ 245840.15
     rx_buff_alloc_err: 0
     rx_congst_umr: 0
     rx_out_of_buffer: 4015846182
     rx_packets_phy: 76164410065
     ch7_events: 341797328
     ch7_poll: 803947285
     ch7_arm: 333736642
     ch7_aff_change: 42814819
     ch7_force_irq: 0
     ch7_eq_rearm: 0
     rx7_packets: 12429434730
     rx7_bytes: 1855266509346
     rx7_csum_unnecessary: 6484
     rx7_csum_none: 0
     rx7_xdp_drop: 0
     rx7_xdp_redirect: 0
     rx7_gro_packets: 0
     rx7_gro_bytes: 0
     rx7_gro_skbs: 0
     rx7_gro_large_hds: 0
 312:          0          0          0          0          0          0          0    2594141  316892686   19128440          0          0          0          0          0      22171          0          0          0          0          0          0          0          0          0          0          0          0          0          0          0          0          0          0          0          0          0          0          0          0     222299          0          0          0          0          0          0          0          0          0          0          0          0          0          0          0          0          0          0          0          0          0          0          0 IR-PCI-MSIX-0000:c3:00.0    8-edge      mlx5_comp7@pci:0000:c3:00.0
@ 245841.16
     rx_buff_alloc_err: 0
     rx_congst_umr: 0
     rx_out_of_buffer: 4015846184
     rx_packets_phy: 76164410071
     ch7_events: 341797328
     ch7_poll: 803947285
     ch7_arm: 333736642
     ch7_aff_change: 42814819
     ch7_force_irq: 0
     ch7_eq_rearm: 0
     rx7_packets: 12429434730
     rx7_bytes: 1855266509346
     rx7_csum_unnecessary: 6484
     rx7_csum_none: 0
     rx7_xdp_drop: 0
     rx7_xdp_redirect: 0
     rx7_gro_packets: 0
     rx7_gro_bytes: 0
     rx7_gro_skbs: 0
     rx7_gro_large_hds: 0
 312:          0          0          0          0          0          0          0    2594141  316892686   19128440          0          0          0          0          0      22171          0          0          0          0          0          0          0          0          0          0          0          0          0          0          0          0          0          0          0          0          0          0          0          0     222299          0          0          0          0          0          0          0          0          0          0          0          0          0          0          0          0          0          0          0          0          0          0          0 IR-PCI-MSIX-0000:c3:00.0    8-edge      mlx5_comp7@pci:0000:c3:00.0
@ 245842.17
     rx_buff_alloc_err: 0
     rx_congst_umr: 0
     rx_out_of_buffer: 4015846184
     rx_packets_phy: 76164410085
     ch7_events: 341797328
     ch7_poll: 803947285
     ch7_arm: 333736642
     ch7_aff_change: 42814819
     ch7_force_irq: 0
     ch7_eq_rearm: 0
     rx7_packets: 12429434730
     rx7_bytes: 1855266509346
     rx7_csum_unnecessary: 6484
     rx7_csum_none: 0
     rx7_xdp_drop: 0
     rx7_xdp_redirect: 0
     rx7_gro_packets: 0
     rx7_gro_bytes: 0
     rx7_gro_skbs: 0
     rx7_gro_large_hds: 0
 312:          0          0          0          0          0          0          0    2594141  316892686   19128440          0          0          0          0          0      22171          0          0          0          0          0          0          0          0          0          0          0          0          0          0          0          0          0          0          0          0          0          0          0          0     222299          0          0          0          0          0          0          0          0          0          0          0          0          0          0          0          0          0          0          0          0          0          0          0 IR-PCI-MSIX-0000:c3:00.0    8-edge      mlx5_comp7@pci:0000:c3:00.0
@ 245843.18
     rx_buff_alloc_err: 0
     rx_congst_umr: 0
     rx_out_of_buffer: 4015846184
     rx_packets_phy: 76164410092
     ch7_events: 341797328
     ch7_poll: 803947285
     ch7_arm: 333736642
     ch7_aff_change: 42814819
     ch7_force_irq: 0
     ch7_eq_rearm: 0
     rx7_packets: 12429434730
     rx7_bytes: 1855266509346
     rx7_csum_unnecessary: 6484
     rx7_csum_none: 0
     rx7_xdp_drop: 0
     rx7_xdp_redirect: 0
     rx7_gro_packets: 0
     rx7_gro_bytes: 0
     rx7_gro_skbs: 0
     rx7_gro_large_hds: 0
 312:          0          0          0          0          0          0          0    2594141  316892686   19128440          0          0          0          0          0      22171          0          0          0          0          0          0          0          0          0          0          0          0          0          0          0          0          0          0          0          0          0          0          0          0     222299          0          0          0          0          0          0          0          0          0          0          0          0          0          0          0          0          0          0          0          0          0          0          0 IR-PCI-MSIX-0000:c3:00.0    8-edge      mlx5_comp7@pci:0000:c3:00.0
@ 245844.20
     rx_buff_alloc_err: 0
     rx_congst_umr: 0
     rx_out_of_buffer: 4015846184
     rx_packets_phy: 76164410097
     ch7_events: 341797328
     ch7_poll: 803947285
     ch7_arm: 333736642
     ch7_aff_change: 42814819
     ch7_force_irq: 0
     ch7_eq_rearm: 0
     rx7_packets: 12429434730
     rx7_bytes: 1855266509346
     rx7_csum_unnecessary: 6484
     rx7_csum_none: 0
     rx7_xdp_drop: 0
     rx7_xdp_redirect: 0
     rx7_gro_packets: 0
     rx7_gro_bytes: 0
     rx7_gro_skbs: 0
     rx7_gro_large_hds: 0
 312:          0          0          0          0          0          0          0    2594141  316892686   19128440          0          0          0          0          0      22171          0          0          0          0          0          0          0          0          0          0          0          0          0          0          0          0          0          0          0          0          0          0          0          0     222299          0          0          0          0          0          0          0          0          0          0          0          0          0          0          0          0          0          0          0          0          0          0          0 IR-PCI-MSIX-0000:c3:00.0    8-edge      mlx5_comp7@pci:0000:c3:00.0
@ 245845.21
     rx_buff_alloc_err: 0
     rx_congst_umr: 0
     rx_out_of_buffer: 4015846185
     rx_packets_phy: 76164410109
     ch7_events: 341797328
     ch7_poll: 803947285
     ch7_arm: 333736642
     ch7_aff_change: 42814819
     ch7_force_irq: 0
     ch7_eq_rearm: 0
     rx7_packets: 12429434730
     rx7_bytes: 1855266509346
     rx7_csum_unnecessary: 6484
     rx7_csum_none: 0
     rx7_xdp_drop: 0
     rx7_xdp_redirect: 0
     rx7_gro_packets: 0
     rx7_gro_bytes: 0
     rx7_gro_skbs: 0
     rx7_gro_large_hds: 0
 312:          0          0          0          0          0          0          0    2594141  316892686   19128440          0          0          0          0          0      22171          0          0          0          0          0          0          0          0          0          0          0          0          0          0          0          0          0          0          0          0          0          0          0          0     222299          0          0          0          0          0          0          0          0          0          0          0          0          0          0          0          0          0          0          0          0          0          0          0 IR-PCI-MSIX-0000:c3:00.0    8-edge      mlx5_comp7@pci:0000:c3:00.0
@ 245846.22
     rx_buff_alloc_err: 0
     rx_congst_umr: 0
     rx_out_of_buffer: 4015846185
     rx_packets_phy: 76164410118
     ch7_events: 341797328
     ch7_poll: 803947285
     ch7_arm: 333736642
     ch7_aff_change: 42814819
     ch7_force_irq: 0
     ch7_eq_rearm: 0
     rx7_packets: 12429434730
     rx7_bytes: 1855266509346
     rx7_csum_unnecessary: 6484
     rx7_csum_none: 0
     rx7_xdp_drop: 0
     rx7_xdp_redirect: 0
     rx7_gro_packets: 0
     rx7_gro_bytes: 0
     rx7_gro_skbs: 0
     rx7_gro_large_hds: 0
 312:          0          0          0          0          0          0          0    2594141  316892686   19128440          0          0          0          0          0      22171          0          0          0          0          0          0          0          0          0          0          0          0          0          0          0          0          0          0          0          0          0          0          0          0     222299          0          0          0          0          0          0          0          0          0          0          0          0          0          0          0          0          0          0          0          0          0          0          0 IR-PCI-MSIX-0000:c3:00.0    8-edge      mlx5_comp7@pci:0000:c3:00.0
@ 245847.23
     rx_buff_alloc_err: 0
     rx_congst_umr: 0
     rx_out_of_buffer: 4015846185
     rx_packets_phy: 76164410128
     ch7_events: 341797328
     ch7_poll: 803947285
     ch7_arm: 333736642
     ch7_aff_change: 42814819
     ch7_force_irq: 0
     ch7_eq_rearm: 0
     rx7_packets: 12429434730
     rx7_bytes: 1855266509346
     rx7_csum_unnecessary: 6484
     rx7_csum_none: 0
     rx7_xdp_drop: 0
     rx7_xdp_redirect: 0
     rx7_gro_packets: 0
     rx7_gro_bytes: 0
     rx7_gro_skbs: 0
     rx7_gro_large_hds: 0
 312:          0          0          0          0          0          0          0    2594141  316892686   19128440          0          0          0          0          0      22171          0          0          0          0          0          0          0          0          0          0          0          0          0          0          0          0          0          0          0          0          0          0          0          0     222299          0          0          0          0          0          0          0          0          0          0          0          0          0          0          0          0          0          0          0          0          0          0          0 IR-PCI-MSIX-0000:c3:00.0    8-edge      mlx5_comp7@pci:0000:c3:00.0
@ 245848.24
     rx_buff_alloc_err: 0
     rx_congst_umr: 0
     rx_out_of_buffer: 4015846185
     rx_packets_phy: 76164410136
     ch7_events: 341797328
     ch7_poll: 803947285
     ch7_arm: 333736642
     ch7_aff_change: 42814819
     ch7_force_irq: 0
     ch7_eq_rearm: 0
     rx7_packets: 12429434730
     rx7_bytes: 1855266509346
     rx7_csum_unnecessary: 6484
     rx7_csum_none: 0
     rx7_xdp_drop: 0
     rx7_xdp_redirect: 0
     rx7_gro_packets: 0
     rx7_gro_bytes: 0
     rx7_gro_skbs: 0
     rx7_gro_large_hds: 0
 312:          0          0          0          0          0          0          0    2594141  316892686   19128440          0          0          0          0          0      22171          0          0          0          0          0          0          0          0          0          0          0          0          0          0          0          0          0          0          0          0          0          0          0          0     222299          0          0          0          0          0          0          0          0          0          0          0          0          0          0          0          0          0          0          0          0          0          0          0 IR-PCI-MSIX-0000:c3:00.0    8-edge      mlx5_comp7@pci:0000:c3:00.0
@ 245849.25
     rx_buff_alloc_err: 0
     rx_congst_umr: 0
     rx_out_of_buffer: 4015846185
     rx_packets_phy: 76164410140
     ch7_events: 341797328
     ch7_poll: 803947285
     ch7_arm: 333736642
     ch7_aff_change: 42814819
     ch7_force_irq: 0
     ch7_eq_rearm: 0
     rx7_packets: 12429434730
     rx7_bytes: 1855266509346
     rx7_csum_unnecessary: 6484
     rx7_csum_none: 0
     rx7_xdp_drop: 0
     rx7_xdp_redirect: 0
     rx7_gro_packets: 0
     rx7_gro_bytes: 0
     rx7_gro_skbs: 0
     rx7_gro_large_hds: 0
 312:          0          0          0          0          0          0          0    2594141  316892686   19128440          0          0          0          0          0      22171          0          0          0          0          0          0          0          0          0          0          0          0          0          0          0          0          0          0          0          0          0          0          0          0     222299          0          0          0          0          0          0          0          0          0          0          0          0          0          0          0          0          0          0          0          0          0          0          0 IR-PCI-MSIX-0000:c3:00.0    8-edge      mlx5_comp7@pci:0000:c3:00.0
@ 245850.26
     rx_buff_alloc_err: 0
     rx_congst_umr: 0
     rx_out_of_buffer: 4015846186
     rx_packets_phy: 76164410153
     ch7_events: 341797328
     ch7_poll: 803947285
     ch7_arm: 333736642
     ch7_aff_change: 42814819
     ch7_force_irq: 0
     ch7_eq_rearm: 0
     rx7_packets: 12429434730
     rx7_bytes: 1855266509346
     rx7_csum_unnecessary: 6484
     rx7_csum_none: 0
     rx7_xdp_drop: 0
     rx7_xdp_redirect: 0
     rx7_gro_packets: 0
     rx7_gro_bytes: 0
     rx7_gro_skbs: 0
     rx7_gro_large_hds: 0
 312:          0          0          0          0          0          0          0    2594141  316892686   19128440          0          0          0          0          0      22171          0          0          0          0          0          0          0          0          0          0          0          0          0          0          0          0          0          0          0          0          0          0          0          0     222299          0          0          0          0          0          0          0          0          0          0          0          0          0          0          0          0          0          0          0          0          0          0          0 IR-PCI-MSIX-0000:c3:00.0    8-edge      mlx5_comp7@pci:0000:c3:00.0
@ 245851.27
     rx_buff_alloc_err: 0
     rx_congst_umr: 0
     rx_out_of_buffer: 4015846189
     rx_packets_phy: 76164410160
     ch7_events: 341797328
     ch7_poll: 803947285
     ch7_arm: 333736642
     ch7_aff_change: 42814819
     ch7_force_irq: 0
     ch7_eq_rearm: 0
     rx7_packets: 12429434730
     rx7_bytes: 1855266509346
     rx7_csum_unnecessary: 6484
     rx7_csum_none: 0
     rx7_xdp_drop: 0
     rx7_xdp_redirect: 0
     rx7_gro_packets: 0
     rx7_gro_bytes: 0
     rx7_gro_skbs: 0
     rx7_gro_large_hds: 0
 312:          0          0          0          0          0          0          0    2594141  316892686   19128440          0          0          0          0          0      22171          0          0          0          0          0          0          0          0          0          0          0          0          0          0          0          0          0          0          0          0          0          0          0          0     222299          0          0          0          0          0          0          0          0          0          0          0          0          0          0          0          0          0          0          0          0          0          0          0 IR-PCI-MSIX-0000:c3:00.0    8-edge      mlx5_comp7@pci:0000:c3:00.0
@ 245852.28
     rx_buff_alloc_err: 0
     rx_congst_umr: 0
     rx_out_of_buffer: 4015846190
     rx_packets_phy: 76164410175
     ch7_events: 341797328
     ch7_poll: 803947285
     ch7_arm: 333736642
     ch7_aff_change: 42814819
     ch7_force_irq: 0
     ch7_eq_rearm: 0
     rx7_packets: 12429434730
     rx7_bytes: 1855266509346
     rx7_csum_unnecessary: 6484
     rx7_csum_none: 0
     rx7_xdp_drop: 0
     rx7_xdp_redirect: 0
     rx7_gro_packets: 0
     rx7_gro_bytes: 0
     rx7_gro_skbs: 0
     rx7_gro_large_hds: 0
 312:          0          0          0          0          0          0          0    2594141  316892686   19128440          0          0          0          0          0      22171          0          0          0          0          0          0          0          0          0          0          0          0          0          0          0          0          0          0          0          0          0          0          0          0     222299          0          0          0          0          0          0          0          0          0          0          0          0          0          0          0          0          0          0          0          0          0          0          0 IR-PCI-MSIX-0000:c3:00.0    8-edge      mlx5_comp7@pci:0000:c3:00.0
@ 245853.29
     rx_buff_alloc_err: 0
     rx_congst_umr: 0
     rx_out_of_buffer: 4015846193
     rx_packets_phy: 76164410188
     ch7_events: 341797328
     ch7_poll: 803947285
     ch7_arm: 333736642
     ch7_aff_change: 42814819
     ch7_force_irq: 0
     ch7_eq_rearm: 0
     rx7_packets: 12429434730
     rx7_bytes: 1855266509346
     rx7_csum_unnecessary: 6484
     rx7_csum_none: 0
     rx7_xdp_drop: 0
     rx7_xdp_redirect: 0
     rx7_gro_packets: 0
     rx7_gro_bytes: 0
     rx7_gro_skbs: 0
     rx7_gro_large_hds: 0
 312:          0          0          0          0          0          0          0    2594141  316892686   19128440          0          0          0          0          0      22171          0          0          0          0          0          0          0          0          0          0          0          0          0          0          0          0          0          0          0          0          0          0          0          0     222299          0          0          0          0          0          0          0          0          0          0          0          0          0          0          0          0          0          0          0          0          0          0          0 IR-PCI-MSIX-0000:c3:00.0    8-edge      mlx5_comp7@pci:0000:c3:00.0
@ 245854.30
     rx_buff_alloc_err: 0
     rx_congst_umr: 0
     rx_out_of_buffer: 4015846195
     rx_packets_phy: 76164410198
     ch7_events: 341797328
     ch7_poll: 803947285
     ch7_arm: 333736642
     ch7_aff_change: 42814819
     ch7_force_irq: 0
     ch7_eq_rearm: 0
     rx7_packets: 12429434730
     rx7_bytes: 1855266509346
     rx7_csum_unnecessary: 6484
     rx7_csum_none: 0
     rx7_xdp_drop: 0
     rx7_xdp_redirect: 0
     rx7_gro_packets: 0
     rx7_gro_bytes: 0
     rx7_gro_skbs: 0
     rx7_gro_large_hds: 0
 312:          0          0          0          0          0          0          0    2594141  316892686   19128440          0          0          0          0          0      22171          0          0          0          0          0          0          0          0          0          0          0          0          0          0          0          0          0          0          0          0          0          0          0          0     222299          0          0          0          0          0          0          0          0          0          0          0          0          0          0          0          0          0          0          0          0          0          0          0 IR-PCI-MSIX-0000:c3:00.0    8-edge      mlx5_comp7@pci:0000:c3:00.0
@ 245855.32
     rx_buff_alloc_err: 0
     rx_congst_umr: 0
     rx_out_of_buffer: 4015846196
     rx_packets_phy: 76164410208
     ch7_events: 341797328
     ch7_poll: 803947285
     ch7_arm: 333736642
     ch7_aff_change: 42814819
     ch7_force_irq: 0
     ch7_eq_rearm: 0
     rx7_packets: 12429434730
     rx7_bytes: 1855266509346
     rx7_csum_unnecessary: 6484
     rx7_csum_none: 0
     rx7_xdp_drop: 0
     rx7_xdp_redirect: 0
     rx7_gro_packets: 0
     rx7_gro_bytes: 0
     rx7_gro_skbs: 0
     rx7_gro_large_hds: 0
 312:          0          0          0          0          0          0          0    2594141  316892686   19128440          0          0          0          0          0      22171          0          0          0          0          0          0          0          0          0          0          0          0          0          0          0          0          0          0          0          0          0          0          0          0     222299          0          0          0          0          0          0          0          0          0          0          0          0          0          0          0          0          0          0          0          0          0          0          0 IR-PCI-MSIX-0000:c3:00.0    8-edge      mlx5_comp7@pci:0000:c3:00.0
@ 245856.33
     rx_buff_alloc_err: 0
     rx_congst_umr: 0
     rx_out_of_buffer: 4015846198
     rx_packets_phy: 76164410222
     ch7_events: 341797328
     ch7_poll: 803947285
     ch7_arm: 333736642
     ch7_aff_change: 42814819
     ch7_force_irq: 0
     ch7_eq_rearm: 0
     rx7_packets: 12429434730
     rx7_bytes: 1855266509346
     rx7_csum_unnecessary: 6484
     rx7_csum_none: 0
     rx7_xdp_drop: 0
     rx7_xdp_redirect: 0
     rx7_gro_packets: 0
     rx7_gro_bytes: 0
     rx7_gro_skbs: 0
     rx7_gro_large_hds: 0
 312:          0          0          0          0          0          0          0    2594141  316892686   19128440          0          0          0          0          0      22171          0          0          0          0          0          0          0          0          0          0          0          0          0          0          0          0          0          0          0          0          0          0          0          0     222299          0          0          0          0          0          0          0          0          0          0          0          0          0          0          0          0          0          0          0          0          0          0          0 IR-PCI-MSIX-0000:c3:00.0    8-edge      mlx5_comp7@pci:0000:c3:00.0
@ 245857.34
     rx_buff_alloc_err: 0
     rx_congst_umr: 0
     rx_out_of_buffer: 4015849783
     rx_packets_phy: 76164413838
     ch7_events: 341797328
     ch7_poll: 803947285
     ch7_arm: 333736642
     ch7_aff_change: 42814819
     ch7_force_irq: 0
     ch7_eq_rearm: 0
     rx7_packets: 12429434730
     rx7_bytes: 1855266509346
     rx7_csum_unnecessary: 6484
     rx7_csum_none: 0
     rx7_xdp_drop: 0
     rx7_xdp_redirect: 0
     rx7_gro_packets: 0
     rx7_gro_bytes: 0
     rx7_gro_skbs: 0
     rx7_gro_large_hds: 0
 312:          0          0          0          0          0          0          0    2594141  316892686   19128440          0          0          0          0          0      22171          0          0          0          0          0          0          0          0          0          0          0          0          0          0          0          0          0          0          0          0          0          0          0          0     222299          0          0          0          0          0          0          0          0          0          0          0          0          0          0          0          0          0          0          0          0          0          0          0 IR-PCI-MSIX-0000:c3:00.0    8-edge      mlx5_comp7@pci:0000:c3:00.0
@ 245858.35
     rx_buff_alloc_err: 0
     rx_congst_umr: 0
     rx_out_of_buffer: 4015859896
     rx_packets_phy: 76164423960
     ch7_events: 341797328
     ch7_poll: 803947285
     ch7_arm: 333736642
     ch7_aff_change: 42814819
     ch7_force_irq: 0
     ch7_eq_rearm: 0
     rx7_packets: 12429434730
     rx7_bytes: 1855266509346
     rx7_csum_unnecessary: 6484
     rx7_csum_none: 0
     rx7_xdp_drop: 0
     rx7_xdp_redirect: 0
     rx7_gro_packets: 0
     rx7_gro_bytes: 0
     rx7_gro_skbs: 0
     rx7_gro_large_hds: 0
 312:          0          0          0          0          0          0          0    2594141  316892686   19128440          0          0          0          0          0      22171          0          0          0          0          0          0          0          0          0          0          0          0          0          0          0          0          0          0          0          0          0          0          0          0     222299          0          0          0          0          0          0          0          0          0          0          0          0          0          0          0          0          0          0          0          0          0          0          0 IR-PCI-MSIX-0000:c3:00.0    8-edge      mlx5_comp7@pci:0000:c3:00.0
@ 245859.36
     rx_buff_alloc_err: 0
     rx_congst_umr: 0
     rx_out_of_buffer: 4015870008
     rx_packets_phy: 76164434080
     ch7_events: 341797328
     ch7_poll: 803947285
     ch7_arm: 333736642
     ch7_aff_change: 42814819
     ch7_force_irq: 0
     ch7_eq_rearm: 0
     rx7_packets: 12429434730
     rx7_bytes: 1855266509346
     rx7_csum_unnecessary: 6484
     rx7_csum_none: 0
     rx7_xdp_drop: 0
     rx7_xdp_redirect: 0
     rx7_gro_packets: 0
     rx7_gro_bytes: 0
     rx7_gro_skbs: 0
     rx7_gro_large_hds: 0
 312:          0          0          0          0          0          0          0    2594141  316892686   19128440          0          0          0          0          0      22171          0          0          0          0          0          0          0          0          0          0          0          0          0          0          0          0          0          0          0          0          0          0          0          0     222299          0          0          0          0          0          0          0          0          0          0          0          0          0          0          0          0          0          0          0          0          0          0          0 IR-PCI-MSIX-0000:c3:00.0    8-edge      mlx5_comp7@pci:0000:c3:00.0
@ 245860.37
     rx_buff_alloc_err: 0
     rx_congst_umr: 0
     rx_out_of_buffer: 4015880122
     rx_packets_phy: 76164444201
     ch7_events: 341797328
     ch7_poll: 803947285
     ch7_arm: 333736642
     ch7_aff_change: 42814819
     ch7_force_irq: 0
     ch7_eq_rearm: 0
     rx7_packets: 12429434730
     rx7_bytes: 1855266509346
     rx7_csum_unnecessary: 6484
     rx7_csum_none: 0
     rx7_xdp_drop: 0
     rx7_xdp_redirect: 0
     rx7_gro_packets: 0
     rx7_gro_bytes: 0
     rx7_gro_skbs: 0
     rx7_gro_large_hds: 0
 312:          0          0          0          0          0          0          0    2594141  316892686   19128440          0          0          0          0          0      22171          0          0          0          0          0          0          0          0          0          0          0          0          0          0          0          0          0          0          0          0          0          0          0          0     222299          0          0          0          0          0          0          0          0          0          0          0          0          0          0          0          0          0          0          0          0          0          0          0 IR-PCI-MSIX-0000:c3:00.0    8-edge      mlx5_comp7@pci:0000:c3:00.0
@ 245861.38
     rx_buff_alloc_err: 0
     rx_congst_umr: 0
     rx_out_of_buffer: 4015890234
     rx_packets_phy: 76164454322
     ch7_events: 341797328
     ch7_poll: 803947285
     ch7_arm: 333736642
     ch7_aff_change: 42814819
     ch7_force_irq: 0
     ch7_eq_rearm: 0
     rx7_packets: 12429434730
     rx7_bytes: 1855266509346
     rx7_csum_unnecessary: 6484
     rx7_csum_none: 0
     rx7_xdp_drop: 0
     rx7_xdp_redirect: 0
     rx7_gro_packets: 0
     rx7_gro_bytes: 0
     rx7_gro_skbs: 0
     rx7_gro_large_hds: 0
 312:          0          0          0          0          0          0          0    2594141  316892686   19128440          0          0          0          0          0      22171          0          0          0          0          0          0          0          0          0          0          0          0          0          0          0          0          0          0          0          0          0          0          0          0     222299          0          0          0          0          0          0          0          0          0          0          0          0          0          0          0          0          0          0          0          0          0          0          0 IR-PCI-MSIX-0000:c3:00.0    8-edge      mlx5_comp7@pci:0000:c3:00.0
@ 245862.39
     rx_buff_alloc_err: 0
     rx_congst_umr: 0
     rx_out_of_buffer: 4015900346
     rx_packets_phy: 76164464401
     ch7_events: 341797328
     ch7_poll: 803947285
     ch7_arm: 333736642
     ch7_aff_change: 42814819
     ch7_force_irq: 0
     ch7_eq_rearm: 0
     rx7_packets: 12429434730
     rx7_bytes: 1855266509346
     rx7_csum_unnecessary: 6484
     rx7_csum_none: 0
     rx7_xdp_drop: 0
     rx7_xdp_redirect: 0
     rx7_gro_packets: 0
     rx7_gro_bytes: 0
     rx7_gro_skbs: 0
     rx7_gro_large_hds: 0
 312:          0          0          0          0          0          0          0    2594141  316892686   19128440          0          0          0          0          0      22171          0          0          0          0          0          0          0          0          0          0          0          0          0          0          0          0          0          0          0          0          0          0          0          0     222299          0          0          0          0          0          0          0          0          0          0          0          0          0          0          0          0          0          0          0          0          0          0          0 IR-PCI-MSIX-0000:c3:00.0    8-edge      mlx5_comp7@pci:0000:c3:00.0
@ 245863.40
     rx_buff_alloc_err: 0
     rx_congst_umr: 0
     rx_out_of_buffer: 4015910394
     rx_packets_phy: 76164474500
     ch7_events: 341797328
     ch7_poll: 803947285
     ch7_arm: 333736642
     ch7_aff_change: 42814819
     ch7_force_irq: 0
     ch7_eq_rearm: 0
     rx7_packets: 12429434730
     rx7_bytes: 1855266509346
     rx7_csum_unnecessary: 6484
     rx7_csum_none: 0
     rx7_xdp_drop: 0
     rx7_xdp_redirect: 0
     rx7_gro_packets: 0
     rx7_gro_bytes: 0
     rx7_gro_skbs: 0
     rx7_gro_large_hds: 0
 312:          0          0          0          0          0          0          0    2594141  316892686   19128440          0          0          0          0          0      22171          0          0          0          0          0          0          0          0          0          0          0          0          0          0          0          0          0          0          0          0          0          0          0          0     222299          0          0          0          0          0          0          0          0          0          0          0          0          0          0          0          0          0          0          0          0          0          0          0 IR-PCI-MSIX-0000:c3:00.0    8-edge      mlx5_comp7@pci:0000:c3:00.0
@ 245864.41
     rx_buff_alloc_err: 0
     rx_congst_umr: 0
     rx_out_of_buffer: 4015920507
     rx_packets_phy: 76164484629
     ch7_events: 341797328
     ch7_poll: 803947285
     ch7_arm: 333736642
     ch7_aff_change: 42814819
     ch7_force_irq: 0
     ch7_eq_rearm: 0
     rx7_packets: 12429434730
     rx7_bytes: 1855266509346
     rx7_csum_unnecessary: 6484
     rx7_csum_none: 0
     rx7_xdp_drop: 0
     rx7_xdp_redirect: 0
     rx7_gro_packets: 0
     rx7_gro_bytes: 0
     rx7_gro_skbs: 0
     rx7_gro_large_hds: 0
 312:          0          0          0          0          0          0          0    2594141  316892686   19128440          0          0          0          0          0      22171          0          0          0          0          0          0          0          0          0          0          0          0          0          0          0          0          0          0          0          0          0          0          0          0     222299          0          0          0          0          0          0          0          0          0          0          0          0          0          0          0          0          0          0          0          0          0          0          0 IR-PCI-MSIX-0000:c3:00.0    8-edge      mlx5_comp7@pci:0000:c3:00.0
@ 245865.42
     rx_buff_alloc_err: 0
     rx_congst_umr: 0
     rx_out_of_buffer: 4015930619
     rx_packets_phy: 76164494744
     ch7_events: 341797328
     ch7_poll: 803947285
     ch7_arm: 333736642
     ch7_aff_change: 42814819
     ch7_force_irq: 0
     ch7_eq_rearm: 0
     rx7_packets: 12429434730
     rx7_bytes: 1855266509346
     rx7_csum_unnecessary: 6484
     rx7_csum_none: 0
     rx7_xdp_drop: 0
     rx7_xdp_redirect: 0
     rx7_gro_packets: 0
     rx7_gro_bytes: 0
     rx7_gro_skbs: 0
     rx7_gro_large_hds: 0
 312:          0          0          0          0          0          0          0    2594141  316892686   19128440          0          0          0          0          0      22171          0          0          0          0          0          0          0          0          0          0          0          0          0          0          0          0          0          0          0          0          0          0          0          0     222299          0          0          0          0          0          0          0          0          0          0          0          0          0          0          0          0          0          0          0          0          0          0          0 IR-PCI-MSIX-0000:c3:00.0    8-edge      mlx5_comp7@pci:0000:c3:00.0
@ 245866.43
     rx_buff_alloc_err: 0
     rx_congst_umr: 0
     rx_out_of_buffer: 4015940732
     rx_packets_phy: 76164504869
     ch7_events: 341797328
     ch7_poll: 803947285
     ch7_arm: 333736642
     ch7_aff_change: 42814819
     ch7_force_irq: 0
     ch7_eq_rearm: 0
     rx7_packets: 12429434730
     rx7_bytes: 1855266509346
     rx7_csum_unnecessary: 6484
     rx7_csum_none: 0
     rx7_xdp_drop: 0
     rx7_xdp_redirect: 0
     rx7_gro_packets: 0
     rx7_gro_bytes: 0
     rx7_gro_skbs: 0
     rx7_gro_large_hds: 0
 312:          0          0          0          0          0          0          0    2594141  316892686   19128440          0          0          0          0          0      22171          0          0          0          0          0          0          0          0          0          0          0          0          0          0          0          0          0          0          0          0          0          0          0          0     222299          0          0          0          0          0          0          0          0          0          0          0          0          0          0          0          0          0          0          0          0          0          0          0 IR-PCI-MSIX-0000:c3:00.0    8-edge      mlx5_comp7@pci:0000:c3:00.0
@ 245867.45
     rx_buff_alloc_err: 0
     rx_congst_umr: 0
     rx_out_of_buffer: 4015950846
     rx_packets_phy: 76164514993
     ch7_events: 341797328
     ch7_poll: 803947285
     ch7_arm: 333736642
     ch7_aff_change: 42814819
     ch7_force_irq: 0
     ch7_eq_rearm: 0
     rx7_packets: 12429434730
     rx7_bytes: 1855266509346
     rx7_csum_unnecessary: 6484
     rx7_csum_none: 0
     rx7_xdp_drop: 0
     rx7_xdp_redirect: 0
     rx7_gro_packets: 0
     rx7_gro_bytes: 0
     rx7_gro_skbs: 0
     rx7_gro_large_hds: 0
 312:          0          0          0          0          0          0          0    2594141  316892686   19128440          0          0          0          0          0      22171          0          0          0          0          0          0          0          0          0          0          0          0          0          0          0          0          0          0          0          0          0          0          0          0     222299          0          0          0          0          0          0          0          0          0          0          0          0          0          0          0          0          0          0          0          0          0          0          0 IR-PCI-MSIX-0000:c3:00.0    8-edge      mlx5_comp7@pci:0000:c3:00.0
@ 245868.46
     rx_buff_alloc_err: 0
     rx_congst_umr: 0
     rx_out_of_buffer: 4015960960
     rx_packets_phy: 76164525111
     ch7_events: 341797328
     ch7_poll: 803947285
     ch7_arm: 333736642
     ch7_aff_change: 42814819
     ch7_force_irq: 0
     ch7_eq_rearm: 0
     rx7_packets: 12429434730
     rx7_bytes: 1855266509346
     rx7_csum_unnecessary: 6484
     rx7_csum_none: 0
     rx7_xdp_drop: 0
     rx7_xdp_redirect: 0
     rx7_gro_packets: 0
     rx7_gro_bytes: 0
     rx7_gro_skbs: 0
     rx7_gro_large_hds: 0
 312:          0          0          0          0          0          0          0    2594141  316892686   19128440          0          0          0          0          0      22171          0          0          0          0          0          0          0          0          0          0          0          0          0          0          0          0          0          0          0          0          0          0          0          0     222299          0          0          0          0          0          0          0          0          0          0          0          0          0          0          0          0          0          0          0          0          0          0          0 IR-PCI-MSIX-0000:c3:00.0    8-edge      mlx5_comp7@pci:0000:c3:00.0
@ 245869.47
     rx_buff_alloc_err: 0
     rx_congst_umr: 0
     rx_out_of_buffer: 4015971074
     rx_packets_phy: 76164535237
     ch7_events: 341797328
     ch7_poll: 803947285
     ch7_arm: 333736642
     ch7_aff_change: 42814819
     ch7_force_irq: 0
     ch7_eq_rearm: 0
     rx7_packets: 12429434730
     rx7_bytes: 1855266509346
     rx7_csum_unnecessary: 6484
     rx7_csum_none: 0
     rx7_xdp_drop: 0
     rx7_xdp_redirect: 0
     rx7_gro_packets: 0
     rx7_gro_bytes: 0
     rx7_gro_skbs: 0
     rx7_gro_large_hds: 0
 312:          0          0          0          0          0          0          0    2594141  316892686   19128440          0          0          0          0          0      22171          0          0          0          0          0          0          0          0          0          0          0          0          0          0          0          0          0          0          0          0          0          0          0          0     222299          0          0          0          0          0          0          0          0          0          0          0          0          0          0          0          0          0          0          0          0          0          0          0 IR-PCI-MSIX-0000:c3:00.0    8-edge      mlx5_comp7@pci:0000:c3:00.0
@ 245870.48
     rx_buff_alloc_err: 0
     rx_congst_umr: 0
     rx_out_of_buffer: 4015981187
     rx_packets_phy: 76164545355
     ch7_events: 341797328
     ch7_poll: 803947285
     ch7_arm: 333736642
     ch7_aff_change: 42814819
     ch7_force_irq: 0
     ch7_eq_rearm: 0
     rx7_packets: 12429434730
     rx7_bytes: 1855266509346
     rx7_csum_unnecessary: 6484
     rx7_csum_none: 0
     rx7_xdp_drop: 0
     rx7_xdp_redirect: 0
     rx7_gro_packets: 0
     rx7_gro_bytes: 0
     rx7_gro_skbs: 0
     rx7_gro_large_hds: 0
 312:          0          0          0          0          0          0          0    2594141  316892686   19128440          0          0          0          0          0      22171          0          0          0          0          0          0          0          0          0          0          0          0          0          0          0          0          0          0          0          0          0          0          0          0     222299          0          0          0          0          0          0          0          0          0          0          0          0          0          0          0          0          0          0          0          0          0          0          0 IR-PCI-MSIX-0000:c3:00.0    8-edge      mlx5_comp7@pci:0000:c3:00.0
@ 245871.49
     rx_buff_alloc_err: 0
     rx_congst_umr: 0
     rx_out_of_buffer: 4015991299
     rx_packets_phy: 76164555478
     ch7_events: 341797328
     ch7_poll: 803947285
     ch7_arm: 333736642
     ch7_aff_change: 42814819
     ch7_force_irq: 0
     ch7_eq_rearm: 0
     rx7_packets: 12429434730
     rx7_bytes: 1855266509346
     rx7_csum_unnecessary: 6484
     rx7_csum_none: 0
     rx7_xdp_drop: 0
     rx7_xdp_redirect: 0
     rx7_gro_packets: 0
     rx7_gro_bytes: 0
     rx7_gro_skbs: 0
     rx7_gro_large_hds: 0
 312:          0          0          0          0          0          0          0    2594141  316892686   19128440          0          0          0          0          0      22171          0          0          0          0          0          0          0          0          0          0          0          0          0          0          0          0          0          0          0          0          0          0          0          0     222299          0          0          0          0          0          0          0          0          0          0          0          0          0          0          0          0          0          0          0          0          0          0          0 IR-PCI-MSIX-0000:c3:00.0    8-edge      mlx5_comp7@pci:0000:c3:00.0
@ 245872.50
     rx_buff_alloc_err: 0
     rx_congst_umr: 0
     rx_out_of_buffer: 4016001413
     rx_packets_phy: 76164565607
     ch7_events: 341797328
     ch7_poll: 803947285
     ch7_arm: 333736642
     ch7_aff_change: 42814819
     ch7_force_irq: 0
     ch7_eq_rearm: 0
     rx7_packets: 12429434730
     rx7_bytes: 1855266509346
     rx7_csum_unnecessary: 6484
     rx7_csum_none: 0
     rx7_xdp_drop: 0
     rx7_xdp_redirect: 0
     rx7_gro_packets: 0
     rx7_gro_bytes: 0
     rx7_gro_skbs: 0
     rx7_gro_large_hds: 0
 312:          0          0          0          0          0          0          0    2594141  316892686   19128440          0          0          0          0          0      22171          0          0          0          0          0          0          0          0          0          0          0          0          0          0          0          0          0          0          0          0          0          0          0          0     222299          0          0          0          0          0          0          0          0          0          0          0          0          0          0          0          0          0          0          0          0          0          0          0 IR-PCI-MSIX-0000:c3:00.0    8-edge      mlx5_comp7@pci:0000:c3:00.0
@ 245873.51
     rx_buff_alloc_err: 0
     rx_congst_umr: 0
     rx_out_of_buffer: 4016011525
     rx_packets_phy: 76164575726
     ch7_events: 341797328
     ch7_poll: 803947285
     ch7_arm: 333736642
     ch7_aff_change: 42814819
     ch7_force_irq: 0
     ch7_eq_rearm: 0
     rx7_packets: 12429434730
     rx7_bytes: 1855266509346
     rx7_csum_unnecessary: 6484
     rx7_csum_none: 0
     rx7_xdp_drop: 0
     rx7_xdp_redirect: 0
     rx7_gro_packets: 0
     rx7_gro_bytes: 0
     rx7_gro_skbs: 0
     rx7_gro_large_hds: 0
 312:          0          0          0          0          0          0          0    2594141  316892686   19128440          0          0          0          0          0      22171          0          0          0          0          0          0          0          0          0          0          0          0          0          0          0          0          0          0          0          0          0          0          0          0     222299          0          0          0          0          0          0          0          0          0          0          0          0          0          0          0          0          0          0          0          0          0          0          0 IR-PCI-MSIX-0000:c3:00.0    8-edge      mlx5_comp7@pci:0000:c3:00.0
@ 245874.52
     rx_buff_alloc_err: 0
     rx_congst_umr: 0
     rx_out_of_buffer: 4016021637
     rx_packets_phy: 76164585851
     ch7_events: 341797328
     ch7_poll: 803947285
     ch7_arm: 333736642
     ch7_aff_change: 42814819
     ch7_force_irq: 0
     ch7_eq_rearm: 0
     rx7_packets: 12429434730
     rx7_bytes: 1855266509346
     rx7_csum_unnecessary: 6484
     rx7_csum_none: 0
     rx7_xdp_drop: 0
     rx7_xdp_redirect: 0
     rx7_gro_packets: 0
     rx7_gro_bytes: 0
     rx7_gro_skbs: 0
     rx7_gro_large_hds: 0
 312:          0          0          0          0          0          0          0    2594141  316892686   19128440          0          0          0          0          0      22171          0          0          0          0          0          0          0          0          0          0          0          0          0          0          0          0          0          0          0          0          0          0          0          0     222299          0          0          0          0          0          0          0          0          0          0          0          0          0          0          0          0          0          0          0          0          0          0          0 IR-PCI-MSIX-0000:c3:00.0    8-edge      mlx5_comp7@pci:0000:c3:00.0
@ 245875.53
     rx_buff_alloc_err: 0
     rx_congst_umr: 0
     rx_out_of_buffer: 4016031749
     rx_packets_phy: 76164595967
     ch7_events: 341797328
     ch7_poll: 803947285
     ch7_arm: 333736642
     ch7_aff_change: 42814819
     ch7_force_irq: 0
     ch7_eq_rearm: 0
     rx7_packets: 12429434730
     rx7_bytes: 1855266509346
     rx7_csum_unnecessary: 6484
     rx7_csum_none: 0
     rx7_xdp_drop: 0
     rx7_xdp_redirect: 0
     rx7_gro_packets: 0
     rx7_gro_bytes: 0
     rx7_gro_skbs: 0
     rx7_gro_large_hds: 0
 312:          0          0          0          0          0          0          0    2594141  316892686   19128440          0          0          0          0          0      22171          0          0          0          0          0          0          0          0          0          0          0          0          0          0          0          0          0          0          0          0          0          0          0          0     222299          0          0          0          0          0          0          0          0          0          0          0          0          0          0          0          0          0          0          0          0          0          0          0 IR-PCI-MSIX-0000:c3:00.0    8-edge      mlx5_comp7@pci:0000:c3:00.0
@ 245876.54
     rx_buff_alloc_err: 0
     rx_congst_umr: 0
     rx_out_of_buffer: 4016041862
     rx_packets_phy: 76164606091
     ch7_events: 341797328
     ch7_poll: 803947285
     ch7_arm: 333736642
     ch7_aff_change: 42814819
     ch7_force_irq: 0
     ch7_eq_rearm: 0
     rx7_packets: 12429434730
     rx7_bytes: 1855266509346
     rx7_csum_unnecessary: 6484
     rx7_csum_none: 0
     rx7_xdp_drop: 0
     rx7_xdp_redirect: 0
     rx7_gro_packets: 0
     rx7_gro_bytes: 0
     rx7_gro_skbs: 0
     rx7_gro_large_hds: 0
 312:          0          0          0          0          0          0          0    2594141  316892686   19128440          0          0          0          0          0      22171          0          0          0          0          0          0          0          0          0          0          0          0          0          0          0          0          0          0          0          0          0          0          0          0     222299          0          0          0          0          0          0          0          0          0          0          0          0          0          0          0          0          0          0          0          0          0          0          0 IR-PCI-MSIX-0000:c3:00.0    8-edge      mlx5_comp7@pci:0000:c3:00.0
@ 245877.55
     rx_buff_alloc_err: 0
     rx_congst_umr: 0
     rx_out_of_buffer: 4016051974
     rx_packets_phy: 76164616210
     ch7_events: 341797328
     ch7_poll: 803947285
     ch7_arm: 333736642
     ch7_aff_change: 42814819
     ch7_force_irq: 0
     ch7_eq_rearm: 0
     rx7_packets: 12429434730
     rx7_bytes: 1855266509346
     rx7_csum_unnecessary: 6484
     rx7_csum_none: 0
     rx7_xdp_drop: 0
     rx7_xdp_redirect: 0
     rx7_gro_packets: 0
     rx7_gro_bytes: 0
     rx7_gro_skbs: 0
     rx7_gro_large_hds: 0
 312:          0          0          0          0          0          0          0    2594141  316892686   19128440          0          0          0          0          0      22171          0          0          0          0          0          0          0          0          0          0          0          0          0          0          0          0          0          0          0          0          0          0          0          0     222299          0          0          0          0          0          0          0          0          0          0          0          0          0          0          0          0          0          0          0          0          0          0          0 IR-PCI-MSIX-0000:c3:00.0    8-edge      mlx5_comp7@pci:0000:c3:00.0
@ 245878.56
     rx_buff_alloc_err: 0
     rx_congst_umr: 0
     rx_out_of_buffer: 4016062086
     rx_packets_phy: 76164626327
     ch7_events: 341797328
     ch7_poll: 803947285
     ch7_arm: 333736642
     ch7_aff_change: 42814819
     ch7_force_irq: 0
     ch7_eq_rearm: 0
     rx7_packets: 12429434730
     rx7_bytes: 1855266509346
     rx7_csum_unnecessary: 6484
     rx7_csum_none: 0
     rx7_xdp_drop: 0
     rx7_xdp_redirect: 0
     rx7_gro_packets: 0
     rx7_gro_bytes: 0
     rx7_gro_skbs: 0
     rx7_gro_large_hds: 0
 312:          0          0          0          0          0          0          0    2594141  316892686   19128440          0          0          0          0          0      22171          0          0          0          0          0          0          0          0          0          0          0          0          0          0          0          0          0          0          0          0          0          0          0          0     222299          0          0          0          0          0          0          0          0          0          0          0          0          0          0          0          0          0          0          0          0          0          0          0 IR-PCI-MSIX-0000:c3:00.0    8-edge      mlx5_comp7@pci:0000:c3:00.0
@ 245879.58
     rx_buff_alloc_err: 0
     rx_congst_umr: 0
     rx_out_of_buffer: 4016072199
     rx_packets_phy: 76164636452
     ch7_events: 341797328
     ch7_poll: 803947285
     ch7_arm: 333736642
     ch7_aff_change: 42814819
     ch7_force_irq: 0
     ch7_eq_rearm: 0
     rx7_packets: 12429434730
     rx7_bytes: 1855266509346
     rx7_csum_unnecessary: 6484
     rx7_csum_none: 0
     rx7_xdp_drop: 0
     rx7_xdp_redirect: 0
     rx7_gro_packets: 0
     rx7_gro_bytes: 0
     rx7_gro_skbs: 0
     rx7_gro_large_hds: 0
 312:          0          0          0          0          0          0          0    2594141  316892686   19128440          0          0          0          0          0      22171          0          0          0          0          0          0          0          0          0          0          0          0          0          0          0          0          0          0          0          0          0          0          0          0     222299          0          0          0          0          0          0          0          0          0          0          0          0          0          0          0          0          0          0          0          0          0          0          0 IR-PCI-MSIX-0000:c3:00.0    8-edge      mlx5_comp7@pci:0000:c3:00.0
@ 245880.59
     rx_buff_alloc_err: 0
     rx_congst_umr: 0
     rx_out_of_buffer: 4016082313
     rx_packets_phy: 76164646544
     ch7_events: 341797328
     ch7_poll: 803947285
     ch7_arm: 333736642
     ch7_aff_change: 42814819
     ch7_force_irq: 0
     ch7_eq_rearm: 0
     rx7_packets: 12429434730
     rx7_bytes: 1855266509346
     rx7_csum_unnecessary: 6484
     rx7_csum_none: 0
     rx7_xdp_drop: 0
     rx7_xdp_redirect: 0
     rx7_gro_packets: 0
     rx7_gro_bytes: 0
     rx7_gro_skbs: 0
     rx7_gro_large_hds: 0
 312:          0          0          0          0          0          0          0    2594141  316892686   19128440          0          0          0          0          0      22171          0          0          0          0          0          0          0          0          0          0          0          0          0          0          0          0          0          0          0          0          0          0          0          0     222299          0          0          0          0          0          0          0          0          0          0          0          0          0          0          0          0          0          0          0          0          0          0          0 IR-PCI-MSIX-0000:c3:00.0    8-edge      mlx5_comp7@pci:0000:c3:00.0
@ 245881.60
     rx_buff_alloc_err: 0
     rx_congst_umr: 0
     rx_out_of_buffer: 4016092364
     rx_packets_phy: 76164656631
     ch7_events: 341797328
     ch7_poll: 803947285
     ch7_arm: 333736642
     ch7_aff_change: 42814819
     ch7_force_irq: 0
     ch7_eq_rearm: 0
     rx7_packets: 12429434730
     rx7_bytes: 1855266509346
     rx7_csum_unnecessary: 6484
     rx7_csum_none: 0
     rx7_xdp_drop: 0
     rx7_xdp_redirect: 0
     rx7_gro_packets: 0
     rx7_gro_bytes: 0
     rx7_gro_skbs: 0
     rx7_gro_large_hds: 0
 312:          0          0          0          0          0          0          0    2594141  316892686   19128440          0          0          0          0          0      22171          0          0          0          0          0          0          0          0          0          0          0          0          0          0          0          0          0          0          0          0          0          0          0          0     222299          0          0          0          0          0          0          0          0          0          0          0          0          0          0          0          0          0          0          0          0          0          0          0 IR-PCI-MSIX-0000:c3:00.0    8-edge      mlx5_comp7@pci:0000:c3:00.0
@ 245882.61
     rx_buff_alloc_err: 0
     rx_congst_umr: 0
     rx_out_of_buffer: 4016102475
     rx_packets_phy: 76164666754
     ch7_events: 341797328
     ch7_poll: 803947285
     ch7_arm: 333736642
     ch7_aff_change: 42814819
     ch7_force_irq: 0
     ch7_eq_rearm: 0
     rx7_packets: 12429434730
     rx7_bytes: 1855266509346
     rx7_csum_unnecessary: 6484
     rx7_csum_none: 0
     rx7_xdp_drop: 0
     rx7_xdp_redirect: 0
     rx7_gro_packets: 0
     rx7_gro_bytes: 0
     rx7_gro_skbs: 0
     rx7_gro_large_hds: 0
 312:          0          0          0          0          0          0          0    2594141  316892686   19128440          0          0          0          0          0      22171          0          0          0          0          0          0          0          0          0          0          0          0          0          0          0          0          0          0          0          0          0          0          0          0     222299          0          0          0          0          0          0          0          0          0          0          0          0          0          0          0          0          0          0          0          0          0          0          0 IR-PCI-MSIX-0000:c3:00.0    8-edge      mlx5_comp7@pci:0000:c3:00.0
@ 245883.62
     rx_buff_alloc_err: 0
     rx_congst_umr: 0
     rx_out_of_buffer: 4016112588
     rx_packets_phy: 76164676871
     ch7_events: 341797328
     ch7_poll: 803947285
     ch7_arm: 333736642
     ch7_aff_change: 42814819
     ch7_force_irq: 0
     ch7_eq_rearm: 0
     rx7_packets: 12429434730
     rx7_bytes: 1855266509346
     rx7_csum_unnecessary: 6484
     rx7_csum_none: 0
     rx7_xdp_drop: 0
     rx7_xdp_redirect: 0
     rx7_gro_packets: 0
     rx7_gro_bytes: 0
     rx7_gro_skbs: 0
     rx7_gro_large_hds: 0
 312:          0          0          0          0          0          0          0    2594141  316892686   19128440          0          0          0          0          0      22171          0          0          0          0          0          0          0          0          0          0          0          0          0          0          0          0          0          0          0          0          0          0          0          0     222299          0          0          0          0          0          0          0          0          0          0          0          0          0          0          0          0          0          0          0          0          0          0          0 IR-PCI-MSIX-0000:c3:00.0    8-edge      mlx5_comp7@pci:0000:c3:00.0
@ 245884.63
     rx_buff_alloc_err: 0
     rx_congst_umr: 0
     rx_out_of_buffer: 4016122701
     rx_packets_phy: 76164686999
     ch7_events: 341797328
     ch7_poll: 803947285
     ch7_arm: 333736642
     ch7_aff_change: 42814819
     ch7_force_irq: 0
     ch7_eq_rearm: 0
     rx7_packets: 12429434730
     rx7_bytes: 1855266509346
     rx7_csum_unnecessary: 6484
     rx7_csum_none: 0
     rx7_xdp_drop: 0
     rx7_xdp_redirect: 0
     rx7_gro_packets: 0
     rx7_gro_bytes: 0
     rx7_gro_skbs: 0
     rx7_gro_large_hds: 0
 312:          0          0          0          0          0          0          0    2594141  316892686   19128440          0          0          0          0          0      22171          0          0          0          0          0          0          0          0          0          0          0          0          0          0          0          0          0          0          0          0          0          0          0          0     222299          0          0          0          0          0          0          0          0          0          0          0          0          0          0          0          0          0          0          0          0          0          0          0 IR-PCI-MSIX-0000:c3:00.0    8-edge      mlx5_comp7@pci:0000:c3:00.0
@ 245885.64
     rx_buff_alloc_err: 0
     rx_congst_umr: 0
     rx_out_of_buffer: 4016132815
     rx_packets_phy: 76164697116
     ch7_events: 341797328
     ch7_poll: 803947285
     ch7_arm: 333736642
     ch7_aff_change: 42814819
     ch7_force_irq: 0
     ch7_eq_rearm: 0
     rx7_packets: 12429434730
     rx7_bytes: 1855266509346
     rx7_csum_unnecessary: 6484
     rx7_csum_none: 0
     rx7_xdp_drop: 0
     rx7_xdp_redirect: 0
     rx7_gro_packets: 0
     rx7_gro_bytes: 0
     rx7_gro_skbs: 0
     rx7_gro_large_hds: 0
 312:          0          0          0          0          0          0          0    2594141  316892686   19128440          0          0          0          0          0      22171          0          0          0          0          0          0          0          0          0          0          0          0          0          0          0          0          0          0          0          0          0          0          0          0     222299          0          0          0          0          0          0          0          0          0          0          0          0          0          0          0          0          0          0          0          0          0          0          0 IR-PCI-MSIX-0000:c3:00.0    8-edge      mlx5_comp7@pci:0000:c3:00.0
@ 245886.65
     rx_buff_alloc_err: 0
     rx_congst_umr: 0
     rx_out_of_buffer: 4016142927
     rx_packets_phy: 76164707240
     ch7_events: 341797328
     ch7_poll: 803947285
     ch7_arm: 333736642
     ch7_aff_change: 42814819
     ch7_force_irq: 0
     ch7_eq_rearm: 0
     rx7_packets: 12429434730
     rx7_bytes: 1855266509346
     rx7_csum_unnecessary: 6484
     rx7_csum_none: 0
     rx7_xdp_drop: 0
     rx7_xdp_redirect: 0
     rx7_gro_packets: 0
     rx7_gro_bytes: 0
     rx7_gro_skbs: 0
     rx7_gro_large_hds: 0
 312:          0          0          0          0          0          0          0    2594141  316892686   19128440          0          0          0          0          0      22171          0          0          0          0          0          0          0          0          0          0          0          0          0          0          0          0          0          0          0          0          0          0          0          0     222299          0          0          0          0          0          0          0          0          0          0          0          0          0          0          0          0          0          0          0          0          0          0          0 IR-PCI-MSIX-0000:c3:00.0    8-edge      mlx5_comp7@pci:0000:c3:00.0
@ 245887.66
     rx_buff_alloc_err: 0
     rx_congst_umr: 0
     rx_out_of_buffer: 4016146319
     rx_packets_phy: 76164710638
     ch7_events: 341797328
     ch7_poll: 803947285
     ch7_arm: 333736642
     ch7_aff_change: 42814819
     ch7_force_irq: 0
     ch7_eq_rearm: 0
     rx7_packets: 12429434730
     rx7_bytes: 1855266509346
     rx7_csum_unnecessary: 6484
     rx7_csum_none: 0
     rx7_xdp_drop: 0
     rx7_xdp_redirect: 0
     rx7_gro_packets: 0
     rx7_gro_bytes: 0
     rx7_gro_skbs: 0
     rx7_gro_large_hds: 0
 312:          0          0          0          0          0          0          0    2594141  316892686   19128440          0          0          0          0          0      22171          0          0          0          0          0          0          0          0          0          0          0          0          0          0          0          0          0          0          0          0          0          0          0          0     222299          0          0          0          0          0          0          0          0          0          0          0          0          0          0          0          0          0          0          0          0          0          0          0 IR-PCI-MSIX-0000:c3:00.0    8-edge      mlx5_comp7@pci:0000:c3:00.0
@ 245888.67
     rx_buff_alloc_err: 0
     rx_congst_umr: 0
     rx_out_of_buffer: 4016146320
     rx_packets_phy: 76164710649
     ch7_events: 341797328
     ch7_poll: 803947285
     ch7_arm: 333736642
     ch7_aff_change: 42814819
     ch7_force_irq: 0
     ch7_eq_rearm: 0
     rx7_packets: 12429434730
     rx7_bytes: 1855266509346
     rx7_csum_unnecessary: 6484
     rx7_csum_none: 0
     rx7_xdp_drop: 0
     rx7_xdp_redirect: 0
     rx7_gro_packets: 0
     rx7_gro_bytes: 0
     rx7_gro_skbs: 0
     rx7_gro_large_hds: 0
 312:          0          0          0          0          0          0          0    2594141  316892686   19128440          0          0          0          0          0      22171          0          0          0          0          0          0          0          0          0          0          0          0          0          0          0          0          0          0          0          0          0          0          0          0     222299          0          0          0          0          0          0          0          0          0          0          0          0          0          0          0          0          0          0          0          0          0          0          0 IR-PCI-MSIX-0000:c3:00.0    8-edge      mlx5_comp7@pci:0000:c3:00.0
