@ 245933.90
     rx_buff_alloc_err: 0
     rx_congst_umr: 0
     rx_out_of_buffer: 4016226414
     rx_packets_phy: 76164871559
     ch7_events: 341799991
     ch7_poll: 803949946
     ch7_arm: 333739273
     ch7_aff_change: 42814819
     ch7_force_irq: 0
     ch7_eq_rearm: 0
     rx7_packets: 12429514802
     rx7_bytes: 1855274996722
     rx7_csum_unnecessary: 6484
     rx7_csum_none: 0
     rx7_xdp_drop: 0
     rx7_xdp_redirect: 0
     rx7_gro_packets: 0
     rx7_gro_bytes: 0
     rx7_gro_skbs: 0
     rx7_gro_large_hds: 0
 312:          0          0          0          0          0          0          0    2594141  316895349   19128440          0          0          0          0          0      22171          0          0          0          0          0          0          0          0          0          0          0          0          0          0          0          0          0          0          0          0          0          0          0          0     222299          0          0          0          0          0          0          0          0          0          0          0          0          0          0          0          0          0          0          0          0          0          0          0 IR-PCI-MSIX-0000:c3:00.0    8-edge      mlx5_comp7@pci:0000:c3:00.0
@ 245934.91
     rx_buff_alloc_err: 0
     rx_congst_umr: 0
     rx_out_of_buffer: 4016226414
     rx_packets_phy: 76164871581
     ch7_events: 341799992
     ch7_poll: 803949947
     ch7_arm: 333739274
     ch7_aff_change: 42814819
     ch7_force_irq: 0
     ch7_eq_rearm: 0
     rx7_packets: 12429514803
     rx7_bytes: 1855274996796
     rx7_csum_unnecessary: 6484
     rx7_csum_none: 0
     rx7_xdp_drop: 0
     rx7_xdp_redirect: 0
     rx7_gro_packets: 0
     rx7_gro_bytes: 0
     rx7_gro_skbs: 0
     rx7_gro_large_hds: 0
 312:          0          0          0          0          0          0          0    2594141  316895350   19128440          0          0          0          0          0      22171          0          0          0          0          0          0          0          0          0          0          0          0          0          0          0          0          0          0          0          0          0          0          0          0     222299          0          0          0          0          0          0          0          0          0          0          0          0          0          0          0          0          0          0          0          0          0          0          0 IR-PCI-MSIX-0000:c3:00.0    8-edge      mlx5_comp7@pci:0000:c3:00.0
@ 245935.92
     rx_buff_alloc_err: 0
     rx_congst_umr: 0
     rx_out_of_buffer: 4016226414
     rx_packets_phy: 76165011630
     ch7_events: 341803975
     ch7_poll: 803953930
     ch7_arm: 333743208
     ch7_aff_change: 42815370
     ch7_force_irq: 0
     ch7_eq_rearm: 0
     rx7_packets: 12429654929
     rx7_bytes: 1855289850152
     rx7_csum_unnecessary: 6484
     rx7_csum_none: 0
     rx7_xdp_drop: 0
     rx7_xdp_redirect: 0
     rx7_gro_packets: 0
     rx7_gro_bytes: 0
     rx7_gro_skbs: 0
     rx7_gro_large_hds: 0
 312:          0          0          0          0          0          0          0    2594141  316899347   19128440          0          0          0          0          0      22171          0          0          0          0          0          0          0          0          0          0          0          0          0          0          0          0          0          0          0          0          0          0          0          0     222299          0          0          0          0          0          0          0          0          0          0          0          0          0          0          0          0          0          0          0          0          0          0          0 IR-PCI-MSIX-0000:c3:00.0    8-edge      mlx5_comp7@pci:0000:c3:00.0
@ 245936.93
     rx_buff_alloc_err: 0
     rx_congst_umr: 0
     rx_out_of_buffer: 4016226414
     rx_packets_phy: 76165403152
     ch7_events: 341810129
     ch7_poll: 803960084
     ch7_arm: 333749175
     ch7_aff_change: 42821438
     ch7_force_irq: 0
     ch7_eq_rearm: 0
     rx7_packets: 12430046503
     rx7_bytes: 1855331356996
     rx7_csum_unnecessary: 6484
     rx7_csum_none: 0
     rx7_xdp_drop: 0
     rx7_xdp_redirect: 0
     rx7_gro_packets: 0
     rx7_gro_bytes: 0
     rx7_gro_skbs: 0
     rx7_gro_large_hds: 0
 312:          0          0          0          0          0          0          0    2594141  316905462   19128440          0          0          0          0          0      22171          0          0          0          0          0          0          0          0          0          0          0          0          0          0          0          0          0          0          0          0          0          0          0          0     222299          0          0          0          0          0          0          0          0          0          0          0          0          0          0          0          0          0          0          0          0          0          0          0 IR-PCI-MSIX-0000:c3:00.0    8-edge      mlx5_comp7@pci:0000:c3:00.0
@ 245937.94
     rx_buff_alloc_err: 0
     rx_congst_umr: 0
     rx_out_of_buffer: 4016331930
     rx_packets_phy: 76166030543
     ch7_events: 341817305
     ch7_poll: 803967260
     ch7_arm: 333756128
     ch7_aff_change: 42828615
     ch7_force_irq: 0
     ch7_eq_rearm: 0
     rx7_packets: 12430505791
     rx7_bytes: 1855380041524
     rx7_csum_unnecessary: 6484
     rx7_csum_none: 0
     rx7_xdp_drop: 0
     rx7_xdp_redirect: 0
     rx7_gro_packets: 0
     rx7_gro_bytes: 0
     rx7_gro_skbs: 0
     rx7_gro_large_hds: 0
 312:          0          0          0          0          0          0          0    2594141  316912444   19128440          0          0          0          0          0      22171          0          0          0          0          0          0          0          0          0          0          0          0          0          0          0          0          0          0          0          0          0          0          0          0     222299          0          0          0          0          0          0          0          0          0          0          0          0          0          0          0          0          0          0          0          0          0          0          0 IR-PCI-MSIX-0000:c3:00.0    8-edge      mlx5_comp7@pci:0000:c3:00.0
@ 245938.95
     rx_buff_alloc_err: 0
     rx_congst_umr: 0
     rx_out_of_buffer: 4017130583
     rx_packets_phy: 76166829197
     ch7_events: 341817305
     ch7_poll: 803967260
     ch7_arm: 333756128
     ch7_aff_change: 42828615
     ch7_force_irq: 0
     ch7_eq_rearm: 0
     rx7_packets: 12430505791
     rx7_bytes: 1855380041524
     rx7_csum_unnecessary: 6484
     rx7_csum_none: 0
     rx7_xdp_drop: 0
     rx7_xdp_redirect: 0
     rx7_gro_packets: 0
     rx7_gro_bytes: 0
     rx7_gro_skbs: 0
     rx7_gro_large_hds: 0
 312:          0          0          0          0          0          0          0    2594141  316912444   19128440          0          0          0          0          0      22171          0          0          0          0          0          0          0          0          0          0          0          0          0          0          0          0          0          0          0          0          0          0          0          0     222299          0          0          0          0          0          0          0          0          0          0          0          0          0          0          0          0          0          0          0          0          0          0          0 IR-PCI-MSIX-0000:c3:00.0    8-edge      mlx5_comp7@pci:0000:c3:00.0
@ 245939.96
     rx_buff_alloc_err: 0
     rx_congst_umr: 0
     rx_out_of_buffer: 4017929259
     rx_packets_phy: 76167627796
     ch7_events: 341817305
     ch7_poll: 803967260
     ch7_arm: 333756128
     ch7_aff_change: 42828615
     ch7_force_irq: 0
     ch7_eq_rearm: 0
     rx7_packets: 12430505791
     rx7_bytes: 1855380041524
     rx7_csum_unnecessary: 6484
     rx7_csum_none: 0
     rx7_xdp_drop: 0
     rx7_xdp_redirect: 0
     rx7_gro_packets: 0
     rx7_gro_bytes: 0
     rx7_gro_skbs: 0
     rx7_gro_large_hds: 0
 312:          0          0          0          0          0          0          0    2594141  316912444   19128440          0          0          0          0          0      22171          0          0          0          0          0          0          0          0          0          0          0          0          0          0          0          0          0          0          0          0          0          0          0          0     222299          0          0          0          0          0          0          0          0          0          0          0          0          0          0          0          0          0          0          0          0          0          0          0 IR-PCI-MSIX-0000:c3:00.0    8-edge      mlx5_comp7@pci:0000:c3:00.0
@ 245940.97
     rx_buff_alloc_err: 0
     rx_congst_umr: 0
     rx_out_of_buffer: 4018727827
     rx_packets_phy: 76168426391
     ch7_events: 341817305
     ch7_poll: 803967260
     ch7_arm: 333756128
     ch7_aff_change: 42828615
     ch7_force_irq: 0
     ch7_eq_rearm: 0
     rx7_packets: 12430505791
     rx7_bytes: 1855380041524
     rx7_csum_unnecessary: 6484
     rx7_csum_none: 0
     rx7_xdp_drop: 0
     rx7_xdp_redirect: 0
     rx7_gro_packets: 0
     rx7_gro_bytes: 0
     rx7_gro_skbs: 0
     rx7_gro_large_hds: 0
 312:          0          0          0          0          0          0          0    2594141  316912444   19128440          0          0          0          0          0      22171          0          0          0          0          0          0          0          0          0          0          0          0          0          0          0          0          0          0          0          0          0          0          0          0     222299          0          0          0          0          0          0          0          0          0          0          0          0          0          0          0          0          0          0          0          0          0          0          0 IR-PCI-MSIX-0000:c3:00.0    8-edge      mlx5_comp7@pci:0000:c3:00.0
@ 245941.98
     rx_buff_alloc_err: 0
     rx_congst_umr: 0
     rx_out_of_buffer: 4019526373
     rx_packets_phy: 76169225044
     ch7_events: 341817305
     ch7_poll: 803967260
     ch7_arm: 333756128
     ch7_aff_change: 42828615
     ch7_force_irq: 0
     ch7_eq_rearm: 0
     rx7_packets: 12430505791
     rx7_bytes: 1855380041524
     rx7_csum_unnecessary: 6484
     rx7_csum_none: 0
     rx7_xdp_drop: 0
     rx7_xdp_redirect: 0
     rx7_gro_packets: 0
     rx7_gro_bytes: 0
     rx7_gro_skbs: 0
     rx7_gro_large_hds: 0
 312:          0          0          0          0          0          0          0    2594141  316912444   19128440          0          0          0          0          0      22171          0          0          0          0          0          0          0          0          0          0          0          0          0          0          0          0          0          0          0          0          0          0          0          0     222299          0          0          0          0          0          0          0          0          0          0          0          0          0          0          0          0          0          0          0          0          0          0          0 IR-PCI-MSIX-0000:c3:00.0    8-edge      mlx5_comp7@pci:0000:c3:00.0
@ 245942.99
     rx_buff_alloc_err: 0
     rx_congst_umr: 0
     rx_out_of_buffer: 4020324808
     rx_packets_phy: 76170023472
     ch7_events: 341817305
     ch7_poll: 803967260
     ch7_arm: 333756128
     ch7_aff_change: 42828615
     ch7_force_irq: 0
     ch7_eq_rearm: 0
     rx7_packets: 12430505791
     rx7_bytes: 1855380041524
     rx7_csum_unnecessary: 6484
     rx7_csum_none: 0
     rx7_xdp_drop: 0
     rx7_xdp_redirect: 0
     rx7_gro_packets: 0
     rx7_gro_bytes: 0
     rx7_gro_skbs: 0
     rx7_gro_large_hds: 0
 312:          0          0          0          0          0          0          0    2594141  316912444   19128440          0          0          0          0          0      22171          0          0          0          0          0          0          0          0          0          0          0          0          0          0          0          0          0          0          0          0          0          0          0          0     222299          0          0          0          0          0          0          0          0          0          0          0          0          0          0          0          0          0          0          0          0          0          0          0 IR-PCI-MSIX-0000:c3:00.0    8-edge      mlx5_comp7@pci:0000:c3:00.0
@ 245944.00
     rx_buff_alloc_err: 0
     rx_congst_umr: 0
     rx_out_of_buffer: 4021123436
     rx_packets_phy: 76170822045
     ch7_events: 341817305
     ch7_poll: 803967260
     ch7_arm: 333756128
     ch7_aff_change: 42828615
     ch7_force_irq: 0
     ch7_eq_rearm: 0
     rx7_packets: 12430505791
     rx7_bytes: 1855380041524
     rx7_csum_unnecessary: 6484
     rx7_csum_none: 0
     rx7_xdp_drop: 0
     rx7_xdp_redirect: 0
     rx7_gro_packets: 0
     rx7_gro_bytes: 0
     rx7_gro_skbs: 0
     rx7_gro_large_hds: 0
 312:          0          0          0          0          0          0          0    2594141  316912444   19128440          0          0          0          0          0      22171          0          0          0          0          0          0          0          0          0          0          0          0          0          0          0          0          0          0          0          0          0          0          0          0     222299          0          0          0          0          0          0          0          0          0          0          0          0          0          0          0          0          0          0          0          0          0          0          0 IR-PCI-MSIX-0000:c3:00.0    8-edge      mlx5_comp7@pci:0000:c3:00.0
@ 245945.01
     rx_buff_alloc_err: 0
     rx_congst_umr: 0
     rx_out_of_buffer: 4021922017
     rx_packets_phy: 76171620662
     ch7_events: 341817305
     ch7_poll: 803967260
     ch7_arm: 333756128
     ch7_aff_change: 42828615
     ch7_force_irq: 0
     ch7_eq_rearm: 0
     rx7_packets: 12430505791
     rx7_bytes: 1855380041524
     rx7_csum_unnecessary: 6484
     rx7_csum_none: 0
     rx7_xdp_drop: 0
     rx7_xdp_redirect: 0
     rx7_gro_packets: 0
     rx7_gro_bytes: 0
     rx7_gro_skbs: 0
     rx7_gro_large_hds: 0
 312:          0          0          0          0          0          0          0    2594141  316912444   19128440          0          0          0          0          0      22171          0          0          0          0          0          0          0          0          0          0          0          0          0          0          0          0          0          0          0          0          0          0          0          0     222299          0          0          0          0          0          0          0          0          0          0          0          0          0          0          0          0          0          0          0          0          0          0          0 IR-PCI-MSIX-0000:c3:00.0    8-edge      mlx5_comp7@pci:0000:c3:00.0
@ 245946.03
     rx_buff_alloc_err: 0
     rx_congst_umr: 0
     rx_out_of_buffer: 4022720577
     rx_packets_phy: 76172419261
     ch7_events: 341817305
     ch7_poll: 803967260
     ch7_arm: 333756128
     ch7_aff_change: 42828615
     ch7_force_irq: 0
     ch7_eq_rearm: 0
     rx7_packets: 12430505791
     rx7_bytes: 1855380041524
     rx7_csum_unnecessary: 6484
     rx7_csum_none: 0
     rx7_xdp_drop: 0
     rx7_xdp_redirect: 0
     rx7_gro_packets: 0
     rx7_gro_bytes: 0
     rx7_gro_skbs: 0
     rx7_gro_large_hds: 0
 312:          0          0          0          0          0          0          0    2594141  316912444   19128440          0          0          0          0          0      22171          0          0          0          0          0          0          0          0          0          0          0          0          0          0          0          0          0          0          0          0          0          0          0          0     222299          0          0          0          0          0          0          0          0          0          0          0          0          0          0          0          0          0          0          0          0          0          0          0 IR-PCI-MSIX-0000:c3:00.0    8-edge      mlx5_comp7@pci:0000:c3:00.0
@ 245947.04
     rx_buff_alloc_err: 0
     rx_congst_umr: 0
     rx_out_of_buffer: 4023519037
     rx_packets_phy: 76173217646
     ch7_events: 341817305
     ch7_poll: 803967260
     ch7_arm: 333756128
     ch7_aff_change: 42828615
     ch7_force_irq: 0
     ch7_eq_rearm: 0
     rx7_packets: 12430505791
     rx7_bytes: 1855380041524
     rx7_csum_unnecessary: 6484
     rx7_csum_none: 0
     rx7_xdp_drop: 0
     rx7_xdp_redirect: 0
     rx7_gro_packets: 0
     rx7_gro_bytes: 0
     rx7_gro_skbs: 0
     rx7_gro_large_hds: 0
 312:          0          0          0          0          0          0          0    2594141  316912444   19128440          0          0          0          0          0      22171          0          0          0          0          0          0          0          0          0          0          0          0          0          0          0          0          0          0          0          0          0          0          0          0     222299          0          0          0          0          0          0          0          0          0          0          0          0          0          0          0          0          0          0          0          0          0          0          0 IR-PCI-MSIX-0000:c3:00.0    8-edge      mlx5_comp7@pci:0000:c3:00.0
@ 245948.05
     rx_buff_alloc_err: 0
     rx_congst_umr: 0
     rx_out_of_buffer: 4024317535
     rx_packets_phy: 76174016227
     ch7_events: 341817305
     ch7_poll: 803967260
     ch7_arm: 333756128
     ch7_aff_change: 42828615
     ch7_force_irq: 0
     ch7_eq_rearm: 0
     rx7_packets: 12430505791
     rx7_bytes: 1855380041524
     rx7_csum_unnecessary: 6484
     rx7_csum_none: 0
     rx7_xdp_drop: 0
     rx7_xdp_redirect: 0
     rx7_gro_packets: 0
     rx7_gro_bytes: 0
     rx7_gro_skbs: 0
     rx7_gro_large_hds: 0
 312:          0          0          0          0          0          0          0    2594141  316912444   19128440          0          0          0          0          0      22171          0          0          0          0          0          0          0          0          0          0          0          0          0          0          0          0          0          0          0          0          0          0          0          0     222299          0          0          0          0          0          0          0          0          0          0          0          0          0          0          0          0          0          0          0          0          0          0          0 IR-PCI-MSIX-0000:c3:00.0    8-edge      mlx5_comp7@pci:0000:c3:00.0
@ 245949.06
     rx_buff_alloc_err: 0
     rx_congst_umr: 0
     rx_out_of_buffer: 4025116175
     rx_packets_phy: 76174814795
     ch7_events: 341817305
     ch7_poll: 803967260
     ch7_arm: 333756128
     ch7_aff_change: 42828615
     ch7_force_irq: 0
     ch7_eq_rearm: 0
     rx7_packets: 12430505791
     rx7_bytes: 1855380041524
     rx7_csum_unnecessary: 6484
     rx7_csum_none: 0
     rx7_xdp_drop: 0
     rx7_xdp_redirect: 0
     rx7_gro_packets: 0
     rx7_gro_bytes: 0
     rx7_gro_skbs: 0
     rx7_gro_large_hds: 0
 312:          0          0          0          0          0          0          0    2594141  316912444   19128440          0          0          0          0          0      22171          0          0          0          0          0          0          0          0          0          0          0          0          0          0          0          0          0          0          0          0          0          0          0          0     222299          0          0          0          0          0          0          0          0          0          0          0          0          0          0          0          0          0          0          0          0          0          0          0 IR-PCI-MSIX-0000:c3:00.0    8-edge      mlx5_comp7@pci:0000:c3:00.0
@ 245950.07
     rx_buff_alloc_err: 0
     rx_congst_umr: 0
     rx_out_of_buffer: 4025914816
     rx_packets_phy: 76175613497
     ch7_events: 341817305
     ch7_poll: 803967260
     ch7_arm: 333756128
     ch7_aff_change: 42828615
     ch7_force_irq: 0
     ch7_eq_rearm: 0
     rx7_packets: 12430505791
     rx7_bytes: 1855380041524
     rx7_csum_unnecessary: 6484
     rx7_csum_none: 0
     rx7_xdp_drop: 0
     rx7_xdp_redirect: 0
     rx7_gro_packets: 0
     rx7_gro_bytes: 0
     rx7_gro_skbs: 0
     rx7_gro_large_hds: 0
 312:          0          0          0          0          0          0          0    2594141  316912444   19128440          0          0          0          0          0      22171          0          0          0          0          0          0          0          0          0          0          0          0          0          0          0          0          0          0          0          0          0          0          0          0     222299          0          0          0          0          0          0          0          0          0          0          0          0          0          0          0          0          0          0          0          0          0          0          0 IR-PCI-MSIX-0000:c3:00.0    8-edge      mlx5_comp7@pci:0000:c3:00.0
@ 245951.08
     rx_buff_alloc_err: 0
     rx_congst_umr: 0
     rx_out_of_buffer: 4026713412
     rx_packets_phy: 76176412164
     ch7_events: 341817305
     ch7_poll: 803967260
     ch7_arm: 333756128
     ch7_aff_change: 42828615
     ch7_force_irq: 0
     ch7_eq_rearm: 0
     rx7_packets: 12430505791
     rx7_bytes: 1855380041524
     rx7_csum_unnecessary: 6484
     rx7_csum_none: 0
     rx7_xdp_drop: 0
     rx7_xdp_redirect: 0
     rx7_gro_packets: 0
     rx7_gro_bytes: 0
     rx7_gro_skbs: 0
     rx7_gro_large_hds: 0
 312:          0          0          0          0          0          0          0    2594141  316912444   19128440          0          0          0          0          0      22171          0          0          0          0          0          0          0          0          0          0          0          0          0          0          0          0          0          0          0          0          0          0          0          0     222299          0          0          0          0          0          0          0          0          0          0          0          0          0          0          0          0          0          0          0          0          0          0          0 IR-PCI-MSIX-0000:c3:00.0    8-edge      mlx5_comp7@pci:0000:c3:00.0
@ 245952.09
     rx_buff_alloc_err: 0
     rx_congst_umr: 0
     rx_out_of_buffer: 4027512081
     rx_packets_phy: 76177210767
     ch7_events: 341817305
     ch7_poll: 803967260
     ch7_arm: 333756128
     ch7_aff_change: 42828615
     ch7_force_irq: 0
     ch7_eq_rearm: 0
     rx7_packets: 12430505791
     rx7_bytes: 1855380041524
     rx7_csum_unnecessary: 6484
     rx7_csum_none: 0
     rx7_xdp_drop: 0
     rx7_xdp_redirect: 0
     rx7_gro_packets: 0
     rx7_gro_bytes: 0
     rx7_gro_skbs: 0
     rx7_gro_large_hds: 0
 312:          0          0          0          0          0          0          0    2594141  316912444   19128440          0          0          0          0          0      22171          0          0          0          0          0          0          0          0          0          0          0          0          0          0          0          0          0          0          0          0          0          0          0          0     222299          0          0          0          0          0          0          0          0          0          0          0          0          0          0          0          0          0          0          0          0          0          0          0 IR-PCI-MSIX-0000:c3:00.0    8-edge      mlx5_comp7@pci:0000:c3:00.0
@ 245953.10
     rx_buff_alloc_err: 0
     rx_congst_umr: 0
     rx_out_of_buffer: 4028310776
     rx_packets_phy: 76178009427
     ch7_events: 341817305
     ch7_poll: 803967260
     ch7_arm: 333756128
     ch7_aff_change: 42828615
     ch7_force_irq: 0
     ch7_eq_rearm: 0
     rx7_packets: 12430505791
     rx7_bytes: 1855380041524
     rx7_csum_unnecessary: 6484
     rx7_csum_none: 0
     rx7_xdp_drop: 0
     rx7_xdp_redirect: 0
     rx7_gro_packets: 0
     rx7_gro_bytes: 0
     rx7_gro_skbs: 0
     rx7_gro_large_hds: 0
 312:          0          0          0          0          0          0          0    2594141  316912444   19128440          0          0          0          0          0      22171          0          0          0          0          0          0          0          0          0          0          0          0          0          0          0          0          0          0          0          0          0          0          0          0     222299          0          0          0          0          0          0          0          0          0          0          0          0          0          0          0          0          0          0          0          0          0          0          0 IR-PCI-MSIX-0000:c3:00.0    8-edge      mlx5_comp7@pci:0000:c3:00.0
@ 245954.11
     rx_buff_alloc_err: 0
     rx_congst_umr: 0
     rx_out_of_buffer: 4029109474
     rx_packets_phy: 76178808126
     ch7_events: 341817305
     ch7_poll: 803967260
     ch7_arm: 333756128
     ch7_aff_change: 42828615
     ch7_force_irq: 0
     ch7_eq_rearm: 0
     rx7_packets: 12430505791
     rx7_bytes: 1855380041524
     rx7_csum_unnecessary: 6484
     rx7_csum_none: 0
     rx7_xdp_drop: 0
     rx7_xdp_redirect: 0
     rx7_gro_packets: 0
     rx7_gro_bytes: 0
     rx7_gro_skbs: 0
     rx7_gro_large_hds: 0
 312:          0          0          0          0          0          0          0    2594141  316912444   19128440          0          0          0          0          0      22171          0          0          0          0          0          0          0          0          0          0          0          0          0          0          0          0          0          0          0          0          0          0          0          0     222299          0          0          0          0          0          0          0          0          0          0          0          0          0          0          0          0          0          0          0          0          0          0          0 IR-PCI-MSIX-0000:c3:00.0    8-edge      mlx5_comp7@pci:0000:c3:00.0
@ 245955.12
     rx_buff_alloc_err: 0
     rx_congst_umr: 0
     rx_out_of_buffer: 4029908187
     rx_packets_phy: 76179606855
     ch7_events: 341817305
     ch7_poll: 803967260
     ch7_arm: 333756128
     ch7_aff_change: 42828615
     ch7_force_irq: 0
     ch7_eq_rearm: 0
     rx7_packets: 12430505791
     rx7_bytes: 1855380041524
     rx7_csum_unnecessary: 6484
     rx7_csum_none: 0
     rx7_xdp_drop: 0
     rx7_xdp_redirect: 0
     rx7_gro_packets: 0
     rx7_gro_bytes: 0
     rx7_gro_skbs: 0
     rx7_gro_large_hds: 0
 312:          0          0          0          0          0          0          0    2594141  316912444   19128440          0          0          0          0          0      22171          0          0          0          0          0          0          0          0          0          0          0          0          0          0          0          0          0          0          0          0          0          0          0          0     222299          0          0          0          0          0          0          0          0          0          0          0          0          0          0          0          0          0          0          0          0          0          0          0 IR-PCI-MSIX-0000:c3:00.0    8-edge      mlx5_comp7@pci:0000:c3:00.0
@ 245956.13
     rx_buff_alloc_err: 0
     rx_congst_umr: 0
     rx_out_of_buffer: 4030706790
     rx_packets_phy: 76180405551
     ch7_events: 341817305
     ch7_poll: 803967260
     ch7_arm: 333756128
     ch7_aff_change: 42828615
     ch7_force_irq: 0
     ch7_eq_rearm: 0
     rx7_packets: 12430505791
     rx7_bytes: 1855380041524
     rx7_csum_unnecessary: 6484
     rx7_csum_none: 0
     rx7_xdp_drop: 0
     rx7_xdp_redirect: 0
     rx7_gro_packets: 0
     rx7_gro_bytes: 0
     rx7_gro_skbs: 0
     rx7_gro_large_hds: 0
 312:          0          0          0          0          0          0          0    2594141  316912444   19128440          0          0          0          0          0      22171          0          0          0          0          0          0          0          0          0          0          0          0          0          0          0          0          0          0          0          0          0          0          0          0     222299          0          0          0          0          0          0          0          0          0          0          0          0          0          0          0          0          0          0          0          0          0          0          0 IR-PCI-MSIX-0000:c3:00.0    8-edge      mlx5_comp7@pci:0000:c3:00.0
@ 245957.15
     rx_buff_alloc_err: 0
     rx_congst_umr: 0
     rx_out_of_buffer: 4031505557
     rx_packets_phy: 76181204287
     ch7_events: 341817305
     ch7_poll: 803967260
     ch7_arm: 333756128
     ch7_aff_change: 42828615
     ch7_force_irq: 0
     ch7_eq_rearm: 0
     rx7_packets: 12430505791
     rx7_bytes: 1855380041524
     rx7_csum_unnecessary: 6484
     rx7_csum_none: 0
     rx7_xdp_drop: 0
     rx7_xdp_redirect: 0
     rx7_gro_packets: 0
     rx7_gro_bytes: 0
     rx7_gro_skbs: 0
     rx7_gro_large_hds: 0
 312:          0          0          0          0          0          0          0    2594141  316912444   19128440          0          0          0          0          0      22171          0          0          0          0          0          0          0          0          0          0          0          0          0          0          0          0          0          0          0          0          0          0          0          0     222299          0          0          0          0          0          0          0          0          0          0          0          0          0          0          0          0          0          0          0          0          0          0          0 IR-PCI-MSIX-0000:c3:00.0    8-edge      mlx5_comp7@pci:0000:c3:00.0
@ 245958.16
     rx_buff_alloc_err: 0
     rx_congst_umr: 0
     rx_out_of_buffer: 4032303993
     rx_packets_phy: 76182002702
     ch7_events: 341817305
     ch7_poll: 803967260
     ch7_arm: 333756128
     ch7_aff_change: 42828615
     ch7_force_irq: 0
     ch7_eq_rearm: 0
     rx7_packets: 12430505791
     rx7_bytes: 1855380041524
     rx7_csum_unnecessary: 6484
     rx7_csum_none: 0
     rx7_xdp_drop: 0
     rx7_xdp_redirect: 0
     rx7_gro_packets: 0
     rx7_gro_bytes: 0
     rx7_gro_skbs: 0
     rx7_gro_large_hds: 0
 312:          0          0          0          0          0          0          0    2594141  316912444   19128440          0          0          0          0          0      22171          0          0          0          0          0          0          0          0          0          0          0          0          0          0          0          0          0          0          0          0          0          0          0          0     222299          0          0          0          0          0          0          0          0          0          0          0          0          0          0          0          0          0          0          0          0          0          0          0 IR-PCI-MSIX-0000:c3:00.0    8-edge      mlx5_comp7@pci:0000:c3:00.0
@ 245959.17
     rx_buff_alloc_err: 0
     rx_congst_umr: 0
     rx_out_of_buffer: 4033102694
     rx_packets_phy: 76182801360
     ch7_events: 341817305
     ch7_poll: 803967260
     ch7_arm: 333756128
     ch7_aff_change: 42828615
     ch7_force_irq: 0
     ch7_eq_rearm: 0
     rx7_packets: 12430505791
     rx7_bytes: 1855380041524
     rx7_csum_unnecessary: 6484
     rx7_csum_none: 0
     rx7_xdp_drop: 0
     rx7_xdp_redirect: 0
     rx7_gro_packets: 0
     rx7_gro_bytes: 0
     rx7_gro_skbs: 0
     rx7_gro_large_hds: 0
 312:          0          0          0          0          0          0          0    2594141  316912444   19128440          0          0          0          0          0      22171          0          0          0          0          0          0          0          0          0          0          0          0          0          0          0          0          0          0          0          0          0          0          0          0     222299          0          0          0          0          0          0          0          0          0          0          0          0          0          0          0          0          0          0          0          0          0          0          0 IR-PCI-MSIX-0000:c3:00.0    8-edge      mlx5_comp7@pci:0000:c3:00.0
@ 245960.18
     rx_buff_alloc_err: 0
     rx_congst_umr: 0
     rx_out_of_buffer: 4033901079
     rx_packets_phy: 76183599932
     ch7_events: 341817305
     ch7_poll: 803967260
     ch7_arm: 333756128
     ch7_aff_change: 42828615
     ch7_force_irq: 0
     ch7_eq_rearm: 0
     rx7_packets: 12430505791
     rx7_bytes: 1855380041524
     rx7_csum_unnecessary: 6484
     rx7_csum_none: 0
     rx7_xdp_drop: 0
     rx7_xdp_redirect: 0
     rx7_gro_packets: 0
     rx7_gro_bytes: 0
     rx7_gro_skbs: 0
     rx7_gro_large_hds: 0
 312:          0          0          0          0          0          0          0    2594141  316912444   19128440          0          0          0          0          0      22171          0          0          0          0          0          0          0          0          0          0          0          0          0          0          0          0          0          0          0          0          0          0          0          0     222299          0          0          0          0          0          0          0          0          0          0          0          0          0          0          0          0          0          0          0          0          0          0          0 IR-PCI-MSIX-0000:c3:00.0    8-edge      mlx5_comp7@pci:0000:c3:00.0
@ 245961.19
     rx_buff_alloc_err: 0
     rx_congst_umr: 0
     rx_out_of_buffer: 4034699704
     rx_packets_phy: 76184398413
     ch7_events: 341817305
     ch7_poll: 803967260
     ch7_arm: 333756128
     ch7_aff_change: 42828615
     ch7_force_irq: 0
     ch7_eq_rearm: 0
     rx7_packets: 12430505791
     rx7_bytes: 1855380041524
     rx7_csum_unnecessary: 6484
     rx7_csum_none: 0
     rx7_xdp_drop: 0
     rx7_xdp_redirect: 0
     rx7_gro_packets: 0
     rx7_gro_bytes: 0
     rx7_gro_skbs: 0
     rx7_gro_large_hds: 0
 312:          0          0          0          0          0          0          0    2594141  316912444   19128440          0          0          0          0          0      22171          0          0          0          0          0          0          0          0          0          0          0          0          0          0          0          0          0          0          0          0          0          0          0          0     222299          0          0          0          0          0          0          0          0          0          0          0          0          0          0          0          0          0          0          0          0          0          0          0 IR-PCI-MSIX-0000:c3:00.0    8-edge      mlx5_comp7@pci:0000:c3:00.0
@ 245962.20
     rx_buff_alloc_err: 0
     rx_congst_umr: 0
     rx_out_of_buffer: 4035498189
     rx_packets_phy: 76185197054
     ch7_events: 341817305
     ch7_poll: 803967260
     ch7_arm: 333756128
     ch7_aff_change: 42828615
     ch7_force_irq: 0
     ch7_eq_rearm: 0
     rx7_packets: 12430505791
     rx7_bytes: 1855380041524
     rx7_csum_unnecessary: 6484
     rx7_csum_none: 0
     rx7_xdp_drop: 0
     rx7_xdp_redirect: 0
     rx7_gro_packets: 0
     rx7_gro_bytes: 0
     rx7_gro_skbs: 0
     rx7_gro_large_hds: 0
 312:          0          0          0          0          0          0          0    2594141  316912444   19128440          0          0          0          0          0      22171          0          0          0          0          0          0          0          0          0          0          0          0          0          0          0          0          0          0          0          0          0          0          0          0     222299          0          0          0          0          0          0          0          0          0          0          0          0          0          0          0          0          0          0          0          0          0          0          0 IR-PCI-MSIX-0000:c3:00.0    8-edge      mlx5_comp7@pci:0000:c3:00.0
@ 245963.21
     rx_buff_alloc_err: 0
     rx_congst_umr: 0
     rx_out_of_buffer: 4036296833
     rx_packets_phy: 76185995569
     ch7_events: 341817305
     ch7_poll: 803967260
     ch7_arm: 333756128
     ch7_aff_change: 42828615
     ch7_force_irq: 0
     ch7_eq_rearm: 0
     rx7_packets: 12430505791
     rx7_bytes: 1855380041524
     rx7_csum_unnecessary: 6484
     rx7_csum_none: 0
     rx7_xdp_drop: 0
     rx7_xdp_redirect: 0
     rx7_gro_packets: 0
     rx7_gro_bytes: 0
     rx7_gro_skbs: 0
     rx7_gro_large_hds: 0
 312:          0          0          0          0          0          0          0    2594141  316912444   19128440          0          0          0          0          0      22171          0          0          0          0          0          0          0          0          0          0          0          0          0          0          0          0          0          0          0          0          0          0          0          0     222299          0          0          0          0          0          0          0          0          0          0          0          0          0          0          0          0          0          0          0          0          0          0          0 IR-PCI-MSIX-0000:c3:00.0    8-edge      mlx5_comp7@pci:0000:c3:00.0
@ 245964.22
     rx_buff_alloc_err: 0
     rx_congst_umr: 0
     rx_out_of_buffer: 4037095301
     rx_packets_phy: 76186794184
     ch7_events: 341817305
     ch7_poll: 803967260
     ch7_arm: 333756128
     ch7_aff_change: 42828615
     ch7_force_irq: 0
     ch7_eq_rearm: 0
     rx7_packets: 12430505791
     rx7_bytes: 1855380041524
     rx7_csum_unnecessary: 6484
     rx7_csum_none: 0
     rx7_xdp_drop: 0
     rx7_xdp_redirect: 0
     rx7_gro_packets: 0
     rx7_gro_bytes: 0
     rx7_gro_skbs: 0
     rx7_gro_large_hds: 0
 312:          0          0          0          0          0          0          0    2594141  316912444   19128440          0          0          0          0          0      22171          0          0          0          0          0          0          0          0          0          0          0          0          0          0          0          0          0          0          0          0          0          0          0          0     222299          0          0          0          0          0          0          0          0          0          0          0          0          0          0          0          0          0          0          0          0          0          0          0 IR-PCI-MSIX-0000:c3:00.0    8-edge      mlx5_comp7@pci:0000:c3:00.0
@ 245965.23
     rx_buff_alloc_err: 0
     rx_congst_umr: 0
     rx_out_of_buffer: 4037728971
     rx_packets_phy: 76187427973
     ch7_events: 341817305
     ch7_poll: 803967260
     ch7_arm: 333756128
     ch7_aff_change: 42828615
     ch7_force_irq: 0
     ch7_eq_rearm: 0
     rx7_packets: 12430505791
     rx7_bytes: 1855380041524
     rx7_csum_unnecessary: 6484
     rx7_csum_none: 0
     rx7_xdp_drop: 0
     rx7_xdp_redirect: 0
     rx7_gro_packets: 0
     rx7_gro_bytes: 0
     rx7_gro_skbs: 0
     rx7_gro_large_hds: 0
 312:          0          0          0          0          0          0          0    2594141  316912444   19128440          0          0          0          0          0      22171          0          0          0          0          0          0          0          0          0          0          0          0          0          0          0          0          0          0          0          0          0          0          0          0     222299          0          0          0          0          0          0          0          0          0          0          0          0          0          0          0          0          0          0          0          0          0          0          0 IR-PCI-MSIX-0000:c3:00.0    8-edge      mlx5_comp7@pci:0000:c3:00.0
@ 245966.24
     rx_buff_alloc_err: 0
     rx_congst_umr: 0
     rx_out_of_buffer: 4037928954
     rx_packets_phy: 76187628023
     ch7_events: 341817305
     ch7_poll: 803967260
     ch7_arm: 333756128
     ch7_aff_change: 42828615
     ch7_force_irq: 0
     ch7_eq_rearm: 0
     rx7_packets: 12430505791
     rx7_bytes: 1855380041524
     rx7_csum_unnecessary: 6484
     rx7_csum_none: 0
     rx7_xdp_drop: 0
     rx7_xdp_redirect: 0
     rx7_gro_packets: 0
     rx7_gro_bytes: 0
     rx7_gro_skbs: 0
     rx7_gro_large_hds: 0
 312:          0          0          0          0          0          0          0    2594141  316912444   19128440          0          0          0          0          0      22171          0          0          0          0          0          0          0          0          0          0          0          0          0          0          0          0          0          0          0          0          0          0          0          0     222299          0          0          0          0          0          0          0          0          0          0          0          0          0          0          0          0          0          0          0          0          0          0          0 IR-PCI-MSIX-0000:c3:00.0    8-edge      mlx5_comp7@pci:0000:c3:00.0
@ 245967.25
     rx_buff_alloc_err: 0
     rx_congst_umr: 0
     rx_out_of_buffer: 4038088655
     rx_packets_phy: 76187787712
     ch7_events: 341817305
     ch7_poll: 803967260
     ch7_arm: 333756128
     ch7_aff_change: 42828615
     ch7_force_irq: 0
     ch7_eq_rearm: 0
     rx7_packets: 12430505791
     rx7_bytes: 1855380041524
     rx7_csum_unnecessary: 6484
     rx7_csum_none: 0
     rx7_xdp_drop: 0
     rx7_xdp_redirect: 0
     rx7_gro_packets: 0
     rx7_gro_bytes: 0
     rx7_gro_skbs: 0
     rx7_gro_large_hds: 0
 312:          0          0          0          0          0          0          0    2594141  316912444   19128440          0          0          0          0          0      22171          0          0          0          0          0          0          0          0          0          0          0          0          0          0          0          0          0          0          0          0          0          0          0          0     222299          0          0          0          0          0          0          0          0          0          0          0          0          0          0          0          0          0          0          0          0          0          0          0 IR-PCI-MSIX-0000:c3:00.0    8-edge      mlx5_comp7@pci:0000:c3:00.0
@ 245968.27
     rx_buff_alloc_err: 0
     rx_congst_umr: 0
     rx_out_of_buffer: 4038248355
     rx_packets_phy: 76187947466
     ch7_events: 341817305
     ch7_poll: 803967260
     ch7_arm: 333756128
     ch7_aff_change: 42828615
     ch7_force_irq: 0
     ch7_eq_rearm: 0
     rx7_packets: 12430505791
     rx7_bytes: 1855380041524
     rx7_csum_unnecessary: 6484
     rx7_csum_none: 0
     rx7_xdp_drop: 0
     rx7_xdp_redirect: 0
     rx7_gro_packets: 0
     rx7_gro_bytes: 0
     rx7_gro_skbs: 0
     rx7_gro_large_hds: 0
 312:          0          0          0          0          0          0          0    2594141  316912444   19128440          0          0          0          0          0      22171          0          0          0          0          0          0          0          0          0          0          0          0          0          0          0          0          0          0          0          0          0          0          0          0     222299          0          0          0          0          0          0          0          0          0          0          0          0          0          0          0          0          0          0          0          0          0          0          0 IR-PCI-MSIX-0000:c3:00.0    8-edge      mlx5_comp7@pci:0000:c3:00.0
@ 245969.28
     rx_buff_alloc_err: 0
     rx_congst_umr: 0
     rx_out_of_buffer: 4038408030
     rx_packets_phy: 76188107153
     ch7_events: 341817305
     ch7_poll: 803967260
     ch7_arm: 333756128
     ch7_aff_change: 42828615
     ch7_force_irq: 0
     ch7_eq_rearm: 0
     rx7_packets: 12430505791
     rx7_bytes: 1855380041524
     rx7_csum_unnecessary: 6484
     rx7_csum_none: 0
     rx7_xdp_drop: 0
     rx7_xdp_redirect: 0
     rx7_gro_packets: 0
     rx7_gro_bytes: 0
     rx7_gro_skbs: 0
     rx7_gro_large_hds: 0
 312:          0          0          0          0          0          0          0    2594141  316912444   19128440          0          0          0          0          0      22171          0          0          0          0          0          0          0          0          0          0          0          0          0          0          0          0          0          0          0          0          0          0          0          0     222299          0          0          0          0          0          0          0          0          0          0          0          0          0          0          0          0          0          0          0          0          0          0          0 IR-PCI-MSIX-0000:c3:00.0    8-edge      mlx5_comp7@pci:0000:c3:00.0
@ 245970.29
     rx_buff_alloc_err: 0
     rx_congst_umr: 0
     rx_out_of_buffer: 4038567762
     rx_packets_phy: 76188266850
     ch7_events: 341817305
     ch7_poll: 803967260
     ch7_arm: 333756128
     ch7_aff_change: 42828615
     ch7_force_irq: 0
     ch7_eq_rearm: 0
     rx7_packets: 12430505791
     rx7_bytes: 1855380041524
     rx7_csum_unnecessary: 6484
     rx7_csum_none: 0
     rx7_xdp_drop: 0
     rx7_xdp_redirect: 0
     rx7_gro_packets: 0
     rx7_gro_bytes: 0
     rx7_gro_skbs: 0
     rx7_gro_large_hds: 0
 312:          0          0          0          0          0          0          0    2594141  316912444   19128440          0          0          0          0          0      22171          0          0          0          0          0          0          0          0          0          0          0          0          0          0          0          0          0          0          0          0          0          0          0          0     222299          0          0          0          0          0          0          0          0          0          0          0          0          0          0          0          0          0          0          0          0          0          0          0 IR-PCI-MSIX-0000:c3:00.0    8-edge      mlx5_comp7@pci:0000:c3:00.0
@ 245971.30
     rx_buff_alloc_err: 0
     rx_congst_umr: 0
     rx_out_of_buffer: 4038727506
     rx_packets_phy: 76188426597
     ch7_events: 341817305
     ch7_poll: 803967260
     ch7_arm: 333756128
     ch7_aff_change: 42828615
     ch7_force_irq: 0
     ch7_eq_rearm: 0
     rx7_packets: 12430505791
     rx7_bytes: 1855380041524
     rx7_csum_unnecessary: 6484
     rx7_csum_none: 0
     rx7_xdp_drop: 0
     rx7_xdp_redirect: 0
     rx7_gro_packets: 0
     rx7_gro_bytes: 0
     rx7_gro_skbs: 0
     rx7_gro_large_hds: 0
 312:          0          0          0          0          0          0          0    2594141  316912444   19128440          0          0          0          0          0      22171          0          0          0          0          0          0          0          0          0          0          0          0          0          0          0          0          0          0          0          0          0          0          0          0     222299          0          0          0          0          0          0          0          0          0          0          0          0          0          0          0          0          0          0          0          0          0          0          0 IR-PCI-MSIX-0000:c3:00.0    8-edge      mlx5_comp7@pci:0000:c3:00.0
@ 245972.31
     rx_buff_alloc_err: 0
     rx_congst_umr: 0
     rx_out_of_buffer: 4038887223
     rx_packets_phy: 76188586352
     ch7_events: 341817305
     ch7_poll: 803967260
     ch7_arm: 333756128
     ch7_aff_change: 42828615
     ch7_force_irq: 0
     ch7_eq_rearm: 0
     rx7_packets: 12430505791
     rx7_bytes: 1855380041524
     rx7_csum_unnecessary: 6484
     rx7_csum_none: 0
     rx7_xdp_drop: 0
     rx7_xdp_redirect: 0
     rx7_gro_packets: 0
     rx7_gro_bytes: 0
     rx7_gro_skbs: 0
     rx7_gro_large_hds: 0
 312:          0          0          0          0          0          0          0    2594141  316912444   19128440          0          0          0          0          0      22171          0          0          0          0          0          0          0          0          0          0          0          0          0          0          0          0          0          0          0          0          0          0          0          0     222299          0          0          0          0          0          0          0          0          0          0          0          0          0          0          0          0          0          0          0          0          0          0          0 IR-PCI-MSIX-0000:c3:00.0    8-edge      mlx5_comp7@pci:0000:c3:00.0
@ 245973.32
     rx_buff_alloc_err: 0
     rx_congst_umr: 0
     rx_out_of_buffer: 4039046986
     rx_packets_phy: 76188746111
     ch7_events: 341817305
     ch7_poll: 803967260
     ch7_arm: 333756128
     ch7_aff_change: 42828615
     ch7_force_irq: 0
     ch7_eq_rearm: 0
     rx7_packets: 12430505791
     rx7_bytes: 1855380041524
     rx7_csum_unnecessary: 6484
     rx7_csum_none: 0
     rx7_xdp_drop: 0
     rx7_xdp_redirect: 0
     rx7_gro_packets: 0
     rx7_gro_bytes: 0
     rx7_gro_skbs: 0
     rx7_gro_large_hds: 0
 312:          0          0          0          0          0          0          0    2594141  316912444   19128440          0          0          0          0          0      22171          0          0          0          0          0          0          0          0          0          0          0          0          0          0          0          0          0          0          0          0          0          0          0          0     222299          0          0          0          0          0          0          0          0          0          0          0          0          0          0          0          0          0          0          0          0          0          0          0 IR-PCI-MSIX-0000:c3:00.0    8-edge      mlx5_comp7@pci:0000:c3:00.0
@ 245974.33
     rx_buff_alloc_err: 0
     rx_congst_umr: 0
     rx_out_of_buffer: 4039206730
     rx_packets_phy: 76188905863
     ch7_events: 341817305
     ch7_poll: 803967260
     ch7_arm: 333756128
     ch7_aff_change: 42828615
     ch7_force_irq: 0
     ch7_eq_rearm: 0
     rx7_packets: 12430505791
     rx7_bytes: 1855380041524
     rx7_csum_unnecessary: 6484
     rx7_csum_none: 0
     rx7_xdp_drop: 0
     rx7_xdp_redirect: 0
     rx7_gro_packets: 0
     rx7_gro_bytes: 0
     rx7_gro_skbs: 0
     rx7_gro_large_hds: 0
 312:          0          0          0          0          0          0          0    2594141  316912444   19128440          0          0          0          0          0      22171          0          0          0          0          0          0          0          0          0          0          0          0          0          0          0          0          0          0          0          0          0          0          0          0     222299          0          0          0          0          0          0          0          0          0          0          0          0          0          0          0          0          0          0          0          0          0          0          0 IR-PCI-MSIX-0000:c3:00.0    8-edge      mlx5_comp7@pci:0000:c3:00.0
@ 245975.34
     rx_buff_alloc_err: 0
     rx_congst_umr: 0
     rx_out_of_buffer: 4039366445
     rx_packets_phy: 76189065619
     ch7_events: 341817305
     ch7_poll: 803967260
     ch7_arm: 333756128
     ch7_aff_change: 42828615
     ch7_force_irq: 0
     ch7_eq_rearm: 0
     rx7_packets: 12430505791
     rx7_bytes: 1855380041524
     rx7_csum_unnecessary: 6484
     rx7_csum_none: 0
     rx7_xdp_drop: 0
     rx7_xdp_redirect: 0
     rx7_gro_packets: 0
     rx7_gro_bytes: 0
     rx7_gro_skbs: 0
     rx7_gro_large_hds: 0
 312:          0          0          0          0          0          0          0    2594141  316912444   19128440          0          0          0          0          0      22171          0          0          0          0          0          0          0          0          0          0          0          0          0          0          0          0          0          0          0          0          0          0          0          0     222299          0          0          0          0          0          0          0          0          0          0          0          0          0          0          0          0          0          0          0          0          0          0          0 IR-PCI-MSIX-0000:c3:00.0    8-edge      mlx5_comp7@pci:0000:c3:00.0
@ 245976.35
     rx_buff_alloc_err: 0
     rx_congst_umr: 0
     rx_out_of_buffer: 4039526233
     rx_packets_phy: 76189225368
     ch7_events: 341817305
     ch7_poll: 803967260
     ch7_arm: 333756128
     ch7_aff_change: 42828615
     ch7_force_irq: 0
     ch7_eq_rearm: 0
     rx7_packets: 12430505791
     rx7_bytes: 1855380041524
     rx7_csum_unnecessary: 6484
     rx7_csum_none: 0
     rx7_xdp_drop: 0
     rx7_xdp_redirect: 0
     rx7_gro_packets: 0
     rx7_gro_bytes: 0
     rx7_gro_skbs: 0
     rx7_gro_large_hds: 0
 312:          0          0          0          0          0          0          0    2594141  316912444   19128440          0          0          0          0          0      22171          0          0          0          0          0          0          0          0          0          0          0          0          0          0          0          0          0          0          0          0          0          0          0          0     222299          0          0          0          0          0          0          0          0          0          0          0          0          0          0          0          0          0          0          0          0          0          0          0 IR-PCI-MSIX-0000:c3:00.0    8-edge      mlx5_comp7@pci:0000:c3:00.0
@ 245977.36
     rx_buff_alloc_err: 0
     rx_congst_umr: 0
     rx_out_of_buffer: 4039685913
     rx_packets_phy: 76189385107
     ch7_events: 341817305
     ch7_poll: 803967260
     ch7_arm: 333756128
     ch7_aff_change: 42828615
     ch7_force_irq: 0
     ch7_eq_rearm: 0
     rx7_packets: 12430505791
     rx7_bytes: 1855380041524
     rx7_csum_unnecessary: 6484
     rx7_csum_none: 0
     rx7_xdp_drop: 0
     rx7_xdp_redirect: 0
     rx7_gro_packets: 0
     rx7_gro_bytes: 0
     rx7_gro_skbs: 0
     rx7_gro_large_hds: 0
 312:          0          0          0          0          0          0          0    2594141  316912444   19128440          0          0          0          0          0      22171          0          0          0          0          0          0          0          0          0          0          0          0          0          0          0          0          0          0          0          0          0          0          0          0     222299          0          0          0          0          0          0          0          0          0          0          0          0          0          0          0          0          0          0          0          0          0          0          0 IR-PCI-MSIX-0000:c3:00.0    8-edge      mlx5_comp7@pci:0000:c3:00.0
@ 245978.37
     rx_buff_alloc_err: 0
     rx_congst_umr: 0
     rx_out_of_buffer: 4039845596
     rx_packets_phy: 76189544797
     ch7_events: 341817305
     ch7_poll: 803967260
     ch7_arm: 333756128
     ch7_aff_change: 42828615
     ch7_force_irq: 0
     ch7_eq_rearm: 0
     rx7_packets: 12430505791
     rx7_bytes: 1855380041524
     rx7_csum_unnecessary: 6484
     rx7_csum_none: 0
     rx7_xdp_drop: 0
     rx7_xdp_redirect: 0
     rx7_gro_packets: 0
     rx7_gro_bytes: 0
     rx7_gro_skbs: 0
     rx7_gro_large_hds: 0
 312:          0          0          0          0          0          0          0    2594141  316912444   19128440          0          0          0          0          0      22171          0          0          0          0          0          0          0          0          0          0          0          0          0          0          0          0          0          0          0          0          0          0          0          0     222299          0          0          0          0          0          0          0          0          0          0          0          0          0          0          0          0          0          0          0          0          0          0          0 IR-PCI-MSIX-0000:c3:00.0    8-edge      mlx5_comp7@pci:0000:c3:00.0
@ 245979.39
     rx_buff_alloc_err: 0
     rx_congst_umr: 0
     rx_out_of_buffer: 4040005341
     rx_packets_phy: 76189704502
     ch7_events: 341817305
     ch7_poll: 803967260
     ch7_arm: 333756128
     ch7_aff_change: 42828615
     ch7_force_irq: 0
     ch7_eq_rearm: 0
     rx7_packets: 12430505791
     rx7_bytes: 1855380041524
     rx7_csum_unnecessary: 6484
     rx7_csum_none: 0
     rx7_xdp_drop: 0
     rx7_xdp_redirect: 0
     rx7_gro_packets: 0
     rx7_gro_bytes: 0
     rx7_gro_skbs: 0
     rx7_gro_large_hds: 0
 312:          0          0          0          0          0          0          0    2594141  316912444   19128440          0          0          0          0          0      22171          0          0          0          0          0          0          0          0          0          0          0          0          0          0          0          0          0          0          0          0          0          0          0          0     222299          0          0          0          0          0          0          0          0          0          0          0          0          0          0          0          0          0          0          0          0          0          0          0 IR-PCI-MSIX-0000:c3:00.0    8-edge      mlx5_comp7@pci:0000:c3:00.0
@ 245980.40
     rx_buff_alloc_err: 0
     rx_congst_umr: 0
     rx_out_of_buffer: 4040165023
     rx_packets_phy: 76189864227
     ch7_events: 341817305
     ch7_poll: 803967260
     ch7_arm: 333756128
     ch7_aff_change: 42828615
     ch7_force_irq: 0
     ch7_eq_rearm: 0
     rx7_packets: 12430505791
     rx7_bytes: 1855380041524
     rx7_csum_unnecessary: 6484
     rx7_csum_none: 0
     rx7_xdp_drop: 0
     rx7_xdp_redirect: 0
     rx7_gro_packets: 0
     rx7_gro_bytes: 0
     rx7_gro_skbs: 0
     rx7_gro_large_hds: 0
 312:          0          0          0          0          0          0          0    2594141  316912444   19128440          0          0          0          0          0      22171          0          0          0          0          0          0          0          0          0          0          0          0          0          0          0          0          0          0          0          0          0          0          0          0     222299          0          0          0          0          0          0          0          0          0          0          0          0          0          0          0          0          0          0          0          0          0          0          0 IR-PCI-MSIX-0000:c3:00.0    8-edge      mlx5_comp7@pci:0000:c3:00.0
@ 245981.41
     rx_buff_alloc_err: 0
     rx_congst_umr: 0
     rx_out_of_buffer: 4040324768
     rx_packets_phy: 76190023940
     ch7_events: 341817305
     ch7_poll: 803967260
     ch7_arm: 333756128
     ch7_aff_change: 42828615
     ch7_force_irq: 0
     ch7_eq_rearm: 0
     rx7_packets: 12430505791
     rx7_bytes: 1855380041524
     rx7_csum_unnecessary: 6484
     rx7_csum_none: 0
     rx7_xdp_drop: 0
     rx7_xdp_redirect: 0
     rx7_gro_packets: 0
     rx7_gro_bytes: 0
     rx7_gro_skbs: 0
     rx7_gro_large_hds: 0
 312:          0          0          0          0          0          0          0    2594141  316912444   19128440          0          0          0          0          0      22171          0          0          0          0          0          0          0          0          0          0          0          0          0          0          0          0          0          0          0          0          0          0          0          0     222299          0          0          0          0          0          0          0          0          0          0          0          0          0          0          0          0          0          0          0          0          0          0          0 IR-PCI-MSIX-0000:c3:00.0    8-edge      mlx5_comp7@pci:0000:c3:00.0
@ 245982.42
     rx_buff_alloc_err: 0
     rx_congst_umr: 0
     rx_out_of_buffer: 4040484480
     rx_packets_phy: 76190183699
     ch7_events: 341817305
     ch7_poll: 803967260
     ch7_arm: 333756128
     ch7_aff_change: 42828615
     ch7_force_irq: 0
     ch7_eq_rearm: 0
     rx7_packets: 12430505791
     rx7_bytes: 1855380041524
     rx7_csum_unnecessary: 6484
     rx7_csum_none: 0
     rx7_xdp_drop: 0
     rx7_xdp_redirect: 0
     rx7_gro_packets: 0
     rx7_gro_bytes: 0
     rx7_gro_skbs: 0
     rx7_gro_large_hds: 0
 312:          0          0          0          0          0          0          0    2594141  316912444   19128440          0          0          0          0          0      22171          0          0          0          0          0          0          0          0          0          0          0          0          0          0          0          0          0          0          0          0          0          0          0          0     222299          0          0          0          0          0          0          0          0          0          0          0          0          0          0          0          0          0          0          0          0          0          0          0 IR-PCI-MSIX-0000:c3:00.0    8-edge      mlx5_comp7@pci:0000:c3:00.0
@ 245983.43
     rx_buff_alloc_err: 0
     rx_congst_umr: 0
     rx_out_of_buffer: 4040644195
     rx_packets_phy: 76190343384
     ch7_events: 341817305
     ch7_poll: 803967260
     ch7_arm: 333756128
     ch7_aff_change: 42828615
     ch7_force_irq: 0
     ch7_eq_rearm: 0
     rx7_packets: 12430505791
     rx7_bytes: 1855380041524
     rx7_csum_unnecessary: 6484
     rx7_csum_none: 0
     rx7_xdp_drop: 0
     rx7_xdp_redirect: 0
     rx7_gro_packets: 0
     rx7_gro_bytes: 0
     rx7_gro_skbs: 0
     rx7_gro_large_hds: 0
 312:          0          0          0          0          0          0          0    2594141  316912444   19128440          0          0          0          0          0      22171          0          0          0          0          0          0          0          0          0          0          0          0          0          0          0          0          0          0          0          0          0          0          0          0     222299          0          0          0          0          0          0          0          0          0          0          0          0          0          0          0          0          0          0          0          0          0          0          0 IR-PCI-MSIX-0000:c3:00.0    8-edge      mlx5_comp7@pci:0000:c3:00.0
@ 245984.44
     rx_buff_alloc_err: 0
     rx_congst_umr: 0
     rx_out_of_buffer: 4040803928
     rx_packets_phy: 76190503140
     ch7_events: 341817305
     ch7_poll: 803967260
     ch7_arm: 333756128
     ch7_aff_change: 42828615
     ch7_force_irq: 0
     ch7_eq_rearm: 0
     rx7_packets: 12430505791
     rx7_bytes: 1855380041524
     rx7_csum_unnecessary: 6484
     rx7_csum_none: 0
     rx7_xdp_drop: 0
     rx7_xdp_redirect: 0
     rx7_gro_packets: 0
     rx7_gro_bytes: 0
     rx7_gro_skbs: 0
     rx7_gro_large_hds: 0
 312:          0          0          0          0          0          0          0    2594141  316912444   19128440          0          0          0          0          0      22171          0          0          0          0          0          0          0          0          0          0          0          0          0          0          0          0          0          0          0          0          0          0          0          0     222299          0          0          0          0          0          0          0          0          0          0          0          0          0          0          0          0          0          0          0          0          0          0          0 IR-PCI-MSIX-0000:c3:00.0    8-edge      mlx5_comp7@pci:0000:c3:00.0
@ 245985.45
     rx_buff_alloc_err: 0
     rx_congst_umr: 0
     rx_out_of_buffer: 4040963621
     rx_packets_phy: 76190662849
     ch7_events: 341817305
     ch7_poll: 803967260
     ch7_arm: 333756128
     ch7_aff_change: 42828615
     ch7_force_irq: 0
     ch7_eq_rearm: 0
     rx7_packets: 12430505791
     rx7_bytes: 1855380041524
     rx7_csum_unnecessary: 6484
     rx7_csum_none: 0
     rx7_xdp_drop: 0
     rx7_xdp_redirect: 0
     rx7_gro_packets: 0
     rx7_gro_bytes: 0
     rx7_gro_skbs: 0
     rx7_gro_large_hds: 0
 312:          0          0          0          0          0          0          0    2594141  316912444   19128440          0          0          0          0          0      22171          0          0          0          0          0          0          0          0          0          0          0          0          0          0          0          0          0          0          0          0          0          0          0          0     222299          0          0          0          0          0          0          0          0          0          0          0          0          0          0          0          0          0          0          0          0          0          0          0 IR-PCI-MSIX-0000:c3:00.0    8-edge      mlx5_comp7@pci:0000:c3:00.0
@ 245986.46
     rx_buff_alloc_err: 0
     rx_congst_umr: 0
     rx_out_of_buffer: 4041123366
     rx_packets_phy: 76190822582
     ch7_events: 341817305
     ch7_poll: 803967260
     ch7_arm: 333756128
     ch7_aff_change: 42828615
     ch7_force_irq: 0
     ch7_eq_rearm: 0
     rx7_packets: 12430505791
     rx7_bytes: 1855380041524
     rx7_csum_unnecessary: 6484
     rx7_csum_none: 0
     rx7_xdp_drop: 0
     rx7_xdp_redirect: 0
     rx7_gro_packets: 0
     rx7_gro_bytes: 0
     rx7_gro_skbs: 0
     rx7_gro_large_hds: 0
 312:          0          0          0          0          0          0          0    2594141  316912444   19128440          0          0          0          0          0      22171          0          0          0          0          0          0          0          0          0          0          0          0          0          0          0          0          0          0          0          0          0          0          0          0     222299          0          0          0          0          0          0          0          0          0          0          0          0          0          0          0          0          0          0          0          0          0          0          0 IR-PCI-MSIX-0000:c3:00.0    8-edge      mlx5_comp7@pci:0000:c3:00.0
@ 245987.47
     rx_buff_alloc_err: 0
     rx_congst_umr: 0
     rx_out_of_buffer: 4041283110
     rx_packets_phy: 76190982340
     ch7_events: 341817305
     ch7_poll: 803967260
     ch7_arm: 333756128
     ch7_aff_change: 42828615
     ch7_force_irq: 0
     ch7_eq_rearm: 0
     rx7_packets: 12430505791
     rx7_bytes: 1855380041524
     rx7_csum_unnecessary: 6484
     rx7_csum_none: 0
     rx7_xdp_drop: 0
     rx7_xdp_redirect: 0
     rx7_gro_packets: 0
     rx7_gro_bytes: 0
     rx7_gro_skbs: 0
     rx7_gro_large_hds: 0
 312:          0          0          0          0          0          0          0    2594141  316912444   19128440          0          0          0          0          0      22171          0          0          0          0          0          0          0          0          0          0          0          0          0          0          0          0          0          0          0          0          0          0          0          0     222299          0          0          0          0          0          0          0          0          0          0          0          0          0          0          0          0          0          0          0          0          0          0          0 IR-PCI-MSIX-0000:c3:00.0    8-edge      mlx5_comp7@pci:0000:c3:00.0
@ 245988.48
     rx_buff_alloc_err: 0
     rx_congst_umr: 0
     rx_out_of_buffer: 4041442790
     rx_packets_phy: 76191142064
     ch7_events: 341817305
     ch7_poll: 803967260
     ch7_arm: 333756128
     ch7_aff_change: 42828615
     ch7_force_irq: 0
     ch7_eq_rearm: 0
     rx7_packets: 12430505791
     rx7_bytes: 1855380041524
     rx7_csum_unnecessary: 6484
     rx7_csum_none: 0
     rx7_xdp_drop: 0
     rx7_xdp_redirect: 0
     rx7_gro_packets: 0
     rx7_gro_bytes: 0
     rx7_gro_skbs: 0
     rx7_gro_large_hds: 0
 312:          0          0          0          0          0          0          0    2594141  316912444   19128440          0          0          0          0          0      22171          0          0          0          0          0          0          0          0          0          0          0          0          0          0          0          0          0          0          0          0          0          0          0          0     222299          0          0          0          0          0          0          0          0          0          0          0          0          0          0          0          0          0          0          0          0          0          0          0 IR-PCI-MSIX-0000:c3:00.0    8-edge      mlx5_comp7@pci:0000:c3:00.0
@ 245989.49
     rx_buff_alloc_err: 0
     rx_congst_umr: 0
     rx_out_of_buffer: 4041602523
     rx_packets_phy: 76191301778
     ch7_events: 341817305
     ch7_poll: 803967260
     ch7_arm: 333756128
     ch7_aff_change: 42828615
     ch7_force_irq: 0
     ch7_eq_rearm: 0
     rx7_packets: 12430505791
     rx7_bytes: 1855380041524
     rx7_csum_unnecessary: 6484
     rx7_csum_none: 0
     rx7_xdp_drop: 0
     rx7_xdp_redirect: 0
     rx7_gro_packets: 0
     rx7_gro_bytes: 0
     rx7_gro_skbs: 0
     rx7_gro_large_hds: 0
 312:          0          0          0          0          0          0          0    2594141  316912444   19128440          0          0          0          0          0      22171          0          0          0          0          0          0          0          0          0          0          0          0          0          0          0          0          0          0          0          0          0          0          0          0     222299          0          0          0          0          0          0          0          0          0          0          0          0          0          0          0          0          0          0          0          0          0          0          0 IR-PCI-MSIX-0000:c3:00.0    8-edge      mlx5_comp7@pci:0000:c3:00.0
@ 245990.51
     rx_buff_alloc_err: 0
     rx_congst_umr: 0
     rx_out_of_buffer: 4041762216
     rx_packets_phy: 76191461499
     ch7_events: 341817305
     ch7_poll: 803967260
     ch7_arm: 333756128
     ch7_aff_change: 42828615
     ch7_force_irq: 0
     ch7_eq_rearm: 0
     rx7_packets: 12430505791
     rx7_bytes: 1855380041524
     rx7_csum_unnecessary: 6484
     rx7_csum_none: 0
     rx7_xdp_drop: 0
     rx7_xdp_redirect: 0
     rx7_gro_packets: 0
     rx7_gro_bytes: 0
     rx7_gro_skbs: 0
     rx7_gro_large_hds: 0
 312:          0          0          0          0          0          0          0    2594141  316912444   19128440          0          0          0          0          0      22171          0          0          0          0          0          0          0          0          0          0          0          0          0          0          0          0          0          0          0          0          0          0          0          0     222299          0          0          0          0          0          0          0          0          0          0          0          0          0          0          0          0          0          0          0          0          0          0          0 IR-PCI-MSIX-0000:c3:00.0    8-edge      mlx5_comp7@pci:0000:c3:00.0
@ 245991.52
     rx_buff_alloc_err: 0
     rx_congst_umr: 0
     rx_out_of_buffer: 4041921960
     rx_packets_phy: 76191621221
     ch7_events: 341817305
     ch7_poll: 803967260
     ch7_arm: 333756128
     ch7_aff_change: 42828615
     ch7_force_irq: 0
     ch7_eq_rearm: 0
     rx7_packets: 12430505791
     rx7_bytes: 1855380041524
     rx7_csum_unnecessary: 6484
     rx7_csum_none: 0
     rx7_xdp_drop: 0
     rx7_xdp_redirect: 0
     rx7_gro_packets: 0
     rx7_gro_bytes: 0
     rx7_gro_skbs: 0
     rx7_gro_large_hds: 0
 312:          0          0          0          0          0          0          0    2594141  316912444   19128440          0          0          0          0          0      22171          0          0          0          0          0          0          0          0          0          0          0          0          0          0          0          0          0          0          0          0          0          0          0          0     222299          0          0          0          0          0          0          0          0          0          0          0          0          0          0          0          0          0          0          0          0          0          0          0 IR-PCI-MSIX-0000:c3:00.0    8-edge      mlx5_comp7@pci:0000:c3:00.0
@ 245992.53
     rx_buff_alloc_err: 0
     rx_congst_umr: 0
     rx_out_of_buffer: 4042081642
     rx_packets_phy: 76191780967
     ch7_events: 341817305
     ch7_poll: 803967260
     ch7_arm: 333756128
     ch7_aff_change: 42828615
     ch7_force_irq: 0
     ch7_eq_rearm: 0
     rx7_packets: 12430505791
     rx7_bytes: 1855380041524
     rx7_csum_unnecessary: 6484
     rx7_csum_none: 0
     rx7_xdp_drop: 0
     rx7_xdp_redirect: 0
     rx7_gro_packets: 0
     rx7_gro_bytes: 0
     rx7_gro_skbs: 0
     rx7_gro_large_hds: 0
 312:          0          0          0          0          0          0          0    2594141  316912444   19128440          0          0          0          0          0      22171          0          0          0          0          0          0          0          0          0          0          0          0          0          0          0          0          0          0          0          0          0          0          0          0     222299          0          0          0          0          0          0          0          0          0          0          0          0          0          0          0          0          0          0          0          0          0          0          0 IR-PCI-MSIX-0000:c3:00.0    8-edge      mlx5_comp7@pci:0000:c3:00.0
@ 245993.54
     rx_buff_alloc_err: 0
     rx_congst_umr: 0
     rx_out_of_buffer: 4042241384
     rx_packets_phy: 76191940681
     ch7_events: 341817305
     ch7_poll: 803967260
     ch7_arm: 333756128
     ch7_aff_change: 42828615
     ch7_force_irq: 0
     ch7_eq_rearm: 0
     rx7_packets: 12430505791
     rx7_bytes: 1855380041524
     rx7_csum_unnecessary: 6484
     rx7_csum_none: 0
     rx7_xdp_drop: 0
     rx7_xdp_redirect: 0
     rx7_gro_packets: 0
     rx7_gro_bytes: 0
     rx7_gro_skbs: 0
     rx7_gro_large_hds: 0
 312:          0          0          0          0          0          0          0    2594141  316912444   19128440          0          0          0          0          0      22171          0          0          0          0          0          0          0          0          0          0          0          0          0          0          0          0          0          0          0          0          0          0          0          0     222299          0          0          0          0          0          0          0          0          0          0          0          0          0          0          0          0          0          0          0          0          0          0          0 IR-PCI-MSIX-0000:c3:00.0    8-edge      mlx5_comp7@pci:0000:c3:00.0
@ 245994.55
     rx_buff_alloc_err: 0
     rx_congst_umr: 0
     rx_out_of_buffer: 4042401130
     rx_packets_phy: 76192100419
     ch7_events: 341817305
     ch7_poll: 803967260
     ch7_arm: 333756128
     ch7_aff_change: 42828615
     ch7_force_irq: 0
     ch7_eq_rearm: 0
     rx7_packets: 12430505791
     rx7_bytes: 1855380041524
     rx7_csum_unnecessary: 6484
     rx7_csum_none: 0
     rx7_xdp_drop: 0
     rx7_xdp_redirect: 0
     rx7_gro_packets: 0
     rx7_gro_bytes: 0
     rx7_gro_skbs: 0
     rx7_gro_large_hds: 0
 312:          0          0          0          0          0          0          0    2594141  316912444   19128440          0          0          0          0          0      22171          0          0          0          0          0          0          0          0          0          0          0          0          0          0          0          0          0          0          0          0          0          0          0          0     222299          0          0          0          0          0          0          0          0          0          0          0          0          0          0          0          0          0          0          0          0          0          0          0 IR-PCI-MSIX-0000:c3:00.0    8-edge      mlx5_comp7@pci:0000:c3:00.0
@ 245995.56
     rx_buff_alloc_err: 0
     rx_congst_umr: 0
     rx_out_of_buffer: 4042560810
     rx_packets_phy: 76192260126
     ch7_events: 341817305
     ch7_poll: 803967260
     ch7_arm: 333756128
     ch7_aff_change: 42828615
     ch7_force_irq: 0
     ch7_eq_rearm: 0
     rx7_packets: 12430505791
     rx7_bytes: 1855380041524
     rx7_csum_unnecessary: 6484
     rx7_csum_none: 0
     rx7_xdp_drop: 0
     rx7_xdp_redirect: 0
     rx7_gro_packets: 0
     rx7_gro_bytes: 0
     rx7_gro_skbs: 0
     rx7_gro_large_hds: 0
 312:          0          0          0          0          0          0          0    2594141  316912444   19128440          0          0          0          0          0      22171          0          0          0          0          0          0          0          0          0          0          0          0          0          0          0          0          0          0          0          0          0          0          0          0     222299          0          0          0          0          0          0          0          0          0          0          0          0          0          0          0          0          0          0          0          0          0          0          0 IR-PCI-MSIX-0000:c3:00.0    8-edge      mlx5_comp7@pci:0000:c3:00.0
@ 245996.57
     rx_buff_alloc_err: 0
     rx_congst_umr: 0
     rx_out_of_buffer: 4042720504
     rx_packets_phy: 76192419860
     ch7_events: 341817305
     ch7_poll: 803967260
     ch7_arm: 333756128
     ch7_aff_change: 42828615
     ch7_force_irq: 0
     ch7_eq_rearm: 0
     rx7_packets: 12430505791
     rx7_bytes: 1855380041524
     rx7_csum_unnecessary: 6484
     rx7_csum_none: 0
     rx7_xdp_drop: 0
     rx7_xdp_redirect: 0
     rx7_gro_packets: 0
     rx7_gro_bytes: 0
     rx7_gro_skbs: 0
     rx7_gro_large_hds: 0
 312:          0          0          0          0          0          0          0    2594141  316912444   19128440          0          0          0          0          0      22171          0          0          0          0          0          0          0          0          0          0          0          0          0          0          0          0          0          0          0          0          0          0          0          0     222299          0          0          0          0          0          0          0          0          0          0          0          0          0          0          0          0          0          0          0          0          0          0          0 IR-PCI-MSIX-0000:c3:00.0    8-edge      mlx5_comp7@pci:0000:c3:00.0
@ 245997.58
     rx_buff_alloc_err: 0
     rx_congst_umr: 0
     rx_out_of_buffer: 4042880236
     rx_packets_phy: 76192579555
     ch7_events: 341817305
     ch7_poll: 803967260
     ch7_arm: 333756128
     ch7_aff_change: 42828615
     ch7_force_irq: 0
     ch7_eq_rearm: 0
     rx7_packets: 12430505791
     rx7_bytes: 1855380041524
     rx7_csum_unnecessary: 6484
     rx7_csum_none: 0
     rx7_xdp_drop: 0
     rx7_xdp_redirect: 0
     rx7_gro_packets: 0
     rx7_gro_bytes: 0
     rx7_gro_skbs: 0
     rx7_gro_large_hds: 0
 312:          0          0          0          0          0          0          0    2594141  316912444   19128440          0          0          0          0          0      22171          0          0          0          0          0          0          0          0          0          0          0          0          0          0          0          0          0          0          0          0          0          0          0          0     222299          0          0          0          0          0          0          0          0          0          0          0          0          0          0          0          0          0          0          0          0          0          0          0 IR-PCI-MSIX-0000:c3:00.0    8-edge      mlx5_comp7@pci:0000:c3:00.0
@ 245998.59
     rx_buff_alloc_err: 0
     rx_congst_umr: 0
     rx_out_of_buffer: 4043039920
     rx_packets_phy: 76192739295
     ch7_events: 341817305
     ch7_poll: 803967260
     ch7_arm: 333756128
     ch7_aff_change: 42828615
     ch7_force_irq: 0
     ch7_eq_rearm: 0
     rx7_packets: 12430505791
     rx7_bytes: 1855380041524
     rx7_csum_unnecessary: 6484
     rx7_csum_none: 0
     rx7_xdp_drop: 0
     rx7_xdp_redirect: 0
     rx7_gro_packets: 0
     rx7_gro_bytes: 0
     rx7_gro_skbs: 0
     rx7_gro_large_hds: 0
 312:          0          0          0          0          0          0          0    2594141  316912444   19128440          0          0          0          0          0      22171          0          0          0          0          0          0          0          0          0          0          0          0          0          0          0          0          0          0          0          0          0          0          0          0     222299          0          0          0          0          0          0          0          0          0          0          0          0          0          0          0          0          0          0          0          0          0          0          0 IR-PCI-MSIX-0000:c3:00.0    8-edge      mlx5_comp7@pci:0000:c3:00.0
@ 245999.60
     rx_buff_alloc_err: 0
     rx_congst_umr: 0
     rx_out_of_buffer: 4043199662
     rx_packets_phy: 76192898999
     ch7_events: 341817305
     ch7_poll: 803967260
     ch7_arm: 333756128
     ch7_aff_change: 42828615
     ch7_force_irq: 0
     ch7_eq_rearm: 0
     rx7_packets: 12430505791
     rx7_bytes: 1855380041524
     rx7_csum_unnecessary: 6484
     rx7_csum_none: 0
     rx7_xdp_drop: 0
     rx7_xdp_redirect: 0
     rx7_gro_packets: 0
     rx7_gro_bytes: 0
     rx7_gro_skbs: 0
     rx7_gro_large_hds: 0
 312:          0          0          0          0          0          0          0    2594141  316912444   19128440          0          0          0          0          0      22171          0          0          0          0          0          0          0          0          0          0          0          0          0          0          0          0          0          0          0          0          0          0          0          0     222299          0          0          0          0          0          0          0          0          0          0          0          0          0          0          0          0          0          0          0          0          0          0          0 IR-PCI-MSIX-0000:c3:00.0    8-edge      mlx5_comp7@pci:0000:c3:00.0
@ 246000.61
     rx_buff_alloc_err: 0
     rx_congst_umr: 0
     rx_out_of_buffer: 4043359346
     rx_packets_phy: 76193058739
     ch7_events: 341817305
     ch7_poll: 803967260
     ch7_arm: 333756128
     ch7_aff_change: 42828615
     ch7_force_irq: 0
     ch7_eq_rearm: 0
     rx7_packets: 12430505791
     rx7_bytes: 1855380041524
     rx7_csum_unnecessary: 6484
     rx7_csum_none: 0
     rx7_xdp_drop: 0
     rx7_xdp_redirect: 0
     rx7_gro_packets: 0
     rx7_gro_bytes: 0
     rx7_gro_skbs: 0
     rx7_gro_large_hds: 0
 312:          0          0          0          0          0          0          0    2594141  316912444   19128440          0          0          0          0          0      22171          0          0          0          0          0          0          0          0          0          0          0          0          0          0          0          0          0          0          0          0          0          0          0          0     222299          0          0          0          0          0          0          0          0          0          0          0          0          0          0          0          0          0          0          0          0          0          0          0 IR-PCI-MSIX-0000:c3:00.0    8-edge      mlx5_comp7@pci:0000:c3:00.0
@ 246001.62
     rx_buff_alloc_err: 0
     rx_congst_umr: 0
     rx_out_of_buffer: 4043519152
     rx_packets_phy: 76193218503
     ch7_events: 341817305
     ch7_poll: 803967260
     ch7_arm: 333756128
     ch7_aff_change: 42828615
     ch7_force_irq: 0
     ch7_eq_rearm: 0
     rx7_packets: 12430505791
     rx7_bytes: 1855380041524
     rx7_csum_unnecessary: 6484
     rx7_csum_none: 0
     rx7_xdp_drop: 0
     rx7_xdp_redirect: 0
     rx7_gro_packets: 0
     rx7_gro_bytes: 0
     rx7_gro_skbs: 0
     rx7_gro_large_hds: 0
 312:          0          0          0          0          0          0          0    2594141  316912444   19128440          0          0          0          0          0      22171          0          0          0          0          0          0          0          0          0          0          0          0          0          0          0          0          0          0          0          0          0          0          0          0     222299          0          0          0          0          0          0          0          0          0          0          0          0          0          0          0          0          0          0          0          0          0          0          0 IR-PCI-MSIX-0000:c3:00.0    8-edge      mlx5_comp7@pci:0000:c3:00.0
@ 246002.64
     rx_buff_alloc_err: 0
     rx_congst_umr: 0
     rx_out_of_buffer: 4043678845
     rx_packets_phy: 76193378251
     ch7_events: 341817305
     ch7_poll: 803967260
     ch7_arm: 333756128
     ch7_aff_change: 42828615
     ch7_force_irq: 0
     ch7_eq_rearm: 0
     rx7_packets: 12430505791
     rx7_bytes: 1855380041524
     rx7_csum_unnecessary: 6484
     rx7_csum_none: 0
     rx7_xdp_drop: 0
     rx7_xdp_redirect: 0
     rx7_gro_packets: 0
     rx7_gro_bytes: 0
     rx7_gro_skbs: 0
     rx7_gro_large_hds: 0
 312:          0          0          0          0          0          0          0    2594141  316912444   19128440          0          0          0          0          0      22171          0          0          0          0          0          0          0          0          0          0          0          0          0          0          0          0          0          0          0          0          0          0          0          0     222299          0          0          0          0          0          0          0          0          0          0          0          0          0          0          0          0          0          0          0          0          0          0          0 IR-PCI-MSIX-0000:c3:00.0    8-edge      mlx5_comp7@pci:0000:c3:00.0
@ 246003.65
     rx_buff_alloc_err: 0
     rx_congst_umr: 0
     rx_out_of_buffer: 4043838606
     rx_packets_phy: 76193538008
     ch7_events: 341817305
     ch7_poll: 803967260
     ch7_arm: 333756128
     ch7_aff_change: 42828615
     ch7_force_irq: 0
     ch7_eq_rearm: 0
     rx7_packets: 12430505791
     rx7_bytes: 1855380041524
     rx7_csum_unnecessary: 6484
     rx7_csum_none: 0
     rx7_xdp_drop: 0
     rx7_xdp_redirect: 0
     rx7_gro_packets: 0
     rx7_gro_bytes: 0
     rx7_gro_skbs: 0
     rx7_gro_large_hds: 0
 312:          0          0          0          0          0          0          0    2594141  316912444   19128440          0          0          0          0          0      22171          0          0          0          0          0          0          0          0          0          0          0          0          0          0          0          0          0          0          0          0          0          0          0          0     222299          0          0          0          0          0          0          0          0          0          0          0          0          0          0          0          0          0          0          0          0          0          0          0 IR-PCI-MSIX-0000:c3:00.0    8-edge      mlx5_comp7@pci:0000:c3:00.0
@ 246004.66
     rx_buff_alloc_err: 0
     rx_congst_umr: 0
     rx_out_of_buffer: 4043998323
     rx_packets_phy: 76193697753
     ch7_events: 341817305
     ch7_poll: 803967260
     ch7_arm: 333756128
     ch7_aff_change: 42828615
     ch7_force_irq: 0
     ch7_eq_rearm: 0
     rx7_packets: 12430505791
     rx7_bytes: 1855380041524
     rx7_csum_unnecessary: 6484
     rx7_csum_none: 0
     rx7_xdp_drop: 0
     rx7_xdp_redirect: 0
     rx7_gro_packets: 0
     rx7_gro_bytes: 0
     rx7_gro_skbs: 0
     rx7_gro_large_hds: 0
 312:          0          0          0          0          0          0          0    2594141  316912444   19128440          0          0          0          0          0      22171          0          0          0          0          0          0          0          0          0          0          0          0          0          0          0          0          0          0          0          0          0          0          0          0     222299          0          0          0          0          0          0          0          0          0          0          0          0          0          0          0          0          0          0          0          0          0          0          0 IR-PCI-MSIX-0000:c3:00.0    8-edge      mlx5_comp7@pci:0000:c3:00.0
@ 246005.67
     rx_buff_alloc_err: 0
     rx_congst_umr: 0
     rx_out_of_buffer: 4044158067
     rx_packets_phy: 76193857452
     ch7_events: 341817305
     ch7_poll: 803967260
     ch7_arm: 333756128
     ch7_aff_change: 42828615
     ch7_force_irq: 0
     ch7_eq_rearm: 0
     rx7_packets: 12430505791
     rx7_bytes: 1855380041524
     rx7_csum_unnecessary: 6484
     rx7_csum_none: 0
     rx7_xdp_drop: 0
     rx7_xdp_redirect: 0
     rx7_gro_packets: 0
     rx7_gro_bytes: 0
     rx7_gro_skbs: 0
     rx7_gro_large_hds: 0
 312:          0          0          0          0          0          0          0    2594141  316912444   19128440          0          0          0          0          0      22171          0          0          0          0          0          0          0          0          0          0          0          0          0          0          0          0          0          0          0          0          0          0          0          0     222299          0          0          0          0          0          0          0          0          0          0          0          0          0          0          0          0          0          0          0          0          0          0          0 IR-PCI-MSIX-0000:c3:00.0    8-edge      mlx5_comp7@pci:0000:c3:00.0
@ 246006.68
     rx_buff_alloc_err: 0
     rx_congst_umr: 0
     rx_out_of_buffer: 4044317748
     rx_packets_phy: 76194017169
     ch7_events: 341817305
     ch7_poll: 803967260
     ch7_arm: 333756128
     ch7_aff_change: 42828615
     ch7_force_irq: 0
     ch7_eq_rearm: 0
     rx7_packets: 12430505791
     rx7_bytes: 1855380041524
     rx7_csum_unnecessary: 6484
     rx7_csum_none: 0
     rx7_xdp_drop: 0
     rx7_xdp_redirect: 0
     rx7_gro_packets: 0
     rx7_gro_bytes: 0
     rx7_gro_skbs: 0
     rx7_gro_large_hds: 0
 312:          0          0          0          0          0          0          0    2594141  316912444   19128440          0          0          0          0          0      22171          0          0          0          0          0          0          0          0          0          0          0          0          0          0          0          0          0          0          0          0          0          0          0          0     222299          0          0          0          0          0          0          0          0          0          0          0          0          0          0          0          0          0          0          0          0          0          0          0 IR-PCI-MSIX-0000:c3:00.0    8-edge      mlx5_comp7@pci:0000:c3:00.0
@ 246007.69
     rx_buff_alloc_err: 0
     rx_congst_umr: 0
     rx_out_of_buffer: 4044477493
     rx_packets_phy: 76194176893
     ch7_events: 341817305
     ch7_poll: 803967260
     ch7_arm: 333756128
     ch7_aff_change: 42828615
     ch7_force_irq: 0
     ch7_eq_rearm: 0
     rx7_packets: 12430505791
     rx7_bytes: 1855380041524
     rx7_csum_unnecessary: 6484
     rx7_csum_none: 0
     rx7_xdp_drop: 0
     rx7_xdp_redirect: 0
     rx7_gro_packets: 0
     rx7_gro_bytes: 0
     rx7_gro_skbs: 0
     rx7_gro_large_hds: 0
 312:          0          0          0          0          0          0          0    2594141  316912444   19128440          0          0          0          0          0      22171          0          0          0          0          0          0          0          0          0          0          0          0          0          0          0          0          0          0          0          0          0          0          0          0     222299          0          0          0          0          0          0          0          0          0          0          0          0          0          0          0          0          0          0          0          0          0          0          0 IR-PCI-MSIX-0000:c3:00.0    8-edge      mlx5_comp7@pci:0000:c3:00.0
@ 246008.70
     rx_buff_alloc_err: 0
     rx_congst_umr: 0
     rx_out_of_buffer: 4044637173
     rx_packets_phy: 76194336581
     ch7_events: 341817305
     ch7_poll: 803967260
     ch7_arm: 333756128
     ch7_aff_change: 42828615
     ch7_force_irq: 0
     ch7_eq_rearm: 0
     rx7_packets: 12430505791
     rx7_bytes: 1855380041524
     rx7_csum_unnecessary: 6484
     rx7_csum_none: 0
     rx7_xdp_drop: 0
     rx7_xdp_redirect: 0
     rx7_gro_packets: 0
     rx7_gro_bytes: 0
     rx7_gro_skbs: 0
     rx7_gro_large_hds: 0
 312:          0          0          0          0          0          0          0    2594141  316912444   19128440          0          0          0          0          0      22171          0          0          0          0          0          0          0          0          0          0          0          0          0          0          0          0          0          0          0          0          0          0          0          0     222299          0          0          0          0          0          0          0          0          0          0          0          0          0          0          0          0          0          0          0          0          0          0          0 IR-PCI-MSIX-0000:c3:00.0    8-edge      mlx5_comp7@pci:0000:c3:00.0
@ 246009.71
     rx_buff_alloc_err: 0
     rx_congst_umr: 0
     rx_out_of_buffer: 4044796853
     rx_packets_phy: 76194496327
     ch7_events: 341817305
     ch7_poll: 803967260
     ch7_arm: 333756128
     ch7_aff_change: 42828615
     ch7_force_irq: 0
     ch7_eq_rearm: 0
     rx7_packets: 12430505791
     rx7_bytes: 1855380041524
     rx7_csum_unnecessary: 6484
     rx7_csum_none: 0
     rx7_xdp_drop: 0
     rx7_xdp_redirect: 0
     rx7_gro_packets: 0
     rx7_gro_bytes: 0
     rx7_gro_skbs: 0
     rx7_gro_large_hds: 0
 312:          0          0          0          0          0          0          0    2594141  316912444   19128440          0          0          0          0          0      22171          0          0          0          0          0          0          0          0          0          0          0          0          0          0          0          0          0          0          0          0          0          0          0          0     222299          0          0          0          0          0          0          0          0          0          0          0          0          0          0          0          0          0          0          0          0          0          0          0 IR-PCI-MSIX-0000:c3:00.0    8-edge      mlx5_comp7@pci:0000:c3:00.0
@ 246010.72
     rx_buff_alloc_err: 0
     rx_congst_umr: 0
     rx_out_of_buffer: 4044956597
     rx_packets_phy: 76194656023
     ch7_events: 341817305
     ch7_poll: 803967260
     ch7_arm: 333756128
     ch7_aff_change: 42828615
     ch7_force_irq: 0
     ch7_eq_rearm: 0
     rx7_packets: 12430505791
     rx7_bytes: 1855380041524
     rx7_csum_unnecessary: 6484
     rx7_csum_none: 0
     rx7_xdp_drop: 0
     rx7_xdp_redirect: 0
     rx7_gro_packets: 0
     rx7_gro_bytes: 0
     rx7_gro_skbs: 0
     rx7_gro_large_hds: 0
 312:          0          0          0          0          0          0          0    2594141  316912444   19128440          0          0          0          0          0      22171          0          0          0          0          0          0          0          0          0          0          0          0          0          0          0          0          0          0          0          0          0          0          0          0     222299          0          0          0          0          0          0          0          0          0          0          0          0          0          0          0          0          0          0          0          0          0          0          0 IR-PCI-MSIX-0000:c3:00.0    8-edge      mlx5_comp7@pci:0000:c3:00.0
@ 246011.73
     rx_buff_alloc_err: 0
     rx_congst_umr: 0
     rx_out_of_buffer: 4045116277
     rx_packets_phy: 76194815764
     ch7_events: 341817305
     ch7_poll: 803967260
     ch7_arm: 333756128
     ch7_aff_change: 42828615
     ch7_force_irq: 0
     ch7_eq_rearm: 0
     rx7_packets: 12430505791
     rx7_bytes: 1855380041524
     rx7_csum_unnecessary: 6484
     rx7_csum_none: 0
     rx7_xdp_drop: 0
     rx7_xdp_redirect: 0
     rx7_gro_packets: 0
     rx7_gro_bytes: 0
     rx7_gro_skbs: 0
     rx7_gro_large_hds: 0
 312:          0          0          0          0          0          0          0    2594141  316912444   19128440          0          0          0          0          0      22171          0          0          0          0          0          0          0          0          0          0          0          0          0          0          0          0          0          0          0          0          0          0          0          0     222299          0          0          0          0          0          0          0          0          0          0          0          0          0          0          0          0          0          0          0          0          0          0          0 IR-PCI-MSIX-0000:c3:00.0    8-edge      mlx5_comp7@pci:0000:c3:00.0
@ 246012.74
     rx_buff_alloc_err: 0
     rx_congst_umr: 0
     rx_out_of_buffer: 4045276010
     rx_packets_phy: 76194975466
     ch7_events: 341817305
     ch7_poll: 803967260
     ch7_arm: 333756128
     ch7_aff_change: 42828615
     ch7_force_irq: 0
     ch7_eq_rearm: 0
     rx7_packets: 12430505791
     rx7_bytes: 1855380041524
     rx7_csum_unnecessary: 6484
     rx7_csum_none: 0
     rx7_xdp_drop: 0
     rx7_xdp_redirect: 0
     rx7_gro_packets: 0
     rx7_gro_bytes: 0
     rx7_gro_skbs: 0
     rx7_gro_large_hds: 0
 312:          0          0          0          0          0          0          0    2594141  316912444   19128440          0          0          0          0          0      22171          0          0          0          0          0          0          0          0          0          0          0          0          0          0          0          0          0          0          0          0          0          0          0          0     222299          0          0          0          0          0          0          0          0          0          0          0          0          0          0          0          0          0          0          0          0          0          0          0 IR-PCI-MSIX-0000:c3:00.0    8-edge      mlx5_comp7@pci:0000:c3:00.0
@ 246013.76
     rx_buff_alloc_err: 0
     rx_congst_umr: 0
     rx_out_of_buffer: 4045435709
     rx_packets_phy: 76195135213
     ch7_events: 341817305
     ch7_poll: 803967260
     ch7_arm: 333756128
     ch7_aff_change: 42828615
     ch7_force_irq: 0
     ch7_eq_rearm: 0
     rx7_packets: 12430505791
     rx7_bytes: 1855380041524
     rx7_csum_unnecessary: 6484
     rx7_csum_none: 0
     rx7_xdp_drop: 0
     rx7_xdp_redirect: 0
     rx7_gro_packets: 0
     rx7_gro_bytes: 0
     rx7_gro_skbs: 0
     rx7_gro_large_hds: 0
 312:          0          0          0          0          0          0          0    2594141  316912444   19128440          0          0          0          0          0      22171          0          0          0          0          0          0          0          0          0          0          0          0          0          0          0          0          0          0          0          0          0          0          0          0     222299          0          0          0          0          0          0          0          0          0          0          0          0          0          0          0          0          0          0          0          0          0          0          0 IR-PCI-MSIX-0000:c3:00.0    8-edge      mlx5_comp7@pci:0000:c3:00.0
@ 246014.77
     rx_buff_alloc_err: 0
     rx_congst_umr: 0
     rx_out_of_buffer: 4045595446
     rx_packets_phy: 76195294911
     ch7_events: 341817305
     ch7_poll: 803967260
     ch7_arm: 333756128
     ch7_aff_change: 42828615
     ch7_force_irq: 0
     ch7_eq_rearm: 0
     rx7_packets: 12430505791
     rx7_bytes: 1855380041524
     rx7_csum_unnecessary: 6484
     rx7_csum_none: 0
     rx7_xdp_drop: 0
     rx7_xdp_redirect: 0
     rx7_gro_packets: 0
     rx7_gro_bytes: 0
     rx7_gro_skbs: 0
     rx7_gro_large_hds: 0
 312:          0          0          0          0          0          0          0    2594141  316912444   19128440          0          0          0          0          0      22171          0          0          0          0          0          0          0          0          0          0          0          0          0          0          0          0          0          0          0          0          0          0          0          0     222299          0          0          0          0          0          0          0          0          0          0          0          0          0          0          0          0          0          0          0          0          0          0          0 IR-PCI-MSIX-0000:c3:00.0    8-edge      mlx5_comp7@pci:0000:c3:00.0
@ 246015.78
     rx_buff_alloc_err: 0
     rx_congst_umr: 0
     rx_out_of_buffer: 4045755129
     rx_packets_phy: 76195454655
     ch7_events: 341817305
     ch7_poll: 803967260
     ch7_arm: 333756128
     ch7_aff_change: 42828615
     ch7_force_irq: 0
     ch7_eq_rearm: 0
     rx7_packets: 12430505791
     rx7_bytes: 1855380041524
     rx7_csum_unnecessary: 6484
     rx7_csum_none: 0
     rx7_xdp_drop: 0
     rx7_xdp_redirect: 0
     rx7_gro_packets: 0
     rx7_gro_bytes: 0
     rx7_gro_skbs: 0
     rx7_gro_large_hds: 0
 312:          0          0          0          0          0          0          0    2594141  316912444   19128440          0          0          0          0          0      22171          0          0          0          0          0          0          0          0          0          0          0          0          0          0          0          0          0          0          0          0          0          0          0          0     222299          0          0          0          0          0          0          0          0          0          0          0          0          0          0          0          0          0          0          0          0          0          0          0 IR-PCI-MSIX-0000:c3:00.0    8-edge      mlx5_comp7@pci:0000:c3:00.0
@ 246016.79
     rx_buff_alloc_err: 0
     rx_congst_umr: 0
     rx_out_of_buffer: 4045914871
     rx_packets_phy: 76195614352
     ch7_events: 341817305
     ch7_poll: 803967260
     ch7_arm: 333756128
     ch7_aff_change: 42828615
     ch7_force_irq: 0
     ch7_eq_rearm: 0
     rx7_packets: 12430505791
     rx7_bytes: 1855380041524
     rx7_csum_unnecessary: 6484
     rx7_csum_none: 0
     rx7_xdp_drop: 0
     rx7_xdp_redirect: 0
     rx7_gro_packets: 0
     rx7_gro_bytes: 0
     rx7_gro_skbs: 0
     rx7_gro_large_hds: 0
 312:          0          0          0          0          0          0          0    2594141  316912444   19128440          0          0          0          0          0      22171          0          0          0          0          0          0          0          0          0          0          0          0          0          0          0          0          0          0          0          0          0          0          0          0     222299          0          0          0          0          0          0          0          0          0          0          0          0          0          0          0          0          0          0          0          0          0          0          0 IR-PCI-MSIX-0000:c3:00.0    8-edge      mlx5_comp7@pci:0000:c3:00.0
@ 246017.80
     rx_buff_alloc_err: 0
     rx_congst_umr: 0
     rx_out_of_buffer: 4046074559
     rx_packets_phy: 76195774097
     ch7_events: 341817305
     ch7_poll: 803967260
     ch7_arm: 333756128
     ch7_aff_change: 42828615
     ch7_force_irq: 0
     ch7_eq_rearm: 0
     rx7_packets: 12430505791
     rx7_bytes: 1855380041524
     rx7_csum_unnecessary: 6484
     rx7_csum_none: 0
     rx7_xdp_drop: 0
     rx7_xdp_redirect: 0
     rx7_gro_packets: 0
     rx7_gro_bytes: 0
     rx7_gro_skbs: 0
     rx7_gro_large_hds: 0
 312:          0          0          0          0          0          0          0    2594141  316912444   19128440          0          0          0          0          0      22171          0          0          0          0          0          0          0          0          0          0          0          0          0          0          0          0          0          0          0          0          0          0          0          0     222299          0          0          0          0          0          0          0          0          0          0          0          0          0          0          0          0          0          0          0          0          0          0          0 IR-PCI-MSIX-0000:c3:00.0    8-edge      mlx5_comp7@pci:0000:c3:00.0
@ 246018.81
     rx_buff_alloc_err: 0
     rx_congst_umr: 0
     rx_out_of_buffer: 4046234251
     rx_packets_phy: 76195933791
     ch7_events: 341817305
     ch7_poll: 803967260
     ch7_arm: 333756128
     ch7_aff_change: 42828615
     ch7_force_irq: 0
     ch7_eq_rearm: 0
     rx7_packets: 12430505791
     rx7_bytes: 1855380041524
     rx7_csum_unnecessary: 6484
     rx7_csum_none: 0
     rx7_xdp_drop: 0
     rx7_xdp_redirect: 0
     rx7_gro_packets: 0
     rx7_gro_bytes: 0
     rx7_gro_skbs: 0
     rx7_gro_large_hds: 0
 312:          0          0          0          0          0          0          0    2594141  316912444   19128440          0          0          0          0          0      22171          0          0          0          0          0          0          0          0          0          0          0          0          0          0          0          0          0          0          0          0          0          0          0          0     222299          0          0          0          0          0          0          0          0          0          0          0          0          0          0          0          0          0          0          0          0          0          0          0 IR-PCI-MSIX-0000:c3:00.0    8-edge      mlx5_comp7@pci:0000:c3:00.0
@ 246019.82
     rx_buff_alloc_err: 0
     rx_congst_umr: 0
     rx_out_of_buffer: 4046393978
     rx_packets_phy: 76196093515
     ch7_events: 341817305
     ch7_poll: 803967260
     ch7_arm: 333756128
     ch7_aff_change: 42828615
     ch7_force_irq: 0
     ch7_eq_rearm: 0
     rx7_packets: 12430505791
     rx7_bytes: 1855380041524
     rx7_csum_unnecessary: 6484
     rx7_csum_none: 0
     rx7_xdp_drop: 0
     rx7_xdp_redirect: 0
     rx7_gro_packets: 0
     rx7_gro_bytes: 0
     rx7_gro_skbs: 0
     rx7_gro_large_hds: 0
 312:          0          0          0          0          0          0          0    2594141  316912444   19128440          0          0          0          0          0      22171          0          0          0          0          0          0          0          0          0          0          0          0          0          0          0          0          0          0          0          0          0          0          0          0     222299          0          0          0          0          0          0          0          0          0          0          0          0          0          0          0          0          0          0          0          0          0          0          0 IR-PCI-MSIX-0000:c3:00.0    8-edge      mlx5_comp7@pci:0000:c3:00.0
@ 246020.83
     rx_buff_alloc_err: 0
     rx_congst_umr: 0
     rx_out_of_buffer: 4046553723
     rx_packets_phy: 76196253240
     ch7_events: 341817305
     ch7_poll: 803967260
     ch7_arm: 333756128
     ch7_aff_change: 42828615
     ch7_force_irq: 0
     ch7_eq_rearm: 0
     rx7_packets: 12430505791
     rx7_bytes: 1855380041524
     rx7_csum_unnecessary: 6484
     rx7_csum_none: 0
     rx7_xdp_drop: 0
     rx7_xdp_redirect: 0
     rx7_gro_packets: 0
     rx7_gro_bytes: 0
     rx7_gro_skbs: 0
     rx7_gro_large_hds: 0
 312:          0          0          0          0          0          0          0    2594141  316912444   19128440          0          0          0          0          0      22171          0          0          0          0          0          0          0          0          0          0          0          0          0          0          0          0          0          0          0          0          0          0          0          0     222299          0          0          0          0          0          0          0          0          0          0          0          0          0          0          0          0          0          0          0          0          0          0          0 IR-PCI-MSIX-0000:c3:00.0    8-edge      mlx5_comp7@pci:0000:c3:00.0
@ 246021.84
     rx_buff_alloc_err: 0
     rx_congst_umr: 0
     rx_out_of_buffer: 4046713404
     rx_packets_phy: 76196412984
     ch7_events: 341817305
     ch7_poll: 803967260
     ch7_arm: 333756128
     ch7_aff_change: 42828615
     ch7_force_irq: 0
     ch7_eq_rearm: 0
     rx7_packets: 12430505791
     rx7_bytes: 1855380041524
     rx7_csum_unnecessary: 6484
     rx7_csum_none: 0
     rx7_xdp_drop: 0
     rx7_xdp_redirect: 0
     rx7_gro_packets: 0
     rx7_gro_bytes: 0
     rx7_gro_skbs: 0
     rx7_gro_large_hds: 0
 312:          0          0          0          0          0          0          0    2594141  316912444   19128440          0          0          0          0          0      22171          0          0          0          0          0          0          0          0          0          0          0          0          0          0          0          0          0          0          0          0          0          0          0          0     222299          0          0          0          0          0          0          0          0          0          0          0          0          0          0          0          0          0          0          0          0          0          0          0 IR-PCI-MSIX-0000:c3:00.0    8-edge      mlx5_comp7@pci:0000:c3:00.0
@ 246022.85
     rx_buff_alloc_err: 0
     rx_congst_umr: 0
     rx_out_of_buffer: 4046873149
     rx_packets_phy: 76196572682
     ch7_events: 341817305
     ch7_poll: 803967260
     ch7_arm: 333756128
     ch7_aff_change: 42828615
     ch7_force_irq: 0
     ch7_eq_rearm: 0
     rx7_packets: 12430505791
     rx7_bytes: 1855380041524
     rx7_csum_unnecessary: 6484
     rx7_csum_none: 0
     rx7_xdp_drop: 0
     rx7_xdp_redirect: 0
     rx7_gro_packets: 0
     rx7_gro_bytes: 0
     rx7_gro_skbs: 0
     rx7_gro_large_hds: 0
 312:          0          0          0          0          0          0          0    2594141  316912444   19128440          0          0          0          0          0      22171          0          0          0          0          0          0          0          0          0          0          0          0          0          0          0          0          0          0          0          0          0          0          0          0     222299          0          0          0          0          0          0          0          0          0          0          0          0          0          0          0          0          0          0          0          0          0          0          0 IR-PCI-MSIX-0000:c3:00.0    8-edge      mlx5_comp7@pci:0000:c3:00.0
@ 246023.86
     rx_buff_alloc_err: 0
     rx_congst_umr: 0
     rx_out_of_buffer: 4047032829
     rx_packets_phy: 76196732418
     ch7_events: 341817305
     ch7_poll: 803967260
     ch7_arm: 333756128
     ch7_aff_change: 42828615
     ch7_force_irq: 0
     ch7_eq_rearm: 0
     rx7_packets: 12430505791
     rx7_bytes: 1855380041524
     rx7_csum_unnecessary: 6484
     rx7_csum_none: 0
     rx7_xdp_drop: 0
     rx7_xdp_redirect: 0
     rx7_gro_packets: 0
     rx7_gro_bytes: 0
     rx7_gro_skbs: 0
     rx7_gro_large_hds: 0
 312:          0          0          0          0          0          0          0    2594141  316912444   19128440          0          0          0          0          0      22171          0          0          0          0          0          0          0          0          0          0          0          0          0          0          0          0          0          0          0          0          0          0          0          0     222299          0          0          0          0          0          0          0          0          0          0          0          0          0          0          0          0          0          0          0          0          0          0          0 IR-PCI-MSIX-0000:c3:00.0    8-edge      mlx5_comp7@pci:0000:c3:00.0
@ 246024.87
     rx_buff_alloc_err: 0
     rx_congst_umr: 0
     rx_out_of_buffer: 4047192574
     rx_packets_phy: 76196892135
     ch7_events: 341817305
     ch7_poll: 803967260
     ch7_arm: 333756128
     ch7_aff_change: 42828615
     ch7_force_irq: 0
     ch7_eq_rearm: 0
     rx7_packets: 12430505791
     rx7_bytes: 1855380041524
     rx7_csum_unnecessary: 6484
     rx7_csum_none: 0
     rx7_xdp_drop: 0
     rx7_xdp_redirect: 0
     rx7_gro_packets: 0
     rx7_gro_bytes: 0
     rx7_gro_skbs: 0
     rx7_gro_large_hds: 0
 312:          0          0          0          0          0          0          0    2594141  316912444   19128440          0          0          0          0          0      22171          0          0          0          0          0          0          0          0          0          0          0          0          0          0          0          0          0          0          0          0          0          0          0          0     222299          0          0          0          0          0          0          0          0          0          0          0          0          0          0          0          0          0          0          0          0          0          0          0 IR-PCI-MSIX-0000:c3:00.0    8-edge      mlx5_comp7@pci:0000:c3:00.0
@ 246025.89
     rx_buff_alloc_err: 0
     rx_congst_umr: 0
     rx_out_of_buffer: 4047352286
     rx_packets_phy: 76197051875
     ch7_events: 341817305
     ch7_poll: 803967260
     ch7_arm: 333756128
     ch7_aff_change: 42828615
     ch7_force_irq: 0
     ch7_eq_rearm: 0
     rx7_packets: 12430505791
     rx7_bytes: 1855380041524
     rx7_csum_unnecessary: 6484
     rx7_csum_none: 0
     rx7_xdp_drop: 0
     rx7_xdp_redirect: 0
     rx7_gro_packets: 0
     rx7_gro_bytes: 0
     rx7_gro_skbs: 0
     rx7_gro_large_hds: 0
 312:          0          0          0          0          0          0          0    2594141  316912444   19128440          0          0          0          0          0      22171          0          0          0          0          0          0          0          0          0          0          0          0          0          0          0          0          0          0          0          0          0          0          0          0     222299          0          0          0          0          0          0          0          0          0          0          0          0          0          0          0          0          0          0          0          0          0          0          0 IR-PCI-MSIX-0000:c3:00.0    8-edge      mlx5_comp7@pci:0000:c3:00.0
@ 246026.90
     rx_buff_alloc_err: 0
     rx_congst_umr: 0
     rx_out_of_buffer: 4047511998
     rx_packets_phy: 76197211571
     ch7_events: 341817305
     ch7_poll: 803967260
     ch7_arm: 333756128
     ch7_aff_change: 42828615
     ch7_force_irq: 0
     ch7_eq_rearm: 0
     rx7_packets: 12430505791
     rx7_bytes: 1855380041524
     rx7_csum_unnecessary: 6484
     rx7_csum_none: 0
     rx7_xdp_drop: 0
     rx7_xdp_redirect: 0
     rx7_gro_packets: 0
     rx7_gro_bytes: 0
     rx7_gro_skbs: 0
     rx7_gro_large_hds: 0
 312:          0          0          0          0          0          0          0    2594141  316912444   19128440          0          0          0          0          0      22171          0          0          0          0          0          0          0          0          0          0          0          0          0          0          0          0          0          0          0          0          0          0          0          0     222299          0          0          0          0          0          0          0          0          0          0          0          0          0          0          0          0          0          0          0          0          0          0          0 IR-PCI-MSIX-0000:c3:00.0    8-edge      mlx5_comp7@pci:0000:c3:00.0
@ 246027.91
     rx_buff_alloc_err: 0
     rx_congst_umr: 0
     rx_out_of_buffer: 4047671719
     rx_packets_phy: 76197371316
     ch7_events: 341817305
     ch7_poll: 803967260
     ch7_arm: 333756128
     ch7_aff_change: 42828615
     ch7_force_irq: 0
     ch7_eq_rearm: 0
     rx7_packets: 12430505791
     rx7_bytes: 1855380041524
     rx7_csum_unnecessary: 6484
     rx7_csum_none: 0
     rx7_xdp_drop: 0
     rx7_xdp_redirect: 0
     rx7_gro_packets: 0
     rx7_gro_bytes: 0
     rx7_gro_skbs: 0
     rx7_gro_large_hds: 0
 312:          0          0          0          0          0          0          0    2594141  316912444   19128440          0          0          0          0          0      22171          0          0          0          0          0          0          0          0          0          0          0          0          0          0          0          0          0          0          0          0          0          0          0          0     222299          0          0          0          0          0          0          0          0          0          0          0          0          0          0          0          0          0          0          0          0          0          0          0 IR-PCI-MSIX-0000:c3:00.0    8-edge      mlx5_comp7@pci:0000:c3:00.0
@ 246028.92
     rx_buff_alloc_err: 0
     rx_congst_umr: 0
     rx_out_of_buffer: 4047831423
     rx_packets_phy: 76197531004
     ch7_events: 341817305
     ch7_poll: 803967260
     ch7_arm: 333756128
     ch7_aff_change: 42828615
     ch7_force_irq: 0
     ch7_eq_rearm: 0
     rx7_packets: 12430505791
     rx7_bytes: 1855380041524
     rx7_csum_unnecessary: 6484
     rx7_csum_none: 0
     rx7_xdp_drop: 0
     rx7_xdp_redirect: 0
     rx7_gro_packets: 0
     rx7_gro_bytes: 0
     rx7_gro_skbs: 0
     rx7_gro_large_hds: 0
 312:          0          0          0          0          0          0          0    2594141  316912444   19128440          0          0          0          0          0      22171          0          0          0          0          0          0          0          0          0          0          0          0          0          0          0          0          0          0          0          0          0          0          0          0     222299          0          0          0          0          0          0          0          0          0          0          0          0          0          0          0          0          0          0          0          0          0          0          0 IR-PCI-MSIX-0000:c3:00.0    8-edge      mlx5_comp7@pci:0000:c3:00.0
@ 246029.93
     rx_buff_alloc_err: 0
     rx_congst_umr: 0
     rx_out_of_buffer: 4047991115
     rx_packets_phy: 76197690756
     ch7_events: 341817305
     ch7_poll: 803967260
     ch7_arm: 333756128
     ch7_aff_change: 42828615
     ch7_force_irq: 0
     ch7_eq_rearm: 0
     rx7_packets: 12430505791
     rx7_bytes: 1855380041524
     rx7_csum_unnecessary: 6484
     rx7_csum_none: 0
     rx7_xdp_drop: 0
     rx7_xdp_redirect: 0
     rx7_gro_packets: 0
     rx7_gro_bytes: 0
     rx7_gro_skbs: 0
     rx7_gro_large_hds: 0
 312:          0          0          0          0          0          0          0    2594141  316912444   19128440          0          0          0          0          0      22171          0          0          0          0          0          0          0          0          0          0          0          0          0          0          0          0          0          0          0          0          0          0          0          0     222299          0          0          0          0          0          0          0          0          0          0          0          0          0          0          0          0          0          0          0          0          0          0          0 IR-PCI-MSIX-0000:c3:00.0    8-edge      mlx5_comp7@pci:0000:c3:00.0
@ 246030.94
     rx_buff_alloc_err: 0
     rx_congst_umr: 0
     rx_out_of_buffer: 4048150847
     rx_packets_phy: 76197850480
     ch7_events: 341817305
     ch7_poll: 803967260
     ch7_arm: 333756128
     ch7_aff_change: 42828615
     ch7_force_irq: 0
     ch7_eq_rearm: 0
     rx7_packets: 12430505791
     rx7_bytes: 1855380041524
     rx7_csum_unnecessary: 6484
     rx7_csum_none: 0
     rx7_xdp_drop: 0
     rx7_xdp_redirect: 0
     rx7_gro_packets: 0
     rx7_gro_bytes: 0
     rx7_gro_skbs: 0
     rx7_gro_large_hds: 0
 312:          0          0          0          0          0          0          0    2594141  316912444   19128440          0          0          0          0          0      22171          0          0          0          0          0          0          0          0          0          0          0          0          0          0          0          0          0          0          0          0          0          0          0          0     222299          0          0          0          0          0          0          0          0          0          0          0          0          0          0          0          0          0          0          0          0          0          0          0 IR-PCI-MSIX-0000:c3:00.0    8-edge      mlx5_comp7@pci:0000:c3:00.0
@ 246031.95
     rx_buff_alloc_err: 0
     rx_congst_umr: 0
     rx_out_of_buffer: 4048310582
     rx_packets_phy: 76198010202
     ch7_events: 341817305
     ch7_poll: 803967260
     ch7_arm: 333756128
     ch7_aff_change: 42828615
     ch7_force_irq: 0
     ch7_eq_rearm: 0
     rx7_packets: 12430505791
     rx7_bytes: 1855380041524
     rx7_csum_unnecessary: 6484
     rx7_csum_none: 0
     rx7_xdp_drop: 0
     rx7_xdp_redirect: 0
     rx7_gro_packets: 0
     rx7_gro_bytes: 0
     rx7_gro_skbs: 0
     rx7_gro_large_hds: 0
 312:          0          0          0          0          0          0          0    2594141  316912444   19128440          0          0          0          0          0      22171          0          0          0          0          0          0          0          0          0          0          0          0          0          0          0          0          0          0          0          0          0          0          0          0     222299          0          0          0          0          0          0          0          0          0          0          0          0          0          0          0          0          0          0          0          0          0          0          0 IR-PCI-MSIX-0000:c3:00.0    8-edge      mlx5_comp7@pci:0000:c3:00.0
@ 246032.96
     rx_buff_alloc_err: 0
     rx_congst_umr: 0
     rx_out_of_buffer: 4048470284
     rx_packets_phy: 76198169943
     ch7_events: 341817305
     ch7_poll: 803967260
     ch7_arm: 333756128
     ch7_aff_change: 42828615
     ch7_force_irq: 0
     ch7_eq_rearm: 0
     rx7_packets: 12430505791
     rx7_bytes: 1855380041524
     rx7_csum_unnecessary: 6484
     rx7_csum_none: 0
     rx7_xdp_drop: 0
     rx7_xdp_redirect: 0
     rx7_gro_packets: 0
     rx7_gro_bytes: 0
     rx7_gro_skbs: 0
     rx7_gro_large_hds: 0
 312:          0          0          0          0          0          0          0    2594141  316912444   19128440          0          0          0          0          0      22171          0          0          0          0          0          0          0          0          0          0          0          0          0          0          0          0          0          0          0          0          0          0          0          0     222299          0          0          0          0          0          0          0          0          0          0          0          0          0          0          0          0          0          0          0          0          0          0          0 IR-PCI-MSIX-0000:c3:00.0    8-edge      mlx5_comp7@pci:0000:c3:00.0
@ 246033.97
     rx_buff_alloc_err: 0
     rx_congst_umr: 0
     rx_out_of_buffer: 4048630016
     rx_packets_phy: 76198329652
     ch7_events: 341817305
     ch7_poll: 803967260
     ch7_arm: 333756128
     ch7_aff_change: 42828615
     ch7_force_irq: 0
     ch7_eq_rearm: 0
     rx7_packets: 12430505791
     rx7_bytes: 1855380041524
     rx7_csum_unnecessary: 6484
     rx7_csum_none: 0
     rx7_xdp_drop: 0
     rx7_xdp_redirect: 0
     rx7_gro_packets: 0
     rx7_gro_bytes: 0
     rx7_gro_skbs: 0
     rx7_gro_large_hds: 0
 312:          0          0          0          0          0          0          0    2594141  316912444   19128440          0          0          0          0          0      22171          0          0          0          0          0          0          0          0          0          0          0          0          0          0          0          0          0          0          0          0          0          0          0          0     222299          0          0          0          0          0          0          0          0          0          0          0          0          0          0          0          0          0          0          0          0          0          0          0 IR-PCI-MSIX-0000:c3:00.0    8-edge      mlx5_comp7@pci:0000:c3:00.0
@ 246034.98
     rx_buff_alloc_err: 0
     rx_congst_umr: 0
     rx_out_of_buffer: 4048789698
     rx_packets_phy: 76198489383
     ch7_events: 341817305
     ch7_poll: 803967260
     ch7_arm: 333756128
     ch7_aff_change: 42828615
     ch7_force_irq: 0
     ch7_eq_rearm: 0
     rx7_packets: 12430505791
     rx7_bytes: 1855380041524
     rx7_csum_unnecessary: 6484
     rx7_csum_none: 0
     rx7_xdp_drop: 0
     rx7_xdp_redirect: 0
     rx7_gro_packets: 0
     rx7_gro_bytes: 0
     rx7_gro_skbs: 0
     rx7_gro_large_hds: 0
 312:          0          0          0          0          0          0          0    2594141  316912444   19128440          0          0          0          0          0      22171          0          0          0          0          0          0          0          0          0          0          0          0          0          0          0          0          0          0          0          0          0          0          0          0     222299          0          0          0          0          0          0          0          0          0          0          0          0          0          0          0          0          0          0          0          0          0          0          0 IR-PCI-MSIX-0000:c3:00.0    8-edge      mlx5_comp7@pci:0000:c3:00.0
@ 246035.99
     rx_buff_alloc_err: 0
     rx_congst_umr: 0
     rx_out_of_buffer: 4048949440
     rx_packets_phy: 76198649114
     ch7_events: 341817305
     ch7_poll: 803967260
     ch7_arm: 333756128
     ch7_aff_change: 42828615
     ch7_force_irq: 0
     ch7_eq_rearm: 0
     rx7_packets: 12430505791
     rx7_bytes: 1855380041524
     rx7_csum_unnecessary: 6484
     rx7_csum_none: 0
     rx7_xdp_drop: 0
     rx7_xdp_redirect: 0
     rx7_gro_packets: 0
     rx7_gro_bytes: 0
     rx7_gro_skbs: 0
     rx7_gro_large_hds: 0
 312:          0          0          0          0          0          0          0    2594141  316912444   19128440          0          0          0          0          0      22171          0          0          0          0          0          0          0          0          0          0          0          0          0          0          0          0          0          0          0          0          0          0          0          0     222299          0          0          0          0          0          0          0          0          0          0          0          0          0          0          0          0          0          0          0          0          0          0          0 IR-PCI-MSIX-0000:c3:00.0    8-edge      mlx5_comp7@pci:0000:c3:00.0
@ 246037.01
     rx_buff_alloc_err: 0
     rx_congst_umr: 0
     rx_out_of_buffer: 4049109164
     rx_packets_phy: 76198808836
     ch7_events: 341817305
     ch7_poll: 803967260
     ch7_arm: 333756128
     ch7_aff_change: 42828615
     ch7_force_irq: 0
     ch7_eq_rearm: 0
     rx7_packets: 12430505791
     rx7_bytes: 1855380041524
     rx7_csum_unnecessary: 6484
     rx7_csum_none: 0
     rx7_xdp_drop: 0
     rx7_xdp_redirect: 0
     rx7_gro_packets: 0
     rx7_gro_bytes: 0
     rx7_gro_skbs: 0
     rx7_gro_large_hds: 0
 312:          0          0          0          0          0          0          0    2594141  316912444   19128440          0          0          0          0          0      22171          0          0          0          0          0          0          0          0          0          0          0          0          0          0          0          0          0          0          0          0          0          0          0          0     222299          0          0          0          0          0          0          0          0          0          0          0          0          0          0          0          0          0          0          0          0          0          0          0 IR-PCI-MSIX-0000:c3:00.0    8-edge      mlx5_comp7@pci:0000:c3:00.0
@ 246038.02
     rx_buff_alloc_err: 0
     rx_congst_umr: 0
     rx_out_of_buffer: 4049268865
     rx_packets_phy: 76198968550
     ch7_events: 341817305
     ch7_poll: 803967260
     ch7_arm: 333756128
     ch7_aff_change: 42828615
     ch7_force_irq: 0
     ch7_eq_rearm: 0
     rx7_packets: 12430505791
     rx7_bytes: 1855380041524
     rx7_csum_unnecessary: 6484
     rx7_csum_none: 0
     rx7_xdp_drop: 0
     rx7_xdp_redirect: 0
     rx7_gro_packets: 0
     rx7_gro_bytes: 0
     rx7_gro_skbs: 0
     rx7_gro_large_hds: 0
 312:          0          0          0          0          0          0          0    2594141  316912444   19128440          0          0          0          0          0      22171          0          0          0          0          0          0          0          0          0          0          0          0          0          0          0          0          0          0          0          0          0          0          0          0     222299          0          0          0          0          0          0          0          0          0          0          0          0          0          0          0          0          0          0          0          0          0          0          0 IR-PCI-MSIX-0000:c3:00.0    8-edge      mlx5_comp7@pci:0000:c3:00.0
@ 246039.03
     rx_buff_alloc_err: 0
     rx_congst_umr: 0
     rx_out_of_buffer: 4049428609
     rx_packets_phy: 76199128278
     ch7_events: 341817305
     ch7_poll: 803967260
     ch7_arm: 333756128
     ch7_aff_change: 42828615
     ch7_force_irq: 0
     ch7_eq_rearm: 0
     rx7_packets: 12430505791
     rx7_bytes: 1855380041524
     rx7_csum_unnecessary: 6484
     rx7_csum_none: 0
     rx7_xdp_drop: 0
     rx7_xdp_redirect: 0
     rx7_gro_packets: 0
     rx7_gro_bytes: 0
     rx7_gro_skbs: 0
     rx7_gro_large_hds: 0
 312:          0          0          0          0          0          0          0    2594141  316912444   19128440          0          0          0          0          0      22171          0          0          0          0          0          0          0          0          0          0          0          0          0          0          0          0          0          0          0          0          0          0          0          0     222299          0          0          0          0          0          0          0          0          0          0          0          0          0          0          0          0          0          0          0          0          0          0          0 IR-PCI-MSIX-0000:c3:00.0    8-edge      mlx5_comp7@pci:0000:c3:00.0
@ 246040.04
     rx_buff_alloc_err: 0
     rx_congst_umr: 0
     rx_out_of_buffer: 4049588289
     rx_packets_phy: 76199287966
     ch7_events: 341817305
     ch7_poll: 803967260
     ch7_arm: 333756128
     ch7_aff_change: 42828615
     ch7_force_irq: 0
     ch7_eq_rearm: 0
     rx7_packets: 12430505791
     rx7_bytes: 1855380041524
     rx7_csum_unnecessary: 6484
     rx7_csum_none: 0
     rx7_xdp_drop: 0
     rx7_xdp_redirect: 0
     rx7_gro_packets: 0
     rx7_gro_bytes: 0
     rx7_gro_skbs: 0
     rx7_gro_large_hds: 0
 312:          0          0          0          0          0          0          0    2594141  316912444   19128440          0          0          0          0          0      22171          0          0          0          0          0          0          0          0          0          0          0          0          0          0          0          0          0          0          0          0          0          0          0          0     222299          0          0          0          0          0          0          0          0          0          0          0          0          0          0          0          0          0          0          0          0          0          0          0 IR-PCI-MSIX-0000:c3:00.0    8-edge      mlx5_comp7@pci:0000:c3:00.0
@ 246041.05
     rx_buff_alloc_err: 0
     rx_congst_umr: 0
     rx_out_of_buffer: 4049748023
     rx_packets_phy: 76199447718
     ch7_events: 341817305
     ch7_poll: 803967260
     ch7_arm: 333756128
     ch7_aff_change: 42828615
     ch7_force_irq: 0
     ch7_eq_rearm: 0
     rx7_packets: 12430505791
     rx7_bytes: 1855380041524
     rx7_csum_unnecessary: 6484
     rx7_csum_none: 0
     rx7_xdp_drop: 0
     rx7_xdp_redirect: 0
     rx7_gro_packets: 0
     rx7_gro_bytes: 0
     rx7_gro_skbs: 0
     rx7_gro_large_hds: 0
 312:          0          0          0          0          0          0          0    2594141  316912444   19128440          0          0          0          0          0      22171          0          0          0          0          0          0          0          0          0          0          0          0          0          0          0          0          0          0          0          0          0          0          0          0     222299          0          0          0          0          0          0          0          0          0          0          0          0          0          0          0          0          0          0          0          0          0          0          0 IR-PCI-MSIX-0000:c3:00.0    8-edge      mlx5_comp7@pci:0000:c3:00.0
@ 246042.06
     rx_buff_alloc_err: 0
     rx_congst_umr: 0
     rx_out_of_buffer: 4049907766
     rx_packets_phy: 76199607472
     ch7_events: 341817305
     ch7_poll: 803967260
     ch7_arm: 333756128
     ch7_aff_change: 42828615
     ch7_force_irq: 0
     ch7_eq_rearm: 0
     rx7_packets: 12430505791
     rx7_bytes: 1855380041524
     rx7_csum_unnecessary: 6484
     rx7_csum_none: 0
     rx7_xdp_drop: 0
     rx7_xdp_redirect: 0
     rx7_gro_packets: 0
     rx7_gro_bytes: 0
     rx7_gro_skbs: 0
     rx7_gro_large_hds: 0
 312:          0          0          0          0          0          0          0    2594141  316912444   19128440          0          0          0          0          0      22171          0          0          0          0          0          0          0          0          0          0          0          0          0          0          0          0          0          0          0          0          0          0          0          0     222299          0          0          0          0          0          0          0          0          0          0          0          0          0          0          0          0          0          0          0          0          0          0          0 IR-PCI-MSIX-0000:c3:00.0    8-edge      mlx5_comp7@pci:0000:c3:00.0
@ 246043.07
     rx_buff_alloc_err: 0
     rx_congst_umr: 0
     rx_out_of_buffer: 4050067475
     rx_packets_phy: 76199767222
     ch7_events: 341817305
     ch7_poll: 803967260
     ch7_arm: 333756128
     ch7_aff_change: 42828615
     ch7_force_irq: 0
     ch7_eq_rearm: 0
     rx7_packets: 12430505791
     rx7_bytes: 1855380041524
     rx7_csum_unnecessary: 6484
     rx7_csum_none: 0
     rx7_xdp_drop: 0
     rx7_xdp_redirect: 0
     rx7_gro_packets: 0
     rx7_gro_bytes: 0
     rx7_gro_skbs: 0
     rx7_gro_large_hds: 0
 312:          0          0          0          0          0          0          0    2594141  316912444   19128440          0          0          0          0          0      22171          0          0          0          0          0          0          0          0          0          0          0          0          0          0          0          0          0          0          0          0          0          0          0          0     222299          0          0          0          0          0          0          0          0          0          0          0          0          0          0          0          0          0          0          0          0          0          0          0 IR-PCI-MSIX-0000:c3:00.0    8-edge      mlx5_comp7@pci:0000:c3:00.0
@ 246044.08
     rx_buff_alloc_err: 0
     rx_congst_umr: 0
     rx_out_of_buffer: 4050227201
     rx_packets_phy: 76199926927
     ch7_events: 341817305
     ch7_poll: 803967260
     ch7_arm: 333756128
     ch7_aff_change: 42828615
     ch7_force_irq: 0
     ch7_eq_rearm: 0
     rx7_packets: 12430505791
     rx7_bytes: 1855380041524
     rx7_csum_unnecessary: 6484
     rx7_csum_none: 0
     rx7_xdp_drop: 0
     rx7_xdp_redirect: 0
     rx7_gro_packets: 0
     rx7_gro_bytes: 0
     rx7_gro_skbs: 0
     rx7_gro_large_hds: 0
 312:          0          0          0          0          0          0          0    2594141  316912444   19128440          0          0          0          0          0      22171          0          0          0          0          0          0          0          0          0          0          0          0          0          0          0          0          0          0          0          0          0          0          0          0     222299          0          0          0          0          0          0          0          0          0          0          0          0          0          0          0          0          0          0          0          0          0          0          0 IR-PCI-MSIX-0000:c3:00.0    8-edge      mlx5_comp7@pci:0000:c3:00.0
@ 246045.09
     rx_buff_alloc_err: 0
     rx_congst_umr: 0
     rx_out_of_buffer: 4050386946
     rx_packets_phy: 76200086664
     ch7_events: 341817305
     ch7_poll: 803967260
     ch7_arm: 333756128
     ch7_aff_change: 42828615
     ch7_force_irq: 0
     ch7_eq_rearm: 0
     rx7_packets: 12430505791
     rx7_bytes: 1855380041524
     rx7_csum_unnecessary: 6484
     rx7_csum_none: 0
     rx7_xdp_drop: 0
     rx7_xdp_redirect: 0
     rx7_gro_packets: 0
     rx7_gro_bytes: 0
     rx7_gro_skbs: 0
     rx7_gro_large_hds: 0
 312:          0          0          0          0          0          0          0    2594141  316912444   19128440          0          0          0          0          0      22171          0          0          0          0          0          0          0          0          0          0          0          0          0          0          0          0          0          0          0          0          0          0          0          0     222299          0          0          0          0          0          0          0          0          0          0          0          0          0          0          0          0          0          0          0          0          0          0          0 IR-PCI-MSIX-0000:c3:00.0    8-edge      mlx5_comp7@pci:0000:c3:00.0
@ 246046.10
     rx_buff_alloc_err: 0
     rx_congst_umr: 0
     rx_out_of_buffer: 4050546644
     rx_packets_phy: 76200246420
     ch7_events: 341817305
     ch7_poll: 803967260
     ch7_arm: 333756128
     ch7_aff_change: 42828615
     ch7_force_irq: 0
     ch7_eq_rearm: 0
     rx7_packets: 12430505791
     rx7_bytes: 1855380041524
     rx7_csum_unnecessary: 6484
     rx7_csum_none: 0
     rx7_xdp_drop: 0
     rx7_xdp_redirect: 0
     rx7_gro_packets: 0
     rx7_gro_bytes: 0
     rx7_gro_skbs: 0
     rx7_gro_large_hds: 0
 312:          0          0          0          0          0          0          0    2594141  316912444   19128440          0          0          0          0          0      22171          0          0          0          0          0          0          0          0          0          0          0          0          0          0          0          0          0          0          0          0          0          0          0          0     222299          0          0          0          0          0          0          0          0          0          0          0          0          0          0          0          0          0          0          0          0          0          0          0 IR-PCI-MSIX-0000:c3:00.0    8-edge      mlx5_comp7@pci:0000:c3:00.0
@ 246047.11
     rx_buff_alloc_err: 0
     rx_congst_umr: 0
     rx_out_of_buffer: 4050706374
     rx_packets_phy: 76200406127
     ch7_events: 341817305
     ch7_poll: 803967260
     ch7_arm: 333756128
     ch7_aff_change: 42828615
     ch7_force_irq: 0
     ch7_eq_rearm: 0
     rx7_packets: 12430505791
     rx7_bytes: 1855380041524
     rx7_csum_unnecessary: 6484
     rx7_csum_none: 0
     rx7_xdp_drop: 0
     rx7_xdp_redirect: 0
     rx7_gro_packets: 0
     rx7_gro_bytes: 0
     rx7_gro_skbs: 0
     rx7_gro_large_hds: 0
 312:          0          0          0          0          0          0          0    2594141  316912444   19128440          0          0          0          0          0      22171          0          0          0          0          0          0          0          0          0          0          0          0          0          0          0          0          0          0          0          0          0          0          0          0     222299          0          0          0          0          0          0          0          0          0          0          0          0          0          0          0          0          0          0          0          0          0          0          0 IR-PCI-MSIX-0000:c3:00.0    8-edge      mlx5_comp7@pci:0000:c3:00.0
@ 246048.13
     rx_buff_alloc_err: 0
     rx_congst_umr: 0
     rx_out_of_buffer: 4050866120
     rx_packets_phy: 76200565864
     ch7_events: 341817305
     ch7_poll: 803967260
     ch7_arm: 333756128
     ch7_aff_change: 42828615
     ch7_force_irq: 0
     ch7_eq_rearm: 0
     rx7_packets: 12430505791
     rx7_bytes: 1855380041524
     rx7_csum_unnecessary: 6484
     rx7_csum_none: 0
     rx7_xdp_drop: 0
     rx7_xdp_redirect: 0
     rx7_gro_packets: 0
     rx7_gro_bytes: 0
     rx7_gro_skbs: 0
     rx7_gro_large_hds: 0
 312:          0          0          0          0          0          0          0    2594141  316912444   19128440          0          0          0          0          0      22171          0          0          0          0          0          0          0          0          0          0          0          0          0          0          0          0          0          0          0          0          0          0          0          0     222299          0          0          0          0          0          0          0          0          0          0          0          0          0          0          0          0          0          0          0          0          0          0          0 IR-PCI-MSIX-0000:c3:00.0    8-edge      mlx5_comp7@pci:0000:c3:00.0
@ 246049.14
     rx_buff_alloc_err: 0
     rx_congst_umr: 0
     rx_out_of_buffer: 4051025791
     rx_packets_phy: 76200725552
     ch7_events: 341817305
     ch7_poll: 803967260
     ch7_arm: 333756128
     ch7_aff_change: 42828615
     ch7_force_irq: 0
     ch7_eq_rearm: 0
     rx7_packets: 12430505791
     rx7_bytes: 1855380041524
     rx7_csum_unnecessary: 6484
     rx7_csum_none: 0
     rx7_xdp_drop: 0
     rx7_xdp_redirect: 0
     rx7_gro_packets: 0
     rx7_gro_bytes: 0
     rx7_gro_skbs: 0
     rx7_gro_large_hds: 0
 312:          0          0          0          0          0          0          0    2594141  316912444   19128440          0          0          0          0          0      22171          0          0          0          0          0          0          0          0          0          0          0          0          0          0          0          0          0          0          0          0          0          0          0          0     222299          0          0          0          0          0          0          0          0          0          0          0          0          0          0          0          0          0          0          0          0          0          0          0 IR-PCI-MSIX-0000:c3:00.0    8-edge      mlx5_comp7@pci:0000:c3:00.0
@ 246050.15
     rx_buff_alloc_err: 0
     rx_congst_umr: 0
     rx_out_of_buffer: 4051185483
     rx_packets_phy: 76200885272
     ch7_events: 341817305
     ch7_poll: 803967260
     ch7_arm: 333756128
     ch7_aff_change: 42828615
     ch7_force_irq: 0
     ch7_eq_rearm: 0
     rx7_packets: 12430505791
     rx7_bytes: 1855380041524
     rx7_csum_unnecessary: 6484
     rx7_csum_none: 0
     rx7_xdp_drop: 0
     rx7_xdp_redirect: 0
     rx7_gro_packets: 0
     rx7_gro_bytes: 0
     rx7_gro_skbs: 0
     rx7_gro_large_hds: 0
 312:          0          0          0          0          0          0          0    2594141  316912444   19128440          0          0          0          0          0      22171          0          0          0          0          0          0          0          0          0          0          0          0          0          0          0          0          0          0          0          0          0          0          0          0     222299          0          0          0          0          0          0          0          0          0          0          0          0          0          0          0          0          0          0          0          0          0          0          0 IR-PCI-MSIX-0000:c3:00.0    8-edge      mlx5_comp7@pci:0000:c3:00.0
@ 246051.16
     rx_buff_alloc_err: 0
     rx_congst_umr: 0
     rx_out_of_buffer: 4051345272
     rx_packets_phy: 76201045062
     ch7_events: 341817305
     ch7_poll: 803967260
     ch7_arm: 333756128
     ch7_aff_change: 42828615
     ch7_force_irq: 0
     ch7_eq_rearm: 0
     rx7_packets: 12430505791
     rx7_bytes: 1855380041524
     rx7_csum_unnecessary: 6484
     rx7_csum_none: 0
     rx7_xdp_drop: 0
     rx7_xdp_redirect: 0
     rx7_gro_packets: 0
     rx7_gro_bytes: 0
     rx7_gro_skbs: 0
     rx7_gro_large_hds: 0
 312:          0          0          0          0          0          0          0    2594141  316912444   19128440          0          0          0          0          0      22171          0          0          0          0          0          0          0          0          0          0          0          0          0          0          0          0          0          0          0          0          0          0          0          0     222299          0          0          0          0          0          0          0          0          0          0          0          0          0          0          0          0          0          0          0          0          0          0          0 IR-PCI-MSIX-0000:c3:00.0    8-edge      mlx5_comp7@pci:0000:c3:00.0
@ 246052.17
     rx_buff_alloc_err: 0
     rx_congst_umr: 0
     rx_out_of_buffer: 4051504974
     rx_packets_phy: 76201204797
     ch7_events: 341817305
     ch7_poll: 803967260
     ch7_arm: 333756128
     ch7_aff_change: 42828615
     ch7_force_irq: 0
     ch7_eq_rearm: 0
     rx7_packets: 12430505791
     rx7_bytes: 1855380041524
     rx7_csum_unnecessary: 6484
     rx7_csum_none: 0
     rx7_xdp_drop: 0
     rx7_xdp_redirect: 0
     rx7_gro_packets: 0
     rx7_gro_bytes: 0
     rx7_gro_skbs: 0
     rx7_gro_large_hds: 0
 312:          0          0          0          0          0          0          0    2594141  316912444   19128440          0          0          0          0          0      22171          0          0          0          0          0          0          0          0          0          0          0          0          0          0          0          0          0          0          0          0          0          0          0          0     222299          0          0          0          0          0          0          0          0          0          0          0          0          0          0          0          0          0          0          0          0          0          0          0 IR-PCI-MSIX-0000:c3:00.0    8-edge      mlx5_comp7@pci:0000:c3:00.0
@ 246053.18
     rx_buff_alloc_err: 0
     rx_congst_umr: 0
     rx_out_of_buffer: 4051664718
     rx_packets_phy: 76201364540
     ch7_events: 341817305
     ch7_poll: 803967260
     ch7_arm: 333756128
     ch7_aff_change: 42828615
     ch7_force_irq: 0
     ch7_eq_rearm: 0
     rx7_packets: 12430505791
     rx7_bytes: 1855380041524
     rx7_csum_unnecessary: 6484
     rx7_csum_none: 0
     rx7_xdp_drop: 0
     rx7_xdp_redirect: 0
     rx7_gro_packets: 0
     rx7_gro_bytes: 0
     rx7_gro_skbs: 0
     rx7_gro_large_hds: 0
 312:          0          0          0          0          0          0          0    2594141  316912444   19128440          0          0          0          0          0      22171          0          0          0          0          0          0          0          0          0          0          0          0          0          0          0          0          0          0          0          0          0          0          0          0     222299          0          0          0          0          0          0          0          0          0          0          0          0          0          0          0          0          0          0          0          0          0          0          0 IR-PCI-MSIX-0000:c3:00.0    8-edge      mlx5_comp7@pci:0000:c3:00.0
@ 246054.19
     rx_buff_alloc_err: 0
     rx_congst_umr: 0
     rx_out_of_buffer: 4051824507
     rx_packets_phy: 76201524328
     ch7_events: 341817305
     ch7_poll: 803967260
     ch7_arm: 333756128
     ch7_aff_change: 42828615
     ch7_force_irq: 0
     ch7_eq_rearm: 0
     rx7_packets: 12430505791
     rx7_bytes: 1855380041524
     rx7_csum_unnecessary: 6484
     rx7_csum_none: 0
     rx7_xdp_drop: 0
     rx7_xdp_redirect: 0
     rx7_gro_packets: 0
     rx7_gro_bytes: 0
     rx7_gro_skbs: 0
     rx7_gro_large_hds: 0
 312:          0          0          0          0          0          0          0    2594141  316912444   19128440          0          0          0          0          0      22171          0          0          0          0          0          0          0          0          0          0          0          0          0          0          0          0          0          0          0          0          0          0          0          0     222299          0          0          0          0          0          0          0          0          0          0          0          0          0          0          0          0          0          0          0          0          0          0          0 IR-PCI-MSIX-0000:c3:00.0    8-edge      mlx5_comp7@pci:0000:c3:00.0
@ 246055.20
     rx_buff_alloc_err: 0
     rx_congst_umr: 0
     rx_out_of_buffer: 4051984222
     rx_packets_phy: 76201684082
     ch7_events: 341817305
     ch7_poll: 803967260
     ch7_arm: 333756128
     ch7_aff_change: 42828615
     ch7_force_irq: 0
     ch7_eq_rearm: 0
     rx7_packets: 12430505791
     rx7_bytes: 1855380041524
     rx7_csum_unnecessary: 6484
     rx7_csum_none: 0
     rx7_xdp_drop: 0
     rx7_xdp_redirect: 0
     rx7_gro_packets: 0
     rx7_gro_bytes: 0
     rx7_gro_skbs: 0
     rx7_gro_large_hds: 0
 312:          0          0          0          0          0          0          0    2594141  316912444   19128440          0          0          0          0          0      22171          0          0          0          0          0          0          0          0          0          0          0          0          0          0          0          0          0          0          0          0          0          0          0          0     222299          0          0          0          0          0          0          0          0          0          0          0          0          0          0          0          0          0          0          0          0          0          0          0 IR-PCI-MSIX-0000:c3:00.0    8-edge      mlx5_comp7@pci:0000:c3:00.0
@ 246056.21
     rx_buff_alloc_err: 0
     rx_congst_umr: 0
     rx_out_of_buffer: 4052143953
     rx_packets_phy: 76201843792
     ch7_events: 341817305
     ch7_poll: 803967260
     ch7_arm: 333756128
     ch7_aff_change: 42828615
     ch7_force_irq: 0
     ch7_eq_rearm: 0
     rx7_packets: 12430505791
     rx7_bytes: 1855380041524
     rx7_csum_unnecessary: 6484
     rx7_csum_none: 0
     rx7_xdp_drop: 0
     rx7_xdp_redirect: 0
     rx7_gro_packets: 0
     rx7_gro_bytes: 0
     rx7_gro_skbs: 0
     rx7_gro_large_hds: 0
 312:          0          0          0          0          0          0          0    2594141  316912444   19128440          0          0          0          0          0      22171          0          0          0          0          0          0          0          0          0          0          0          0          0          0          0          0          0          0          0          0          0          0          0          0     222299          0          0          0          0          0          0          0          0          0          0          0          0          0          0          0          0          0          0          0          0          0          0          0 IR-PCI-MSIX-0000:c3:00.0    8-edge      mlx5_comp7@pci:0000:c3:00.0
@ 246057.22
     rx_buff_alloc_err: 0
     rx_congst_umr: 0
     rx_out_of_buffer: 4052303696
     rx_packets_phy: 76202003527
     ch7_events: 341817305
     ch7_poll: 803967260
     ch7_arm: 333756128
     ch7_aff_change: 42828615
     ch7_force_irq: 0
     ch7_eq_rearm: 0
     rx7_packets: 12430505791
     rx7_bytes: 1855380041524
     rx7_csum_unnecessary: 6484
     rx7_csum_none: 0
     rx7_xdp_drop: 0
     rx7_xdp_redirect: 0
     rx7_gro_packets: 0
     rx7_gro_bytes: 0
     rx7_gro_skbs: 0
     rx7_gro_large_hds: 0
 312:          0          0          0          0          0          0          0    2594141  316912444   19128440          0          0          0          0          0      22171          0          0          0          0          0          0          0          0          0          0          0          0          0          0          0          0          0          0          0          0          0          0          0          0     222299          0          0          0          0          0          0          0          0          0          0          0          0          0          0          0          0          0          0          0          0          0          0          0 IR-PCI-MSIX-0000:c3:00.0    8-edge      mlx5_comp7@pci:0000:c3:00.0
@ 246058.23
     rx_buff_alloc_err: 0
     rx_congst_umr: 0
     rx_out_of_buffer: 4052463413
     rx_packets_phy: 76202163284
     ch7_events: 341817305
     ch7_poll: 803967260
     ch7_arm: 333756128
     ch7_aff_change: 42828615
     ch7_force_irq: 0
     ch7_eq_rearm: 0
     rx7_packets: 12430505791
     rx7_bytes: 1855380041524
     rx7_csum_unnecessary: 6484
     rx7_csum_none: 0
     rx7_xdp_drop: 0
     rx7_xdp_redirect: 0
     rx7_gro_packets: 0
     rx7_gro_bytes: 0
     rx7_gro_skbs: 0
     rx7_gro_large_hds: 0
 312:          0          0          0          0          0          0          0    2594141  316912444   19128440          0          0          0          0          0      22171          0          0          0          0          0          0          0          0          0          0          0          0          0          0          0          0          0          0          0          0          0          0          0          0     222299          0          0          0          0          0          0          0          0          0          0          0          0          0          0          0          0          0          0          0          0          0          0          0 IR-PCI-MSIX-0000:c3:00.0    8-edge      mlx5_comp7@pci:0000:c3:00.0
@ 246059.25
     rx_buff_alloc_err: 0
     rx_congst_umr: 0
     rx_out_of_buffer: 4052623160
     rx_packets_phy: 76202323034
     ch7_events: 341817305
     ch7_poll: 803967260
     ch7_arm: 333756128
     ch7_aff_change: 42828615
     ch7_force_irq: 0
     ch7_eq_rearm: 0
     rx7_packets: 12430505791
     rx7_bytes: 1855380041524
     rx7_csum_unnecessary: 6484
     rx7_csum_none: 0
     rx7_xdp_drop: 0
     rx7_xdp_redirect: 0
     rx7_gro_packets: 0
     rx7_gro_bytes: 0
     rx7_gro_skbs: 0
     rx7_gro_large_hds: 0
 312:          0          0          0          0          0          0          0    2594141  316912444   19128440          0          0          0          0          0      22171          0          0          0          0          0          0          0          0          0          0          0          0          0          0          0          0          0          0          0          0          0          0          0          0     222299          0          0          0          0          0          0          0          0          0          0          0          0          0          0          0          0          0          0          0          0          0          0          0 IR-PCI-MSIX-0000:c3:00.0    8-edge      mlx5_comp7@pci:0000:c3:00.0
@ 246060.26
     rx_buff_alloc_err: 0
     rx_congst_umr: 0
     rx_out_of_buffer: 4052782930
     rx_packets_phy: 76202482789
     ch7_events: 341817305
     ch7_poll: 803967260
     ch7_arm: 333756128
     ch7_aff_change: 42828615
     ch7_force_irq: 0
     ch7_eq_rearm: 0
     rx7_packets: 12430505791
     rx7_bytes: 1855380041524
     rx7_csum_unnecessary: 6484
     rx7_csum_none: 0
     rx7_xdp_drop: 0
     rx7_xdp_redirect: 0
     rx7_gro_packets: 0
     rx7_gro_bytes: 0
     rx7_gro_skbs: 0
     rx7_gro_large_hds: 0
 312:          0          0          0          0          0          0          0    2594141  316912444   19128440          0          0          0          0          0      22171          0          0          0          0          0          0          0          0          0          0          0          0          0          0          0          0          0          0          0          0          0          0          0          0     222299          0          0          0          0          0          0          0          0          0          0          0          0          0          0          0          0          0          0          0          0          0          0          0 IR-PCI-MSIX-0000:c3:00.0    8-edge      mlx5_comp7@pci:0000:c3:00.0
@ 246061.27
     rx_buff_alloc_err: 0
     rx_congst_umr: 0
     rx_out_of_buffer: 4052942610
     rx_packets_phy: 76202642478
     ch7_events: 341817305
     ch7_poll: 803967260
     ch7_arm: 333756128
     ch7_aff_change: 42828615
     ch7_force_irq: 0
     ch7_eq_rearm: 0
     rx7_packets: 12430505791
     rx7_bytes: 1855380041524
     rx7_csum_unnecessary: 6484
     rx7_csum_none: 0
     rx7_xdp_drop: 0
     rx7_xdp_redirect: 0
     rx7_gro_packets: 0
     rx7_gro_bytes: 0
     rx7_gro_skbs: 0
     rx7_gro_large_hds: 0
 312:          0          0          0          0          0          0          0    2594141  316912444   19128440          0          0          0          0          0      22171          0          0          0          0          0          0          0          0          0          0          0          0          0          0          0          0          0          0          0          0          0          0          0          0     222299          0          0          0          0          0          0          0          0          0          0          0          0          0          0          0          0          0          0          0          0          0          0          0 IR-PCI-MSIX-0000:c3:00.0    8-edge      mlx5_comp7@pci:0000:c3:00.0
@ 246062.28
     rx_buff_alloc_err: 0
     rx_congst_umr: 0
     rx_out_of_buffer: 4053102355
     rx_packets_phy: 76202802242
     ch7_events: 341817305
     ch7_poll: 803967260
     ch7_arm: 333756128
     ch7_aff_change: 42828615
     ch7_force_irq: 0
     ch7_eq_rearm: 0
     rx7_packets: 12430505791
     rx7_bytes: 1855380041524
     rx7_csum_unnecessary: 6484
     rx7_csum_none: 0
     rx7_xdp_drop: 0
     rx7_xdp_redirect: 0
     rx7_gro_packets: 0
     rx7_gro_bytes: 0
     rx7_gro_skbs: 0
     rx7_gro_large_hds: 0
 312:          0          0          0          0          0          0          0    2594141  316912444   19128440          0          0          0          0          0      22171          0          0          0          0          0          0          0          0          0          0          0          0          0          0          0          0          0          0          0          0          0          0          0          0     222299          0          0          0          0          0          0          0          0          0          0          0          0          0          0          0          0          0          0          0          0          0          0          0 IR-PCI-MSIX-0000:c3:00.0    8-edge      mlx5_comp7@pci:0000:c3:00.0
@ 246063.29
     rx_buff_alloc_err: 0
     rx_congst_umr: 0
     rx_out_of_buffer: 4053262077
     rx_packets_phy: 76202961982
     ch7_events: 341817305
     ch7_poll: 803967260
     ch7_arm: 333756128
     ch7_aff_change: 42828615
     ch7_force_irq: 0
     ch7_eq_rearm: 0
     rx7_packets: 12430505791
     rx7_bytes: 1855380041524
     rx7_csum_unnecessary: 6484
     rx7_csum_none: 0
     rx7_xdp_drop: 0
     rx7_xdp_redirect: 0
     rx7_gro_packets: 0
     rx7_gro_bytes: 0
     rx7_gro_skbs: 0
     rx7_gro_large_hds: 0
 312:          0          0          0          0          0          0          0    2594141  316912444   19128440          0          0          0          0          0      22171          0          0          0          0          0          0          0          0          0          0          0          0          0          0          0          0          0          0          0          0          0          0          0          0     222299          0          0          0          0          0          0          0          0          0          0          0          0          0          0          0          0          0          0          0          0          0          0          0 IR-PCI-MSIX-0000:c3:00.0    8-edge      mlx5_comp7@pci:0000:c3:00.0
@ 246064.30
     rx_buff_alloc_err: 0
     rx_congst_umr: 0
     rx_out_of_buffer: 4053421783
     rx_packets_phy: 76203121689
     ch7_events: 341817305
     ch7_poll: 803967260
     ch7_arm: 333756128
     ch7_aff_change: 42828615
     ch7_force_irq: 0
     ch7_eq_rearm: 0
     rx7_packets: 12430505791
     rx7_bytes: 1855380041524
     rx7_csum_unnecessary: 6484
     rx7_csum_none: 0
     rx7_xdp_drop: 0
     rx7_xdp_redirect: 0
     rx7_gro_packets: 0
     rx7_gro_bytes: 0
     rx7_gro_skbs: 0
     rx7_gro_large_hds: 0
 312:          0          0          0          0          0          0          0    2594141  316912444   19128440          0          0          0          0          0      22171          0          0          0          0          0          0          0          0          0          0          0          0          0          0          0          0          0          0          0          0          0          0          0          0     222299          0          0          0          0          0          0          0          0          0          0          0          0          0          0          0          0          0          0          0          0          0          0          0 IR-PCI-MSIX-0000:c3:00.0    8-edge      mlx5_comp7@pci:0000:c3:00.0
@ 246065.31
     rx_buff_alloc_err: 0
     rx_congst_umr: 0
     rx_out_of_buffer: 4053581505
     rx_packets_phy: 76203281427
     ch7_events: 341817305
     ch7_poll: 803967260
     ch7_arm: 333756128
     ch7_aff_change: 42828615
     ch7_force_irq: 0
     ch7_eq_rearm: 0
     rx7_packets: 12430505791
     rx7_bytes: 1855380041524
     rx7_csum_unnecessary: 6484
     rx7_csum_none: 0
     rx7_xdp_drop: 0
     rx7_xdp_redirect: 0
     rx7_gro_packets: 0
     rx7_gro_bytes: 0
     rx7_gro_skbs: 0
     rx7_gro_large_hds: 0
 312:          0          0          0          0          0          0          0    2594141  316912444   19128440          0          0          0          0          0      22171          0          0          0          0          0          0          0          0          0          0          0          0          0          0          0          0          0          0          0          0          0          0          0          0     222299          0          0          0          0          0          0          0          0          0          0          0          0          0          0          0          0          0          0          0          0          0          0          0 IR-PCI-MSIX-0000:c3:00.0    8-edge      mlx5_comp7@pci:0000:c3:00.0
@ 246066.32
     rx_buff_alloc_err: 0
     rx_congst_umr: 0
     rx_out_of_buffer: 4053741210
     rx_packets_phy: 76203441116
     ch7_events: 341817305
     ch7_poll: 803967260
     ch7_arm: 333756128
     ch7_aff_change: 42828615
     ch7_force_irq: 0
     ch7_eq_rearm: 0
     rx7_packets: 12430505791
     rx7_bytes: 1855380041524
     rx7_csum_unnecessary: 6484
     rx7_csum_none: 0
     rx7_xdp_drop: 0
     rx7_xdp_redirect: 0
     rx7_gro_packets: 0
     rx7_gro_bytes: 0
     rx7_gro_skbs: 0
     rx7_gro_large_hds: 0
 312:          0          0          0          0          0          0          0    2594141  316912444   19128440          0          0          0          0          0      22171          0          0          0          0          0          0          0          0          0          0          0          0          0          0          0          0          0          0          0          0          0          0          0          0     222299          0          0          0          0          0          0          0          0          0          0          0          0          0          0          0          0          0          0          0          0          0          0          0 IR-PCI-MSIX-0000:c3:00.0    8-edge      mlx5_comp7@pci:0000:c3:00.0
@ 246067.33
     rx_buff_alloc_err: 0
     rx_congst_umr: 0
     rx_out_of_buffer: 4053900891
     rx_packets_phy: 76203600848
     ch7_events: 341817305
     ch7_poll: 803967260
     ch7_arm: 333756128
     ch7_aff_change: 42828615
     ch7_force_irq: 0
     ch7_eq_rearm: 0
     rx7_packets: 12430505791
     rx7_bytes: 1855380041524
     rx7_csum_unnecessary: 6484
     rx7_csum_none: 0
     rx7_xdp_drop: 0
     rx7_xdp_redirect: 0
     rx7_gro_packets: 0
     rx7_gro_bytes: 0
     rx7_gro_skbs: 0
     rx7_gro_large_hds: 0
 312:          0          0          0          0          0          0          0    2594141  316912444   19128440          0          0          0          0          0      22171          0          0          0          0          0          0          0          0          0          0          0          0          0          0          0          0          0          0          0          0          0          0          0          0     222299          0          0          0          0          0          0          0          0          0          0          0          0          0          0          0          0          0          0          0          0          0          0          0 IR-PCI-MSIX-0000:c3:00.0    8-edge      mlx5_comp7@pci:0000:c3:00.0
@ 246068.34
     rx_buff_alloc_err: 0
     rx_congst_umr: 0
     rx_out_of_buffer: 4054060637
     rx_packets_phy: 76203760578
     ch7_events: 341817305
     ch7_poll: 803967260
     ch7_arm: 333756128
     ch7_aff_change: 42828615
     ch7_force_irq: 0
     ch7_eq_rearm: 0
     rx7_packets: 12430505791
     rx7_bytes: 1855380041524
     rx7_csum_unnecessary: 6484
     rx7_csum_none: 0
     rx7_xdp_drop: 0
     rx7_xdp_redirect: 0
     rx7_gro_packets: 0
     rx7_gro_bytes: 0
     rx7_gro_skbs: 0
     rx7_gro_large_hds: 0
 312:          0          0          0          0          0          0          0    2594141  316912444   19128440          0          0          0          0          0      22171          0          0          0          0          0          0          0          0          0          0          0          0          0          0          0          0          0          0          0          0          0          0          0          0     222299          0          0          0          0          0          0          0          0          0          0          0          0          0          0          0          0          0          0          0          0          0          0          0 IR-PCI-MSIX-0000:c3:00.0    8-edge      mlx5_comp7@pci:0000:c3:00.0
@ 246069.35
     rx_buff_alloc_err: 0
     rx_congst_umr: 0
     rx_out_of_buffer: 4054220358
     rx_packets_phy: 76203920311
     ch7_events: 341817305
     ch7_poll: 803967260
     ch7_arm: 333756128
     ch7_aff_change: 42828615
     ch7_force_irq: 0
     ch7_eq_rearm: 0
     rx7_packets: 12430505791
     rx7_bytes: 1855380041524
     rx7_csum_unnecessary: 6484
     rx7_csum_none: 0
     rx7_xdp_drop: 0
     rx7_xdp_redirect: 0
     rx7_gro_packets: 0
     rx7_gro_bytes: 0
     rx7_gro_skbs: 0
     rx7_gro_large_hds: 0
 312:          0          0          0          0          0          0          0    2594141  316912444   19128440          0          0          0          0          0      22171          0          0          0          0          0          0          0          0          0          0          0          0          0          0          0          0          0          0          0          0          0          0          0          0     222299          0          0          0          0          0          0          0          0          0          0          0          0          0          0          0          0          0          0          0          0          0          0          0 IR-PCI-MSIX-0000:c3:00.0    8-edge      mlx5_comp7@pci:0000:c3:00.0
@ 246070.37
     rx_buff_alloc_err: 0
     rx_congst_umr: 0
     rx_out_of_buffer: 4054380033
     rx_packets_phy: 76204080003
     ch7_events: 341817305
     ch7_poll: 803967260
     ch7_arm: 333756128
     ch7_aff_change: 42828615
     ch7_force_irq: 0
     ch7_eq_rearm: 0
     rx7_packets: 12430505791
     rx7_bytes: 1855380041524
     rx7_csum_unnecessary: 6484
     rx7_csum_none: 0
     rx7_xdp_drop: 0
     rx7_xdp_redirect: 0
     rx7_gro_packets: 0
     rx7_gro_bytes: 0
     rx7_gro_skbs: 0
     rx7_gro_large_hds: 0
 312:          0          0          0          0          0          0          0    2594141  316912444   19128440          0          0          0          0          0      22171          0          0          0          0          0          0          0          0          0          0          0          0          0          0          0          0          0          0          0          0          0          0          0          0     222299          0          0          0          0          0          0          0          0          0          0          0          0          0          0          0          0          0          0          0          0          0          0          0 IR-PCI-MSIX-0000:c3:00.0    8-edge      mlx5_comp7@pci:0000:c3:00.0
@ 246071.38
     rx_buff_alloc_err: 0
     rx_congst_umr: 0
     rx_out_of_buffer: 4054539745
     rx_packets_phy: 76204239705
     ch7_events: 341817305
     ch7_poll: 803967260
     ch7_arm: 333756128
     ch7_aff_change: 42828615
     ch7_force_irq: 0
     ch7_eq_rearm: 0
     rx7_packets: 12430505791
     rx7_bytes: 1855380041524
     rx7_csum_unnecessary: 6484
     rx7_csum_none: 0
     rx7_xdp_drop: 0
     rx7_xdp_redirect: 0
     rx7_gro_packets: 0
     rx7_gro_bytes: 0
     rx7_gro_skbs: 0
     rx7_gro_large_hds: 0
 312:          0          0          0          0          0          0          0    2594141  316912444   19128440          0          0          0          0          0      22171          0          0          0          0          0          0          0          0          0          0          0          0          0          0          0          0          0          0          0          0          0          0          0          0     222299          0          0          0          0          0          0          0          0          0          0          0          0          0          0          0          0          0          0          0          0          0          0          0 IR-PCI-MSIX-0000:c3:00.0    8-edge      mlx5_comp7@pci:0000:c3:00.0
@ 246072.39
     rx_buff_alloc_err: 0
     rx_congst_umr: 0
     rx_out_of_buffer: 4054699478
     rx_packets_phy: 76204399447
     ch7_events: 341817305
     ch7_poll: 803967260
     ch7_arm: 333756128
     ch7_aff_change: 42828615
     ch7_force_irq: 0
     ch7_eq_rearm: 0
     rx7_packets: 12430505791
     rx7_bytes: 1855380041524
     rx7_csum_unnecessary: 6484
     rx7_csum_none: 0
     rx7_xdp_drop: 0
     rx7_xdp_redirect: 0
     rx7_gro_packets: 0
     rx7_gro_bytes: 0
     rx7_gro_skbs: 0
     rx7_gro_large_hds: 0
 312:          0          0          0          0          0          0          0    2594141  316912444   19128440          0          0          0          0          0      22171          0          0          0          0          0          0          0          0          0          0          0          0          0          0          0          0          0          0          0          0          0          0          0          0     222299          0          0          0          0          0          0          0          0          0          0          0          0          0          0          0          0          0          0          0          0          0          0          0 IR-PCI-MSIX-0000:c3:00.0    8-edge      mlx5_comp7@pci:0000:c3:00.0
@ 246073.40
     rx_buff_alloc_err: 0
     rx_congst_umr: 0
     rx_out_of_buffer: 4054859204
     rx_packets_phy: 76204559196
     ch7_events: 341817305
     ch7_poll: 803967260
     ch7_arm: 333756128
     ch7_aff_change: 42828615
     ch7_force_irq: 0
     ch7_eq_rearm: 0
     rx7_packets: 12430505791
     rx7_bytes: 1855380041524
     rx7_csum_unnecessary: 6484
     rx7_csum_none: 0
     rx7_xdp_drop: 0
     rx7_xdp_redirect: 0
     rx7_gro_packets: 0
     rx7_gro_bytes: 0
     rx7_gro_skbs: 0
     rx7_gro_large_hds: 0
 312:          0          0          0          0          0          0          0    2594141  316912444   19128440          0          0          0          0          0      22171          0          0          0          0          0          0          0          0          0          0          0          0          0          0          0          0          0          0          0          0          0          0          0          0     222299          0          0          0          0          0          0          0          0          0          0          0          0          0          0          0          0          0          0          0          0          0          0          0 IR-PCI-MSIX-0000:c3:00.0    8-edge      mlx5_comp7@pci:0000:c3:00.0
@ 246074.41
     rx_buff_alloc_err: 0
     rx_congst_umr: 0
     rx_out_of_buffer: 4055018915
     rx_packets_phy: 76204718903
     ch7_events: 341817305
     ch7_poll: 803967260
     ch7_arm: 333756128
     ch7_aff_change: 42828615
     ch7_force_irq: 0
     ch7_eq_rearm: 0
     rx7_packets: 12430505791
     rx7_bytes: 1855380041524
     rx7_csum_unnecessary: 6484
     rx7_csum_none: 0
     rx7_xdp_drop: 0
     rx7_xdp_redirect: 0
     rx7_gro_packets: 0
     rx7_gro_bytes: 0
     rx7_gro_skbs: 0
     rx7_gro_large_hds: 0
 312:          0          0          0          0          0          0          0    2594141  316912444   19128440          0          0          0          0          0      22171          0          0          0          0          0          0          0          0          0          0          0          0          0          0          0          0          0          0          0          0          0          0          0          0     222299          0          0          0          0          0          0          0          0          0          0          0          0          0          0          0          0          0          0          0          0          0          0          0 IR-PCI-MSIX-0000:c3:00.0    8-edge      mlx5_comp7@pci:0000:c3:00.0
@ 246075.42
     rx_buff_alloc_err: 0
     rx_congst_umr: 0
     rx_out_of_buffer: 4055178641
     rx_packets_phy: 76204878640
     ch7_events: 341817305
     ch7_poll: 803967260
     ch7_arm: 333756128
     ch7_aff_change: 42828615
     ch7_force_irq: 0
     ch7_eq_rearm: 0
     rx7_packets: 12430505791
     rx7_bytes: 1855380041524
     rx7_csum_unnecessary: 6484
     rx7_csum_none: 0
     rx7_xdp_drop: 0
     rx7_xdp_redirect: 0
     rx7_gro_packets: 0
     rx7_gro_bytes: 0
     rx7_gro_skbs: 0
     rx7_gro_large_hds: 0
 312:          0          0          0          0          0          0          0    2594141  316912444   19128440          0          0          0          0          0      22171          0          0          0          0          0          0          0          0          0          0          0          0          0          0          0          0          0          0          0          0          0          0          0          0     222299          0          0          0          0          0          0          0          0          0          0          0          0          0          0          0          0          0          0          0          0          0          0          0 IR-PCI-MSIX-0000:c3:00.0    8-edge      mlx5_comp7@pci:0000:c3:00.0
@ 246076.43
     rx_buff_alloc_err: 0
     rx_congst_umr: 0
     rx_out_of_buffer: 4055338339
     rx_packets_phy: 76205038348
     ch7_events: 341817305
     ch7_poll: 803967260
     ch7_arm: 333756128
     ch7_aff_change: 42828615
     ch7_force_irq: 0
     ch7_eq_rearm: 0
     rx7_packets: 12430505791
     rx7_bytes: 1855380041524
     rx7_csum_unnecessary: 6484
     rx7_csum_none: 0
     rx7_xdp_drop: 0
     rx7_xdp_redirect: 0
     rx7_gro_packets: 0
     rx7_gro_bytes: 0
     rx7_gro_skbs: 0
     rx7_gro_large_hds: 0
 312:          0          0          0          0          0          0          0    2594141  316912444   19128440          0          0          0          0          0      22171          0          0          0          0          0          0          0          0          0          0          0          0          0          0          0          0          0          0          0          0          0          0          0          0     222299          0          0          0          0          0          0          0          0          0          0          0          0          0          0          0          0          0          0          0          0          0          0          0 IR-PCI-MSIX-0000:c3:00.0    8-edge      mlx5_comp7@pci:0000:c3:00.0
@ 246077.44
     rx_buff_alloc_err: 0
     rx_congst_umr: 0
     rx_out_of_buffer: 4055498085
     rx_packets_phy: 76205198096
     ch7_events: 341817305
     ch7_poll: 803967260
     ch7_arm: 333756128
     ch7_aff_change: 42828615
     ch7_force_irq: 0
     ch7_eq_rearm: 0
     rx7_packets: 12430505791
     rx7_bytes: 1855380041524
     rx7_csum_unnecessary: 6484
     rx7_csum_none: 0
     rx7_xdp_drop: 0
     rx7_xdp_redirect: 0
     rx7_gro_packets: 0
     rx7_gro_bytes: 0
     rx7_gro_skbs: 0
     rx7_gro_large_hds: 0
 312:          0          0          0          0          0          0          0    2594141  316912444   19128440          0          0          0          0          0      22171          0          0          0          0          0          0          0          0          0          0          0          0          0          0          0          0          0          0          0          0          0          0          0          0     222299          0          0          0          0          0          0          0          0          0          0          0          0          0          0          0          0          0          0          0          0          0          0          0 IR-PCI-MSIX-0000:c3:00.0    8-edge      mlx5_comp7@pci:0000:c3:00.0
@ 246078.45
     rx_buff_alloc_err: 0
     rx_congst_umr: 0
     rx_out_of_buffer: 4055657830
     rx_packets_phy: 76205357836
     ch7_events: 341817305
     ch7_poll: 803967260
     ch7_arm: 333756128
     ch7_aff_change: 42828615
     ch7_force_irq: 0
     ch7_eq_rearm: 0
     rx7_packets: 12430505791
     rx7_bytes: 1855380041524
     rx7_csum_unnecessary: 6484
     rx7_csum_none: 0
     rx7_xdp_drop: 0
     rx7_xdp_redirect: 0
     rx7_gro_packets: 0
     rx7_gro_bytes: 0
     rx7_gro_skbs: 0
     rx7_gro_large_hds: 0
 312:          0          0          0          0          0          0          0    2594141  316912444   19128440          0          0          0          0          0      22171          0          0          0          0          0          0          0          0          0          0          0          0          0          0          0          0          0          0          0          0          0          0          0          0     222299          0          0          0          0          0          0          0          0          0          0          0          0          0          0          0          0          0          0          0          0          0          0          0 IR-PCI-MSIX-0000:c3:00.0    8-edge      mlx5_comp7@pci:0000:c3:00.0
@ 246079.46
     rx_buff_alloc_err: 0
     rx_congst_umr: 0
     rx_out_of_buffer: 4055817514
     rx_packets_phy: 76205517583
     ch7_events: 341817305
     ch7_poll: 803967260
     ch7_arm: 333756128
     ch7_aff_change: 42828615
     ch7_force_irq: 0
     ch7_eq_rearm: 0
     rx7_packets: 12430505791
     rx7_bytes: 1855380041524
     rx7_csum_unnecessary: 6484
     rx7_csum_none: 0
     rx7_xdp_drop: 0
     rx7_xdp_redirect: 0
     rx7_gro_packets: 0
     rx7_gro_bytes: 0
     rx7_gro_skbs: 0
     rx7_gro_large_hds: 0
 312:          0          0          0          0          0          0          0    2594141  316912444   19128440          0          0          0          0          0      22171          0          0          0          0          0          0          0          0          0          0          0          0          0          0          0          0          0          0          0          0          0          0          0          0     222299          0          0          0          0          0          0          0          0          0          0          0          0          0          0          0          0          0          0          0          0          0          0          0 IR-PCI-MSIX-0000:c3:00.0    8-edge      mlx5_comp7@pci:0000:c3:00.0
@ 246080.47
     rx_buff_alloc_err: 0
     rx_congst_umr: 0
     rx_out_of_buffer: 4055977253
     rx_packets_phy: 76205677279
     ch7_events: 341817305
     ch7_poll: 803967260
     ch7_arm: 333756128
     ch7_aff_change: 42828615
     ch7_force_irq: 0
     ch7_eq_rearm: 0
     rx7_packets: 12430505791
     rx7_bytes: 1855380041524
     rx7_csum_unnecessary: 6484
     rx7_csum_none: 0
     rx7_xdp_drop: 0
     rx7_xdp_redirect: 0
     rx7_gro_packets: 0
     rx7_gro_bytes: 0
     rx7_gro_skbs: 0
     rx7_gro_large_hds: 0
 312:          0          0          0          0          0          0          0    2594141  316912444   19128440          0          0          0          0          0      22171          0          0          0          0          0          0          0          0          0          0          0          0          0          0          0          0          0          0          0          0          0          0          0          0     222299          0          0          0          0          0          0          0          0          0          0          0          0          0          0          0          0          0          0          0          0          0          0          0 IR-PCI-MSIX-0000:c3:00.0    8-edge      mlx5_comp7@pci:0000:c3:00.0
@ 246081.49
     rx_buff_alloc_err: 0
     rx_congst_umr: 0
     rx_out_of_buffer: 4056136939
     rx_packets_phy: 76205836982
     ch7_events: 341817305
     ch7_poll: 803967260
     ch7_arm: 333756128
     ch7_aff_change: 42828615
     ch7_force_irq: 0
     ch7_eq_rearm: 0
     rx7_packets: 12430505791
     rx7_bytes: 1855380041524
     rx7_csum_unnecessary: 6484
     rx7_csum_none: 0
     rx7_xdp_drop: 0
     rx7_xdp_redirect: 0
     rx7_gro_packets: 0
     rx7_gro_bytes: 0
     rx7_gro_skbs: 0
     rx7_gro_large_hds: 0
 312:          0          0          0          0          0          0          0    2594141  316912444   19128440          0          0          0          0          0      22171          0          0          0          0          0          0          0          0          0          0          0          0          0          0          0          0          0          0          0          0          0          0          0          0     222299          0          0          0          0          0          0          0          0          0          0          0          0          0          0          0          0          0          0          0          0          0          0          0 IR-PCI-MSIX-0000:c3:00.0    8-edge      mlx5_comp7@pci:0000:c3:00.0
@ 246082.50
     rx_buff_alloc_err: 0
     rx_congst_umr: 0
     rx_out_of_buffer: 4056296649
     rx_packets_phy: 76205996723
     ch7_events: 341817305
     ch7_poll: 803967260
     ch7_arm: 333756128
     ch7_aff_change: 42828615
     ch7_force_irq: 0
     ch7_eq_rearm: 0
     rx7_packets: 12430505791
     rx7_bytes: 1855380041524
     rx7_csum_unnecessary: 6484
     rx7_csum_none: 0
     rx7_xdp_drop: 0
     rx7_xdp_redirect: 0
     rx7_gro_packets: 0
     rx7_gro_bytes: 0
     rx7_gro_skbs: 0
     rx7_gro_large_hds: 0
 312:          0          0          0          0          0          0          0    2594141  316912444   19128440          0          0          0          0          0      22171          0          0          0          0          0          0          0          0          0          0          0          0          0          0          0          0          0          0          0          0          0          0          0          0     222299          0          0          0          0          0          0          0          0          0          0          0          0          0          0          0          0          0          0          0          0          0          0          0 IR-PCI-MSIX-0000:c3:00.0    8-edge      mlx5_comp7@pci:0000:c3:00.0
@ 246083.51
     rx_buff_alloc_err: 0
     rx_congst_umr: 0
     rx_out_of_buffer: 4056456365
     rx_packets_phy: 76206156428
     ch7_events: 341817305
     ch7_poll: 803967260
     ch7_arm: 333756128
     ch7_aff_change: 42828615
     ch7_force_irq: 0
     ch7_eq_rearm: 0
     rx7_packets: 12430505791
     rx7_bytes: 1855380041524
     rx7_csum_unnecessary: 6484
     rx7_csum_none: 0
     rx7_xdp_drop: 0
     rx7_xdp_redirect: 0
     rx7_gro_packets: 0
     rx7_gro_bytes: 0
     rx7_gro_skbs: 0
     rx7_gro_large_hds: 0
 312:          0          0          0          0          0          0          0    2594141  316912444   19128440          0          0          0          0          0      22171          0          0          0          0          0          0          0          0          0          0          0          0          0          0          0          0          0          0          0          0          0          0          0          0     222299          0          0          0          0          0          0          0          0          0          0          0          0          0          0          0          0          0          0          0          0          0          0          0 IR-PCI-MSIX-0000:c3:00.0    8-edge      mlx5_comp7@pci:0000:c3:00.0
@ 246084.52
     rx_buff_alloc_err: 0
     rx_congst_umr: 0
     rx_out_of_buffer: 4056616110
     rx_packets_phy: 76206316169
     ch7_events: 341817305
     ch7_poll: 803967260
     ch7_arm: 333756128
     ch7_aff_change: 42828615
     ch7_force_irq: 0
     ch7_eq_rearm: 0
     rx7_packets: 12430505791
     rx7_bytes: 1855380041524
     rx7_csum_unnecessary: 6484
     rx7_csum_none: 0
     rx7_xdp_drop: 0
     rx7_xdp_redirect: 0
     rx7_gro_packets: 0
     rx7_gro_bytes: 0
     rx7_gro_skbs: 0
     rx7_gro_large_hds: 0
 312:          0          0          0          0          0          0          0    2594141  316912444   19128440          0          0          0          0          0      22171          0          0          0          0          0          0          0          0          0          0          0          0          0          0          0          0          0          0          0          0          0          0          0          0     222299          0          0          0          0          0          0          0          0          0          0          0          0          0          0          0          0          0          0          0          0          0          0          0 IR-PCI-MSIX-0000:c3:00.0    8-edge      mlx5_comp7@pci:0000:c3:00.0
@ 246085.53
     rx_buff_alloc_err: 0
     rx_congst_umr: 0
     rx_out_of_buffer: 4056775793
     rx_packets_phy: 76206475909
     ch7_events: 341817305
     ch7_poll: 803967260
     ch7_arm: 333756128
     ch7_aff_change: 42828615
     ch7_force_irq: 0
     ch7_eq_rearm: 0
     rx7_packets: 12430505791
     rx7_bytes: 1855380041524
     rx7_csum_unnecessary: 6484
     rx7_csum_none: 0
     rx7_xdp_drop: 0
     rx7_xdp_redirect: 0
     rx7_gro_packets: 0
     rx7_gro_bytes: 0
     rx7_gro_skbs: 0
     rx7_gro_large_hds: 0
 312:          0          0          0          0          0          0          0    2594141  316912444   19128440          0          0          0          0          0      22171          0          0          0          0          0          0          0          0          0          0          0          0          0          0          0          0          0          0          0          0          0          0          0          0     222299          0          0          0          0          0          0          0          0          0          0          0          0          0          0          0          0          0          0          0          0          0          0          0 IR-PCI-MSIX-0000:c3:00.0    8-edge      mlx5_comp7@pci:0000:c3:00.0
@ 246086.54
     rx_buff_alloc_err: 0
     rx_congst_umr: 0
     rx_out_of_buffer: 4056935535
     rx_packets_phy: 76206635610
     ch7_events: 341817305
     ch7_poll: 803967260
     ch7_arm: 333756128
     ch7_aff_change: 42828615
     ch7_force_irq: 0
     ch7_eq_rearm: 0
     rx7_packets: 12430505791
     rx7_bytes: 1855380041524
     rx7_csum_unnecessary: 6484
     rx7_csum_none: 0
     rx7_xdp_drop: 0
     rx7_xdp_redirect: 0
     rx7_gro_packets: 0
     rx7_gro_bytes: 0
     rx7_gro_skbs: 0
     rx7_gro_large_hds: 0
 312:          0          0          0          0          0          0          0    2594141  316912444   19128440          0          0          0          0          0      22171          0          0          0          0          0          0          0          0          0          0          0          0          0          0          0          0          0          0          0          0          0          0          0          0     222299          0          0          0          0          0          0          0          0          0          0          0          0          0          0          0          0          0          0          0          0          0          0          0 IR-PCI-MSIX-0000:c3:00.0    8-edge      mlx5_comp7@pci:0000:c3:00.0
@ 246087.55
     rx_buff_alloc_err: 0
     rx_congst_umr: 0
     rx_out_of_buffer: 4057095216
     rx_packets_phy: 76206795341
     ch7_events: 341817305
     ch7_poll: 803967260
     ch7_arm: 333756128
     ch7_aff_change: 42828615
     ch7_force_irq: 0
     ch7_eq_rearm: 0
     rx7_packets: 12430505791
     rx7_bytes: 1855380041524
     rx7_csum_unnecessary: 6484
     rx7_csum_none: 0
     rx7_xdp_drop: 0
     rx7_xdp_redirect: 0
     rx7_gro_packets: 0
     rx7_gro_bytes: 0
     rx7_gro_skbs: 0
     rx7_gro_large_hds: 0
 312:          0          0          0          0          0          0          0    2594141  316912444   19128440          0          0          0          0          0      22171          0          0          0          0          0          0          0          0          0          0          0          0          0          0          0          0          0          0          0          0          0          0          0          0     222299          0          0          0          0          0          0          0          0          0          0          0          0          0          0          0          0          0          0          0          0          0          0          0 IR-PCI-MSIX-0000:c3:00.0    8-edge      mlx5_comp7@pci:0000:c3:00.0
@ 246088.56
     rx_buff_alloc_err: 0
     rx_congst_umr: 0
     rx_out_of_buffer: 4057254957
     rx_packets_phy: 76206955049
     ch7_events: 341817305
     ch7_poll: 803967260
     ch7_arm: 333756128
     ch7_aff_change: 42828615
     ch7_force_irq: 0
     ch7_eq_rearm: 0
     rx7_packets: 12430505791
     rx7_bytes: 1855380041524
     rx7_csum_unnecessary: 6484
     rx7_csum_none: 0
     rx7_xdp_drop: 0
     rx7_xdp_redirect: 0
     rx7_gro_packets: 0
     rx7_gro_bytes: 0
     rx7_gro_skbs: 0
     rx7_gro_large_hds: 0
 312:          0          0          0          0          0          0          0    2594141  316912444   19128440          0          0          0          0          0      22171          0          0          0          0          0          0          0          0          0          0          0          0          0          0          0          0          0          0          0          0          0          0          0          0     222299          0          0          0          0          0          0          0          0          0          0          0          0          0          0          0          0          0          0          0          0          0          0          0 IR-PCI-MSIX-0000:c3:00.0    8-edge      mlx5_comp7@pci:0000:c3:00.0
@ 246089.57
     rx_buff_alloc_err: 0
     rx_congst_umr: 0
     rx_out_of_buffer: 4057414645
     rx_packets_phy: 76207114796
     ch7_events: 341817305
     ch7_poll: 803967260
     ch7_arm: 333756128
     ch7_aff_change: 42828615
     ch7_force_irq: 0
     ch7_eq_rearm: 0
     rx7_packets: 12430505791
     rx7_bytes: 1855380041524
     rx7_csum_unnecessary: 6484
     rx7_csum_none: 0
     rx7_xdp_drop: 0
     rx7_xdp_redirect: 0
     rx7_gro_packets: 0
     rx7_gro_bytes: 0
     rx7_gro_skbs: 0
     rx7_gro_large_hds: 0
 312:          0          0          0          0          0          0          0    2594141  316912444   19128440          0          0          0          0          0      22171          0          0          0          0          0          0          0          0          0          0          0          0          0          0          0          0          0          0          0          0          0          0          0          0     222299          0          0          0          0          0          0          0          0          0          0          0          0          0          0          0          0          0          0          0          0          0          0          0 IR-PCI-MSIX-0000:c3:00.0    8-edge      mlx5_comp7@pci:0000:c3:00.0
@ 246090.58
     rx_buff_alloc_err: 0
     rx_congst_umr: 0
     rx_out_of_buffer: 4057574388
     rx_packets_phy: 76207274496
     ch7_events: 341817305
     ch7_poll: 803967260
     ch7_arm: 333756128
     ch7_aff_change: 42828615
     ch7_force_irq: 0
     ch7_eq_rearm: 0
     rx7_packets: 12430505791
     rx7_bytes: 1855380041524
     rx7_csum_unnecessary: 6484
     rx7_csum_none: 0
     rx7_xdp_drop: 0
     rx7_xdp_redirect: 0
     rx7_gro_packets: 0
     rx7_gro_bytes: 0
     rx7_gro_skbs: 0
     rx7_gro_large_hds: 0
 312:          0          0          0          0          0          0          0    2594141  316912444   19128440          0          0          0          0          0      22171          0          0          0          0          0          0          0          0          0          0          0          0          0          0          0          0          0          0          0          0          0          0          0          0     222299          0          0          0          0          0          0          0          0          0          0          0          0          0          0          0          0          0          0          0          0          0          0          0 IR-PCI-MSIX-0000:c3:00.0    8-edge      mlx5_comp7@pci:0000:c3:00.0
@ 246091.59
     rx_buff_alloc_err: 0
     rx_congst_umr: 0
     rx_out_of_buffer: 4057734101
     rx_packets_phy: 76207434249
     ch7_events: 341817305
     ch7_poll: 803967260
     ch7_arm: 333756128
     ch7_aff_change: 42828615
     ch7_force_irq: 0
     ch7_eq_rearm: 0
     rx7_packets: 12430505791
     rx7_bytes: 1855380041524
     rx7_csum_unnecessary: 6484
     rx7_csum_none: 0
     rx7_xdp_drop: 0
     rx7_xdp_redirect: 0
     rx7_gro_packets: 0
     rx7_gro_bytes: 0
     rx7_gro_skbs: 0
     rx7_gro_large_hds: 0
 312:          0          0          0          0          0          0          0    2594141  316912444   19128440          0          0          0          0          0      22171          0          0          0          0          0          0          0          0          0          0          0          0          0          0          0          0          0          0          0          0          0          0          0          0     222299          0          0          0          0          0          0          0          0          0          0          0          0          0          0          0          0          0          0          0          0          0          0          0 IR-PCI-MSIX-0000:c3:00.0    8-edge      mlx5_comp7@pci:0000:c3:00.0
@ 246092.60
     rx_buff_alloc_err: 0
     rx_congst_umr: 0
     rx_out_of_buffer: 4057893814
     rx_packets_phy: 76207593952
     ch7_events: 341817305
     ch7_poll: 803967260
     ch7_arm: 333756128
     ch7_aff_change: 42828615
     ch7_force_irq: 0
     ch7_eq_rearm: 0
     rx7_packets: 12430505791
     rx7_bytes: 1855380041524
     rx7_csum_unnecessary: 6484
     rx7_csum_none: 0
     rx7_xdp_drop: 0
     rx7_xdp_redirect: 0
     rx7_gro_packets: 0
     rx7_gro_bytes: 0
     rx7_gro_skbs: 0
     rx7_gro_large_hds: 0
 312:          0          0          0          0          0          0          0    2594141  316912444   19128440          0          0          0          0          0      22171          0          0          0          0          0          0          0          0          0          0          0          0          0          0          0          0          0          0          0          0          0          0          0          0     222299          0          0          0          0          0          0          0          0          0          0          0          0          0          0          0          0          0          0          0          0          0          0          0 IR-PCI-MSIX-0000:c3:00.0    8-edge      mlx5_comp7@pci:0000:c3:00.0
@ 246093.62
     rx_buff_alloc_err: 0
     rx_congst_umr: 0
     rx_out_of_buffer: 4058053558
     rx_packets_phy: 76207753691
     ch7_events: 341817305
     ch7_poll: 803967260
     ch7_arm: 333756128
     ch7_aff_change: 42828615
     ch7_force_irq: 0
     ch7_eq_rearm: 0
     rx7_packets: 12430505791
     rx7_bytes: 1855380041524
     rx7_csum_unnecessary: 6484
     rx7_csum_none: 0
     rx7_xdp_drop: 0
     rx7_xdp_redirect: 0
     rx7_gro_packets: 0
     rx7_gro_bytes: 0
     rx7_gro_skbs: 0
     rx7_gro_large_hds: 0
 312:          0          0          0          0          0          0          0    2594141  316912444   19128440          0          0          0          0          0      22171          0          0          0          0          0          0          0          0          0          0          0          0          0          0          0          0          0          0          0          0          0          0          0          0     222299          0          0          0          0          0          0          0          0          0          0          0          0          0          0          0          0          0          0          0          0          0          0          0 IR-PCI-MSIX-0000:c3:00.0    8-edge      mlx5_comp7@pci:0000:c3:00.0
@ 246094.63
     rx_buff_alloc_err: 0
     rx_congst_umr: 0
     rx_out_of_buffer: 4058213254
     rx_packets_phy: 76207913445
     ch7_events: 341817305
     ch7_poll: 803967260
     ch7_arm: 333756128
     ch7_aff_change: 42828615
     ch7_force_irq: 0
     ch7_eq_rearm: 0
     rx7_packets: 12430505791
     rx7_bytes: 1855380041524
     rx7_csum_unnecessary: 6484
     rx7_csum_none: 0
     rx7_xdp_drop: 0
     rx7_xdp_redirect: 0
     rx7_gro_packets: 0
     rx7_gro_bytes: 0
     rx7_gro_skbs: 0
     rx7_gro_large_hds: 0
 312:          0          0          0          0          0          0          0    2594141  316912444   19128440          0          0          0          0          0      22171          0          0          0          0          0          0          0          0          0          0          0          0          0          0          0          0          0          0          0          0          0          0          0          0     222299          0          0          0          0          0          0          0          0          0          0          0          0          0          0          0          0          0          0          0          0          0          0          0 IR-PCI-MSIX-0000:c3:00.0    8-edge      mlx5_comp7@pci:0000:c3:00.0
@ 246095.64
     rx_buff_alloc_err: 0
     rx_congst_umr: 0
     rx_out_of_buffer: 4058372983
     rx_packets_phy: 76208073147
     ch7_events: 341817305
     ch7_poll: 803967260
     ch7_arm: 333756128
     ch7_aff_change: 42828615
     ch7_force_irq: 0
     ch7_eq_rearm: 0
     rx7_packets: 12430505791
     rx7_bytes: 1855380041524
     rx7_csum_unnecessary: 6484
     rx7_csum_none: 0
     rx7_xdp_drop: 0
     rx7_xdp_redirect: 0
     rx7_gro_packets: 0
     rx7_gro_bytes: 0
     rx7_gro_skbs: 0
     rx7_gro_large_hds: 0
 312:          0          0          0          0          0          0          0    2594141  316912444   19128440          0          0          0          0          0      22171          0          0          0          0          0          0          0          0          0          0          0          0          0          0          0          0          0          0          0          0          0          0          0          0     222299          0          0          0          0          0          0          0          0          0          0          0          0          0          0          0          0          0          0          0          0          0          0          0 IR-PCI-MSIX-0000:c3:00.0    8-edge      mlx5_comp7@pci:0000:c3:00.0
@ 246096.65
     rx_buff_alloc_err: 0
     rx_congst_umr: 0
     rx_out_of_buffer: 4058532701
     rx_packets_phy: 76208232891
     ch7_events: 341817305
     ch7_poll: 803967260
     ch7_arm: 333756128
     ch7_aff_change: 42828615
     ch7_force_irq: 0
     ch7_eq_rearm: 0
     rx7_packets: 12430505791
     rx7_bytes: 1855380041524
     rx7_csum_unnecessary: 6484
     rx7_csum_none: 0
     rx7_xdp_drop: 0
     rx7_xdp_redirect: 0
     rx7_gro_packets: 0
     rx7_gro_bytes: 0
     rx7_gro_skbs: 0
     rx7_gro_large_hds: 0
 312:          0          0          0          0          0          0          0    2594141  316912444   19128440          0          0          0          0          0      22171          0          0          0          0          0          0          0          0          0          0          0          0          0          0          0          0          0          0          0          0          0          0          0          0     222299          0          0          0          0          0          0          0          0          0          0          0          0          0          0          0          0          0          0          0          0          0          0          0 IR-PCI-MSIX-0000:c3:00.0    8-edge      mlx5_comp7@pci:0000:c3:00.0
@ 246097.66
     rx_buff_alloc_err: 0
     rx_congst_umr: 0
     rx_out_of_buffer: 4058692409
     rx_packets_phy: 76208392592
     ch7_events: 341817305
     ch7_poll: 803967260
     ch7_arm: 333756128
     ch7_aff_change: 42828615
     ch7_force_irq: 0
     ch7_eq_rearm: 0
     rx7_packets: 12430505791
     rx7_bytes: 1855380041524
     rx7_csum_unnecessary: 6484
     rx7_csum_none: 0
     rx7_xdp_drop: 0
     rx7_xdp_redirect: 0
     rx7_gro_packets: 0
     rx7_gro_bytes: 0
     rx7_gro_skbs: 0
     rx7_gro_large_hds: 0
 312:          0          0          0          0          0          0          0    2594141  316912444   19128440          0          0          0          0          0      22171          0          0          0          0          0          0          0          0          0          0          0          0          0          0          0          0          0          0          0          0          0          0          0          0     222299          0          0          0          0          0          0          0          0          0          0          0          0          0          0          0          0          0          0          0          0          0          0          0 IR-PCI-MSIX-0000:c3:00.0    8-edge      mlx5_comp7@pci:0000:c3:00.0
@ 246098.67
     rx_buff_alloc_err: 0
     rx_congst_umr: 0
     rx_out_of_buffer: 4058852154
     rx_packets_phy: 76208552331
     ch7_events: 341817305
     ch7_poll: 803967260
     ch7_arm: 333756128
     ch7_aff_change: 42828615
     ch7_force_irq: 0
     ch7_eq_rearm: 0
     rx7_packets: 12430505791
     rx7_bytes: 1855380041524
     rx7_csum_unnecessary: 6484
     rx7_csum_none: 0
     rx7_xdp_drop: 0
     rx7_xdp_redirect: 0
     rx7_gro_packets: 0
     rx7_gro_bytes: 0
     rx7_gro_skbs: 0
     rx7_gro_large_hds: 0
 312:          0          0          0          0          0          0          0    2594141  316912444   19128440          0          0          0          0          0      22171          0          0          0          0          0          0          0          0          0          0          0          0          0          0          0          0          0          0          0          0          0          0          0          0     222299          0          0          0          0          0          0          0          0          0          0          0          0          0          0          0          0          0          0          0          0          0          0          0 IR-PCI-MSIX-0000:c3:00.0    8-edge      mlx5_comp7@pci:0000:c3:00.0
@ 246099.68
     rx_buff_alloc_err: 0
     rx_congst_umr: 0
     rx_out_of_buffer: 4059011835
     rx_packets_phy: 76208712073
     ch7_events: 341817305
     ch7_poll: 803967260
     ch7_arm: 333756128
     ch7_aff_change: 42828615
     ch7_force_irq: 0
     ch7_eq_rearm: 0
     rx7_packets: 12430505791
     rx7_bytes: 1855380041524
     rx7_csum_unnecessary: 6484
     rx7_csum_none: 0
     rx7_xdp_drop: 0
     rx7_xdp_redirect: 0
     rx7_gro_packets: 0
     rx7_gro_bytes: 0
     rx7_gro_skbs: 0
     rx7_gro_large_hds: 0
 312:          0          0          0          0          0          0          0    2594141  316912444   19128440          0          0          0          0          0      22171          0          0          0          0          0          0          0          0          0          0          0          0          0          0          0          0          0          0          0          0          0          0          0          0     222299          0          0          0          0          0          0          0          0          0          0          0          0          0          0          0          0          0          0          0          0          0          0          0 IR-PCI-MSIX-0000:c3:00.0    8-edge      mlx5_comp7@pci:0000:c3:00.0
@ 246100.69
     rx_buff_alloc_err: 0
     rx_congst_umr: 0
     rx_out_of_buffer: 4059171517
     rx_packets_phy: 76208871717
     ch7_events: 341817305
     ch7_poll: 803967260
     ch7_arm: 333756128
     ch7_aff_change: 42828615
     ch7_force_irq: 0
     ch7_eq_rearm: 0
     rx7_packets: 12430505791
     rx7_bytes: 1855380041524
     rx7_csum_unnecessary: 6484
     rx7_csum_none: 0
     rx7_xdp_drop: 0
     rx7_xdp_redirect: 0
     rx7_gro_packets: 0
     rx7_gro_bytes: 0
     rx7_gro_skbs: 0
     rx7_gro_large_hds: 0
 312:          0          0          0          0          0          0          0    2594141  316912444   19128440          0          0          0          0          0      22171          0          0          0          0          0          0          0          0          0          0          0          0          0          0          0          0          0          0          0          0          0          0          0          0     222299          0          0          0          0          0          0          0          0          0          0          0          0          0          0          0          0          0          0          0          0          0          0          0 IR-PCI-MSIX-0000:c3:00.0    8-edge      mlx5_comp7@pci:0000:c3:00.0
@ 246101.70
     rx_buff_alloc_err: 0
     rx_congst_umr: 0
     rx_out_of_buffer: 4059331219
     rx_packets_phy: 76209031471
     ch7_events: 341817305
     ch7_poll: 803967260
     ch7_arm: 333756128
     ch7_aff_change: 42828615
     ch7_force_irq: 0
     ch7_eq_rearm: 0
     rx7_packets: 12430505791
     rx7_bytes: 1855380041524
     rx7_csum_unnecessary: 6484
     rx7_csum_none: 0
     rx7_xdp_drop: 0
     rx7_xdp_redirect: 0
     rx7_gro_packets: 0
     rx7_gro_bytes: 0
     rx7_gro_skbs: 0
     rx7_gro_large_hds: 0
 312:          0          0          0          0          0          0          0    2594141  316912444   19128440          0          0          0          0          0      22171          0          0          0          0          0          0          0          0          0          0          0          0          0          0          0          0          0          0          0          0          0          0          0          0     222299          0          0          0          0          0          0          0          0          0          0          0          0          0          0          0          0          0          0          0          0          0          0          0 IR-PCI-MSIX-0000:c3:00.0    8-edge      mlx5_comp7@pci:0000:c3:00.0
@ 246102.71
     rx_buff_alloc_err: 0
     rx_congst_umr: 0
     rx_out_of_buffer: 4059490944
     rx_packets_phy: 76209191172
     ch7_events: 341817305
     ch7_poll: 803967260
     ch7_arm: 333756128
     ch7_aff_change: 42828615
     ch7_force_irq: 0
     ch7_eq_rearm: 0
     rx7_packets: 12430505791
     rx7_bytes: 1855380041524
     rx7_csum_unnecessary: 6484
     rx7_csum_none: 0
     rx7_xdp_drop: 0
     rx7_xdp_redirect: 0
     rx7_gro_packets: 0
     rx7_gro_bytes: 0
     rx7_gro_skbs: 0
     rx7_gro_large_hds: 0
 312:          0          0          0          0          0          0          0    2594141  316912444   19128440          0          0          0          0          0      22171          0          0          0          0          0          0          0          0          0          0          0          0          0          0          0          0          0          0          0          0          0          0          0          0     222299          0          0          0          0          0          0          0          0          0          0          0          0          0          0          0          0          0          0          0          0          0          0          0 IR-PCI-MSIX-0000:c3:00.0    8-edge      mlx5_comp7@pci:0000:c3:00.0
@ 246103.72
     rx_buff_alloc_err: 0
     rx_congst_umr: 0
     rx_out_of_buffer: 4059650663
     rx_packets_phy: 76209350915
     ch7_events: 341817305
     ch7_poll: 803967260
     ch7_arm: 333756128
     ch7_aff_change: 42828615
     ch7_force_irq: 0
     ch7_eq_rearm: 0
     rx7_packets: 12430505791
     rx7_bytes: 1855380041524
     rx7_csum_unnecessary: 6484
     rx7_csum_none: 0
     rx7_xdp_drop: 0
     rx7_xdp_redirect: 0
     rx7_gro_packets: 0
     rx7_gro_bytes: 0
     rx7_gro_skbs: 0
     rx7_gro_large_hds: 0
 312:          0          0          0          0          0          0          0    2594141  316912444   19128440          0          0          0          0          0      22171          0          0          0          0          0          0          0          0          0          0          0          0          0          0          0          0          0          0          0          0          0          0          0          0     222299          0          0          0          0          0          0          0          0          0          0          0          0          0          0          0          0          0          0          0          0          0          0          0 IR-PCI-MSIX-0000:c3:00.0    8-edge      mlx5_comp7@pci:0000:c3:00.0
@ 246104.74
     rx_buff_alloc_err: 0
     rx_congst_umr: 0
     rx_out_of_buffer: 4059810325
     rx_packets_phy: 76209510610
     ch7_events: 341817305
     ch7_poll: 803967260
     ch7_arm: 333756128
     ch7_aff_change: 42828615
     ch7_force_irq: 0
     ch7_eq_rearm: 0
     rx7_packets: 12430505791
     rx7_bytes: 1855380041524
     rx7_csum_unnecessary: 6484
     rx7_csum_none: 0
     rx7_xdp_drop: 0
     rx7_xdp_redirect: 0
     rx7_gro_packets: 0
     rx7_gro_bytes: 0
     rx7_gro_skbs: 0
     rx7_gro_large_hds: 0
 312:          0          0          0          0          0          0          0    2594141  316912444   19128440          0          0          0          0          0      22171          0          0          0          0          0          0          0          0          0          0          0          0          0          0          0          0          0          0          0          0          0          0          0          0     222299          0          0          0          0          0          0          0          0          0          0          0          0          0          0          0          0          0          0          0          0          0          0          0 IR-PCI-MSIX-0000:c3:00.0    8-edge      mlx5_comp7@pci:0000:c3:00.0
@ 246105.75
     rx_buff_alloc_err: 0
     rx_congst_umr: 0
     rx_out_of_buffer: 4059970069
     rx_packets_phy: 76209670357
     ch7_events: 341817305
     ch7_poll: 803967260
     ch7_arm: 333756128
     ch7_aff_change: 42828615
     ch7_force_irq: 0
     ch7_eq_rearm: 0
     rx7_packets: 12430505791
     rx7_bytes: 1855380041524
     rx7_csum_unnecessary: 6484
     rx7_csum_none: 0
     rx7_xdp_drop: 0
     rx7_xdp_redirect: 0
     rx7_gro_packets: 0
     rx7_gro_bytes: 0
     rx7_gro_skbs: 0
     rx7_gro_large_hds: 0
 312:          0          0          0          0          0          0          0    2594141  316912444   19128440          0          0          0          0          0      22171          0          0          0          0          0          0          0          0          0          0          0          0          0          0          0          0          0          0          0          0          0          0          0          0     222299          0          0          0          0          0          0          0          0          0          0          0          0          0          0          0          0          0          0          0          0          0          0          0 IR-PCI-MSIX-0000:c3:00.0    8-edge      mlx5_comp7@pci:0000:c3:00.0
@ 246106.76
     rx_buff_alloc_err: 0
     rx_congst_umr: 0
     rx_out_of_buffer: 4060129794
     rx_packets_phy: 76209830049
     ch7_events: 341817305
     ch7_poll: 803967260
     ch7_arm: 333756128
     ch7_aff_change: 42828615
     ch7_force_irq: 0
     ch7_eq_rearm: 0
     rx7_packets: 12430505791
     rx7_bytes: 1855380041524
     rx7_csum_unnecessary: 6484
     rx7_csum_none: 0
     rx7_xdp_drop: 0
     rx7_xdp_redirect: 0
     rx7_gro_packets: 0
     rx7_gro_bytes: 0
     rx7_gro_skbs: 0
     rx7_gro_large_hds: 0
 312:          0          0          0          0          0          0          0    2594141  316912444   19128440          0          0          0          0          0      22171          0          0          0          0          0          0          0          0          0          0          0          0          0          0          0          0          0          0          0          0          0          0          0          0     222299          0          0          0          0          0          0          0          0          0          0          0          0          0          0          0          0          0          0          0          0          0          0          0 IR-PCI-MSIX-0000:c3:00.0    8-edge      mlx5_comp7@pci:0000:c3:00.0
@ 246107.77
     rx_buff_alloc_err: 0
     rx_congst_umr: 0
     rx_out_of_buffer: 4060289475
     rx_packets_phy: 76209989769
     ch7_events: 341817305
     ch7_poll: 803967260
     ch7_arm: 333756128
     ch7_aff_change: 42828615
     ch7_force_irq: 0
     ch7_eq_rearm: 0
     rx7_packets: 12430505791
     rx7_bytes: 1855380041524
     rx7_csum_unnecessary: 6484
     rx7_csum_none: 0
     rx7_xdp_drop: 0
     rx7_xdp_redirect: 0
     rx7_gro_packets: 0
     rx7_gro_bytes: 0
     rx7_gro_skbs: 0
     rx7_gro_large_hds: 0
 312:          0          0          0          0          0          0          0    2594141  316912444   19128440          0          0          0          0          0      22171          0          0          0          0          0          0          0          0          0          0          0          0          0          0          0          0          0          0          0          0          0          0          0          0     222299          0          0          0          0          0          0          0          0          0          0          0          0          0          0          0          0          0          0          0          0          0          0          0 IR-PCI-MSIX-0000:c3:00.0    8-edge      mlx5_comp7@pci:0000:c3:00.0
@ 246108.78
     rx_buff_alloc_err: 0
     rx_congst_umr: 0
     rx_out_of_buffer: 4060449220
     rx_packets_phy: 76210149491
     ch7_events: 341817305
     ch7_poll: 803967260
     ch7_arm: 333756128
     ch7_aff_change: 42828615
     ch7_force_irq: 0
     ch7_eq_rearm: 0
     rx7_packets: 12430505791
     rx7_bytes: 1855380041524
     rx7_csum_unnecessary: 6484
     rx7_csum_none: 0
     rx7_xdp_drop: 0
     rx7_xdp_redirect: 0
     rx7_gro_packets: 0
     rx7_gro_bytes: 0
     rx7_gro_skbs: 0
     rx7_gro_large_hds: 0
 312:          0          0          0          0          0          0          0    2594141  316912444   19128440          0          0          0          0          0      22171          0          0          0          0          0          0          0          0          0          0          0          0          0          0          0          0          0          0          0          0          0          0          0          0     222299          0          0          0          0          0          0          0          0          0          0          0          0          0          0          0          0          0          0          0          0          0          0          0 IR-PCI-MSIX-0000:c3:00.0    8-edge      mlx5_comp7@pci:0000:c3:00.0
@ 246109.79
     rx_buff_alloc_err: 0
     rx_congst_umr: 0
     rx_out_of_buffer: 4060608895
     rx_packets_phy: 76210309185
     ch7_events: 341817305
     ch7_poll: 803967260
     ch7_arm: 333756128
     ch7_aff_change: 42828615
     ch7_force_irq: 0
     ch7_eq_rearm: 0
     rx7_packets: 12430505791
     rx7_bytes: 1855380041524
     rx7_csum_unnecessary: 6484
     rx7_csum_none: 0
     rx7_xdp_drop: 0
     rx7_xdp_redirect: 0
     rx7_gro_packets: 0
     rx7_gro_bytes: 0
     rx7_gro_skbs: 0
     rx7_gro_large_hds: 0
 312:          0          0          0          0          0          0          0    2594141  316912444   19128440          0          0          0          0          0      22171          0          0          0          0          0          0          0          0          0          0          0          0          0          0          0          0          0          0          0          0          0          0          0          0     222299          0          0          0          0          0          0          0          0          0          0          0          0          0          0          0          0          0          0          0          0          0          0          0 IR-PCI-MSIX-0000:c3:00.0    8-edge      mlx5_comp7@pci:0000:c3:00.0
@ 246110.80
     rx_buff_alloc_err: 0
     rx_congst_umr: 0
     rx_out_of_buffer: 4060768647
     rx_packets_phy: 76210468948
     ch7_events: 341817305
     ch7_poll: 803967260
     ch7_arm: 333756128
     ch7_aff_change: 42828615
     ch7_force_irq: 0
     ch7_eq_rearm: 0
     rx7_packets: 12430505791
     rx7_bytes: 1855380041524
     rx7_csum_unnecessary: 6484
     rx7_csum_none: 0
     rx7_xdp_drop: 0
     rx7_xdp_redirect: 0
     rx7_gro_packets: 0
     rx7_gro_bytes: 0
     rx7_gro_skbs: 0
     rx7_gro_large_hds: 0
 312:          0          0          0          0          0          0          0    2594141  316912444   19128440          0          0          0          0          0      22171          0          0          0          0          0          0          0          0          0          0          0          0          0          0          0          0          0          0          0          0          0          0          0          0     222299          0          0          0          0          0          0          0          0          0          0          0          0          0          0          0          0          0          0          0          0          0          0          0 IR-PCI-MSIX-0000:c3:00.0    8-edge      mlx5_comp7@pci:0000:c3:00.0
@ 246111.81
     rx_buff_alloc_err: 0
     rx_congst_umr: 0
     rx_out_of_buffer: 4060928392
     rx_packets_phy: 76210628692
     ch7_events: 341817305
     ch7_poll: 803967260
     ch7_arm: 333756128
     ch7_aff_change: 42828615
     ch7_force_irq: 0
     ch7_eq_rearm: 0
     rx7_packets: 12430505791
     rx7_bytes: 1855380041524
     rx7_csum_unnecessary: 6484
     rx7_csum_none: 0
     rx7_xdp_drop: 0
     rx7_xdp_redirect: 0
     rx7_gro_packets: 0
     rx7_gro_bytes: 0
     rx7_gro_skbs: 0
     rx7_gro_large_hds: 0
 312:          0          0          0          0          0          0          0    2594141  316912444   19128440          0          0          0          0          0      22171          0          0          0          0          0          0          0          0          0          0          0          0          0          0          0          0          0          0          0          0          0          0          0          0     222299          0          0          0          0          0          0          0          0          0          0          0          0          0          0          0          0          0          0          0          0          0          0          0 IR-PCI-MSIX-0000:c3:00.0    8-edge      mlx5_comp7@pci:0000:c3:00.0
@ 246112.82
     rx_buff_alloc_err: 0
     rx_congst_umr: 0
     rx_out_of_buffer: 4061088138
     rx_packets_phy: 76210788445
     ch7_events: 341817305
     ch7_poll: 803967260
     ch7_arm: 333756128
     ch7_aff_change: 42828615
     ch7_force_irq: 0
     ch7_eq_rearm: 0
     rx7_packets: 12430505791
     rx7_bytes: 1855380041524
     rx7_csum_unnecessary: 6484
     rx7_csum_none: 0
     rx7_xdp_drop: 0
     rx7_xdp_redirect: 0
     rx7_gro_packets: 0
     rx7_gro_bytes: 0
     rx7_gro_skbs: 0
     rx7_gro_large_hds: 0
 312:          0          0          0          0          0          0          0    2594141  316912444   19128440          0          0          0          0          0      22171          0          0          0          0          0          0          0          0          0          0          0          0          0          0          0          0          0          0          0          0          0          0          0          0     222299          0          0          0          0          0          0          0          0          0          0          0          0          0          0          0          0          0          0          0          0          0          0          0 IR-PCI-MSIX-0000:c3:00.0    8-edge      mlx5_comp7@pci:0000:c3:00.0
@ 246113.83
     rx_buff_alloc_err: 0
     rx_congst_umr: 0
     rx_out_of_buffer: 4061247883
     rx_packets_phy: 76210948198
     ch7_events: 341817305
     ch7_poll: 803967260
     ch7_arm: 333756128
     ch7_aff_change: 42828615
     ch7_force_irq: 0
     ch7_eq_rearm: 0
     rx7_packets: 12430505791
     rx7_bytes: 1855380041524
     rx7_csum_unnecessary: 6484
     rx7_csum_none: 0
     rx7_xdp_drop: 0
     rx7_xdp_redirect: 0
     rx7_gro_packets: 0
     rx7_gro_bytes: 0
     rx7_gro_skbs: 0
     rx7_gro_large_hds: 0
 312:          0          0          0          0          0          0          0    2594141  316912444   19128440          0          0          0          0          0      22171          0          0          0          0          0          0          0          0          0          0          0          0          0          0          0          0          0          0          0          0          0          0          0          0     222299          0          0          0          0          0          0          0          0          0          0          0          0          0          0          0          0          0          0          0          0          0          0          0 IR-PCI-MSIX-0000:c3:00.0    8-edge      mlx5_comp7@pci:0000:c3:00.0
@ 246114.84
     rx_buff_alloc_err: 0
     rx_congst_umr: 0
     rx_out_of_buffer: 4061407615
     rx_packets_phy: 76211107949
     ch7_events: 341817305
     ch7_poll: 803967260
     ch7_arm: 333756128
     ch7_aff_change: 42828615
     ch7_force_irq: 0
     ch7_eq_rearm: 0
     rx7_packets: 12430505791
     rx7_bytes: 1855380041524
     rx7_csum_unnecessary: 6484
     rx7_csum_none: 0
     rx7_xdp_drop: 0
     rx7_xdp_redirect: 0
     rx7_gro_packets: 0
     rx7_gro_bytes: 0
     rx7_gro_skbs: 0
     rx7_gro_large_hds: 0
 312:          0          0          0          0          0          0          0    2594141  316912444   19128440          0          0          0          0          0      22171          0          0          0          0          0          0          0          0          0          0          0          0          0          0          0          0          0          0          0          0          0          0          0          0     222299          0          0          0          0          0          0          0          0          0          0          0          0          0          0          0          0          0          0          0          0          0          0          0 IR-PCI-MSIX-0000:c3:00.0    8-edge      mlx5_comp7@pci:0000:c3:00.0
@ 246115.86
     rx_buff_alloc_err: 0
     rx_congst_umr: 0
     rx_out_of_buffer: 4061567315
     rx_packets_phy: 76211267695
     ch7_events: 341817305
     ch7_poll: 803967260
     ch7_arm: 333756128
     ch7_aff_change: 42828615
     ch7_force_irq: 0
     ch7_eq_rearm: 0
     rx7_packets: 12430505791
     rx7_bytes: 1855380041524
     rx7_csum_unnecessary: 6484
     rx7_csum_none: 0
     rx7_xdp_drop: 0
     rx7_xdp_redirect: 0
     rx7_gro_packets: 0
     rx7_gro_bytes: 0
     rx7_gro_skbs: 0
     rx7_gro_large_hds: 0
 312:          0          0          0          0          0          0          0    2594141  316912444   19128440          0          0          0          0          0      22171          0          0          0          0          0          0          0          0          0          0          0          0          0          0          0          0          0          0          0          0          0          0          0          0     222299          0          0          0          0          0          0          0          0          0          0          0          0          0          0          0          0          0          0          0          0          0          0          0 IR-PCI-MSIX-0000:c3:00.0    8-edge      mlx5_comp7@pci:0000:c3:00.0
@ 246116.87
     rx_buff_alloc_err: 0
     rx_congst_umr: 0
     rx_out_of_buffer: 4061582028
     rx_packets_phy: 76211360292
     ch7_events: 341820270
     ch7_poll: 803970225
     ch7_arm: 333759029
     ch7_aff_change: 42830077
     ch7_force_irq: 0
     ch7_eq_rearm: 0
     rx7_packets: 12430646127
     rx7_bytes: 1855394917140
     rx7_csum_unnecessary: 6484
     rx7_csum_none: 0
     rx7_xdp_drop: 0
     rx7_xdp_redirect: 0
     rx7_gro_packets: 0
     rx7_gro_bytes: 0
     rx7_gro_skbs: 0
     rx7_gro_large_hds: 0
 312:          0          0          0          0          0          0          0    2594141  316915385   19128440          0          0          0          0          0      22171          0          0          0          0          0          0          0          0          0          0          0          0          0          0          0          0          0          0          0          0          0          0          0          0     222299          0          0          0          0          0          0          0          0          0          0          0          0          0          0          0          0          0          0          0          0          0          0          0 IR-PCI-MSIX-0000:c3:00.0    8-edge      mlx5_comp7@pci:0000:c3:00.0
@ 246117.88
     rx_buff_alloc_err: 0
     rx_congst_umr: 0
     rx_out_of_buffer: 4061582028
     rx_packets_phy: 76211360347
     ch7_events: 341820271
     ch7_poll: 803970226
     ch7_arm: 333759030
     ch7_aff_change: 42830077
     ch7_force_irq: 0
     ch7_eq_rearm: 0
     rx7_packets: 12430646128
     rx7_bytes: 1855394917214
     rx7_csum_unnecessary: 6484
     rx7_csum_none: 0
     rx7_xdp_drop: 0
     rx7_xdp_redirect: 0
     rx7_gro_packets: 0
     rx7_gro_bytes: 0
     rx7_gro_skbs: 0
     rx7_gro_large_hds: 0
 312:          0          0          0          0          0          0          0    2594141  316915386   19128440          0          0          0          0          0      22171          0          0          0          0          0          0          0          0          0          0          0          0          0          0          0          0          0          0          0          0          0          0          0          0     222299          0          0          0          0          0          0          0          0          0          0          0          0          0          0          0          0          0          0          0          0          0          0          0 IR-PCI-MSIX-0000:c3:00.0    8-edge      mlx5_comp7@pci:0000:c3:00.0
@ 246118.89
     rx_buff_alloc_err: 0
     rx_congst_umr: 0
     rx_out_of_buffer: 4061582028
     rx_packets_phy: 76211360384
     ch7_events: 341820294
     ch7_poll: 803970249
     ch7_arm: 333759053
     ch7_aff_change: 42830077
     ch7_force_irq: 0
     ch7_eq_rearm: 0
     rx7_packets: 12430646151
     rx7_bytes: 1855394922995
     rx7_csum_unnecessary: 6484
     rx7_csum_none: 0
     rx7_xdp_drop: 0
     rx7_xdp_redirect: 0
     rx7_gro_packets: 0
     rx7_gro_bytes: 0
     rx7_gro_skbs: 0
     rx7_gro_large_hds: 0
 312:          0          0          0          0          0          0          0    2594141  316915409   19128440          0          0          0          0          0      22171          0          0          0          0          0          0          0          0          0          0          0          0          0          0          0          0          0          0          0          0          0          0          0          0     222299          0          0          0          0          0          0          0          0          0          0          0          0          0          0          0          0          0          0          0          0          0          0          0 IR-PCI-MSIX-0000:c3:00.0    8-edge      mlx5_comp7@pci:0000:c3:00.0
@ 246119.90
     rx_buff_alloc_err: 0
     rx_congst_umr: 0
     rx_out_of_buffer: 4061582028
     rx_packets_phy: 76211360398
     ch7_events: 341820295
     ch7_poll: 803970250
     ch7_arm: 333759054
     ch7_aff_change: 42830077
     ch7_force_irq: 0
     ch7_eq_rearm: 0
     rx7_packets: 12430646152
     rx7_bytes: 1855394923069
     rx7_csum_unnecessary: 6484
     rx7_csum_none: 0
     rx7_xdp_drop: 0
     rx7_xdp_redirect: 0
     rx7_gro_packets: 0
     rx7_gro_bytes: 0
     rx7_gro_skbs: 0
     rx7_gro_large_hds: 0
 312:          0          0          0          0          0          0          0    2594141  316915410   19128440          0          0          0          0          0      22171          0          0          0          0          0          0          0          0          0          0          0          0          0          0          0          0          0          0          0          0          0          0          0          0     222299          0          0          0          0          0          0          0          0          0          0          0          0          0          0          0          0          0          0          0          0          0          0          0 IR-PCI-MSIX-0000:c3:00.0    8-edge      mlx5_comp7@pci:0000:c3:00.0
@ 246120.91
     rx_buff_alloc_err: 0
     rx_congst_umr: 0
     rx_out_of_buffer: 4061582028
     rx_packets_phy: 76211360402
     ch7_events: 341820295
     ch7_poll: 803970250
     ch7_arm: 333759054
     ch7_aff_change: 42830077
     ch7_force_irq: 0
     ch7_eq_rearm: 0
     rx7_packets: 12430646152
     rx7_bytes: 1855394923069
     rx7_csum_unnecessary: 6484
     rx7_csum_none: 0
     rx7_xdp_drop: 0
     rx7_xdp_redirect: 0
     rx7_gro_packets: 0
     rx7_gro_bytes: 0
     rx7_gro_skbs: 0
     rx7_gro_large_hds: 0
 312:          0          0          0          0          0          0          0    2594141  316915410   19128440          0          0          0          0          0      22171          0          0          0          0          0          0          0          0          0          0          0          0          0          0          0          0          0          0          0          0          0          0          0          0     222299          0          0          0          0          0          0          0          0          0          0          0          0          0          0          0          0          0          0          0          0          0          0          0 IR-PCI-MSIX-0000:c3:00.0    8-edge      mlx5_comp7@pci:0000:c3:00.0
@ 246121.92
     rx_buff_alloc_err: 0
     rx_congst_umr: 0
     rx_out_of_buffer: 4061582028
     rx_packets_phy: 76211360413
     ch7_events: 341820295
     ch7_poll: 803970250
     ch7_arm: 333759054
     ch7_aff_change: 42830077
     ch7_force_irq: 0
     ch7_eq_rearm: 0
     rx7_packets: 12430646152
     rx7_bytes: 1855394923069
     rx7_csum_unnecessary: 6484
     rx7_csum_none: 0
     rx7_xdp_drop: 0
     rx7_xdp_redirect: 0
     rx7_gro_packets: 0
     rx7_gro_bytes: 0
     rx7_gro_skbs: 0
     rx7_gro_large_hds: 0
 312:          0          0          0          0          0          0          0    2594141  316915410   19128440          0          0          0          0          0      22171          0          0          0          0          0          0          0          0          0          0          0          0          0          0          0          0          0          0          0          0          0          0          0          0     222299          0          0          0          0          0          0          0          0          0          0          0          0          0          0          0          0          0          0          0          0          0          0          0 IR-PCI-MSIX-0000:c3:00.0    8-edge      mlx5_comp7@pci:0000:c3:00.0
@ 246122.93
     rx_buff_alloc_err: 0
     rx_congst_umr: 0
     rx_out_of_buffer: 4061582028
     rx_packets_phy: 76211360418
     ch7_events: 341820295
     ch7_poll: 803970250
     ch7_arm: 333759054
     ch7_aff_change: 42830077
     ch7_force_irq: 0
     ch7_eq_rearm: 0
     rx7_packets: 12430646152
     rx7_bytes: 1855394923069
     rx7_csum_unnecessary: 6484
     rx7_csum_none: 0
     rx7_xdp_drop: 0
     rx7_xdp_redirect: 0
     rx7_gro_packets: 0
     rx7_gro_bytes: 0
     rx7_gro_skbs: 0
     rx7_gro_large_hds: 0
 312:          0          0          0          0          0          0          0    2594141  316915410   19128440          0          0          0          0          0      22171          0          0          0          0          0          0          0          0          0          0          0          0          0          0          0          0          0          0          0          0          0          0          0          0     222299          0          0          0          0          0          0          0          0          0          0          0          0          0          0          0          0          0          0          0          0          0          0          0 IR-PCI-MSIX-0000:c3:00.0    8-edge      mlx5_comp7@pci:0000:c3:00.0
@ 246123.94
     rx_buff_alloc_err: 0
     rx_congst_umr: 0
     rx_out_of_buffer: 4061582028
     rx_packets_phy: 76211360433
     ch7_events: 341820296
     ch7_poll: 803970251
     ch7_arm: 333759055
     ch7_aff_change: 42830077
     ch7_force_irq: 0
     ch7_eq_rearm: 0
     rx7_packets: 12430646153
     rx7_bytes: 1855394923143
     rx7_csum_unnecessary: 6484
     rx7_csum_none: 0
     rx7_xdp_drop: 0
     rx7_xdp_redirect: 0
     rx7_gro_packets: 0
     rx7_gro_bytes: 0
     rx7_gro_skbs: 0
     rx7_gro_large_hds: 0
 312:          0          0          0          0          0          0          0    2594141  316915411   19128440          0          0          0          0          0      22171          0          0          0          0          0          0          0          0          0          0          0          0          0          0          0          0          0          0          0          0          0          0          0          0     222299          0          0          0          0          0          0          0          0          0          0          0          0          0          0          0          0          0          0          0          0          0          0          0 IR-PCI-MSIX-0000:c3:00.0    8-edge      mlx5_comp7@pci:0000:c3:00.0
@ 246124.95
     rx_buff_alloc_err: 0
     rx_congst_umr: 0
     rx_out_of_buffer: 4061582028
     rx_packets_phy: 76211360441
     ch7_events: 341820296
     ch7_poll: 803970251
     ch7_arm: 333759055
     ch7_aff_change: 42830077
     ch7_force_irq: 0
     ch7_eq_rearm: 0
     rx7_packets: 12430646153
     rx7_bytes: 1855394923143
     rx7_csum_unnecessary: 6484
     rx7_csum_none: 0
     rx7_xdp_drop: 0
     rx7_xdp_redirect: 0
     rx7_gro_packets: 0
     rx7_gro_bytes: 0
     rx7_gro_skbs: 0
     rx7_gro_large_hds: 0
 312:          0          0          0          0          0          0          0    2594141  316915411   19128440          0          0          0          0          0      22171          0          0          0          0          0          0          0          0          0          0          0          0          0          0          0          0          0          0          0          0          0          0          0          0     222299          0          0          0          0          0          0          0          0          0          0          0          0          0          0          0          0          0          0          0          0          0          0          0 IR-PCI-MSIX-0000:c3:00.0    8-edge      mlx5_comp7@pci:0000:c3:00.0
@ 246125.96
     rx_buff_alloc_err: 0
     rx_congst_umr: 0
     rx_out_of_buffer: 4061582028
     rx_packets_phy: 76211360454
     ch7_events: 341820296
     ch7_poll: 803970251
     ch7_arm: 333759055
     ch7_aff_change: 42830077
     ch7_force_irq: 0
     ch7_eq_rearm: 0
     rx7_packets: 12430646153
     rx7_bytes: 1855394923143
     rx7_csum_unnecessary: 6484
     rx7_csum_none: 0
     rx7_xdp_drop: 0
     rx7_xdp_redirect: 0
     rx7_gro_packets: 0
     rx7_gro_bytes: 0
     rx7_gro_skbs: 0
     rx7_gro_large_hds: 0
 312:          0          0          0          0          0          0          0    2594141  316915411   19128440          0          0          0          0          0      22171          0          0          0          0          0          0          0          0          0          0          0          0          0          0          0          0          0          0          0          0          0          0          0          0     222299          0          0          0          0          0          0          0          0          0          0          0          0          0          0          0          0          0          0          0          0          0          0          0 IR-PCI-MSIX-0000:c3:00.0    8-edge      mlx5_comp7@pci:0000:c3:00.0
@ 246126.98
     rx_buff_alloc_err: 0
     rx_congst_umr: 0
     rx_out_of_buffer: 4061582028
     rx_packets_phy: 76211360465
     ch7_events: 341820296
     ch7_poll: 803970251
     ch7_arm: 333759055
     ch7_aff_change: 42830077
     ch7_force_irq: 0
     ch7_eq_rearm: 0
     rx7_packets: 12430646153
     rx7_bytes: 1855394923143
     rx7_csum_unnecessary: 6484
     rx7_csum_none: 0
     rx7_xdp_drop: 0
     rx7_xdp_redirect: 0
     rx7_gro_packets: 0
     rx7_gro_bytes: 0
     rx7_gro_skbs: 0
     rx7_gro_large_hds: 0
 312:          0          0          0          0          0          0          0    2594141  316915411   19128440          0          0          0          0          0      22171          0          0          0          0          0          0          0          0          0          0          0          0          0          0          0          0          0          0          0          0          0          0          0          0     222299          0          0          0          0          0          0          0          0          0          0          0          0          0          0          0          0          0          0          0          0          0          0          0 IR-PCI-MSIX-0000:c3:00.0    8-edge      mlx5_comp7@pci:0000:c3:00.0
@ 246127.99
     rx_buff_alloc_err: 0
     rx_congst_umr: 0
     rx_out_of_buffer: 4061582028
     rx_packets_phy: 76211360474
     ch7_events: 341820296
     ch7_poll: 803970251
     ch7_arm: 333759055
     ch7_aff_change: 42830077
     ch7_force_irq: 0
     ch7_eq_rearm: 0
     rx7_packets: 12430646153
     rx7_bytes: 1855394923143
     rx7_csum_unnecessary: 6484
     rx7_csum_none: 0
     rx7_xdp_drop: 0
     rx7_xdp_redirect: 0
     rx7_gro_packets: 0
     rx7_gro_bytes: 0
     rx7_gro_skbs: 0
     rx7_gro_large_hds: 0
 312:          0          0          0          0          0          0          0    2594141  316915411   19128440          0          0          0          0          0      22171          0          0          0          0          0          0          0          0          0          0          0          0          0          0          0          0          0          0          0          0          0          0          0          0     222299          0          0          0          0          0          0          0          0          0          0          0          0          0          0          0          0          0          0          0          0          0          0          0 IR-PCI-MSIX-0000:c3:00.0    8-edge      mlx5_comp7@pci:0000:c3:00.0
@ 246129.00
     rx_buff_alloc_err: 0
     rx_congst_umr: 0
     rx_out_of_buffer: 4061582028
     rx_packets_phy: 76211360480
     ch7_events: 341820297
     ch7_poll: 803970252
     ch7_arm: 333759056
     ch7_aff_change: 42830077
     ch7_force_irq: 0
     ch7_eq_rearm: 0
     rx7_packets: 12430646154
     rx7_bytes: 1855394923217
     rx7_csum_unnecessary: 6484
     rx7_csum_none: 0
     rx7_xdp_drop: 0
     rx7_xdp_redirect: 0
     rx7_gro_packets: 0
     rx7_gro_bytes: 0
     rx7_gro_skbs: 0
     rx7_gro_large_hds: 0
 312:          0          0          0          0          0          0          0    2594141  316915412   19128440          0          0          0          0          0      22171          0          0          0          0          0          0          0          0          0          0          0          0          0          0          0          0          0          0          0          0          0          0          0          0     222299          0          0          0          0          0          0          0          0          0          0          0          0          0          0          0          0          0          0          0          0          0          0          0 IR-PCI-MSIX-0000:c3:00.0    8-edge      mlx5_comp7@pci:0000:c3:00.0
@ 246130.01
     rx_buff_alloc_err: 0
     rx_congst_umr: 0
     rx_out_of_buffer: 4061582028
     rx_packets_phy: 76211360494
     ch7_events: 341820297
     ch7_poll: 803970252
     ch7_arm: 333759056
     ch7_aff_change: 42830077
     ch7_force_irq: 0
     ch7_eq_rearm: 0
     rx7_packets: 12430646154
     rx7_bytes: 1855394923217
     rx7_csum_unnecessary: 6484
     rx7_csum_none: 0
     rx7_xdp_drop: 0
     rx7_xdp_redirect: 0
     rx7_gro_packets: 0
     rx7_gro_bytes: 0
     rx7_gro_skbs: 0
     rx7_gro_large_hds: 0
 312:          0          0          0          0          0          0          0    2594141  316915412   19128440          0          0          0          0          0      22171          0          0          0          0          0          0          0          0          0          0          0          0          0          0          0          0          0          0          0          0          0          0          0          0     222299          0          0          0          0          0          0          0          0          0          0          0          0          0          0          0          0          0          0          0          0          0          0          0 IR-PCI-MSIX-0000:c3:00.0    8-edge      mlx5_comp7@pci:0000:c3:00.0
@ 246131.02
     rx_buff_alloc_err: 0
     rx_congst_umr: 0
     rx_out_of_buffer: 4061582028
     rx_packets_phy: 76211360500
     ch7_events: 341820297
     ch7_poll: 803970252
     ch7_arm: 333759056
     ch7_aff_change: 42830077
     ch7_force_irq: 0
     ch7_eq_rearm: 0
     rx7_packets: 12430646154
     rx7_bytes: 1855394923217
     rx7_csum_unnecessary: 6484
     rx7_csum_none: 0
     rx7_xdp_drop: 0
     rx7_xdp_redirect: 0
     rx7_gro_packets: 0
     rx7_gro_bytes: 0
     rx7_gro_skbs: 0
     rx7_gro_large_hds: 0
 312:          0          0          0          0          0          0          0    2594141  316915412   19128440          0          0          0          0          0      22171          0          0          0          0          0          0          0          0          0          0          0          0          0          0          0          0          0          0          0          0          0          0          0          0     222299          0          0          0          0          0          0          0          0          0          0          0          0          0          0          0          0          0          0          0          0          0          0          0 IR-PCI-MSIX-0000:c3:00.0    8-edge      mlx5_comp7@pci:0000:c3:00.0
@ 246132.03
     rx_buff_alloc_err: 0
     rx_congst_umr: 0
     rx_out_of_buffer: 4061582028
     rx_packets_phy: 76211360511
     ch7_events: 341820297
     ch7_poll: 803970252
     ch7_arm: 333759056
     ch7_aff_change: 42830077
     ch7_force_irq: 0
     ch7_eq_rearm: 0
     rx7_packets: 12430646154
     rx7_bytes: 1855394923217
     rx7_csum_unnecessary: 6484
     rx7_csum_none: 0
     rx7_xdp_drop: 0
     rx7_xdp_redirect: 0
     rx7_gro_packets: 0
     rx7_gro_bytes: 0
     rx7_gro_skbs: 0
     rx7_gro_large_hds: 0
 312:          0          0          0          0          0          0          0    2594141  316915412   19128440          0          0          0          0          0      22171          0          0          0          0          0          0          0          0          0          0          0          0          0          0          0          0          0          0          0          0          0          0          0          0     222299          0          0          0          0          0          0          0          0          0          0          0          0          0          0          0          0          0          0          0          0          0          0          0 IR-PCI-MSIX-0000:c3:00.0    8-edge      mlx5_comp7@pci:0000:c3:00.0
@ 246133.04
     rx_buff_alloc_err: 0
     rx_congst_umr: 0
     rx_out_of_buffer: 4061582028
     rx_packets_phy: 76211360518
     ch7_events: 341820297
     ch7_poll: 803970252
     ch7_arm: 333759056
     ch7_aff_change: 42830077
     ch7_force_irq: 0
     ch7_eq_rearm: 0
     rx7_packets: 12430646154
     rx7_bytes: 1855394923217
     rx7_csum_unnecessary: 6484
     rx7_csum_none: 0
     rx7_xdp_drop: 0
     rx7_xdp_redirect: 0
     rx7_gro_packets: 0
     rx7_gro_bytes: 0
     rx7_gro_skbs: 0
     rx7_gro_large_hds: 0
 312:          0          0          0          0          0          0          0    2594141  316915412   19128440          0          0          0          0          0      22171          0          0          0          0          0          0          0          0          0          0          0          0          0          0          0          0          0          0          0          0          0          0          0          0     222299          0          0          0          0          0          0          0          0          0          0          0          0          0          0          0          0          0          0          0          0          0          0          0 IR-PCI-MSIX-0000:c3:00.0    8-edge      mlx5_comp7@pci:0000:c3:00.0
@ 246134.05
     rx_buff_alloc_err: 0
     rx_congst_umr: 0
     rx_out_of_buffer: 4061582028
     rx_packets_phy: 76211360525
     ch7_events: 341820297
     ch7_poll: 803970252
     ch7_arm: 333759056
     ch7_aff_change: 42830077
     ch7_force_irq: 0
     ch7_eq_rearm: 0
     rx7_packets: 12430646154
     rx7_bytes: 1855394923217
     rx7_csum_unnecessary: 6484
     rx7_csum_none: 0
     rx7_xdp_drop: 0
     rx7_xdp_redirect: 0
     rx7_gro_packets: 0
     rx7_gro_bytes: 0
     rx7_gro_skbs: 0
     rx7_gro_large_hds: 0
 312:          0          0          0          0          0          0          0    2594141  316915412   19128440          0          0          0          0          0      22171          0          0          0          0          0          0          0          0          0          0          0          0          0          0          0          0          0          0          0          0          0          0          0          0     222299          0          0          0          0          0          0          0          0          0          0          0          0          0          0          0          0          0          0          0          0          0          0          0 IR-PCI-MSIX-0000:c3:00.0    8-edge      mlx5_comp7@pci:0000:c3:00.0
@ 246135.06
     rx_buff_alloc_err: 0
     rx_congst_umr: 0
     rx_out_of_buffer: 4061582028
     rx_packets_phy: 76211360536
     ch7_events: 341820297
     ch7_poll: 803970252
     ch7_arm: 333759056
     ch7_aff_change: 42830077
     ch7_force_irq: 0
     ch7_eq_rearm: 0
     rx7_packets: 12430646154
     rx7_bytes: 1855394923217
     rx7_csum_unnecessary: 6484
     rx7_csum_none: 0
     rx7_xdp_drop: 0
     rx7_xdp_redirect: 0
     rx7_gro_packets: 0
     rx7_gro_bytes: 0
     rx7_gro_skbs: 0
     rx7_gro_large_hds: 0
 312:          0          0          0          0          0          0          0    2594141  316915412   19128440          0          0          0          0          0      22171          0          0          0          0          0          0          0          0          0          0          0          0          0          0          0          0          0          0          0          0          0          0          0          0     222299          0          0          0          0          0          0          0          0          0          0          0          0          0          0          0          0          0          0          0          0          0          0          0 IR-PCI-MSIX-0000:c3:00.0    8-edge      mlx5_comp7@pci:0000:c3:00.0
@ 246136.07
     rx_buff_alloc_err: 0
     rx_congst_umr: 0
     rx_out_of_buffer: 4061582028
     rx_packets_phy: 76211360541
     ch7_events: 341820297
     ch7_poll: 803970252
     ch7_arm: 333759056
     ch7_aff_change: 42830077
     ch7_force_irq: 0
     ch7_eq_rearm: 0
     rx7_packets: 12430646154
     rx7_bytes: 1855394923217
     rx7_csum_unnecessary: 6484
     rx7_csum_none: 0
     rx7_xdp_drop: 0
     rx7_xdp_redirect: 0
     rx7_gro_packets: 0
     rx7_gro_bytes: 0
     rx7_gro_skbs: 0
     rx7_gro_large_hds: 0
 312:          0          0          0          0          0          0          0    2594141  316915412   19128440          0          0          0          0          0      22171          0          0          0          0          0          0          0          0          0          0          0          0          0          0          0          0          0          0          0          0          0          0          0          0     222299          0          0          0          0          0          0          0          0          0          0          0          0          0          0          0          0          0          0          0          0          0          0          0 IR-PCI-MSIX-0000:c3:00.0    8-edge      mlx5_comp7@pci:0000:c3:00.0
@ 246137.08
     rx_buff_alloc_err: 0
     rx_congst_umr: 0
     rx_out_of_buffer: 4061582028
     rx_packets_phy: 76211360552
     ch7_events: 341820297
     ch7_poll: 803970252
     ch7_arm: 333759056
     ch7_aff_change: 42830077
     ch7_force_irq: 0
     ch7_eq_rearm: 0
     rx7_packets: 12430646154
     rx7_bytes: 1855394923217
     rx7_csum_unnecessary: 6484
     rx7_csum_none: 0
     rx7_xdp_drop: 0
     rx7_xdp_redirect: 0
     rx7_gro_packets: 0
     rx7_gro_bytes: 0
     rx7_gro_skbs: 0
     rx7_gro_large_hds: 0
 312:          0          0          0          0          0          0          0    2594141  316915412   19128440          0          0          0          0          0      22171          0          0          0          0          0          0          0          0          0          0          0          0          0          0          0          0          0          0          0          0          0          0          0          0     222299          0          0          0          0          0          0          0          0          0          0          0          0          0          0          0          0          0          0          0          0          0          0          0 IR-PCI-MSIX-0000:c3:00.0    8-edge      mlx5_comp7@pci:0000:c3:00.0
@ 246138.10
     rx_buff_alloc_err: 0
     rx_congst_umr: 0
     rx_out_of_buffer: 4061582028
     rx_packets_phy: 76211360558
     ch7_events: 341820297
     ch7_poll: 803970252
     ch7_arm: 333759056
     ch7_aff_change: 42830077
     ch7_force_irq: 0
     ch7_eq_rearm: 0
     rx7_packets: 12430646154
     rx7_bytes: 1855394923217
     rx7_csum_unnecessary: 6484
     rx7_csum_none: 0
     rx7_xdp_drop: 0
     rx7_xdp_redirect: 0
     rx7_gro_packets: 0
     rx7_gro_bytes: 0
     rx7_gro_skbs: 0
     rx7_gro_large_hds: 0
 312:          0          0          0          0          0          0          0    2594141  316915412   19128440          0          0          0          0          0      22171          0          0          0          0          0          0          0          0          0          0          0          0          0          0          0          0          0          0          0          0          0          0          0          0     222299          0          0          0          0          0          0          0          0          0          0          0          0          0          0          0          0          0          0          0          0          0          0          0 IR-PCI-MSIX-0000:c3:00.0    8-edge      mlx5_comp7@pci:0000:c3:00.0
@ 246139.11
     rx_buff_alloc_err: 0
     rx_congst_umr: 0
     rx_out_of_buffer: 4061582028
     rx_packets_phy: 76211364172
     ch7_events: 341820431
     ch7_poll: 803970386
     ch7_arm: 333759190
     ch7_aff_change: 42830077
     ch7_force_irq: 0
     ch7_eq_rearm: 0
     rx7_packets: 12430649758
     rx7_bytes: 1855395308668
     rx7_csum_unnecessary: 6484
     rx7_csum_none: 0
     rx7_xdp_drop: 0
     rx7_xdp_redirect: 0
     rx7_gro_packets: 0
     rx7_gro_bytes: 0
     rx7_gro_skbs: 0
     rx7_gro_large_hds: 0
 312:          0          0          0          0          0          0          0    2594141  316915548   19128440          0          0          0          0          0      22171          0          0          0          0          0          0          0          0          0          0          0          0          0          0          0          0          0          0          0          0          0          0          0          0     222299          0          0          0          0          0          0          0          0          0          0          0          0          0          0          0          0          0          0          0          0          0          0          0 IR-PCI-MSIX-0000:c3:00.0    8-edge      mlx5_comp7@pci:0000:c3:00.0
@ 246140.12
     rx_buff_alloc_err: 0
     rx_congst_umr: 0
     rx_out_of_buffer: 4061582028
     rx_packets_phy: 76211374297
     ch7_events: 341820752
     ch7_poll: 803970707
     ch7_arm: 333759509
     ch7_aff_change: 42830077
     ch7_force_irq: 0
     ch7_eq_rearm: 0
     rx7_packets: 12430659870
     rx7_bytes: 1855396380540
     rx7_csum_unnecessary: 6484
     rx7_csum_none: 0
     rx7_xdp_drop: 0
     rx7_xdp_redirect: 0
     rx7_gro_packets: 0
     rx7_gro_bytes: 0
     rx7_gro_skbs: 0
     rx7_gro_large_hds: 0
 312:          0          0          0          0          0          0          0    2594141  316915869   19128440          0          0          0          0          0      22171          0          0          0          0          0          0          0          0          0          0          0          0          0          0          0          0          0          0          0          0          0          0          0          0     222299          0          0          0          0          0          0          0          0          0          0          0          0          0          0          0          0          0          0          0          0          0          0          0 IR-PCI-MSIX-0000:c3:00.0    8-edge      mlx5_comp7@pci:0000:c3:00.0
@ 246141.13
     rx_buff_alloc_err: 0
     rx_congst_umr: 0
     rx_out_of_buffer: 4061582028
     rx_packets_phy: 76211384414
     ch7_events: 341821073
     ch7_poll: 803971028
     ch7_arm: 333759829
     ch7_aff_change: 42830077
     ch7_force_irq: 0
     ch7_eq_rearm: 0
     rx7_packets: 12430669982
     rx7_bytes: 1855397452412
     rx7_csum_unnecessary: 6484
     rx7_csum_none: 0
     rx7_xdp_drop: 0
     rx7_xdp_redirect: 0
     rx7_gro_packets: 0
     rx7_gro_bytes: 0
     rx7_gro_skbs: 0
     rx7_gro_large_hds: 0
 312:          0          0          0          0          0          0          0    2594141  316916190   19128440          0          0          0          0          0      22171          0          0          0          0          0          0          0          0          0          0          0          0          0          0          0          0          0          0          0          0          0          0          0          0     222299          0          0          0          0          0          0          0          0          0          0          0          0          0          0          0          0          0          0          0          0          0          0          0 IR-PCI-MSIX-0000:c3:00.0    8-edge      mlx5_comp7@pci:0000:c3:00.0
@ 246142.14
     rx_buff_alloc_err: 0
     rx_congst_umr: 0
     rx_out_of_buffer: 4061582028
     rx_packets_phy: 76211394539
     ch7_events: 341821394
     ch7_poll: 803971349
     ch7_arm: 333760148
     ch7_aff_change: 42830077
     ch7_force_irq: 0
     ch7_eq_rearm: 0
     rx7_packets: 12430680094
     rx7_bytes: 1855398524284
     rx7_csum_unnecessary: 6484
     rx7_csum_none: 0
     rx7_xdp_drop: 0
     rx7_xdp_redirect: 0
     rx7_gro_packets: 0
     rx7_gro_bytes: 0
     rx7_gro_skbs: 0
     rx7_gro_large_hds: 0
 312:          0          0          0          0          0          0          0    2594141  316916510   19128440          0          0          0          0          0      22171          0          0          0          0          0          0          0          0          0          0          0          0          0          0          0          0          0          0          0          0          0          0          0          0     222299          0          0          0          0          0          0          0          0          0          0          0          0          0          0          0          0          0          0          0          0          0          0          0 IR-PCI-MSIX-0000:c3:00.0    8-edge      mlx5_comp7@pci:0000:c3:00.0
@ 246143.15
     rx_buff_alloc_err: 0
     rx_congst_umr: 0
     rx_out_of_buffer: 4061582028
     rx_packets_phy: 76211404655
     ch7_events: 341821715
     ch7_poll: 803971670
     ch7_arm: 333760465
     ch7_aff_change: 42830077
     ch7_force_irq: 0
     ch7_eq_rearm: 0
     rx7_packets: 12430690206
     rx7_bytes: 1855399596156
     rx7_csum_unnecessary: 6484
     rx7_csum_none: 0
     rx7_xdp_drop: 0
     rx7_xdp_redirect: 0
     rx7_gro_packets: 0
     rx7_gro_bytes: 0
     rx7_gro_skbs: 0
     rx7_gro_large_hds: 0
 312:          0          0          0          0          0          0          0    2594141  316916831   19128440          0          0          0          0          0      22171          0          0          0          0          0          0          0          0          0          0          0          0          0          0          0          0          0          0          0          0          0          0          0          0     222299          0          0          0          0          0          0          0          0          0          0          0          0          0          0          0          0          0          0          0          0          0          0          0 IR-PCI-MSIX-0000:c3:00.0    8-edge      mlx5_comp7@pci:0000:c3:00.0
@ 246144.16
     rx_buff_alloc_err: 0
     rx_congst_umr: 0
     rx_out_of_buffer: 4061582028
     rx_packets_phy: 76211414776
     ch7_events: 341822035
     ch7_poll: 803971990
     ch7_arm: 333760784
     ch7_aff_change: 42830077
     ch7_force_irq: 0
     ch7_eq_rearm: 0
     rx7_packets: 12430700318
     rx7_bytes: 1855400668028
     rx7_csum_unnecessary: 6484
     rx7_csum_none: 0
     rx7_xdp_drop: 0
     rx7_xdp_redirect: 0
     rx7_gro_packets: 0
     rx7_gro_bytes: 0
     rx7_gro_skbs: 0
     rx7_gro_large_hds: 0
 312:          0          0          0          0          0          0          0    2594141  316917150   19128440          0          0          0          0          0      22171          0          0          0          0          0          0          0          0          0          0          0          0          0          0          0          0          0          0          0          0          0          0          0          0     222299          0          0          0          0          0          0          0          0          0          0          0          0          0          0          0          0          0          0          0          0          0          0          0 IR-PCI-MSIX-0000:c3:00.0    8-edge      mlx5_comp7@pci:0000:c3:00.0
@ 246145.17
     rx_buff_alloc_err: 0
     rx_congst_umr: 0
     rx_out_of_buffer: 4061582028
     rx_packets_phy: 76211424905
     ch7_events: 341822356
     ch7_poll: 803972311
     ch7_arm: 333761103
     ch7_aff_change: 42830077
     ch7_force_irq: 0
     ch7_eq_rearm: 0
     rx7_packets: 12430710430
     rx7_bytes: 1855401739900
     rx7_csum_unnecessary: 6484
     rx7_csum_none: 0
     rx7_xdp_drop: 0
     rx7_xdp_redirect: 0
     rx7_gro_packets: 0
     rx7_gro_bytes: 0
     rx7_gro_skbs: 0
     rx7_gro_large_hds: 0
 312:          0          0          0          0          0          0          0    2594141  316917471   19128440          0          0          0          0          0      22171          0          0          0          0          0          0          0          0          0          0          0          0          0          0          0          0          0          0          0          0          0          0          0          0     222299          0          0          0          0          0          0          0          0          0          0          0          0          0          0          0          0          0          0          0          0          0          0          0 IR-PCI-MSIX-0000:c3:00.0    8-edge      mlx5_comp7@pci:0000:c3:00.0
@ 246146.18
     rx_buff_alloc_err: 0
     rx_congst_umr: 0
     rx_out_of_buffer: 4061582028
     rx_packets_phy: 76211435024
     ch7_events: 341822677
     ch7_poll: 803972632
     ch7_arm: 333761421
     ch7_aff_change: 42830077
     ch7_force_irq: 0
     ch7_eq_rearm: 0
     rx7_packets: 12430720542
     rx7_bytes: 1855402811772
     rx7_csum_unnecessary: 6484
     rx7_csum_none: 0
     rx7_xdp_drop: 0
     rx7_xdp_redirect: 0
     rx7_gro_packets: 0
     rx7_gro_bytes: 0
     rx7_gro_skbs: 0
     rx7_gro_large_hds: 0
 312:          0          0          0          0          0          0          0    2594141  316917792   19128440          0          0          0          0          0      22171          0          0          0          0          0          0          0          0          0          0          0          0          0          0          0          0          0          0          0          0          0          0          0          0     222299          0          0          0          0          0          0          0          0          0          0          0          0          0          0          0          0          0          0          0          0          0          0          0 IR-PCI-MSIX-0000:c3:00.0    8-edge      mlx5_comp7@pci:0000:c3:00.0
@ 246147.19
     rx_buff_alloc_err: 0
     rx_congst_umr: 0
     rx_out_of_buffer: 4061582028
     rx_packets_phy: 76211445146
     ch7_events: 341822998
     ch7_poll: 803972953
     ch7_arm: 333761741
     ch7_aff_change: 42830077
     ch7_force_irq: 0
     ch7_eq_rearm: 0
     rx7_packets: 12430730654
     rx7_bytes: 1855403883644
     rx7_csum_unnecessary: 6484
     rx7_csum_none: 0
     rx7_xdp_drop: 0
     rx7_xdp_redirect: 0
     rx7_gro_packets: 0
     rx7_gro_bytes: 0
     rx7_gro_skbs: 0
     rx7_gro_large_hds: 0
 312:          0          0          0          0          0          0          0    2594141  316918113   19128440          0          0          0          0          0      22171          0          0          0          0          0          0          0          0          0          0          0          0          0          0          0          0          0          0          0          0          0          0          0          0     222299          0          0          0          0          0          0          0          0          0          0          0          0          0          0          0          0          0          0          0          0          0          0          0 IR-PCI-MSIX-0000:c3:00.0    8-edge      mlx5_comp7@pci:0000:c3:00.0
@ 246148.20
     rx_buff_alloc_err: 0
     rx_congst_umr: 0
     rx_out_of_buffer: 4061582028
     rx_packets_phy: 76211455268
     ch7_events: 341823319
     ch7_poll: 803973274
     ch7_arm: 333762060
     ch7_aff_change: 42830077
     ch7_force_irq: 0
     ch7_eq_rearm: 0
     rx7_packets: 12430740766
     rx7_bytes: 1855404955516
     rx7_csum_unnecessary: 6484
     rx7_csum_none: 0
     rx7_xdp_drop: 0
     rx7_xdp_redirect: 0
     rx7_gro_packets: 0
     rx7_gro_bytes: 0
     rx7_gro_skbs: 0
     rx7_gro_large_hds: 0
 312:          0          0          0          0          0          0          0    2594141  316918434   19128440          0          0          0          0          0      22171          0          0          0          0          0          0          0          0          0          0          0          0          0          0          0          0          0          0          0          0          0          0          0          0     222299          0          0          0          0          0          0          0          0          0          0          0          0          0          0          0          0          0          0          0          0          0          0          0 IR-PCI-MSIX-0000:c3:00.0    8-edge      mlx5_comp7@pci:0000:c3:00.0
@ 246149.21
     rx_buff_alloc_err: 0
     rx_congst_umr: 0
     rx_out_of_buffer: 4061582028
     rx_packets_phy: 76211465384
     ch7_events: 341823640
     ch7_poll: 803973595
     ch7_arm: 333762377
     ch7_aff_change: 42830077
     ch7_force_irq: 0
     ch7_eq_rearm: 0
     rx7_packets: 12430750878
     rx7_bytes: 1855406027388
     rx7_csum_unnecessary: 6484
     rx7_csum_none: 0
     rx7_xdp_drop: 0
     rx7_xdp_redirect: 0
     rx7_gro_packets: 0
     rx7_gro_bytes: 0
     rx7_gro_skbs: 0
     rx7_gro_large_hds: 0
 312:          0          0          0          0          0          0          0    2594141  316918755   19128440          0          0          0          0          0      22171          0          0          0          0          0          0          0          0          0          0          0          0          0          0          0          0          0          0          0          0          0          0          0          0     222299          0          0          0          0          0          0          0          0          0          0          0          0          0          0          0          0          0          0          0          0          0          0          0 IR-PCI-MSIX-0000:c3:00.0    8-edge      mlx5_comp7@pci:0000:c3:00.0
@ 246150.23
     rx_buff_alloc_err: 0
     rx_congst_umr: 0
     rx_out_of_buffer: 4061582028
     rx_packets_phy: 76211475509
     ch7_events: 341823962
     ch7_poll: 803973917
     ch7_arm: 333762696
     ch7_aff_change: 42830077
     ch7_force_irq: 0
     ch7_eq_rearm: 0
     rx7_packets: 12430760991
     rx7_bytes: 1855407099334
     rx7_csum_unnecessary: 6484
     rx7_csum_none: 0
     rx7_xdp_drop: 0
     rx7_xdp_redirect: 0
     rx7_gro_packets: 0
     rx7_gro_bytes: 0
     rx7_gro_skbs: 0
     rx7_gro_large_hds: 0
 312:          0          0          0          0          0          0          0    2594141  316919077   19128440          0          0          0          0          0      22171          0          0          0          0          0          0          0          0          0          0          0          0          0          0          0          0          0          0          0          0          0          0          0          0     222299          0          0          0          0          0          0          0          0          0          0          0          0          0          0          0          0          0          0          0          0          0          0          0 IR-PCI-MSIX-0000:c3:00.0    8-edge      mlx5_comp7@pci:0000:c3:00.0
@ 246151.24
     rx_buff_alloc_err: 0
     rx_congst_umr: 0
     rx_out_of_buffer: 4061582028
     rx_packets_phy: 76211485629
     ch7_events: 341824283
     ch7_poll: 803974238
     ch7_arm: 333763016
     ch7_aff_change: 42830077
     ch7_force_irq: 0
     ch7_eq_rearm: 0
     rx7_packets: 12430771103
     rx7_bytes: 1855408171206
     rx7_csum_unnecessary: 6484
     rx7_csum_none: 0
     rx7_xdp_drop: 0
     rx7_xdp_redirect: 0
     rx7_gro_packets: 0
     rx7_gro_bytes: 0
     rx7_gro_skbs: 0
     rx7_gro_large_hds: 0
 312:          0          0          0          0          0          0          0    2594141  316919398   19128440          0          0          0          0          0      22171          0          0          0          0          0          0          0          0          0          0          0          0          0          0          0          0          0          0          0          0          0          0          0          0     222299          0          0          0          0          0          0          0          0          0          0          0          0          0          0          0          0          0          0          0          0          0          0          0 IR-PCI-MSIX-0000:c3:00.0    8-edge      mlx5_comp7@pci:0000:c3:00.0
@ 246152.25
     rx_buff_alloc_err: 0
     rx_congst_umr: 0
     rx_out_of_buffer: 4061582028
     rx_packets_phy: 76211495688
     ch7_events: 341824604
     ch7_poll: 803974559
     ch7_arm: 333763335
     ch7_aff_change: 42830077
     ch7_force_irq: 0
     ch7_eq_rearm: 0
     rx7_packets: 12430781215
     rx7_bytes: 1855409243078
     rx7_csum_unnecessary: 6484
     rx7_csum_none: 0
     rx7_xdp_drop: 0
     rx7_xdp_redirect: 0
     rx7_gro_packets: 0
     rx7_gro_bytes: 0
     rx7_gro_skbs: 0
     rx7_gro_large_hds: 0
 312:          0          0          0          0          0          0          0    2594141  316919719   19128440          0          0          0          0          0      22171          0          0          0          0          0          0          0          0          0          0          0          0          0          0          0          0          0          0          0          0          0          0          0          0     222299          0          0          0          0          0          0          0          0          0          0          0          0          0          0          0          0          0          0          0          0          0          0          0 IR-PCI-MSIX-0000:c3:00.0    8-edge      mlx5_comp7@pci:0000:c3:00.0
@ 246153.26
     rx_buff_alloc_err: 0
     rx_congst_umr: 0
     rx_out_of_buffer: 4061582028
     rx_packets_phy: 76211505804
     ch7_events: 341824925
     ch7_poll: 803974880
     ch7_arm: 333763654
     ch7_aff_change: 42830077
     ch7_force_irq: 0
     ch7_eq_rearm: 0
     rx7_packets: 12430791298
     rx7_bytes: 1855410311876
     rx7_csum_unnecessary: 6484
     rx7_csum_none: 0
     rx7_xdp_drop: 0
     rx7_xdp_redirect: 0
     rx7_gro_packets: 0
     rx7_gro_bytes: 0
     rx7_gro_skbs: 0
     rx7_gro_large_hds: 0
 312:          0          0          0          0          0          0          0    2594141  316920040   19128440          0          0          0          0          0      22171          0          0          0          0          0          0          0          0          0          0          0          0          0          0          0          0          0          0          0          0          0          0          0          0     222299          0          0          0          0          0          0          0          0          0          0          0          0          0          0          0          0          0          0          0          0          0          0          0 IR-PCI-MSIX-0000:c3:00.0    8-edge      mlx5_comp7@pci:0000:c3:00.0
@ 246154.27
     rx_buff_alloc_err: 0
     rx_congst_umr: 0
     rx_out_of_buffer: 4061582028
     rx_packets_phy: 76211515925
     ch7_events: 341825244
     ch7_poll: 803975199
     ch7_arm: 333763973
     ch7_aff_change: 42830077
     ch7_force_irq: 0
     ch7_eq_rearm: 0
     rx7_packets: 12430801375
     rx7_bytes: 1855411380038
     rx7_csum_unnecessary: 6484
     rx7_csum_none: 0
     rx7_xdp_drop: 0
     rx7_xdp_redirect: 0
     rx7_gro_packets: 0
     rx7_gro_bytes: 0
     rx7_gro_skbs: 0
     rx7_gro_large_hds: 0
 312:          0          0          0          0          0          0          0    2594141  316920361   19128440          0          0          0          0          0      22171          0          0          0          0          0          0          0          0          0          0          0          0          0          0          0          0          0          0          0          0          0          0          0          0     222299          0          0          0          0          0          0          0          0          0          0          0          0          0          0          0          0          0          0          0          0          0          0          0 IR-PCI-MSIX-0000:c3:00.0    8-edge      mlx5_comp7@pci:0000:c3:00.0
@ 246155.28
     rx_buff_alloc_err: 0
     rx_congst_umr: 0
     rx_out_of_buffer: 4061582028
     rx_packets_phy: 76211526046
     ch7_events: 341825565
     ch7_poll: 803975520
     ch7_arm: 333764292
     ch7_aff_change: 42830077
     ch7_force_irq: 0
     ch7_eq_rearm: 0
     rx7_packets: 12430811487
     rx7_bytes: 1855412451910
     rx7_csum_unnecessary: 6484
     rx7_csum_none: 0
     rx7_xdp_drop: 0
     rx7_xdp_redirect: 0
     rx7_gro_packets: 0
     rx7_gro_bytes: 0
     rx7_gro_skbs: 0
     rx7_gro_large_hds: 0
 312:          0          0          0          0          0          0          0    2594141  316920682   19128440          0          0          0          0          0      22171          0          0          0          0          0          0          0          0          0          0          0          0          0          0          0          0          0          0          0          0          0          0          0          0     222299          0          0          0          0          0          0          0          0          0          0          0          0          0          0          0          0          0          0          0          0          0          0          0 IR-PCI-MSIX-0000:c3:00.0    8-edge      mlx5_comp7@pci:0000:c3:00.0
@ 246156.29
     rx_buff_alloc_err: 0
     rx_congst_umr: 0
     rx_out_of_buffer: 4061582028
     rx_packets_phy: 76211536166
     ch7_events: 341825886
     ch7_poll: 803975841
     ch7_arm: 333764612
     ch7_aff_change: 42830077
     ch7_force_irq: 0
     ch7_eq_rearm: 0
     rx7_packets: 12430821599
     rx7_bytes: 1855413523782
     rx7_csum_unnecessary: 6484
     rx7_csum_none: 0
     rx7_xdp_drop: 0
     rx7_xdp_redirect: 0
     rx7_gro_packets: 0
     rx7_gro_bytes: 0
     rx7_gro_skbs: 0
     rx7_gro_large_hds: 0
 312:          0          0          0          0          0          0          0    2594141  316921003   19128440          0          0          0          0          0      22171          0          0          0          0          0          0          0          0          0          0          0          0          0          0          0          0          0          0          0          0          0          0          0          0     222299          0          0          0          0          0          0          0          0          0          0          0          0          0          0          0          0          0          0          0          0          0          0          0 IR-PCI-MSIX-0000:c3:00.0    8-edge      mlx5_comp7@pci:0000:c3:00.0
@ 246157.30
     rx_buff_alloc_err: 0
     rx_congst_umr: 0
     rx_out_of_buffer: 4061582028
     rx_packets_phy: 76211546287
     ch7_events: 341826208
     ch7_poll: 803976163
     ch7_arm: 333764934
     ch7_aff_change: 42830077
     ch7_force_irq: 0
     ch7_eq_rearm: 0
     rx7_packets: 12430831712
     rx7_bytes: 1855414595728
     rx7_csum_unnecessary: 6484
     rx7_csum_none: 0
     rx7_xdp_drop: 0
     rx7_xdp_redirect: 0
     rx7_gro_packets: 0
     rx7_gro_bytes: 0
     rx7_gro_skbs: 0
     rx7_gro_large_hds: 0
 312:          0          0          0          0          0          0          0    2594141  316921325   19128440          0          0          0          0          0      22171          0          0          0          0          0          0          0          0          0          0          0          0          0          0          0          0          0          0          0          0          0          0          0          0     222299          0          0          0          0          0          0          0          0          0          0          0          0          0          0          0          0          0          0          0          0          0          0          0 IR-PCI-MSIX-0000:c3:00.0    8-edge      mlx5_comp7@pci:0000:c3:00.0
@ 246158.31
     rx_buff_alloc_err: 0
     rx_congst_umr: 0
     rx_out_of_buffer: 4061582028
     rx_packets_phy: 76211556411
     ch7_events: 341826529
     ch7_poll: 803976484
     ch7_arm: 333765253
     ch7_aff_change: 42830077
     ch7_force_irq: 0
     ch7_eq_rearm: 0
     rx7_packets: 12430841824
     rx7_bytes: 1855415667600
     rx7_csum_unnecessary: 6484
     rx7_csum_none: 0
     rx7_xdp_drop: 0
     rx7_xdp_redirect: 0
     rx7_gro_packets: 0
     rx7_gro_bytes: 0
     rx7_gro_skbs: 0
     rx7_gro_large_hds: 0
 312:          0          0          0          0          0          0          0    2594141  316921646   19128440          0          0          0          0          0      22171          0          0          0          0          0          0          0          0          0          0          0          0          0          0          0          0          0          0          0          0          0          0          0          0     222299          0          0          0          0          0          0          0          0          0          0          0          0          0          0          0          0          0          0          0          0          0          0          0 IR-PCI-MSIX-0000:c3:00.0    8-edge      mlx5_comp7@pci:0000:c3:00.0
@ 246159.32
     rx_buff_alloc_err: 0
     rx_congst_umr: 0
     rx_out_of_buffer: 4061582028
     rx_packets_phy: 76211566534
     ch7_events: 341826850
     ch7_poll: 803976805
     ch7_arm: 333765573
     ch7_aff_change: 42830077
     ch7_force_irq: 0
     ch7_eq_rearm: 0
     rx7_packets: 12430851936
     rx7_bytes: 1855416739472
     rx7_csum_unnecessary: 6484
     rx7_csum_none: 0
     rx7_xdp_drop: 0
     rx7_xdp_redirect: 0
     rx7_gro_packets: 0
     rx7_gro_bytes: 0
     rx7_gro_skbs: 0
     rx7_gro_large_hds: 0
 312:          0          0          0          0          0          0          0    2594141  316921967   19128440          0          0          0          0          0      22171          0          0          0          0          0          0          0          0          0          0          0          0          0          0          0          0          0          0          0          0          0          0          0          0     222299          0          0          0          0          0          0          0          0          0          0          0          0          0          0          0          0          0          0          0          0          0          0          0 IR-PCI-MSIX-0000:c3:00.0    8-edge      mlx5_comp7@pci:0000:c3:00.0
@ 246160.33
     rx_buff_alloc_err: 0
     rx_congst_umr: 0
     rx_out_of_buffer: 4061582028
     rx_packets_phy: 76211576655
     ch7_events: 341827170
     ch7_poll: 803977125
     ch7_arm: 333765891
     ch7_aff_change: 42830077
     ch7_force_irq: 0
     ch7_eq_rearm: 0
     rx7_packets: 12430862048
     rx7_bytes: 1855417811344
     rx7_csum_unnecessary: 6484
     rx7_csum_none: 0
     rx7_xdp_drop: 0
     rx7_xdp_redirect: 0
     rx7_gro_packets: 0
     rx7_gro_bytes: 0
     rx7_gro_skbs: 0
     rx7_gro_large_hds: 0
 312:          0          0          0          0          0          0          0    2594141  316922287   19128440          0          0          0          0          0      22171          0          0          0          0          0          0          0          0          0          0          0          0          0          0          0          0          0          0          0          0          0          0          0          0     222299          0          0          0          0          0          0          0          0          0          0          0          0          0          0          0          0          0          0          0          0          0          0          0 IR-PCI-MSIX-0000:c3:00.0    8-edge      mlx5_comp7@pci:0000:c3:00.0
@ 246161.35
     rx_buff_alloc_err: 0
     rx_congst_umr: 0
     rx_out_of_buffer: 4061582028
     rx_packets_phy: 76211586772
     ch7_events: 341827491
     ch7_poll: 803977446
     ch7_arm: 333766211
     ch7_aff_change: 42830077
     ch7_force_irq: 0
     ch7_eq_rearm: 0
     rx7_packets: 12430872160
     rx7_bytes: 1855418883216
     rx7_csum_unnecessary: 6484
     rx7_csum_none: 0
     rx7_xdp_drop: 0
     rx7_xdp_redirect: 0
     rx7_gro_packets: 0
     rx7_gro_bytes: 0
     rx7_gro_skbs: 0
     rx7_gro_large_hds: 0
 312:          0          0          0          0          0          0          0    2594141  316922608   19128440          0          0          0          0          0      22171          0          0          0          0          0          0          0          0          0          0          0          0          0          0          0          0          0          0          0          0          0          0          0          0     222299          0          0          0          0          0          0          0          0          0          0          0          0          0          0          0          0          0          0          0          0          0          0          0 IR-PCI-MSIX-0000:c3:00.0    8-edge      mlx5_comp7@pci:0000:c3:00.0
@ 246162.36
     rx_buff_alloc_err: 0
     rx_congst_umr: 0
     rx_out_of_buffer: 4061582028
     rx_packets_phy: 76211596900
     ch7_events: 341827812
     ch7_poll: 803977767
     ch7_arm: 333766531
     ch7_aff_change: 42830077
     ch7_force_irq: 0
     ch7_eq_rearm: 0
     rx7_packets: 12430882272
     rx7_bytes: 1855419955088
     rx7_csum_unnecessary: 6484
     rx7_csum_none: 0
     rx7_xdp_drop: 0
     rx7_xdp_redirect: 0
     rx7_gro_packets: 0
     rx7_gro_bytes: 0
     rx7_gro_skbs: 0
     rx7_gro_large_hds: 0
 312:          0          0          0          0          0          0          0    2594141  316922929   19128440          0          0          0          0          0      22171          0          0          0          0          0          0          0          0          0          0          0          0          0          0          0          0          0          0          0          0          0          0          0          0     222299          0          0          0          0          0          0          0          0          0          0          0          0          0          0          0          0          0          0          0          0          0          0          0 IR-PCI-MSIX-0000:c3:00.0    8-edge      mlx5_comp7@pci:0000:c3:00.0
@ 246163.37
     rx_buff_alloc_err: 0
     rx_congst_umr: 0
     rx_out_of_buffer: 4061582028
     rx_packets_phy: 76211607015
     ch7_events: 341828133
     ch7_poll: 803978088
     ch7_arm: 333766847
     ch7_aff_change: 42830077
     ch7_force_irq: 0
     ch7_eq_rearm: 0
     rx7_packets: 12430892384
     rx7_bytes: 1855421026960
     rx7_csum_unnecessary: 6484
     rx7_csum_none: 0
     rx7_xdp_drop: 0
     rx7_xdp_redirect: 0
     rx7_gro_packets: 0
     rx7_gro_bytes: 0
     rx7_gro_skbs: 0
     rx7_gro_large_hds: 0
 312:          0          0          0          0          0          0          0    2594141  316923250   19128440          0          0          0          0          0      22171          0          0          0          0          0          0          0          0          0          0          0          0          0          0          0          0          0          0          0          0          0          0          0          0     222299          0          0          0          0          0          0          0          0          0          0          0          0          0          0          0          0          0          0          0          0          0          0          0 IR-PCI-MSIX-0000:c3:00.0    8-edge      mlx5_comp7@pci:0000:c3:00.0
@ 246164.38
     rx_buff_alloc_err: 0
     rx_congst_umr: 0
     rx_out_of_buffer: 4061582028
     rx_packets_phy: 76211617136
     ch7_events: 341828454
     ch7_poll: 803978409
     ch7_arm: 333767163
     ch7_aff_change: 42830077
     ch7_force_irq: 0
     ch7_eq_rearm: 0
     rx7_packets: 12430902496
     rx7_bytes: 1855422098832
     rx7_csum_unnecessary: 6484
     rx7_csum_none: 0
     rx7_xdp_drop: 0
     rx7_xdp_redirect: 0
     rx7_gro_packets: 0
     rx7_gro_bytes: 0
     rx7_gro_skbs: 0
     rx7_gro_large_hds: 0
 312:          0          0          0          0          0          0          0    2594141  316923570   19128440          0          0          0          0          0      22171          0          0          0          0          0          0          0          0          0          0          0          0          0          0          0          0          0          0          0          0          0          0          0          0     222299          0          0          0          0          0          0          0          0          0          0          0          0          0          0          0          0          0          0          0          0          0          0          0 IR-PCI-MSIX-0000:c3:00.0    8-edge      mlx5_comp7@pci:0000:c3:00.0
@ 246165.39
     rx_buff_alloc_err: 0
     rx_congst_umr: 0
     rx_out_of_buffer: 4061582028
     rx_packets_phy: 76211627258
     ch7_events: 341828775
     ch7_poll: 803978730
     ch7_arm: 333767479
     ch7_aff_change: 42830077
     ch7_force_irq: 0
     ch7_eq_rearm: 0
     rx7_packets: 12430912608
     rx7_bytes: 1855423170704
     rx7_csum_unnecessary: 6484
     rx7_csum_none: 0
     rx7_xdp_drop: 0
     rx7_xdp_redirect: 0
     rx7_gro_packets: 0
     rx7_gro_bytes: 0
     rx7_gro_skbs: 0
     rx7_gro_large_hds: 0
 312:          0          0          0          0          0          0          0    2594141  316923890   19128440          0          0          0          0          0      22171          0          0          0          0          0          0          0          0          0          0          0          0          0          0          0          0          0          0          0          0          0          0          0          0     222299          0          0          0          0          0          0          0          0          0          0          0          0          0          0          0          0          0          0          0          0          0          0          0 IR-PCI-MSIX-0000:c3:00.0    8-edge      mlx5_comp7@pci:0000:c3:00.0
@ 246166.40
     rx_buff_alloc_err: 0
     rx_congst_umr: 0
     rx_out_of_buffer: 4061582028
     rx_packets_phy: 76211637375
     ch7_events: 341829096
     ch7_poll: 803979051
     ch7_arm: 333767795
     ch7_aff_change: 42830077
     ch7_force_irq: 0
     ch7_eq_rearm: 0
     rx7_packets: 12430922720
     rx7_bytes: 1855424242576
     rx7_csum_unnecessary: 6484
     rx7_csum_none: 0
     rx7_xdp_drop: 0
     rx7_xdp_redirect: 0
     rx7_gro_packets: 0
     rx7_gro_bytes: 0
     rx7_gro_skbs: 0
     rx7_gro_large_hds: 0
 312:          0          0          0          0          0          0          0    2594141  316924211   19128440          0          0          0          0          0      22171          0          0          0          0          0          0          0          0          0          0          0          0          0          0          0          0          0          0          0          0          0          0          0          0     222299          0          0          0          0          0          0          0          0          0          0          0          0          0          0          0          0          0          0          0          0          0          0          0 IR-PCI-MSIX-0000:c3:00.0    8-edge      mlx5_comp7@pci:0000:c3:00.0
@ 246167.41
     rx_buff_alloc_err: 0
     rx_congst_umr: 0
     rx_out_of_buffer: 4061582028
     rx_packets_phy: 76211647499
     ch7_events: 341829417
     ch7_poll: 803979372
     ch7_arm: 333768112
     ch7_aff_change: 42830077
     ch7_force_irq: 0
     ch7_eq_rearm: 0
     rx7_packets: 12430932832
     rx7_bytes: 1855425314448
     rx7_csum_unnecessary: 6484
     rx7_csum_none: 0
     rx7_xdp_drop: 0
     rx7_xdp_redirect: 0
     rx7_gro_packets: 0
     rx7_gro_bytes: 0
     rx7_gro_skbs: 0
     rx7_gro_large_hds: 0
 312:          0          0          0          0          0          0          0    2594141  316924532   19128440          0          0          0          0          0      22171          0          0          0          0          0          0          0          0          0          0          0          0          0          0          0          0          0          0          0          0          0          0          0          0     222299          0          0          0          0          0          0          0          0          0          0          0          0          0          0          0          0          0          0          0          0          0          0          0 IR-PCI-MSIX-0000:c3:00.0    8-edge      mlx5_comp7@pci:0000:c3:00.0
@ 246168.42
     rx_buff_alloc_err: 0
     rx_congst_umr: 0
     rx_out_of_buffer: 4061582028
     rx_packets_phy: 76211657619
     ch7_events: 341829738
     ch7_poll: 803979693
     ch7_arm: 333768433
     ch7_aff_change: 42830077
     ch7_force_irq: 0
     ch7_eq_rearm: 0
     rx7_packets: 12430942944
     rx7_bytes: 1855426386320
     rx7_csum_unnecessary: 6484
     rx7_csum_none: 0
     rx7_xdp_drop: 0
     rx7_xdp_redirect: 0
     rx7_gro_packets: 0
     rx7_gro_bytes: 0
     rx7_gro_skbs: 0
     rx7_gro_large_hds: 0
 312:          0          0          0          0          0          0          0    2594141  316924853   19128440          0          0          0          0          0      22171          0          0          0          0          0          0          0          0          0          0          0          0          0          0          0          0          0          0          0          0          0          0          0          0     222299          0          0          0          0          0          0          0          0          0          0          0          0          0          0          0          0          0          0          0          0          0          0          0 IR-PCI-MSIX-0000:c3:00.0    8-edge      mlx5_comp7@pci:0000:c3:00.0
@ 246169.43
     rx_buff_alloc_err: 0
     rx_congst_umr: 0
     rx_out_of_buffer: 4061582028
     rx_packets_phy: 76211660961
     ch7_events: 341829845
     ch7_poll: 803979800
     ch7_arm: 333768539
     ch7_aff_change: 42830077
     ch7_force_irq: 0
     ch7_eq_rearm: 0
     rx7_packets: 12430946273
     rx7_bytes: 1855426739162
     rx7_csum_unnecessary: 6484
     rx7_csum_none: 0
     rx7_xdp_drop: 0
     rx7_xdp_redirect: 0
     rx7_gro_packets: 0
     rx7_gro_bytes: 0
     rx7_gro_skbs: 0
     rx7_gro_large_hds: 0
 312:          0          0          0          0          0          0          0    2594141  316924960   19128440          0          0          0          0          0      22171          0          0          0          0          0          0          0          0          0          0          0          0          0          0          0          0          0          0          0          0          0          0          0          0     222299          0          0          0          0          0          0          0          0          0          0          0          0          0          0          0          0          0          0          0          0          0          0          0 IR-PCI-MSIX-0000:c3:00.0    8-edge      mlx5_comp7@pci:0000:c3:00.0
@ 246170.44
     rx_buff_alloc_err: 0
     rx_congst_umr: 0
     rx_out_of_buffer: 4061582028
     rx_packets_phy: 76211660965
     ch7_events: 341829845
     ch7_poll: 803979800
     ch7_arm: 333768539
     ch7_aff_change: 42830077
     ch7_force_irq: 0
     ch7_eq_rearm: 0
     rx7_packets: 12430946273
     rx7_bytes: 1855426739162
     rx7_csum_unnecessary: 6484
     rx7_csum_none: 0
     rx7_xdp_drop: 0
     rx7_xdp_redirect: 0
     rx7_gro_packets: 0
     rx7_gro_bytes: 0
     rx7_gro_skbs: 0
     rx7_gro_large_hds: 0
 312:          0          0          0          0          0          0          0    2594141  316924960   19128440          0          0          0          0          0      22171          0          0          0          0          0          0          0          0          0          0          0          0          0          0          0          0          0          0          0          0          0          0          0          0     222299          0          0          0          0          0          0          0          0          0          0          0          0          0          0          0          0          0          0          0          0          0          0          0 IR-PCI-MSIX-0000:c3:00.0    8-edge      mlx5_comp7@pci:0000:c3:00.0
